feature,sd,mean,is_low_variance
KRFP_0,0.49499716443764047,0.5710121886592475,False
KRFP_1,0.4788352734282819,0.35585585585585583,False
KRFP_2,0.0,0.0,True
KRFP_3,0.0,0.0,True
KRFP_4,0.0,0.0,True
KRFP_5,0.0,0.0,True
KRFP_6,0.09311217545142089,0.008744038155802861,True
KRFP_7,0.4591005587213121,0.30180180180180183,False
KRFP_8,0.0,0.0,True
KRFP_9,0.16824018008999808,0.029146793852676205,False
KRFP_10,0.0,0.0,True
KRFP_11,0.0,0.0,True
KRFP_12,0.0,0.0,True
KRFP_13,0.21314784121523564,0.04769475357710652,False
KRFP_14,0.0,0.0,True
KRFP_15,0.07261356872352699,0.005299417064122946,True
KRFP_16,0.26168651357109224,0.0739268680445151,False
KRFP_17,0.47156059742016715,0.33359830418653946,False
KRFP_18,0.12813607046146816,0.016693163751987282,False
KRFP_19,0.26383203845876735,0.07525172231054585,False
KRFP_20,0.04303308482623011,0.0018547959724430313,True
KRFP_21,0.0,0.0,True
KRFP_22,0.0,0.0,True
KRFP_23,0.0,0.0,True
KRFP_24,0.023017411889466755,0.0005299417064122947,True
KRFP_25,0.0162779253348253,0.00026497085320614734,True
KRFP_26,0.0,0.0,True
KRFP_27,0.0,0.0,True
KRFP_28,0.0,0.0,True
KRFP_29,0.0,0.0,True
KRFP_30,0.0,0.0,True
KRFP_31,0.0,0.0,True
KRFP_32,0.20271553298174935,0.04292527821939587,False
KRFP_33,0.09449980429527707,0.009009009009009009,True
KRFP_34,0.0,0.0,True
KRFP_35,0.043033084826230104,0.0018547959724430313,True
KRFP_36,0.0162779253348253,0.00026497085320614734,True
KRFP_37,0.02301741188946676,0.0005299417064122947,True
KRFP_38,0.0,0.0,True
KRFP_39,0.0,0.0,True
KRFP_40,0.0,0.0,True
KRFP_41,0.07078437807663417,0.005034446210916799,True
KRFP_42,0.0,0.0,True
KRFP_43,0.0,0.0,True
KRFP_44,0.2817411013067905,0.08691043985161633,False
KRFP_45,0.0,0.0,True
KRFP_46,0.0,0.0,True
KRFP_47,0.05141388915001135,0.002649708532061473,True
KRFP_48,0.0,0.0,True
KRFP_49,0.0,0.0,True
KRFP_50,0.0,0.0,True
KRFP_51,0.07439685537382569,0.005564387917329093,True
KRFP_52,0.07261356872352699,0.005299417064122946,True
KRFP_53,0.10855706625815112,0.01192368839427663,False
KRFP_54,0.03984618268282351,0.001589825119236884,True
KRFP_55,0.12198020471107276,0.015103338632750398,False
KRFP_56,0.023017411889466752,0.0005299417064122947,True
KRFP_57,0.10491826790705254,0.011128775834658187,False
KRFP_58,0.0,0.0,True
KRFP_59,0.0,0.0,True
KRFP_60,0.0,0.0,True
KRFP_61,0.0,0.0,True
KRFP_62,0.0,0.0,True
KRFP_63,0.0,0.0,True
KRFP_64,0.0,0.0,True
KRFP_65,0.0,0.0,True
KRFP_66,0.05141388915001135,0.002649708532061473,True
KRFP_67,0.05141388915001134,0.002649708532061473,True
KRFP_68,0.0,0.0,True
KRFP_69,0.0,0.0,True
KRFP_70,0.0,0.0,True
KRFP_71,0.190314878310729,0.03762586115527292,False
KRFP_72,0.13399059048169018,0.018282988871224166,False
KRFP_73,0.0,0.0,True
KRFP_74,0.0,0.0,True
KRFP_75,0.0,0.0,True
KRFP_76,0.0,0.0,True
KRFP_77,0.0,0.0,True
KRFP_78,0.0,0.0,True
KRFP_79,0.0,0.0,True
KRFP_80,0.0,0.0,True
KRFP_81,0.0,0.0,True
KRFP_82,0.0,0.0,True
KRFP_83,0.0,0.0,True
KRFP_84,0.0,0.0,True
KRFP_85,0.0,0.0,True
KRFP_86,0.0,0.0,True
KRFP_87,0.0,0.0,True
KRFP_88,0.0,0.0,True
KRFP_89,0.0,0.0,True
KRFP_90,0.028186720111599613,0.000794912559618442,True
KRFP_91,0.09721349305510955,0.009538950715421303,True
KRFP_92,0.07078437807663417,0.005034446210916799,True
KRFP_93,0.0,0.0,True
KRFP_94,0.0,0.0,True
KRFP_95,0.0,0.0,True
KRFP_96,0.0,0.0,True
KRFP_97,0.06498214287438389,0.0042395336512983575,True
KRFP_98,0.0,0.0,True
KRFP_99,0.0,0.0,True
KRFP_100,0.0,0.0,True
KRFP_101,0.0162779253348253,0.00026497085320614734,True
KRFP_102,0.0,0.0,True
KRFP_103,0.0,0.0,True
KRFP_104,0.0,0.0,True
KRFP_105,0.0,0.0,True
KRFP_106,0.0,0.0,True
KRFP_107,0.0,0.0,True
KRFP_108,0.0,0.0,True
KRFP_109,0.0,0.0,True
KRFP_110,0.0,0.0,True
KRFP_111,0.0,0.0,True
KRFP_112,0.0,0.0,True
KRFP_113,0.0,0.0,True
KRFP_114,0.0,0.0,True
KRFP_115,0.0,0.0,True
KRFP_116,0.0,0.0,True
KRFP_117,0.0,0.0,True
KRFP_118,0.028186720111599613,0.000794912559618442,True
KRFP_119,0.0,0.0,True
KRFP_120,0.0,0.0,True
KRFP_121,0.0,0.0,True
KRFP_122,0.0,0.0,True
KRFP_123,0.0,0.0,True
KRFP_124,0.0,0.0,True
KRFP_125,0.2977649522949726,0.09830418653948066,False
KRFP_126,0.0,0.0,True
KRFP_127,0.0,0.0,True
KRFP_128,0.0,0.0,True
KRFP_129,0.0,0.0,True
KRFP_130,0.0,0.0,True
KRFP_131,0.0,0.0,True
KRFP_132,0.23779305822150418,0.060148383677795444,False
KRFP_133,0.0,0.0,True
KRFP_134,0.0,0.0,True
KRFP_135,0.0,0.0,True
KRFP_136,0.0,0.0,True
KRFP_137,0.08582593663750396,0.007419183889772125,True
KRFP_138,0.0,0.0,True
KRFP_139,0.0,0.0,True
KRFP_140,0.0162779253348253,0.00026497085320614734,True
KRFP_141,0.0,0.0,True
KRFP_142,0.0,0.0,True
KRFP_143,0.0,0.0,True
KRFP_144,0.0,0.0,True
KRFP_145,0.0,0.0,True
KRFP_146,0.0,0.0,True
KRFP_147,0.0,0.0,True
KRFP_148,0.0,0.0,True
KRFP_149,0.0,0.0,True
KRFP_150,0.0,0.0,True
KRFP_151,0.0,0.0,True
KRFP_152,0.0,0.0,True
KRFP_153,0.0,0.0,True
KRFP_154,0.0,0.0,True
KRFP_155,0.0,0.0,True
KRFP_156,0.0,0.0,True
KRFP_157,0.0,0.0,True
KRFP_158,0.0,0.0,True
KRFP_159,0.0,0.0,True
KRFP_160,0.08582593663750397,0.007419183889772125,True
KRFP_161,0.0,0.0,True
KRFP_162,0.0,0.0,True
KRFP_163,0.0,0.0,True
KRFP_164,0.0,0.0,True
KRFP_165,0.0,0.0,True
KRFP_166,0.0,0.0,True
KRFP_167,0.0,0.0,True
KRFP_168,0.0,0.0,True
KRFP_169,0.0,0.0,True
KRFP_170,0.0,0.0,True
KRFP_171,0.0,0.0,True
KRFP_172,0.0,0.0,True
KRFP_173,0.0,0.0,True
KRFP_174,0.0,0.0,True
KRFP_175,0.0,0.0,True
KRFP_176,0.0,0.0,True
KRFP_177,0.0,0.0,True
KRFP_178,0.0,0.0,True
KRFP_179,0.0,0.0,True
KRFP_180,0.0,0.0,True
KRFP_181,0.0,0.0,True
KRFP_182,0.0,0.0,True
KRFP_183,0.016277925334825298,0.00026497085320614734,True
KRFP_184,0.0,0.0,True
KRFP_185,0.0,0.0,True
KRFP_186,0.0,0.0,True
KRFP_187,0.0,0.0,True
KRFP_188,0.1036756036715003,0.01086380498145204,False
KRFP_189,0.0,0.0,True
KRFP_190,0.0,0.0,True
KRFP_191,0.0,0.0,True
KRFP_192,0.0,0.0,True
KRFP_193,0.0,0.0,True
KRFP_194,0.0,0.0,True
KRFP_195,0.0,0.0,True
KRFP_196,0.0,0.0,True
KRFP_197,0.023017411889466755,0.0005299417064122947,True
KRFP_198,0.0,0.0,True
KRFP_199,0.0,0.0,True
KRFP_200,0.02818672011159961,0.000794912559618442,True
KRFP_201,0.0,0.0,True
KRFP_202,0.0,0.0,True
KRFP_203,0.0,0.0,True
KRFP_204,0.02301741188946676,0.0005299417064122947,True
KRFP_205,0.0,0.0,True
KRFP_206,0.023017411889466755,0.0005299417064122947,True
KRFP_207,0.043033084826230104,0.0018547959724430313,True
KRFP_208,0.023017411889466755,0.0005299417064122947,True
KRFP_209,0.0,0.0,True
KRFP_210,0.0,0.0,True
KRFP_211,0.0162779253348253,0.00026497085320614734,True
KRFP_212,0.0162779253348253,0.00026497085320614734,True
KRFP_213,0.07078437807663417,0.005034446210916799,True
KRFP_214,0.0,0.0,True
KRFP_215,0.04878197670482277,0.0023847376788553257,True
KRFP_216,0.0,0.0,True
KRFP_217,0.0,0.0,True
KRFP_218,0.0,0.0,True
KRFP_219,0.0,0.0,True
KRFP_220,0.0,0.0,True
KRFP_221,0.0,0.0,True
KRFP_222,0.08429064519398219,0.007154213036565978,True
KRFP_223,0.0,0.0,True
KRFP_224,0.0,0.0,True
KRFP_225,0.0,0.0,True
KRFP_226,0.0,0.0,True
KRFP_227,0.07261356872352699,0.005299417064122946,True
KRFP_228,0.0,0.0,True
KRFP_229,0.0,0.0,True
KRFP_230,0.0,0.0,True
KRFP_231,0.0,0.0,True
KRFP_232,0.0,0.0,True
KRFP_233,0.0,0.0,True
KRFP_234,0.0,0.0,True
KRFP_235,0.0,0.0,True
KRFP_236,0.0,0.0,True
KRFP_237,0.0,0.0,True
KRFP_238,0.0,0.0,True
KRFP_239,0.0,0.0,True
KRFP_240,0.0,0.0,True
KRFP_241,0.0,0.0,True
KRFP_242,0.0,0.0,True
KRFP_243,0.0,0.0,True
KRFP_244,0.0,0.0,True
KRFP_245,0.0,0.0,True
KRFP_246,0.0,0.0,True
KRFP_247,0.0,0.0,True
KRFP_248,0.0,0.0,True
KRFP_249,0.0,0.0,True
KRFP_250,0.0,0.0,True
KRFP_251,0.0,0.0,True
KRFP_252,0.0,0.0,True
KRFP_253,0.0,0.0,True
KRFP_254,0.0,0.0,True
KRFP_255,0.0,0.0,True
KRFP_256,0.0,0.0,True
KRFP_257,0.0,0.0,True
KRFP_258,0.0,0.0,True
KRFP_259,0.0,0.0,True
KRFP_260,0.0398461826828235,0.001589825119236884,True
KRFP_261,0.0,0.0,True
KRFP_262,0.0,0.0,True
KRFP_263,0.0,0.0,True
KRFP_264,0.0,0.0,True
KRFP_265,0.0,0.0,True
KRFP_266,0.0,0.0,True
KRFP_267,0.0,0.0,True
KRFP_268,0.0,0.0,True
KRFP_269,0.0,0.0,True
KRFP_270,0.0,0.0,True
KRFP_271,0.0,0.0,True
KRFP_272,0.0,0.0,True
KRFP_273,0.0,0.0,True
KRFP_274,0.0,0.0,True
KRFP_275,0.0,0.0,True
KRFP_276,0.0,0.0,True
KRFP_277,0.0,0.0,True
KRFP_278,0.0,0.0,True
KRFP_279,0.0162779253348253,0.00026497085320614734,True
KRFP_280,0.0,0.0,True
KRFP_281,0.0,0.0,True
KRFP_282,0.0,0.0,True
KRFP_283,0.0,0.0,True
KRFP_284,0.0,0.0,True
KRFP_285,0.0,0.0,True
KRFP_286,0.03637924824403939,0.0013248542660307366,True
KRFP_287,0.0,0.0,True
KRFP_288,0.0,0.0,True
KRFP_289,0.0,0.0,True
KRFP_290,0.0,0.0,True
KRFP_291,0.0162779253348253,0.00026497085320614734,True
KRFP_292,0.0,0.0,True
KRFP_293,0.0,0.0,True
KRFP_294,0.0,0.0,True
KRFP_295,0.0,0.0,True
KRFP_296,0.34993483273356696,0.8571807101218866,False
KRFP_297,0.4999802303817099,0.4907260201377848,False
KRFP_298,0.1582662570525929,0.02570217276099629,False
KRFP_299,0.24405884009365994,0.06359300476947535,False
KRFP_300,0.02818672011159961,0.000794912559618442,True
KRFP_301,0.22138786106512434,0.051669316375198726,False
KRFP_302,0.08429064519398217,0.007154213036565978,True
KRFP_303,0.023017411889466755,0.0005299417064122947,True
KRFP_304,0.0,0.0,True
KRFP_305,0.0,0.0,True
KRFP_306,0.04878197670482277,0.0023847376788553257,True
KRFP_307,0.0,0.0,True
KRFP_308,0.0,0.0,True
KRFP_309,0.0,0.0,True
KRFP_310,0.0162779253348253,0.00026497085320614734,True
KRFP_311,0.023017411889466752,0.0005299417064122947,True
KRFP_312,0.0,0.0,True
KRFP_313,0.0,0.0,True
KRFP_314,0.0,0.0,True
KRFP_315,0.0,0.0,True
KRFP_316,0.0,0.0,True
KRFP_317,0.0,0.0,True
KRFP_318,0.0,0.0,True
KRFP_319,0.0,0.0,True
KRFP_320,0.0,0.0,True
KRFP_321,0.0,0.0,True
KRFP_322,0.0,0.0,True
KRFP_323,0.0,0.0,True
KRFP_324,0.0,0.0,True
KRFP_325,0.10114240030644481,0.010333863275039745,False
KRFP_326,0.0,0.0,True
KRFP_327,0.0,0.0,True
KRFP_328,0.0,0.0,True
KRFP_329,0.0,0.0,True
KRFP_330,0.0,0.0,True
KRFP_331,0.0,0.0,True
KRFP_332,0.0,0.0,True
KRFP_333,0.0,0.0,True
KRFP_334,0.0,0.0,True
KRFP_335,0.023017411889466752,0.0005299417064122947,True
KRFP_336,0.0,0.0,True
KRFP_337,0.11321835174271151,0.012983571807101218,False
KRFP_338,0.06890562778396601,0.0047694753577106515,True
KRFP_339,0.0,0.0,True
KRFP_340,0.4974437973117616,0.5511393746687865,False
KRFP_341,0.028186720111599613,0.000794912559618442,True
KRFP_342,0.02818672011159961,0.000794912559618442,True
KRFP_343,0.3984943432859178,0.19793322734499205,False
KRFP_344,0.0,0.0,True
KRFP_345,0.2599524815525497,0.07286698463169052,False
KRFP_346,0.1837437543296768,0.034976152623211444,False
KRFP_347,0.14049015738947215,0.020137784843667197,False
KRFP_348,0.09854124850820864,0.00980392156862745,True
KRFP_349,0.15746974653955748,0.025437201907790145,False
KRFP_350,0.04599819614514418,0.0021197668256491787,True
KRFP_351,0.032542905139016295,0.0010598834128245894,True
KRFP_352,0.0,0.0,True
KRFP_353,0.1915976632446362,0.03815580286168521,False
KRFP_354,0.0162779253348253,0.00026497085320614734,True
KRFP_355,0.0,0.0,True
KRFP_356,0.0,0.0,True
KRFP_357,0.032542905139016295,0.0010598834128245894,True
KRFP_358,0.0,0.0,True
KRFP_359,0.07783825649409339,0.006094329623741388,True
KRFP_360,0.043033084826230104,0.0018547959724430313,True
KRFP_361,0.23231941045489332,0.057233704292527825,False
KRFP_362,0.09170278603414278,0.008479067302596715,True
KRFP_363,0.04303308482623011,0.0018547959724430313,True
KRFP_364,0.045998196145144186,0.0021197668256491787,True
KRFP_365,0.036379248244039396,0.0013248542660307366,True
KRFP_366,0.016277925334825298,0.00026497085320614734,True
KRFP_367,0.11091346543861272,0.012453630100688924,False
KRFP_368,0.05141388915001135,0.002649708532061473,True
KRFP_369,0.03984618268282351,0.001589825119236884,True
KRFP_370,0.0,0.0,True
KRFP_371,0.0,0.0,True
KRFP_372,0.0,0.0,True
KRFP_373,0.0,0.0,True
KRFP_374,0.13774524698656765,0.019342872284048754,False
KRFP_375,0.0,0.0,True
KRFP_376,0.0,0.0,True
KRFP_377,0.0,0.0,True
KRFP_378,0.0,0.0,True
KRFP_379,0.0,0.0,True
KRFP_380,0.05859748713461551,0.003444621091679915,True
KRFP_381,0.2659536543113299,0.07657657657657657,False
KRFP_382,0.1492451859036734,0.02278749337572867,False
KRFP_383,0.0,0.0,True
KRFP_384,0.0,0.0,True
KRFP_385,0.0,0.0,True
KRFP_386,0.04599819614514418,0.0021197668256491787,True
KRFP_387,0.0,0.0,True
KRFP_388,0.0,0.0,True
KRFP_389,0.02301741188946676,0.0005299417064122947,True
KRFP_390,0.0,0.0,True
KRFP_391,0.02301741188946676,0.0005299417064122947,True
KRFP_392,0.0162779253348253,0.00026497085320614734,True
KRFP_393,0.0,0.0,True
KRFP_394,0.0,0.0,True
KRFP_395,0.1209217310587022,0.01483836777954425,False
KRFP_396,0.08733343847501353,0.007684154742978272,True
KRFP_397,0.032542905139016295,0.0010598834128245894,True
KRFP_398,0.023017411889466755,0.0005299417064122947,True
KRFP_399,0.0162779253348253,0.00026497085320614734,True
KRFP_400,0.45771440244802936,0.29862215156332805,False
KRFP_401,0.0,0.0,True
KRFP_402,0.12913161757744665,0.01695813460519343,False
KRFP_403,0.0,0.0,True
KRFP_404,0.0,0.0,True
KRFP_405,0.0,0.0,True
KRFP_406,0.0,0.0,True
KRFP_407,0.0,0.0,True
KRFP_408,0.043033084826230104,0.0018547959724430313,True
KRFP_409,0.07950178948815584,0.006359300476947536,True
KRFP_410,0.0,0.0,True
KRFP_411,0.0,0.0,True
KRFP_412,0.15746974653955748,0.025437201907790145,False
KRFP_413,0.028186720111599613,0.000794912559618442,True
KRFP_414,0.0,0.0,True
KRFP_415,0.0,0.0,True
KRFP_416,0.0,0.0,True
KRFP_417,0.0,0.0,True
KRFP_418,0.0,0.0,True
KRFP_419,0.0,0.0,True
KRFP_420,0.0,0.0,True
KRFP_421,0.0,0.0,True
KRFP_422,0.0,0.0,True
KRFP_423,0.0,0.0,True
KRFP_424,0.0,0.0,True
KRFP_425,0.0,0.0,True
KRFP_426,0.0,0.0,True
KRFP_427,0.0,0.0,True
KRFP_428,0.0,0.0,True
KRFP_429,0.0,0.0,True
KRFP_430,0.0,0.0,True
KRFP_431,0.0,0.0,True
KRFP_432,0.0,0.0,True
KRFP_433,0.05141388915001135,0.002649708532061473,True
KRFP_434,0.04599819614514418,0.0021197668256491787,True
KRFP_435,0.0,0.0,True
KRFP_436,0.0,0.0,True
KRFP_437,0.02818672011159961,0.000794912559618442,True
KRFP_438,0.0,0.0,True
KRFP_439,0.0,0.0,True
KRFP_440,0.0,0.0,True
KRFP_441,0.032542905139016295,0.0010598834128245894,True
KRFP_442,0.0,0.0,True
KRFP_443,0.19476135579497633,0.03948065712771595,False
KRFP_444,0.0,0.0,True
KRFP_445,0.0,0.0,True
KRFP_446,0.023017411889466755,0.0005299417064122947,True
KRFP_447,0.0,0.0,True
KRFP_448,0.0,0.0,True
KRFP_449,0.0,0.0,True
KRFP_450,0.0,0.0,True
KRFP_451,0.0,0.0,True
KRFP_452,0.02301741188946676,0.0005299417064122947,True
KRFP_453,0.0,0.0,True
KRFP_454,0.0,0.0,True
KRFP_455,0.0,0.0,True
KRFP_456,0.02301741188946676,0.0005299417064122947,True
KRFP_457,0.11207214739457261,0.012718600953895072,False
KRFP_458,0.056306128628777465,0.003179650238473768,True
KRFP_459,0.032542905139016295,0.0010598834128245894,True
KRFP_460,0.0,0.0,True
KRFP_461,0.0,0.0,True
KRFP_462,0.0,0.0,True
KRFP_463,0.0162779253348253,0.00026497085320614734,True
KRFP_464,0.0,0.0,True
KRFP_465,0.3599273709803765,0.152888182299947,False
KRFP_466,0.1890219019763541,0.03709591944886063,False
KRFP_467,0.0,0.0,True
KRFP_468,0.0,0.0,True
KRFP_469,0.0,0.0,True
KRFP_470,0.0,0.0,True
KRFP_471,0.0,0.0,True
KRFP_472,0.0,0.0,True
KRFP_473,0.0,0.0,True
KRFP_474,0.0,0.0,True
KRFP_475,0.0162779253348253,0.00026497085320614734,True
KRFP_476,0.0,0.0,True
KRFP_477,0.0,0.0,True
KRFP_478,0.0,0.0,True
KRFP_479,0.06697314719039353,0.0045045045045045045,True
KRFP_480,0.0,0.0,True
KRFP_481,0.0,0.0,True
KRFP_482,0.032542905139016295,0.0010598834128245894,True
KRFP_483,0.0,0.0,True
KRFP_484,0.0,0.0,True
KRFP_485,0.02301741188946676,0.0005299417064122947,True
KRFP_486,0.0162779253348253,0.00026497085320614734,True
KRFP_487,0.0,0.0,True
KRFP_488,0.0,0.0,True
KRFP_489,0.023017411889466755,0.0005299417064122947,True
KRFP_490,0.0,0.0,True
KRFP_491,0.15092967991077022,0.023317435082140965,False
KRFP_492,0.09027061680983707,0.008214096449390567,True
KRFP_493,0.1395816882486102,0.01987281399046105,False
KRFP_494,0.056306128628777465,0.003179650238473768,True
KRFP_495,0.08113035457382697,0.006624271330153683,True
KRFP_496,0.0162779253348253,0.00026497085320614734,True
KRFP_497,0.0,0.0,True
KRFP_498,0.0,0.0,True
KRFP_499,0.0,0.0,True
KRFP_500,0.0,0.0,True
KRFP_501,0.0,0.0,True
KRFP_502,0.023017411889466752,0.0005299417064122947,True
KRFP_503,0.47420283182269357,0.34128245892951775,False
KRFP_504,0.0,0.0,True
KRFP_505,0.1500900300648123,0.023052464228934817,False
KRFP_506,0.0,0.0,True
KRFP_507,0.0,0.0,True
KRFP_508,0.0,0.0,True
KRFP_509,0.0,0.0,True
KRFP_510,0.0,0.0,True
KRFP_511,0.0,0.0,True
KRFP_512,0.0,0.0,True
KRFP_513,0.0,0.0,True
KRFP_514,0.0,0.0,True
KRFP_515,0.0,0.0,True
KRFP_516,0.0,0.0,True
KRFP_517,0.0,0.0,True
KRFP_518,0.0,0.0,True
KRFP_519,0.0,0.0,True
KRFP_520,0.0,0.0,True
KRFP_521,0.0,0.0,True
KRFP_522,0.0,0.0,True
KRFP_523,0.0,0.0,True
KRFP_524,0.0,0.0,True
KRFP_525,0.0,0.0,True
KRFP_526,0.0,0.0,True
KRFP_527,0.0,0.0,True
KRFP_528,0.0,0.0,True
KRFP_529,0.0,0.0,True
KRFP_530,0.0,0.0,True
KRFP_531,0.0,0.0,True
KRFP_532,0.0,0.0,True
KRFP_533,0.0,0.0,True
KRFP_534,0.0,0.0,True
KRFP_535,0.0,0.0,True
KRFP_536,0.0,0.0,True
KRFP_537,0.0,0.0,True
KRFP_538,0.0,0.0,True
KRFP_539,0.0,0.0,True
KRFP_540,0.0,0.0,True
KRFP_541,0.0,0.0,True
KRFP_542,0.0,0.0,True
KRFP_543,0.0,0.0,True
KRFP_544,0.0,0.0,True
KRFP_545,0.0,0.0,True
KRFP_546,0.043033084826230104,0.0018547959724430313,True
KRFP_547,0.05141388915001135,0.002649708532061473,True
KRFP_548,0.0,0.0,True
KRFP_549,0.0,0.0,True
KRFP_550,0.04599819614514418,0.0021197668256491787,True
KRFP_551,0.0,0.0,True
KRFP_552,0.0,0.0,True
KRFP_553,0.05859748713461552,0.003444621091679915,True
KRFP_554,0.0,0.0,True
KRFP_555,0.0,0.0,True
KRFP_556,0.13866676101006625,0.0196078431372549,False
KRFP_557,0.0,0.0,True
KRFP_558,0.0,0.0,True
KRFP_559,0.023017411889466755,0.0005299417064122947,True
KRFP_560,0.0,0.0,True
KRFP_561,0.0162779253348253,0.00026497085320614734,True
KRFP_562,0.0,0.0,True
KRFP_563,0.0,0.0,True
KRFP_564,0.0,0.0,True
KRFP_565,0.24688089962011522,0.06518282988871224,False
KRFP_566,0.0162779253348253,0.00026497085320614734,True
KRFP_567,0.0,0.0,True
KRFP_568,0.043033084826230104,0.0018547959724430313,True
KRFP_569,0.036379248244039396,0.0013248542660307366,True
KRFP_570,0.023017411889466755,0.0005299417064122947,True
KRFP_571,0.023017411889466752,0.0005299417064122947,True
KRFP_572,0.032542905139016295,0.0010598834128245894,True
KRFP_573,0.03984618268282351,0.001589825119236884,True
KRFP_574,0.0,0.0,True
KRFP_575,0.028186720111599613,0.000794912559618442,True
KRFP_576,0.032542905139016295,0.0010598834128245894,True
KRFP_577,0.03637924824403939,0.0013248542660307366,True
KRFP_578,0.06890562778396601,0.0047694753577106515,True
KRFP_579,0.0162779253348253,0.00026497085320614734,True
KRFP_580,0.023017411889466755,0.0005299417064122947,True
KRFP_581,0.2473471188330338,0.06544780074191839,False
KRFP_582,0.06498214287438389,0.0042395336512983575,True
KRFP_583,0.032542905139016295,0.0010598834128245894,True
KRFP_584,0.04599819614514418,0.0021197668256491787,True
KRFP_585,0.04599819614514418,0.0021197668256491787,True
KRFP_586,0.0,0.0,True
KRFP_587,0.06292706003131429,0.00397456279809221,True
KRFP_588,0.04878197670482278,0.0023847376788553257,True
KRFP_589,0.10491826790705254,0.011128775834658187,False
KRFP_590,0.023017411889466752,0.0005299417064122947,True
KRFP_591,0.08582593663750396,0.007419183889772125,True
KRFP_592,0.0398461826828235,0.001589825119236884,True
KRFP_593,0.0,0.0,True
KRFP_594,0.02818672011159961,0.000794912559618442,True
KRFP_595,0.0162779253348253,0.00026497085320614734,True
KRFP_596,0.0,0.0,True
KRFP_597,0.0,0.0,True
KRFP_598,0.028186720111599613,0.000794912559618442,True
KRFP_599,0.0,0.0,True
KRFP_600,0.0,0.0,True
KRFP_601,0.0,0.0,True
KRFP_602,0.0162779253348253,0.00026497085320614734,True
KRFP_603,0.060801401459995116,0.0037095919448860626,True
KRFP_604,0.17966700854888806,0.033386327503974564,False
KRFP_605,0.0,0.0,True
KRFP_606,0.07261356872352699,0.005299417064122946,True
KRFP_607,0.04599819614514418,0.0021197668256491787,True
KRFP_608,0.0,0.0,True
KRFP_609,0.1740603075980976,0.03126656067832538,False
KRFP_610,0.0,0.0,True
KRFP_611,0.0,0.0,True
KRFP_612,0.03984618268282351,0.001589825119236884,True
KRFP_613,0.0,0.0,True
KRFP_614,0.0,0.0,True
KRFP_615,0.0,0.0,True
KRFP_616,0.0,0.0,True
KRFP_617,0.0,0.0,True
KRFP_618,0.0,0.0,True
KRFP_619,0.02818672011159961,0.000794912559618442,True
KRFP_620,0.05859748713461551,0.003444621091679915,True
KRFP_621,0.0162779253348253,0.00026497085320614734,True
KRFP_622,0.12092173105870221,0.01483836777954425,False
KRFP_623,0.0,0.0,True
KRFP_624,0.0,0.0,True
KRFP_625,0.0,0.0,True
KRFP_626,0.0,0.0,True
KRFP_627,0.0,0.0,True
KRFP_628,0.032542905139016295,0.0010598834128245894,True
KRFP_629,0.023017411889466755,0.0005299417064122947,True
KRFP_630,0.023017411889466755,0.0005299417064122947,True
KRFP_631,0.0,0.0,True
KRFP_632,0.0,0.0,True
KRFP_633,0.0,0.0,True
KRFP_634,0.0,0.0,True
KRFP_635,0.0,0.0,True
KRFP_636,0.0,0.0,True
KRFP_637,0.0,0.0,True
KRFP_638,0.0,0.0,True
KRFP_639,0.0,0.0,True
KRFP_640,0.0,0.0,True
KRFP_641,0.0,0.0,True
KRFP_642,0.0,0.0,True
KRFP_643,0.0,0.0,True
KRFP_644,0.0,0.0,True
KRFP_645,0.0,0.0,True
KRFP_646,0.34499797248157577,0.13804981452040277,False
KRFP_647,0.045998196145144186,0.0021197668256491787,True
KRFP_648,0.0,0.0,True
KRFP_649,0.0,0.0,True
KRFP_650,0.0,0.0,True
KRFP_651,0.07613746357699716,0.005829358770535241,True
KRFP_652,0.07261356872352699,0.005299417064122946,True
KRFP_653,0.12813607046146816,0.016693163751987282,False
KRFP_654,0.0,0.0,True
KRFP_655,0.0,0.0,True
KRFP_656,0.0,0.0,True
KRFP_657,0.04878197670482277,0.0023847376788553257,True
KRFP_658,0.0,0.0,True
KRFP_659,0.0,0.0,True
KRFP_660,0.0,0.0,True
KRFP_661,0.0162779253348253,0.00026497085320614734,True
KRFP_662,0.04878197670482278,0.0023847376788553257,True
KRFP_663,0.028186720111599613,0.000794912559618442,True
KRFP_664,0.17262611418315185,0.03073661897191309,False
KRFP_665,0.0,0.0,True
KRFP_666,0.0,0.0,True
KRFP_667,0.0,0.0,True
KRFP_668,0.47619979186497363,0.6526232114467408,False
KRFP_669,0.0,0.0,True
KRFP_670,0.0,0.0,True
KRFP_671,0.2137093608848105,0.04795972443031266,False
KRFP_672,0.0,0.0,True
KRFP_673,0.0,0.0,True
KRFP_674,0.0,0.0,True
KRFP_675,0.0,0.0,True
KRFP_676,0.2926929399519717,0.0945945945945946,False
KRFP_677,0.09027061680983707,0.008214096449390567,True
KRFP_678,0.0,0.0,True
KRFP_679,0.0,0.0,True
KRFP_680,0.0,0.0,True
KRFP_681,0.0,0.0,True
KRFP_682,0.07078437807663417,0.005034446210916799,True
KRFP_683,0.0,0.0,True
KRFP_684,0.0,0.0,True
KRFP_685,0.0,0.0,True
KRFP_686,0.0,0.0,True
KRFP_687,0.0,0.0,True
KRFP_688,0.0,0.0,True
KRFP_689,0.0,0.0,True
KRFP_690,0.0,0.0,True
KRFP_691,0.0,0.0,True
KRFP_692,0.0,0.0,True
KRFP_693,0.0,0.0,True
KRFP_694,0.0,0.0,True
KRFP_695,0.0,0.0,True
KRFP_696,0.0,0.0,True
KRFP_697,0.0,0.0,True
KRFP_698,0.0,0.0,True
KRFP_699,0.0,0.0,True
KRFP_700,0.0,0.0,True
KRFP_701,0.0,0.0,True
KRFP_702,0.0,0.0,True
KRFP_703,0.0,0.0,True
KRFP_704,0.0,0.0,True
KRFP_705,0.0162779253348253,0.00026497085320614734,True
KRFP_706,0.0,0.0,True
KRFP_707,0.0,0.0,True
KRFP_708,0.0,0.0,True
KRFP_709,0.0,0.0,True
KRFP_710,0.0,0.0,True
KRFP_711,0.0,0.0,True
KRFP_712,0.0,0.0,True
KRFP_713,0.0,0.0,True
KRFP_714,0.0,0.0,True
KRFP_715,0.0,0.0,True
KRFP_716,0.0,0.0,True
KRFP_717,0.0,0.0,True
KRFP_718,0.0,0.0,True
KRFP_719,0.0,0.0,True
KRFP_720,0.0,0.0,True
KRFP_721,0.0,0.0,True
KRFP_722,0.0,0.0,True
KRFP_723,0.0,0.0,True
KRFP_724,0.0,0.0,True
KRFP_725,0.0,0.0,True
KRFP_726,0.0,0.0,True
KRFP_727,0.0,0.0,True
KRFP_728,0.0,0.0,True
KRFP_729,0.0,0.0,True
KRFP_730,0.0,0.0,True
KRFP_731,0.0,0.0,True
KRFP_732,0.0,0.0,True
KRFP_733,0.0,0.0,True
KRFP_734,0.0,0.0,True
KRFP_735,0.0,0.0,True
KRFP_736,0.0,0.0,True
KRFP_737,0.0,0.0,True
KRFP_738,0.0,0.0,True
KRFP_739,0.0,0.0,True
KRFP_740,0.0,0.0,True
KRFP_741,0.0,0.0,True
KRFP_742,0.0,0.0,True
KRFP_743,0.0,0.0,True
KRFP_744,0.0,0.0,True
KRFP_745,0.0,0.0,True
KRFP_746,0.0,0.0,True
KRFP_747,0.053916178346638303,0.0029146793852676206,True
KRFP_748,0.0,0.0,True
KRFP_749,0.0,0.0,True
KRFP_750,0.0,0.0,True
KRFP_751,0.0,0.0,True
KRFP_752,0.0,0.0,True
KRFP_753,0.0,0.0,True
KRFP_754,0.0,0.0,True
KRFP_755,0.0,0.0,True
KRFP_756,0.0,0.0,True
KRFP_757,0.02818672011159961,0.000794912559618442,True
KRFP_758,0.0,0.0,True
KRFP_759,0.0,0.0,True
KRFP_760,0.0,0.0,True
KRFP_761,0.0,0.0,True
KRFP_762,0.0,0.0,True
KRFP_763,0.0,0.0,True
KRFP_764,0.0,0.0,True
KRFP_765,0.0,0.0,True
KRFP_766,0.0,0.0,True
KRFP_767,0.0,0.0,True
KRFP_768,0.0,0.0,True
KRFP_769,0.016277925334825298,0.00026497085320614734,True
KRFP_770,0.0,0.0,True
KRFP_771,0.0,0.0,True
KRFP_772,0.0,0.0,True
KRFP_773,0.0,0.0,True
KRFP_774,0.0,0.0,True
KRFP_775,0.0,0.0,True
KRFP_776,0.0,0.0,True
KRFP_777,0.0,0.0,True
KRFP_778,0.0,0.0,True
KRFP_779,0.05141388915001135,0.002649708532061473,True
KRFP_780,0.0,0.0,True
KRFP_781,0.02301741188946676,0.0005299417064122947,True
KRFP_782,0.023017411889466755,0.0005299417064122947,True
KRFP_783,0.0162779253348253,0.00026497085320614734,True
KRFP_784,0.0,0.0,True
KRFP_785,0.0162779253348253,0.00026497085320614734,True
KRFP_786,0.0,0.0,True
KRFP_787,0.0,0.0,True
KRFP_788,0.0,0.0,True
KRFP_789,0.02818672011159961,0.000794912559618442,True
KRFP_790,0.0,0.0,True
KRFP_791,0.0,0.0,True
KRFP_792,0.0,0.0,True
KRFP_793,0.0,0.0,True
KRFP_794,0.0,0.0,True
KRFP_795,0.0,0.0,True
KRFP_796,0.0,0.0,True
KRFP_797,0.0,0.0,True
KRFP_798,0.0,0.0,True
KRFP_799,0.0162779253348253,0.00026497085320614734,True
KRFP_800,0.0,0.0,True
KRFP_801,0.023017411889466755,0.0005299417064122947,True
KRFP_802,0.0162779253348253,0.00026497085320614734,True
KRFP_803,0.0,0.0,True
KRFP_804,0.0,0.0,True
KRFP_805,0.0,0.0,True
KRFP_806,0.0,0.0,True
KRFP_807,0.0,0.0,True
KRFP_808,0.0,0.0,True
KRFP_809,0.023017411889466755,0.0005299417064122947,True
KRFP_810,0.0,0.0,True
KRFP_811,0.0,0.0,True
KRFP_812,0.0,0.0,True
KRFP_813,0.0,0.0,True
KRFP_814,0.0,0.0,True
KRFP_815,0.0,0.0,True
KRFP_816,0.0,0.0,True
KRFP_817,0.0,0.0,True
KRFP_818,0.0,0.0,True
KRFP_819,0.0,0.0,True
KRFP_820,0.016277925334825298,0.00026497085320614734,True
KRFP_821,0.016277925334825298,0.00026497085320614734,True
KRFP_822,0.0,0.0,True
KRFP_823,0.0,0.0,True
KRFP_824,0.0,0.0,True
KRFP_825,0.016277925334825298,0.00026497085320614734,True
KRFP_826,0.0,0.0,True
KRFP_827,0.0,0.0,True
KRFP_828,0.0,0.0,True
KRFP_829,0.0,0.0,True
KRFP_830,0.0,0.0,True
KRFP_831,0.0,0.0,True
KRFP_832,0.0162779253348253,0.00026497085320614734,True
KRFP_833,0.0,0.0,True
KRFP_834,0.0,0.0,True
KRFP_835,0.0,0.0,True
KRFP_836,0.0,0.0,True
KRFP_837,0.0,0.0,True
KRFP_838,0.20858915615740642,0.04557498675145734,False
KRFP_839,0.09449980429527706,0.009009009009009009,True
KRFP_840,0.0,0.0,True
KRFP_841,0.028186720111599613,0.000794912559618442,True
KRFP_842,0.0,0.0,True
KRFP_843,0.0,0.0,True
KRFP_844,0.0,0.0,True
KRFP_845,0.0,0.0,True
KRFP_846,0.0,0.0,True
KRFP_847,0.0,0.0,True
KRFP_848,0.0,0.0,True
KRFP_849,0.0,0.0,True
KRFP_850,0.0,0.0,True
KRFP_851,0.0162779253348253,0.00026497085320614734,True
KRFP_852,0.0,0.0,True
KRFP_853,0.0,0.0,True
KRFP_854,0.0,0.0,True
KRFP_855,0.0162779253348253,0.00026497085320614734,True
KRFP_856,0.0,0.0,True
KRFP_857,0.0,0.0,True
KRFP_858,0.0,0.0,True
KRFP_859,0.0,0.0,True
KRFP_860,0.0,0.0,True
KRFP_861,0.0,0.0,True
KRFP_862,0.0,0.0,True
KRFP_863,0.0,0.0,True
KRFP_864,0.0162779253348253,0.00026497085320614734,True
KRFP_865,0.0,0.0,True
KRFP_866,0.0,0.0,True
KRFP_867,0.0,0.0,True
KRFP_868,0.0,0.0,True
KRFP_869,0.0,0.0,True
KRFP_870,0.0,0.0,True
KRFP_871,0.0,0.0,True
KRFP_872,0.0,0.0,True
KRFP_873,0.0,0.0,True
KRFP_874,0.0,0.0,True
KRFP_875,0.0,0.0,True
KRFP_876,0.0,0.0,True
KRFP_877,0.0,0.0,True
KRFP_878,0.0,0.0,True
KRFP_879,0.0,0.0,True
KRFP_880,0.0,0.0,True
KRFP_881,0.0,0.0,True
KRFP_882,0.0,0.0,True
KRFP_883,0.0,0.0,True
KRFP_884,0.0,0.0,True
KRFP_885,0.05630612862877747,0.003179650238473768,True
KRFP_886,0.0,0.0,True
KRFP_887,0.0,0.0,True
KRFP_888,0.0,0.0,True
KRFP_889,0.032542905139016295,0.0010598834128245894,True
KRFP_890,0.0,0.0,True
KRFP_891,0.0,0.0,True
KRFP_892,0.0,0.0,True
KRFP_893,0.0,0.0,True
KRFP_894,0.0,0.0,True
KRFP_895,0.0,0.0,True
KRFP_896,0.0,0.0,True
KRFP_897,0.0,0.0,True
KRFP_898,0.0,0.0,True
KRFP_899,0.0,0.0,True
KRFP_900,0.0,0.0,True
KRFP_901,0.0,0.0,True
KRFP_902,0.0,0.0,True
KRFP_903,0.0,0.0,True
KRFP_904,0.0,0.0,True
KRFP_905,0.0,0.0,True
KRFP_906,0.0,0.0,True
KRFP_907,0.0,0.0,True
KRFP_908,0.0,0.0,True
KRFP_909,0.0,0.0,True
KRFP_910,0.0,0.0,True
KRFP_911,0.0,0.0,True
KRFP_912,0.0,0.0,True
KRFP_913,0.0,0.0,True
KRFP_914,0.0,0.0,True
KRFP_915,0.0,0.0,True
KRFP_916,0.0,0.0,True
KRFP_917,0.0,0.0,True
KRFP_918,0.0,0.0,True
KRFP_919,0.0,0.0,True
KRFP_920,0.0,0.0,True
KRFP_921,0.0,0.0,True
KRFP_922,0.0,0.0,True
KRFP_923,0.023017411889466752,0.0005299417064122947,True
KRFP_924,0.0,0.0,True
KRFP_925,0.0,0.0,True
KRFP_926,0.0,0.0,True
KRFP_927,0.0,0.0,True
KRFP_928,0.0,0.0,True
KRFP_929,0.0,0.0,True
KRFP_930,0.0,0.0,True
KRFP_931,0.0,0.0,True
KRFP_932,0.0,0.0,True
KRFP_933,0.0,0.0,True
KRFP_934,0.0,0.0,True
KRFP_935,0.023017411889466755,0.0005299417064122947,True
KRFP_936,0.023017411889466755,0.0005299417064122947,True
KRFP_937,0.0,0.0,True
KRFP_938,0.0,0.0,True
KRFP_939,0.0,0.0,True
KRFP_940,0.0,0.0,True
KRFP_941,0.0,0.0,True
KRFP_942,0.0,0.0,True
KRFP_943,0.0,0.0,True
KRFP_944,0.0,0.0,True
KRFP_945,0.0,0.0,True
KRFP_946,0.0,0.0,True
KRFP_947,0.0,0.0,True
KRFP_948,0.0,0.0,True
KRFP_949,0.0,0.0,True
KRFP_950,0.0,0.0,True
KRFP_951,0.0,0.0,True
KRFP_952,0.0,0.0,True
KRFP_953,0.0,0.0,True
KRFP_954,0.0,0.0,True
KRFP_955,0.0,0.0,True
KRFP_956,0.0,0.0,True
KRFP_957,0.0,0.0,True
KRFP_958,0.0,0.0,True
KRFP_959,0.0,0.0,True
KRFP_960,0.0,0.0,True
KRFP_961,0.0,0.0,True
KRFP_962,0.0,0.0,True
KRFP_963,0.0,0.0,True
KRFP_964,0.0,0.0,True
KRFP_965,0.0,0.0,True
KRFP_966,0.0,0.0,True
KRFP_967,0.0,0.0,True
KRFP_968,0.0,0.0,True
KRFP_969,0.0,0.0,True
KRFP_970,0.0,0.0,True
KRFP_971,0.0162779253348253,0.00026497085320614734,True
KRFP_972,0.05391617834663831,0.0029146793852676206,True
KRFP_973,0.0,0.0,True
KRFP_974,0.0,0.0,True
KRFP_975,0.0,0.0,True
KRFP_976,0.0,0.0,True
KRFP_977,0.0162779253348253,0.00026497085320614734,True
KRFP_978,0.0,0.0,True
KRFP_979,0.0,0.0,True
KRFP_980,0.0,0.0,True
KRFP_981,0.0,0.0,True
KRFP_982,0.0,0.0,True
KRFP_983,0.0,0.0,True
KRFP_984,0.0,0.0,True
KRFP_985,0.0,0.0,True
KRFP_986,0.0,0.0,True
KRFP_987,0.0,0.0,True
KRFP_988,0.023017411889466752,0.0005299417064122947,True
KRFP_989,0.0,0.0,True
KRFP_990,0.023017411889466755,0.0005299417064122947,True
KRFP_991,0.04599819614514418,0.0021197668256491787,True
KRFP_992,0.0,0.0,True
KRFP_993,0.0,0.0,True
KRFP_994,0.0,0.0,True
KRFP_995,0.0,0.0,True
KRFP_996,0.0,0.0,True
KRFP_997,0.0,0.0,True
KRFP_998,0.0,0.0,True
KRFP_999,0.0,0.0,True
KRFP_1000,0.03637924824403939,0.0013248542660307366,True
KRFP_1001,0.0162779253348253,0.00026497085320614734,True
KRFP_1002,0.0,0.0,True
KRFP_1003,0.0,0.0,True
KRFP_1004,0.0,0.0,True
KRFP_1005,0.0,0.0,True
KRFP_1006,0.0,0.0,True
KRFP_1007,0.0,0.0,True
KRFP_1008,0.0,0.0,True
KRFP_1009,0.0,0.0,True
KRFP_1010,0.0,0.0,True
KRFP_1011,0.0,0.0,True
KRFP_1012,0.12198020471107276,0.015103338632750398,False
KRFP_1013,0.0,0.0,True
KRFP_1014,0.016277925334825298,0.00026497085320614734,True
KRFP_1015,0.0,0.0,True
KRFP_1016,0.0,0.0,True
KRFP_1017,0.0,0.0,True
KRFP_1018,0.0,0.0,True
KRFP_1019,0.0162779253348253,0.00026497085320614734,True
KRFP_1020,0.0162779253348253,0.00026497085320614734,True
KRFP_1021,0.0,0.0,True
KRFP_1022,0.0,0.0,True
KRFP_1023,0.04878197670482277,0.0023847376788553257,True
KRFP_1024,0.016277925334825298,0.00026497085320614734,True
KRFP_1025,0.0,0.0,True
KRFP_1026,0.0,0.0,True
KRFP_1027,0.0,0.0,True
KRFP_1028,0.0,0.0,True
KRFP_1029,0.0,0.0,True
KRFP_1030,0.0,0.0,True
KRFP_1031,0.0,0.0,True
KRFP_1032,0.0,0.0,True
KRFP_1033,0.0,0.0,True
KRFP_1034,0.0,0.0,True
KRFP_1035,0.0,0.0,True
KRFP_1036,0.0,0.0,True
KRFP_1037,0.0,0.0,True
KRFP_1038,0.0,0.0,True
KRFP_1039,0.0,0.0,True
KRFP_1040,0.0,0.0,True
KRFP_1041,0.03637924824403939,0.0013248542660307366,True
KRFP_1042,0.0,0.0,True
KRFP_1043,0.0,0.0,True
KRFP_1044,0.0,0.0,True
KRFP_1045,0.0,0.0,True
KRFP_1046,0.0,0.0,True
KRFP_1047,0.0,0.0,True
KRFP_1048,0.0,0.0,True
KRFP_1049,0.0,0.0,True
KRFP_1050,0.0,0.0,True
KRFP_1051,0.0,0.0,True
KRFP_1052,0.023017411889466752,0.0005299417064122947,True
KRFP_1053,0.0,0.0,True
KRFP_1054,0.023017411889466752,0.0005299417064122947,True
KRFP_1055,0.0,0.0,True
KRFP_1056,0.0,0.0,True
KRFP_1057,0.0,0.0,True
KRFP_1058,0.0,0.0,True
KRFP_1059,0.0,0.0,True
KRFP_1060,0.0,0.0,True
KRFP_1061,0.0,0.0,True
KRFP_1062,0.0,0.0,True
KRFP_1063,0.0,0.0,True
KRFP_1064,0.0,0.0,True
KRFP_1065,0.0,0.0,True
KRFP_1066,0.0,0.0,True
KRFP_1067,0.0,0.0,True
KRFP_1068,0.0,0.0,True
KRFP_1069,0.0,0.0,True
KRFP_1070,0.0,0.0,True
KRFP_1071,0.0,0.0,True
KRFP_1072,0.0,0.0,True
KRFP_1073,0.0,0.0,True
KRFP_1074,0.0,0.0,True
KRFP_1075,0.0,0.0,True
KRFP_1076,0.0,0.0,True
KRFP_1077,0.0,0.0,True
KRFP_1078,0.0,0.0,True
KRFP_1079,0.0,0.0,True
KRFP_1080,0.0,0.0,True
KRFP_1081,0.0,0.0,True
KRFP_1082,0.0,0.0,True
KRFP_1083,0.0,0.0,True
KRFP_1084,0.0,0.0,True
KRFP_1085,0.0,0.0,True
KRFP_1086,0.0,0.0,True
KRFP_1087,0.0,0.0,True
KRFP_1088,0.0,0.0,True
KRFP_1089,0.0,0.0,True
KRFP_1090,0.0,0.0,True
KRFP_1091,0.0,0.0,True
KRFP_1092,0.0,0.0,True
KRFP_1093,0.0,0.0,True
KRFP_1094,0.0,0.0,True
KRFP_1095,0.0,0.0,True
KRFP_1096,0.0,0.0,True
KRFP_1097,0.0,0.0,True
KRFP_1098,0.0162779253348253,0.00026497085320614734,True
KRFP_1099,0.0,0.0,True
KRFP_1100,0.0,0.0,True
KRFP_1101,0.0,0.0,True
KRFP_1102,0.0,0.0,True
KRFP_1103,0.0162779253348253,0.00026497085320614734,True
KRFP_1104,0.0,0.0,True
KRFP_1105,0.0,0.0,True
KRFP_1106,0.0,0.0,True
KRFP_1107,0.0,0.0,True
KRFP_1108,0.0,0.0,True
KRFP_1109,0.0,0.0,True
KRFP_1110,0.0,0.0,True
KRFP_1111,0.0,0.0,True
KRFP_1112,0.0,0.0,True
KRFP_1113,0.0,0.0,True
KRFP_1114,0.0,0.0,True
KRFP_1115,0.0,0.0,True
KRFP_1116,0.0,0.0,True
KRFP_1117,0.0,0.0,True
KRFP_1118,0.0,0.0,True
KRFP_1119,0.0,0.0,True
KRFP_1120,0.0,0.0,True
KRFP_1121,0.0,0.0,True
KRFP_1122,0.0,0.0,True
KRFP_1123,0.0,0.0,True
KRFP_1124,0.02818672011159961,0.000794912559618442,True
KRFP_1125,0.043033084826230104,0.0018547959724430313,True
KRFP_1126,0.0,0.0,True
KRFP_1127,0.0,0.0,True
KRFP_1128,0.0,0.0,True
KRFP_1129,0.0,0.0,True
KRFP_1130,0.0,0.0,True
KRFP_1131,0.0,0.0,True
KRFP_1132,0.0,0.0,True
KRFP_1133,0.0,0.0,True
KRFP_1134,0.016277925334825298,0.00026497085320614734,True
KRFP_1135,0.0,0.0,True
KRFP_1136,0.0,0.0,True
KRFP_1137,0.0,0.0,True
KRFP_1138,0.1837437543296768,0.034976152623211444,False
KRFP_1139,0.0,0.0,True
KRFP_1140,0.07950178948815584,0.006359300476947536,True
KRFP_1141,0.0,0.0,True
KRFP_1142,0.0,0.0,True
KRFP_1143,0.1837437543296768,0.034976152623211444,False
KRFP_1144,0.1837437543296768,0.034976152623211444,False
KRFP_1145,0.2680519288453618,0.07790143084260731,False
KRFP_1146,0.2142690812706073,0.04822469528351881,False
KRFP_1147,0.43451386887840576,0.2525172231054584,False
KRFP_1148,0.05630612862877746,0.003179650238473768,True
KRFP_1149,0.22563090925630783,0.05378908320084791,False
KRFP_1150,0.08272601693788842,0.00688924218335983,True
KRFP_1151,0.0,0.0,True
KRFP_1152,0.2991898566243301,0.09936406995230525,False
KRFP_1153,0.4947274558376333,0.4271330153683095,False
KRFP_1154,0.11547480981486241,0.013513513513513514,False
KRFP_1155,0.47687416569360164,0.34949655537890834,False
KRFP_1156,0.14581205202059203,0.02172760996290408,False
KRFP_1157,0.04878197670482277,0.0023847376788553257,True
KRFP_1158,0.0,0.0,True
KRFP_1159,0.18706286586287701,0.036301006889242184,False
KRFP_1160,0.06697314719039353,0.0045045045045045045,True
KRFP_1161,0.03984618268282351,0.001589825119236884,True
KRFP_1162,0.0,0.0,True
KRFP_1163,0.0,0.0,True
KRFP_1164,0.0,0.0,True
KRFP_1165,0.0,0.0,True
KRFP_1166,0.0,0.0,True
KRFP_1167,0.0,0.0,True
KRFP_1168,0.0,0.0,True
KRFP_1169,0.0,0.0,True
KRFP_1170,0.0,0.0,True
KRFP_1171,0.0,0.0,True
KRFP_1172,0.09721349305510957,0.009538950715421303,True
KRFP_1173,0.0,0.0,True
KRFP_1174,0.0,0.0,True
KRFP_1175,0.0,0.0,True
KRFP_1176,0.0,0.0,True
KRFP_1177,0.0,0.0,True
KRFP_1178,0.0,0.0,True
KRFP_1179,0.0,0.0,True
KRFP_1180,0.0,0.0,True
KRFP_1181,0.0,0.0,True
KRFP_1182,0.0,0.0,True
KRFP_1183,0.023017411889466752,0.0005299417064122947,True
KRFP_1184,0.0,0.0,True
KRFP_1185,0.0,0.0,True
KRFP_1186,0.0,0.0,True
KRFP_1187,0.0,0.0,True
KRFP_1188,0.0,0.0,True
KRFP_1189,0.0,0.0,True
KRFP_1190,0.0,0.0,True
KRFP_1191,0.0,0.0,True
KRFP_1192,0.4993775666365348,0.4737678855325914,False
KRFP_1193,0.0,0.0,True
KRFP_1194,0.0,0.0,True
KRFP_1195,0.0,0.0,True
KRFP_1196,0.0,0.0,True
KRFP_1197,0.0,0.0,True
KRFP_1198,0.0,0.0,True
KRFP_1199,0.0,0.0,True
KRFP_1200,0.0,0.0,True
KRFP_1201,0.0,0.0,True
KRFP_1202,0.02301741188946676,0.0005299417064122947,True
KRFP_1203,0.0,0.0,True
KRFP_1204,0.0,0.0,True
KRFP_1205,0.0,0.0,True
KRFP_1206,0.0,0.0,True
KRFP_1207,0.0,0.0,True
KRFP_1208,0.0,0.0,True
KRFP_1209,0.0,0.0,True
KRFP_1210,0.0,0.0,True
KRFP_1211,0.0,0.0,True
KRFP_1212,0.0,0.0,True
KRFP_1213,0.0,0.0,True
KRFP_1214,0.023017411889466755,0.0005299417064122947,True
KRFP_1215,0.0,0.0,True
KRFP_1216,0.023017411889466755,0.0005299417064122947,True
KRFP_1217,0.043033084826230104,0.0018547959724430313,True
KRFP_1218,0.0,0.0,True
KRFP_1219,0.0,0.0,True
KRFP_1220,0.023017411889466752,0.0005299417064122947,True
KRFP_1221,0.0,0.0,True
KRFP_1222,0.0,0.0,True
KRFP_1223,0.0,0.0,True
KRFP_1224,0.03984618268282351,0.001589825119236884,True
KRFP_1225,0.0,0.0,True
KRFP_1226,0.0,0.0,True
KRFP_1227,0.0,0.0,True
KRFP_1228,0.0,0.0,True
KRFP_1229,0.0,0.0,True
KRFP_1230,0.0,0.0,True
KRFP_1231,0.0,0.0,True
KRFP_1232,0.0,0.0,True
KRFP_1233,0.0,0.0,True
KRFP_1234,0.0,0.0,True
KRFP_1235,0.03637924824403939,0.0013248542660307366,True
KRFP_1236,0.0,0.0,True
KRFP_1237,0.0,0.0,True
KRFP_1238,0.0,0.0,True
KRFP_1239,0.0162779253348253,0.00026497085320614734,True
KRFP_1240,0.0,0.0,True
KRFP_1241,0.0,0.0,True
KRFP_1242,0.0,0.0,True
KRFP_1243,0.0,0.0,True
KRFP_1244,0.0,0.0,True
KRFP_1245,0.0,0.0,True
KRFP_1246,0.0,0.0,True
KRFP_1247,0.0,0.0,True
KRFP_1248,0.0,0.0,True
KRFP_1249,0.0,0.0,True
KRFP_1250,0.0,0.0,True
KRFP_1251,0.0,0.0,True
KRFP_1252,0.0,0.0,True
KRFP_1253,0.0,0.0,True
KRFP_1254,0.0,0.0,True
KRFP_1255,0.0,0.0,True
KRFP_1256,0.0,0.0,True
KRFP_1257,0.0,0.0,True
KRFP_1258,0.0,0.0,True
KRFP_1259,0.0,0.0,True
KRFP_1260,0.0,0.0,True
KRFP_1261,0.0,0.0,True
KRFP_1262,0.16140864829069057,0.02676205617382088,False
KRFP_1263,0.0,0.0,True
KRFP_1264,0.0,0.0,True
KRFP_1265,0.0,0.0,True
KRFP_1266,0.0,0.0,True
KRFP_1267,0.0,0.0,True
KRFP_1268,0.0,0.0,True
KRFP_1269,0.0,0.0,True
KRFP_1270,0.0,0.0,True
KRFP_1271,0.0162779253348253,0.00026497085320614734,True
KRFP_1272,0.0,0.0,True
KRFP_1273,0.0,0.0,True
KRFP_1274,0.0,0.0,True
KRFP_1275,0.0,0.0,True
KRFP_1276,0.0,0.0,True
KRFP_1277,0.0,0.0,True
KRFP_1278,0.0,0.0,True
KRFP_1279,0.0,0.0,True
KRFP_1280,0.0,0.0,True
KRFP_1281,0.0,0.0,True
KRFP_1282,0.0,0.0,True
KRFP_1283,0.0,0.0,True
KRFP_1284,0.0,0.0,True
KRFP_1285,0.0,0.0,True
KRFP_1286,0.0,0.0,True
KRFP_1287,0.0,0.0,True
KRFP_1288,0.0,0.0,True
KRFP_1289,0.0,0.0,True
KRFP_1290,0.0,0.0,True
KRFP_1291,0.0,0.0,True
KRFP_1292,0.0,0.0,True
KRFP_1293,0.0,0.0,True
KRFP_1294,0.0,0.0,True
KRFP_1295,0.0162779253348253,0.00026497085320614734,True
KRFP_1296,0.0,0.0,True
KRFP_1297,0.0,0.0,True
KRFP_1298,0.0162779253348253,0.00026497085320614734,True
KRFP_1299,0.0,0.0,True
KRFP_1300,0.0,0.0,True
KRFP_1301,0.0,0.0,True
KRFP_1302,0.0,0.0,True
KRFP_1303,0.0,0.0,True
KRFP_1304,0.0,0.0,True
KRFP_1305,0.0,0.0,True
KRFP_1306,0.0,0.0,True
KRFP_1307,0.0,0.0,True
KRFP_1308,0.0,0.0,True
KRFP_1309,0.0,0.0,True
KRFP_1310,0.016277925334825298,0.00026497085320614734,True
KRFP_1311,0.0,0.0,True
KRFP_1312,0.0,0.0,True
KRFP_1313,0.0,0.0,True
KRFP_1314,0.0,0.0,True
KRFP_1315,0.0,0.0,True
KRFP_1316,0.0,0.0,True
KRFP_1317,0.0,0.0,True
KRFP_1318,0.0162779253348253,0.00026497085320614734,True
KRFP_1319,0.0,0.0,True
KRFP_1320,0.0,0.0,True
KRFP_1321,0.0,0.0,True
KRFP_1322,0.0,0.0,True
KRFP_1323,0.0,0.0,True
KRFP_1324,0.0,0.0,True
KRFP_1325,0.0,0.0,True
KRFP_1326,0.0,0.0,True
KRFP_1327,0.0,0.0,True
KRFP_1328,0.0,0.0,True
KRFP_1329,0.0,0.0,True
KRFP_1330,0.0,0.0,True
KRFP_1331,0.0,0.0,True
KRFP_1332,0.0,0.0,True
KRFP_1333,0.0,0.0,True
KRFP_1334,0.0,0.0,True
KRFP_1335,0.0,0.0,True
KRFP_1336,0.0,0.0,True
KRFP_1337,0.0,0.0,True
KRFP_1338,0.0,0.0,True
KRFP_1339,0.0,0.0,True
KRFP_1340,0.0,0.0,True
KRFP_1341,0.0,0.0,True
KRFP_1342,0.0,0.0,True
KRFP_1343,0.0,0.0,True
KRFP_1344,0.0,0.0,True
KRFP_1345,0.0,0.0,True
KRFP_1346,0.0,0.0,True
KRFP_1347,0.0,0.0,True
KRFP_1348,0.0,0.0,True
KRFP_1349,0.0,0.0,True
KRFP_1350,0.0,0.0,True
KRFP_1351,0.0,0.0,True
KRFP_1352,0.0,0.0,True
KRFP_1353,0.0,0.0,True
KRFP_1354,0.0,0.0,True
KRFP_1355,0.0,0.0,True
KRFP_1356,0.0,0.0,True
KRFP_1357,0.0,0.0,True
KRFP_1358,0.0,0.0,True
KRFP_1359,0.0,0.0,True
KRFP_1360,0.0,0.0,True
KRFP_1361,0.0,0.0,True
KRFP_1362,0.0,0.0,True
KRFP_1363,0.0,0.0,True
KRFP_1364,0.0,0.0,True
KRFP_1365,0.0,0.0,True
KRFP_1366,0.0,0.0,True
KRFP_1367,0.0,0.0,True
KRFP_1368,0.0,0.0,True
KRFP_1369,0.0,0.0,True
KRFP_1370,0.0,0.0,True
KRFP_1371,0.0,0.0,True
KRFP_1372,0.0,0.0,True
KRFP_1373,0.0,0.0,True
KRFP_1374,0.0,0.0,True
KRFP_1375,0.0,0.0,True
KRFP_1376,0.0,0.0,True
KRFP_1377,0.0,0.0,True
KRFP_1378,0.0,0.0,True
KRFP_1379,0.0,0.0,True
KRFP_1380,0.0,0.0,True
KRFP_1381,0.0,0.0,True
KRFP_1382,0.0,0.0,True
KRFP_1383,0.0,0.0,True
KRFP_1384,0.0,0.0,True
KRFP_1385,0.0,0.0,True
KRFP_1386,0.0,0.0,True
KRFP_1387,0.0,0.0,True
KRFP_1388,0.0,0.0,True
KRFP_1389,0.0,0.0,True
KRFP_1390,0.0,0.0,True
KRFP_1391,0.0,0.0,True
KRFP_1392,0.0,0.0,True
KRFP_1393,0.0,0.0,True
KRFP_1394,0.0,0.0,True
KRFP_1395,0.0,0.0,True
KRFP_1396,0.0,0.0,True
KRFP_1397,0.0,0.0,True
KRFP_1398,0.0,0.0,True
KRFP_1399,0.0,0.0,True
KRFP_1400,0.0,0.0,True
KRFP_1401,0.0,0.0,True
KRFP_1402,0.0,0.0,True
KRFP_1403,0.0,0.0,True
KRFP_1404,0.05141388915001135,0.002649708532061473,True
KRFP_1405,0.10241717725245618,0.010598834128245893,False
KRFP_1406,0.44109349289400474,0.26444091149973503,False
KRFP_1407,0.0162779253348253,0.00026497085320614734,True
KRFP_1408,0.0,0.0,True
KRFP_1409,0.0,0.0,True
KRFP_1410,0.0,0.0,True
KRFP_1411,0.02301741188946676,0.0005299417064122947,True
KRFP_1412,0.0,0.0,True
KRFP_1413,0.0,0.0,True
KRFP_1414,0.0,0.0,True
KRFP_1415,0.0,0.0,True
KRFP_1416,0.0,0.0,True
KRFP_1417,0.09985064660188381,0.010068892421833599,True
KRFP_1418,0.0,0.0,True
KRFP_1419,0.0,0.0,True
KRFP_1420,0.05391617834663831,0.0029146793852676206,True
KRFP_1421,0.0,0.0,True
KRFP_1422,0.0,0.0,True
KRFP_1423,0.05630612862877747,0.003179650238473768,True
KRFP_1424,0.0,0.0,True
KRFP_1425,0.060801401459995116,0.0037095919448860626,True
KRFP_1426,0.1320700504838821,0.01775304716481187,False
KRFP_1427,0.0,0.0,True
KRFP_1428,0.0,0.0,True
KRFP_1429,0.0162779253348253,0.00026497085320614734,True
KRFP_1430,0.0,0.0,True
KRFP_1431,0.0162779253348253,0.00026497085320614734,True
KRFP_1432,0.0,0.0,True
KRFP_1433,0.0162779253348253,0.00026497085320614734,True
KRFP_1434,0.0,0.0,True
KRFP_1435,0.0,0.0,True
KRFP_1436,0.023017411889466755,0.0005299417064122947,True
KRFP_1437,0.06080140145999511,0.0037095919448860626,True
KRFP_1438,0.0162779253348253,0.00026497085320614734,True
KRFP_1439,0.0,0.0,True
KRFP_1440,0.0,0.0,True
KRFP_1441,0.0,0.0,True
KRFP_1442,0.0,0.0,True
KRFP_1443,0.0,0.0,True
KRFP_1444,0.0,0.0,True
KRFP_1445,0.0,0.0,True
KRFP_1446,0.0,0.0,True
KRFP_1447,0.02818672011159961,0.000794912559618442,True
KRFP_1448,0.0,0.0,True
KRFP_1449,0.0,0.0,True
KRFP_1450,0.0,0.0,True
KRFP_1451,0.10855706625815112,0.01192368839427663,False
KRFP_1452,0.02818672011159961,0.000794912559618442,True
KRFP_1453,0.023017411889466755,0.0005299417064122947,True
KRFP_1454,0.0,0.0,True
KRFP_1455,0.0,0.0,True
KRFP_1456,0.0398461826828235,0.001589825119236884,True
KRFP_1457,0.028186720111599613,0.000794912559618442,True
KRFP_1458,0.0,0.0,True
KRFP_1459,0.0,0.0,True
KRFP_1460,0.0,0.0,True
KRFP_1461,0.0,0.0,True
KRFP_1462,0.028186720111599613,0.000794912559618442,True
KRFP_1463,0.0,0.0,True
KRFP_1464,0.0,0.0,True
KRFP_1465,0.0,0.0,True
KRFP_1466,0.0,0.0,True
KRFP_1467,0.0162779253348253,0.00026497085320614734,True
KRFP_1468,0.02301741188946676,0.0005299417064122947,True
KRFP_1469,0.023017411889466755,0.0005299417064122947,True
KRFP_1470,0.0,0.0,True
KRFP_1471,0.0,0.0,True
KRFP_1472,0.0,0.0,True
KRFP_1473,0.02301741188946676,0.0005299417064122947,True
KRFP_1474,0.0,0.0,True
KRFP_1475,0.032542905139016295,0.0010598834128245894,True
KRFP_1476,0.0,0.0,True
KRFP_1477,0.0,0.0,True
KRFP_1478,0.0,0.0,True
KRFP_1479,0.0,0.0,True
KRFP_1480,0.0,0.0,True
KRFP_1481,0.0,0.0,True
KRFP_1482,0.036379248244039396,0.0013248542660307366,True
KRFP_1483,0.0,0.0,True
KRFP_1484,0.0,0.0,True
KRFP_1485,0.0,0.0,True
KRFP_1486,0.0,0.0,True
KRFP_1487,0.0,0.0,True
KRFP_1488,0.0,0.0,True
KRFP_1489,0.0,0.0,True
KRFP_1490,0.0,0.0,True
KRFP_1491,0.0,0.0,True
KRFP_1492,0.0,0.0,True
KRFP_1493,0.0,0.0,True
KRFP_1494,0.0,0.0,True
KRFP_1495,0.0,0.0,True
KRFP_1496,0.0,0.0,True
KRFP_1497,0.0,0.0,True
KRFP_1498,0.0,0.0,True
KRFP_1499,0.0162779253348253,0.00026497085320614734,True
KRFP_1500,0.0,0.0,True
KRFP_1501,0.0,0.0,True
KRFP_1502,0.0,0.0,True
KRFP_1503,0.0,0.0,True
KRFP_1504,0.0,0.0,True
KRFP_1505,0.0,0.0,True
KRFP_1506,0.0,0.0,True
KRFP_1507,0.0162779253348253,0.00026497085320614734,True
KRFP_1508,0.0,0.0,True
KRFP_1509,0.0,0.0,True
KRFP_1510,0.0,0.0,True
KRFP_1511,0.0,0.0,True
KRFP_1512,0.0,0.0,True
KRFP_1513,0.0,0.0,True
KRFP_1514,0.0,0.0,True
KRFP_1515,0.0,0.0,True
KRFP_1516,0.0,0.0,True
KRFP_1517,0.0,0.0,True
KRFP_1518,0.0,0.0,True
KRFP_1519,0.09854124850820864,0.00980392156862745,True
KRFP_1520,0.0,0.0,True
KRFP_1521,0.0,0.0,True
KRFP_1522,0.0,0.0,True
KRFP_1523,0.06697314719039353,0.0045045045045045045,True
KRFP_1524,0.0,0.0,True
KRFP_1525,0.0,0.0,True
KRFP_1526,0.0,0.0,True
KRFP_1527,0.0,0.0,True
KRFP_1528,0.0,0.0,True
KRFP_1529,0.0,0.0,True
KRFP_1530,0.0,0.0,True
KRFP_1531,0.0,0.0,True
KRFP_1532,0.0,0.0,True
KRFP_1533,0.0,0.0,True
KRFP_1534,0.0162779253348253,0.00026497085320614734,True
KRFP_1535,0.15505294966133376,0.0246422893481717,False
KRFP_1536,0.0,0.0,True
KRFP_1537,0.0162779253348253,0.00026497085320614734,True
KRFP_1538,0.0162779253348253,0.00026497085320614734,True
KRFP_1539,0.0,0.0,True
KRFP_1540,0.0,0.0,True
KRFP_1541,0.0,0.0,True
KRFP_1542,0.0,0.0,True
KRFP_1543,0.0,0.0,True
KRFP_1544,0.0,0.0,True
KRFP_1545,0.06498214287438389,0.0042395336512983575,True
KRFP_1546,0.0,0.0,True
KRFP_1547,0.0,0.0,True
KRFP_1548,0.0,0.0,True
KRFP_1549,0.0,0.0,True
KRFP_1550,0.0,0.0,True
KRFP_1551,0.0,0.0,True
KRFP_1552,0.0,0.0,True
KRFP_1553,0.0,0.0,True
KRFP_1554,0.0,0.0,True
KRFP_1555,0.0,0.0,True
KRFP_1556,0.0,0.0,True
KRFP_1557,0.0,0.0,True
KRFP_1558,0.0,0.0,True
KRFP_1559,0.0,0.0,True
KRFP_1560,0.0,0.0,True
KRFP_1561,0.0,0.0,True
KRFP_1562,0.0,0.0,True
KRFP_1563,0.39171073037949716,0.1891891891891892,False
KRFP_1564,0.0,0.0,True
KRFP_1565,0.31222302818972025,0.10943296237413884,False
KRFP_1566,0.0,0.0,True
KRFP_1567,0.045998196145144186,0.0021197668256491787,True
KRFP_1568,0.03984618268282351,0.001589825119236884,True
KRFP_1569,0.0,0.0,True
KRFP_1570,0.05141388915001135,0.002649708532061473,True
KRFP_1571,0.028186720111599613,0.000794912559618442,True
KRFP_1572,0.032542905139016295,0.0010598834128245894,True
KRFP_1573,0.023017411889466752,0.0005299417064122947,True
KRFP_1574,0.0,0.0,True
KRFP_1575,0.0,0.0,True
KRFP_1576,0.023017411889466755,0.0005299417064122947,True
KRFP_1577,0.023017411889466752,0.0005299417064122947,True
KRFP_1578,0.023017411889466752,0.0005299417064122947,True
KRFP_1579,0.0,0.0,True
KRFP_1580,0.0,0.0,True
KRFP_1581,0.0,0.0,True
KRFP_1582,0.060801401459995116,0.0037095919448860626,True
KRFP_1583,0.045998196145144186,0.0021197668256491787,True
KRFP_1584,0.0162779253348253,0.00026497085320614734,True
KRFP_1585,0.0,0.0,True
KRFP_1586,0.0,0.0,True
KRFP_1587,0.06292706003131429,0.00397456279809221,True
KRFP_1588,0.06697314719039353,0.0045045045045045045,True
KRFP_1589,0.0,0.0,True
KRFP_1590,0.21922785631124017,0.05060943296237414,False
KRFP_1591,0.14667858722111343,0.02199258081611023,False
KRFP_1592,0.0,0.0,True
KRFP_1593,0.0,0.0,True
KRFP_1594,0.0,0.0,True
KRFP_1595,0.0,0.0,True
KRFP_1596,0.06498214287438389,0.0042395336512983575,True
KRFP_1597,0.0,0.0,True
KRFP_1598,0.0,0.0,True
KRFP_1599,0.036379248244039396,0.0013248542660307366,True
KRFP_1600,0.0,0.0,True
KRFP_1601,0.0,0.0,True
KRFP_1602,0.0,0.0,True
KRFP_1603,0.0,0.0,True
KRFP_1604,0.0,0.0,True
KRFP_1605,0.05859748713461552,0.003444621091679915,True
KRFP_1606,0.0,0.0,True
KRFP_1607,0.0,0.0,True
KRFP_1608,0.04878197670482277,0.0023847376788553257,True
KRFP_1609,0.0,0.0,True
KRFP_1610,0.0,0.0,True
KRFP_1611,0.0162779253348253,0.00026497085320614734,True
KRFP_1612,0.056306128628777465,0.003179650238473768,True
KRFP_1613,0.06292706003131429,0.00397456279809221,True
KRFP_1614,0.06292706003131429,0.00397456279809221,True
KRFP_1615,0.06890562778396601,0.0047694753577106515,True
KRFP_1616,0.0162779253348253,0.00026497085320614734,True
KRFP_1617,0.0162779253348253,0.00026497085320614734,True
KRFP_1618,0.05391617834663831,0.0029146793852676206,True
KRFP_1619,0.0162779253348253,0.00026497085320614734,True
KRFP_1620,0.05859748713461552,0.003444621091679915,True
KRFP_1621,0.04878197670482278,0.0023847376788553257,True
KRFP_1622,0.0,0.0,True
KRFP_1623,0.0,0.0,True
KRFP_1624,0.0,0.0,True
KRFP_1625,0.0162779253348253,0.00026497085320614734,True
KRFP_1626,0.0,0.0,True
KRFP_1627,0.0,0.0,True
KRFP_1628,0.0,0.0,True
KRFP_1629,0.0,0.0,True
KRFP_1630,0.028186720111599613,0.000794912559618442,True
KRFP_1631,0.0162779253348253,0.00026497085320614734,True
KRFP_1632,0.24594495325730423,0.06465288818229994,False
KRFP_1633,0.05859748713461551,0.003444621091679915,True
KRFP_1634,0.0,0.0,True
KRFP_1635,0.0,0.0,True
KRFP_1636,0.02301741188946676,0.0005299417064122947,True
KRFP_1637,0.03637924824403939,0.0013248542660307366,True
KRFP_1638,0.03984618268282351,0.001589825119236884,True
KRFP_1639,0.0,0.0,True
KRFP_1640,0.0,0.0,True
KRFP_1641,0.4793111101397149,0.3574456809750927,False
KRFP_1642,0.0,0.0,True
KRFP_1643,0.0,0.0,True
KRFP_1644,0.434211525553851,0.2519872813990461,False
KRFP_1645,0.18239650393863605,0.034446210916799155,False
KRFP_1646,0.0162779253348253,0.00026497085320614734,True
KRFP_1647,0.03637924824403939,0.0013248542660307366,True
KRFP_1648,0.0162779253348253,0.00026497085320614734,True
KRFP_1649,0.053916178346638303,0.0029146793852676206,True
KRFP_1650,0.0,0.0,True
KRFP_1651,0.04599819614514418,0.0021197668256491787,True
KRFP_1652,0.12913161757744665,0.01695813460519343,False
KRFP_1653,0.14049015738947215,0.020137784843667197,False
KRFP_1654,0.023017411889466755,0.0005299417064122947,True
KRFP_1655,0.0,0.0,True
KRFP_1656,0.0,0.0,True
KRFP_1657,0.0,0.0,True
KRFP_1658,0.07261356872352699,0.005299417064122946,True
KRFP_1659,0.0,0.0,True
KRFP_1660,0.0,0.0,True
KRFP_1661,0.0,0.0,True
KRFP_1662,0.03637924824403939,0.0013248542660307366,True
KRFP_1663,0.0162779253348253,0.00026497085320614734,True
KRFP_1664,0.0,0.0,True
KRFP_1665,0.0,0.0,True
KRFP_1666,0.0,0.0,True
KRFP_1667,0.0,0.0,True
KRFP_1668,0.0,0.0,True
KRFP_1669,0.12406836651874902,0.01563328033916269,False
KRFP_1670,0.0,0.0,True
KRFP_1671,0.04878197670482278,0.0023847376788553257,True
KRFP_1672,0.045998196145144186,0.0021197668256491787,True
KRFP_1673,0.0,0.0,True
KRFP_1674,0.0,0.0,True
KRFP_1675,0.032542905139016295,0.0010598834128245894,True
KRFP_1676,0.0162779253348253,0.00026497085320614734,True
KRFP_1677,0.0,0.0,True
KRFP_1678,0.0,0.0,True
KRFP_1679,0.0,0.0,True
KRFP_1680,0.0,0.0,True
KRFP_1681,0.0,0.0,True
KRFP_1682,0.0,0.0,True
KRFP_1683,0.10114240030644481,0.010333863275039745,False
KRFP_1684,0.0,0.0,True
KRFP_1685,0.02301741188946676,0.0005299417064122947,True
KRFP_1686,0.0,0.0,True
KRFP_1687,0.0,0.0,True
KRFP_1688,0.0,0.0,True
KRFP_1689,0.0,0.0,True
KRFP_1690,0.0,0.0,True
KRFP_1691,0.0,0.0,True
KRFP_1692,0.0,0.0,True
KRFP_1693,0.0,0.0,True
KRFP_1694,0.0,0.0,True
KRFP_1695,0.0,0.0,True
KRFP_1696,0.0,0.0,True
KRFP_1697,0.0,0.0,True
KRFP_1698,0.0,0.0,True
KRFP_1699,0.0,0.0,True
KRFP_1700,0.0,0.0,True
KRFP_1701,0.0,0.0,True
KRFP_1702,0.0,0.0,True
KRFP_1703,0.0,0.0,True
KRFP_1704,0.0,0.0,True
KRFP_1705,0.0,0.0,True
KRFP_1706,0.0162779253348253,0.00026497085320614734,True
KRFP_1707,0.0,0.0,True
KRFP_1708,0.0,0.0,True
KRFP_1709,0.0,0.0,True
KRFP_1710,0.0,0.0,True
KRFP_1711,0.0,0.0,True
KRFP_1712,0.0,0.0,True
KRFP_1713,0.0,0.0,True
KRFP_1714,0.0,0.0,True
KRFP_1715,0.0,0.0,True
KRFP_1716,0.0,0.0,True
KRFP_1717,0.0,0.0,True
KRFP_1718,0.0,0.0,True
KRFP_1719,0.0,0.0,True
KRFP_1720,0.0,0.0,True
KRFP_1721,0.0,0.0,True
KRFP_1722,0.0,0.0,True
KRFP_1723,0.160629469656457,0.026497085320614733,False
KRFP_1724,0.0162779253348253,0.00026497085320614734,True
KRFP_1725,0.0162779253348253,0.00026497085320614734,True
KRFP_1726,0.0,0.0,True
KRFP_1727,0.0162779253348253,0.00026497085320614734,True
KRFP_1728,0.0,0.0,True
KRFP_1729,0.0,0.0,True
KRFP_1730,0.0,0.0,True
KRFP_1731,0.016277925334825298,0.00026497085320614734,True
KRFP_1732,0.14406188349468138,0.021197668256491786,False
KRFP_1733,0.0,0.0,True
KRFP_1734,0.0162779253348253,0.00026497085320614734,True
KRFP_1735,0.023017411889466755,0.0005299417064122947,True
KRFP_1736,0.0,0.0,True
KRFP_1737,0.0,0.0,True
KRFP_1738,0.0,0.0,True
KRFP_1739,0.0,0.0,True
KRFP_1740,0.023017411889466755,0.0005299417064122947,True
KRFP_1741,0.0,0.0,True
KRFP_1742,0.0,0.0,True
KRFP_1743,0.0,0.0,True
KRFP_1744,0.0,0.0,True
KRFP_1745,0.0,0.0,True
KRFP_1746,0.0,0.0,True
KRFP_1747,0.023017411889466755,0.0005299417064122947,True
KRFP_1748,0.0,0.0,True
KRFP_1749,0.11321835174271151,0.012983571807101218,False
KRFP_1750,0.0,0.0,True
KRFP_1751,0.0,0.0,True
KRFP_1752,0.0,0.0,True
KRFP_1753,0.0162779253348253,0.00026497085320614734,True
KRFP_1754,0.0,0.0,True
KRFP_1755,0.03637924824403939,0.0013248542660307366,True
KRFP_1756,0.0162779253348253,0.00026497085320614734,True
KRFP_1757,0.023017411889466755,0.0005299417064122947,True
KRFP_1758,0.0,0.0,True
KRFP_1759,0.0,0.0,True
KRFP_1760,0.0,0.0,True
KRFP_1761,0.0,0.0,True
KRFP_1762,0.0162779253348253,0.00026497085320614734,True
KRFP_1763,0.0,0.0,True
KRFP_1764,0.0,0.0,True
KRFP_1765,0.0,0.0,True
KRFP_1766,0.17828422779063588,0.03285638579756227,False
KRFP_1767,0.0,0.0,True
KRFP_1768,0.2368099293390471,0.05961844197138315,False
KRFP_1769,0.06498214287438389,0.0042395336512983575,True
KRFP_1770,0.14228821529670954,0.02066772655007949,False
KRFP_1771,0.0162779253348253,0.00026497085320614734,True
KRFP_1772,0.07439685537382568,0.005564387917329093,True
KRFP_1773,0.0,0.0,True
KRFP_1774,0.11768562531987165,0.014043455219925808,False
KRFP_1775,0.0931121754514209,0.008744038155802861,True
KRFP_1776,0.0,0.0,True
KRFP_1777,0.0,0.0,True
KRFP_1778,0.023017411889466755,0.0005299417064122947,True
KRFP_1779,0.0,0.0,True
KRFP_1780,0.0,0.0,True
KRFP_1781,0.0,0.0,True
KRFP_1782,0.0,0.0,True
KRFP_1783,0.0,0.0,True
KRFP_1784,0.0,0.0,True
KRFP_1785,0.20091314986197975,0.04213036565977742,False
KRFP_1786,0.13399059048169018,0.018282988871224166,False
KRFP_1787,0.0162779253348253,0.00026497085320614734,True
KRFP_1788,0.0,0.0,True
KRFP_1789,0.0,0.0,True
KRFP_1790,0.09854124850820863,0.00980392156862745,True
KRFP_1791,0.0,0.0,True
KRFP_1792,0.06292706003131429,0.00397456279809221,True
KRFP_1793,0.02301741188946676,0.0005299417064122947,True
KRFP_1794,0.0162779253348253,0.00026497085320614734,True
KRFP_1795,0.03984618268282351,0.001589825119236884,True
KRFP_1796,0.0,0.0,True
KRFP_1797,0.18640452513698522,0.036036036036036036,False
KRFP_1798,0.03637924824403939,0.0013248542660307366,True
KRFP_1799,0.0162779253348253,0.00026497085320614734,True
KRFP_1800,0.03637924824403939,0.0013248542660307366,True
KRFP_1801,0.023017411889466752,0.0005299417064122947,True
KRFP_1802,0.0,0.0,True
KRFP_1803,0.0,0.0,True
KRFP_1804,0.0,0.0,True
KRFP_1805,0.0,0.0,True
KRFP_1806,0.0162779253348253,0.00026497085320614734,True
KRFP_1807,0.02818672011159961,0.000794912559618442,True
KRFP_1808,0.0,0.0,True
KRFP_1809,0.0,0.0,True
KRFP_1810,0.18239650393863607,0.034446210916799155,False
KRFP_1811,0.0,0.0,True
KRFP_1812,0.0,0.0,True
KRFP_1813,0.043033084826230104,0.0018547959724430313,True
KRFP_1814,0.0,0.0,True
KRFP_1815,0.06498214287438389,0.0042395336512983575,True
KRFP_1816,0.0,0.0,True
KRFP_1817,0.0,0.0,True
KRFP_1818,0.0,0.0,True
KRFP_1819,0.0,0.0,True
KRFP_1820,0.0,0.0,True
KRFP_1821,0.0162779253348253,0.00026497085320614734,True
KRFP_1822,0.0,0.0,True
KRFP_1823,0.06890562778396601,0.0047694753577106515,True
KRFP_1824,0.0,0.0,True
KRFP_1825,0.05630612862877746,0.003179650238473768,True
KRFP_1826,0.0,0.0,True
KRFP_1827,0.0162779253348253,0.00026497085320614734,True
KRFP_1828,0.0,0.0,True
KRFP_1829,0.0,0.0,True
KRFP_1830,0.023017411889466752,0.0005299417064122947,True
KRFP_1831,0.0,0.0,True
KRFP_1832,0.0,0.0,True
KRFP_1833,0.07261356872352699,0.005299417064122946,True
KRFP_1834,0.05630612862877748,0.003179650238473768,True
KRFP_1835,0.03254290513901629,0.0010598834128245894,True
KRFP_1836,0.0,0.0,True
KRFP_1837,0.0,0.0,True
KRFP_1838,0.0,0.0,True
KRFP_1839,0.0,0.0,True
KRFP_1840,0.0,0.0,True
KRFP_1841,0.0,0.0,True
KRFP_1842,0.0,0.0,True
KRFP_1843,0.0,0.0,True
KRFP_1844,0.0,0.0,True
KRFP_1845,0.0,0.0,True
KRFP_1846,0.10491826790705254,0.011128775834658187,False
KRFP_1847,0.0,0.0,True
KRFP_1848,0.043033084826230104,0.0018547959724430313,True
KRFP_1849,0.0,0.0,True
KRFP_1850,0.0,0.0,True
KRFP_1851,0.0,0.0,True
KRFP_1852,0.0,0.0,True
KRFP_1853,0.0162779253348253,0.00026497085320614734,True
KRFP_1854,0.0,0.0,True
KRFP_1855,0.0,0.0,True
KRFP_1856,0.03254290513901629,0.0010598834128245894,True
KRFP_1857,0.10491826790705251,0.011128775834658187,False
KRFP_1858,0.0,0.0,True
KRFP_1859,0.0,0.0,True
KRFP_1860,0.0,0.0,True
KRFP_1861,0.0,0.0,True
KRFP_1862,0.0,0.0,True
KRFP_1863,0.0,0.0,True
KRFP_1864,0.0,0.0,True
KRFP_1865,0.0,0.0,True
KRFP_1866,0.0,0.0,True
KRFP_1867,0.0,0.0,True
KRFP_1868,0.0,0.0,True
KRFP_1869,0.0,0.0,True
KRFP_1870,0.0,0.0,True
KRFP_1871,0.0,0.0,True
KRFP_1872,0.0,0.0,True
KRFP_1873,0.0,0.0,True
KRFP_1874,0.0,0.0,True
KRFP_1875,0.0,0.0,True
KRFP_1876,0.0,0.0,True
KRFP_1877,0.0,0.0,True
KRFP_1878,0.0,0.0,True
KRFP_1879,0.0,0.0,True
KRFP_1880,0.0,0.0,True
KRFP_1881,0.0,0.0,True
KRFP_1882,0.0,0.0,True
KRFP_1883,0.0,0.0,True
KRFP_1884,0.0,0.0,True
KRFP_1885,0.0,0.0,True
KRFP_1886,0.0,0.0,True
KRFP_1887,0.0,0.0,True
KRFP_1888,0.0,0.0,True
KRFP_1889,0.0,0.0,True
KRFP_1890,0.0,0.0,True
KRFP_1891,0.0,0.0,True
KRFP_1892,0.0,0.0,True
KRFP_1893,0.028186720111599613,0.000794912559618442,True
KRFP_1894,0.043033084826230104,0.0018547959724430313,True
KRFP_1895,0.0,0.0,True
KRFP_1896,0.0,0.0,True
KRFP_1897,0.0,0.0,True
KRFP_1898,0.0,0.0,True
KRFP_1899,0.0,0.0,True
KRFP_1900,0.0,0.0,True
KRFP_1901,0.0,0.0,True
KRFP_1902,0.0,0.0,True
KRFP_1903,0.0,0.0,True
KRFP_1904,0.0162779253348253,0.00026497085320614734,True
KRFP_1905,0.0,0.0,True
KRFP_1906,0.26383203845876735,0.07525172231054585,False
KRFP_1907,0.0,0.0,True
KRFP_1908,0.03254290513901629,0.0010598834128245894,True
KRFP_1909,0.0162779253348253,0.00026497085320614734,True
KRFP_1910,0.02301741188946676,0.0005299417064122947,True
KRFP_1911,0.0,0.0,True
KRFP_1912,0.02301741188946676,0.0005299417064122947,True
KRFP_1913,0.0162779253348253,0.00026497085320614734,True
KRFP_1914,0.0,0.0,True
KRFP_1915,0.036379248244039396,0.0013248542660307366,True
KRFP_1916,0.03984618268282351,0.001589825119236884,True
KRFP_1917,0.0,0.0,True
KRFP_1918,0.0162779253348253,0.00026497085320614734,True
KRFP_1919,0.028186720111599613,0.000794912559618442,True
KRFP_1920,0.0,0.0,True
KRFP_1921,0.023017411889466755,0.0005299417064122947,True
KRFP_1922,0.0162779253348253,0.00026497085320614734,True
KRFP_1923,0.0,0.0,True
KRFP_1924,0.0,0.0,True
KRFP_1925,0.13011900824516995,0.017223105458399578,False
KRFP_1926,0.0,0.0,True
KRFP_1927,0.0,0.0,True
KRFP_1928,0.0,0.0,True
KRFP_1929,0.0162779253348253,0.00026497085320614734,True
KRFP_1930,0.15341831376782847,0.024112347641759405,False
KRFP_1931,0.1857434729457115,0.03577106518282989,False
KRFP_1932,0.11658575934699483,0.01377848436671966,False
KRFP_1933,0.07613746357699716,0.005829358770535241,True
KRFP_1934,0.0,0.0,True
KRFP_1935,0.0,0.0,True
KRFP_1936,0.0162779253348253,0.00026497085320614734,True
KRFP_1937,0.0,0.0,True
KRFP_1938,0.023017411889466752,0.0005299417064122947,True
KRFP_1939,0.0162779253348253,0.00026497085320614734,True
KRFP_1940,0.0,0.0,True
KRFP_1941,0.0,0.0,True
KRFP_1942,0.0,0.0,True
KRFP_1943,0.0,0.0,True
KRFP_1944,0.0,0.0,True
KRFP_1945,0.0,0.0,True
KRFP_1946,0.0162779253348253,0.00026497085320614734,True
KRFP_1947,0.0162779253348253,0.00026497085320614734,True
KRFP_1948,0.0,0.0,True
KRFP_1949,0.0,0.0,True
KRFP_1950,0.0,0.0,True
KRFP_1951,0.0,0.0,True
KRFP_1952,0.0,0.0,True
KRFP_1953,0.0,0.0,True
KRFP_1954,0.0,0.0,True
KRFP_1955,0.0,0.0,True
KRFP_1956,0.0,0.0,True
KRFP_1957,0.023017411889466755,0.0005299417064122947,True
KRFP_1958,0.0,0.0,True
KRFP_1959,0.0,0.0,True
KRFP_1960,0.0,0.0,True
KRFP_1961,0.0,0.0,True
KRFP_1962,0.0162779253348253,0.00026497085320614734,True
KRFP_1963,0.0,0.0,True
KRFP_1964,0.0,0.0,True
KRFP_1965,0.0,0.0,True
KRFP_1966,0.0,0.0,True
KRFP_1967,0.0,0.0,True
KRFP_1968,0.0,0.0,True
KRFP_1969,0.0,0.0,True
KRFP_1970,0.0,0.0,True
KRFP_1971,0.0,0.0,True
KRFP_1972,0.0,0.0,True
KRFP_1973,0.016277925334825298,0.00026497085320614734,True
KRFP_1974,0.04878197670482278,0.0023847376788553257,True
KRFP_1975,0.0,0.0,True
KRFP_1976,0.0398461826828235,0.001589825119236884,True
KRFP_1977,0.0,0.0,True
KRFP_1978,0.0162779253348253,0.00026497085320614734,True
KRFP_1979,0.0,0.0,True
KRFP_1980,0.0,0.0,True
KRFP_1981,0.0,0.0,True
KRFP_1982,0.0,0.0,True
KRFP_1983,0.0,0.0,True
KRFP_1984,0.0162779253348253,0.00026497085320614734,True
KRFP_1985,0.0162779253348253,0.00026497085320614734,True
KRFP_1986,0.0,0.0,True
KRFP_1987,0.0,0.0,True
KRFP_1988,0.028186720111599613,0.000794912559618442,True
KRFP_1989,0.0,0.0,True
KRFP_1990,0.0,0.0,True
KRFP_1991,0.0162779253348253,0.00026497085320614734,True
KRFP_1992,0.0,0.0,True
KRFP_1993,0.0,0.0,True
KRFP_1994,0.0,0.0,True
KRFP_1995,0.0,0.0,True
KRFP_1996,0.0162779253348253,0.00026497085320614734,True
KRFP_1997,0.06292706003131429,0.00397456279809221,True
KRFP_1998,0.053916178346638303,0.0029146793852676206,True
KRFP_1999,0.045998196145144186,0.0021197668256491787,True
KRFP_2000,0.0,0.0,True
KRFP_2001,0.023017411889466752,0.0005299417064122947,True
KRFP_2002,0.0,0.0,True
KRFP_2003,0.023017411889466752,0.0005299417064122947,True
KRFP_2004,0.0162779253348253,0.00026497085320614734,True
KRFP_2005,0.0,0.0,True
KRFP_2006,0.060801401459995116,0.0037095919448860626,True
KRFP_2007,0.036379248244039396,0.0013248542660307366,True
KRFP_2008,0.0,0.0,True
KRFP_2009,0.0,0.0,True
KRFP_2010,0.0,0.0,True
KRFP_2011,0.05630612862877747,0.003179650238473768,True
KRFP_2012,0.11091346543861273,0.012453630100688924,False
KRFP_2013,0.06697314719039353,0.0045045045045045045,True
KRFP_2014,0.0,0.0,True
KRFP_2015,0.0,0.0,True
KRFP_2016,0.0,0.0,True
KRFP_2017,0.08881456578574355,0.00794912559618442,True
KRFP_2018,0.0,0.0,True
KRFP_2019,0.023017411889466755,0.0005299417064122947,True
KRFP_2020,0.0,0.0,True
KRFP_2021,0.0,0.0,True
KRFP_2022,0.0,0.0,True
KRFP_2023,0.023017411889466752,0.0005299417064122947,True
KRFP_2024,0.023017411889466752,0.0005299417064122947,True
KRFP_2025,0.0,0.0,True
KRFP_2026,0.0,0.0,True
KRFP_2027,0.023017411889466752,0.0005299417064122947,True
KRFP_2028,0.02301741188946676,0.0005299417064122947,True
KRFP_2029,0.0162779253348253,0.00026497085320614734,True
KRFP_2030,0.0,0.0,True
KRFP_2031,0.0,0.0,True
KRFP_2032,0.0,0.0,True
KRFP_2033,0.12611973269324012,0.016163222045574986,False
KRFP_2034,0.0,0.0,True
KRFP_2035,0.0,0.0,True
KRFP_2036,0.13109842675990563,0.017488076311605722,False
KRFP_2037,0.10855706625815112,0.01192368839427663,False
KRFP_2038,0.0162779253348253,0.00026497085320614734,True
KRFP_2039,0.0,0.0,True
KRFP_2040,0.0,0.0,True
KRFP_2041,0.0,0.0,True
KRFP_2042,0.0,0.0,True
KRFP_2043,0.0,0.0,True
KRFP_2044,0.0,0.0,True
KRFP_2045,0.0,0.0,True
KRFP_2046,0.0,0.0,True
KRFP_2047,0.0162779253348253,0.00026497085320614734,True
KRFP_2048,0.0,0.0,True
KRFP_2049,0.0,0.0,True
KRFP_2050,0.0,0.0,True
KRFP_2051,0.0,0.0,True
KRFP_2052,0.0,0.0,True
KRFP_2053,0.0162779253348253,0.00026497085320614734,True
KRFP_2054,0.0,0.0,True
KRFP_2055,0.0,0.0,True
KRFP_2056,0.0,0.0,True
KRFP_2057,0.0,0.0,True
KRFP_2058,0.0,0.0,True
KRFP_2059,0.0,0.0,True
KRFP_2060,0.0,0.0,True
KRFP_2061,0.0,0.0,True
KRFP_2062,0.0,0.0,True
KRFP_2063,0.0,0.0,True
KRFP_2064,0.0,0.0,True
KRFP_2065,0.04878197670482277,0.0023847376788553257,True
KRFP_2066,0.028186720111599613,0.000794912559618442,True
KRFP_2067,0.036379248244039396,0.0013248542660307366,True
KRFP_2068,0.0162779253348253,0.00026497085320614734,True
KRFP_2069,0.0,0.0,True
KRFP_2070,0.05141388915001135,0.002649708532061473,True
KRFP_2071,0.0,0.0,True
KRFP_2072,0.0,0.0,True
KRFP_2073,0.0,0.0,True
KRFP_2074,0.0,0.0,True
KRFP_2075,0.0,0.0,True
KRFP_2076,0.0,0.0,True
KRFP_2077,0.0,0.0,True
KRFP_2078,0.0,0.0,True
KRFP_2079,0.0,0.0,True
KRFP_2080,0.0,0.0,True
KRFP_2081,0.0,0.0,True
KRFP_2082,0.0,0.0,True
KRFP_2083,0.0,0.0,True
KRFP_2084,0.0,0.0,True
KRFP_2085,0.0,0.0,True
KRFP_2086,0.016277925334825298,0.00026497085320614734,True
KRFP_2087,0.0,0.0,True
KRFP_2088,0.028186720111599613,0.000794912559618442,True
KRFP_2089,0.028186720111599613,0.000794912559618442,True
KRFP_2090,0.0,0.0,True
KRFP_2091,0.0,0.0,True
KRFP_2092,0.0,0.0,True
KRFP_2093,0.0,0.0,True
KRFP_2094,0.028186720111599613,0.000794912559618442,True
KRFP_2095,0.0,0.0,True
KRFP_2096,0.0,0.0,True
KRFP_2097,0.0,0.0,True
KRFP_2098,0.0,0.0,True
KRFP_2099,0.0,0.0,True
KRFP_2100,0.0,0.0,True
KRFP_2101,0.0,0.0,True
KRFP_2102,0.0,0.0,True
KRFP_2103,0.0162779253348253,0.00026497085320614734,True
KRFP_2104,0.0,0.0,True
KRFP_2105,0.0,0.0,True
KRFP_2106,0.0,0.0,True
KRFP_2107,0.0,0.0,True
KRFP_2108,0.0,0.0,True
KRFP_2109,0.0,0.0,True
KRFP_2110,0.0,0.0,True
KRFP_2111,0.0,0.0,True
KRFP_2112,0.0,0.0,True
KRFP_2113,0.0,0.0,True
KRFP_2114,0.0,0.0,True
KRFP_2115,0.0,0.0,True
KRFP_2116,0.0,0.0,True
KRFP_2117,0.0,0.0,True
KRFP_2118,0.0,0.0,True
KRFP_2119,0.0,0.0,True
KRFP_2120,0.0,0.0,True
KRFP_2121,0.0,0.0,True
KRFP_2122,0.0,0.0,True
KRFP_2123,0.0,0.0,True
KRFP_2124,0.0743968553738257,0.005564387917329093,True
KRFP_2125,0.0,0.0,True
KRFP_2126,0.032542905139016295,0.0010598834128245894,True
KRFP_2127,0.0,0.0,True
KRFP_2128,0.0,0.0,True
KRFP_2129,0.0,0.0,True
KRFP_2130,0.028186720111599613,0.000794912559618442,True
KRFP_2131,0.0162779253348253,0.00026497085320614734,True
KRFP_2132,0.0162779253348253,0.00026497085320614734,True
KRFP_2133,0.0,0.0,True
KRFP_2134,0.0,0.0,True
KRFP_2135,0.0,0.0,True
KRFP_2136,0.0162779253348253,0.00026497085320614734,True
KRFP_2137,0.0,0.0,True
KRFP_2138,0.0,0.0,True
KRFP_2139,0.0,0.0,True
KRFP_2140,0.0,0.0,True
KRFP_2141,0.028186720111599613,0.000794912559618442,True
KRFP_2142,0.0,0.0,True
KRFP_2143,0.0,0.0,True
KRFP_2144,0.0,0.0,True
KRFP_2145,0.0,0.0,True
KRFP_2146,0.0,0.0,True
KRFP_2147,0.0,0.0,True
KRFP_2148,0.02818672011159961,0.000794912559618442,True
KRFP_2149,0.0,0.0,True
KRFP_2150,0.0162779253348253,0.00026497085320614734,True
KRFP_2151,0.0,0.0,True
KRFP_2152,0.0,0.0,True
KRFP_2153,0.0,0.0,True
KRFP_2154,0.0,0.0,True
KRFP_2155,0.0,0.0,True
KRFP_2156,0.0,0.0,True
KRFP_2157,0.0,0.0,True
KRFP_2158,0.0,0.0,True
KRFP_2159,0.0,0.0,True
KRFP_2160,0.0,0.0,True
KRFP_2161,0.0,0.0,True
KRFP_2162,0.0,0.0,True
KRFP_2163,0.0,0.0,True
KRFP_2164,0.0,0.0,True
KRFP_2165,0.023017411889466755,0.0005299417064122947,True
KRFP_2166,0.02818672011159961,0.000794912559618442,True
KRFP_2167,0.0,0.0,True
KRFP_2168,0.0,0.0,True
KRFP_2169,0.0,0.0,True
KRFP_2170,0.0162779253348253,0.00026497085320614734,True
KRFP_2171,0.0,0.0,True
KRFP_2172,0.0,0.0,True
KRFP_2173,0.0,0.0,True
KRFP_2174,0.0,0.0,True
KRFP_2175,0.0,0.0,True
KRFP_2176,0.0,0.0,True
KRFP_2177,0.0,0.0,True
KRFP_2178,0.0,0.0,True
KRFP_2179,0.0,0.0,True
KRFP_2180,0.0,0.0,True
KRFP_2181,0.0,0.0,True
KRFP_2182,0.0,0.0,True
KRFP_2183,0.0162779253348253,0.00026497085320614734,True
KRFP_2184,0.0,0.0,True
KRFP_2185,0.0,0.0,True
KRFP_2186,0.0,0.0,True
KRFP_2187,0.0,0.0,True
KRFP_2188,0.0,0.0,True
KRFP_2189,0.0,0.0,True
KRFP_2190,0.0162779253348253,0.00026497085320614734,True
KRFP_2191,0.0,0.0,True
KRFP_2192,0.0,0.0,True
KRFP_2193,0.0162779253348253,0.00026497085320614734,True
KRFP_2194,0.0,0.0,True
KRFP_2195,0.0,0.0,True
KRFP_2196,0.0162779253348253,0.00026497085320614734,True
KRFP_2197,0.0,0.0,True
KRFP_2198,0.0,0.0,True
KRFP_2199,0.0,0.0,True
KRFP_2200,0.0,0.0,True
KRFP_2201,0.0,0.0,True
KRFP_2202,0.0,0.0,True
KRFP_2203,0.0,0.0,True
KRFP_2204,0.0,0.0,True
KRFP_2205,0.0,0.0,True
KRFP_2206,0.0,0.0,True
KRFP_2207,0.0,0.0,True
KRFP_2208,0.0,0.0,True
KRFP_2209,0.0,0.0,True
KRFP_2210,0.0,0.0,True
KRFP_2211,0.06697314719039353,0.0045045045045045045,True
KRFP_2212,0.0,0.0,True
KRFP_2213,0.0,0.0,True
KRFP_2214,0.0,0.0,True
KRFP_2215,0.0162779253348253,0.00026497085320614734,True
KRFP_2216,0.0,0.0,True
KRFP_2217,0.08272601693788843,0.00688924218335983,True
KRFP_2218,0.0,0.0,True
KRFP_2219,0.0,0.0,True
KRFP_2220,0.0,0.0,True
KRFP_2221,0.0,0.0,True
KRFP_2222,0.0,0.0,True
KRFP_2223,0.0,0.0,True
KRFP_2224,0.0,0.0,True
KRFP_2225,0.0,0.0,True
KRFP_2226,0.0,0.0,True
KRFP_2227,0.0,0.0,True
KRFP_2228,0.0,0.0,True
KRFP_2229,0.0,0.0,True
KRFP_2230,0.0,0.0,True
KRFP_2231,0.0,0.0,True
KRFP_2232,0.0,0.0,True
KRFP_2233,0.0,0.0,True
KRFP_2234,0.0,0.0,True
KRFP_2235,0.0,0.0,True
KRFP_2236,0.0,0.0,True
KRFP_2237,0.0,0.0,True
KRFP_2238,0.0,0.0,True
KRFP_2239,0.0,0.0,True
KRFP_2240,0.0,0.0,True
KRFP_2241,0.0,0.0,True
KRFP_2242,0.0,0.0,True
KRFP_2243,0.0,0.0,True
KRFP_2244,0.0,0.0,True
KRFP_2245,0.0,0.0,True
KRFP_2246,0.0,0.0,True
KRFP_2247,0.0,0.0,True
KRFP_2248,0.0,0.0,True
KRFP_2249,0.0,0.0,True
KRFP_2250,0.0,0.0,True
KRFP_2251,0.0,0.0,True
KRFP_2252,0.0,0.0,True
KRFP_2253,0.0,0.0,True
KRFP_2254,0.0,0.0,True
KRFP_2255,0.0,0.0,True
KRFP_2256,0.0,0.0,True
KRFP_2257,0.0,0.0,True
KRFP_2258,0.2970485184804997,0.09777424483306836,False
KRFP_2259,0.32097025367188137,0.11658717541070482,False
KRFP_2260,0.060801401459995116,0.0037095919448860626,True
KRFP_2261,0.33528952235287046,0.12904080551139374,False
KRFP_2262,0.04599819614514418,0.0021197668256491787,True
KRFP_2263,0.13774524698656765,0.019342872284048754,False
KRFP_2264,0.19223529775644568,0.03842077371489136,False
KRFP_2265,0.0,0.0,True
KRFP_2266,0.0778382564940934,0.006094329623741388,True
KRFP_2267,0.0,0.0,True
KRFP_2268,0.0,0.0,True
KRFP_2269,0.0,0.0,True
KRFP_2270,0.0,0.0,True
KRFP_2271,0.0,0.0,True
KRFP_2272,0.0,0.0,True
KRFP_2273,0.0,0.0,True
KRFP_2274,0.0,0.0,True
KRFP_2275,0.0,0.0,True
KRFP_2276,0.03637924824403939,0.0013248542660307366,True
KRFP_2277,0.0,0.0,True
KRFP_2278,0.0,0.0,True
KRFP_2279,0.0,0.0,True
KRFP_2280,0.0,0.0,True
KRFP_2281,0.0,0.0,True
KRFP_2282,0.0,0.0,True
KRFP_2283,0.0,0.0,True
KRFP_2284,0.0,0.0,True
KRFP_2285,0.0,0.0,True
KRFP_2286,0.0,0.0,True
KRFP_2287,0.05141388915001135,0.002649708532061473,True
KRFP_2288,0.032542905139016295,0.0010598834128245894,True
KRFP_2289,0.036379248244039396,0.0013248542660307366,True
KRFP_2290,0.0,0.0,True
KRFP_2291,0.0,0.0,True
KRFP_2292,0.0,0.0,True
KRFP_2293,0.0,0.0,True
KRFP_2294,0.0,0.0,True
KRFP_2295,0.0,0.0,True
KRFP_2296,0.0,0.0,True
KRFP_2297,0.0,0.0,True
KRFP_2298,0.0,0.0,True
KRFP_2299,0.0,0.0,True
KRFP_2300,0.0,0.0,True
KRFP_2301,0.0,0.0,True
KRFP_2302,0.0162779253348253,0.00026497085320614734,True
KRFP_2303,0.0,0.0,True
KRFP_2304,0.0,0.0,True
KRFP_2305,0.05141388915001135,0.002649708532061473,True
KRFP_2306,0.0,0.0,True
KRFP_2307,0.06498214287438389,0.0042395336512983575,True
KRFP_2308,0.0,0.0,True
KRFP_2309,0.02818672011159961,0.000794912559618442,True
KRFP_2310,0.0,0.0,True
KRFP_2311,0.032542905139016295,0.0010598834128245894,True
KRFP_2312,0.0,0.0,True
KRFP_2313,0.1036756036715003,0.01086380498145204,False
KRFP_2314,0.0,0.0,True
KRFP_2315,0.0,0.0,True
KRFP_2316,0.0,0.0,True
KRFP_2317,0.0,0.0,True
KRFP_2318,0.0,0.0,True
KRFP_2319,0.0,0.0,True
KRFP_2320,0.0,0.0,True
KRFP_2321,0.0,0.0,True
KRFP_2322,0.07783825649409339,0.006094329623741388,True
KRFP_2323,0.0,0.0,True
KRFP_2324,0.0,0.0,True
KRFP_2325,0.0,0.0,True
KRFP_2326,0.0,0.0,True
KRFP_2327,0.0,0.0,True
KRFP_2328,0.0,0.0,True
KRFP_2329,0.0,0.0,True
KRFP_2330,0.0,0.0,True
KRFP_2331,0.0,0.0,True
KRFP_2332,0.0,0.0,True
KRFP_2333,0.0,0.0,True
KRFP_2334,0.0,0.0,True
KRFP_2335,0.0,0.0,True
KRFP_2336,0.0,0.0,True
KRFP_2337,0.0,0.0,True
KRFP_2338,0.0,0.0,True
KRFP_2339,0.0,0.0,True
KRFP_2340,0.0,0.0,True
KRFP_2341,0.0,0.0,True
KRFP_2342,0.0,0.0,True
KRFP_2343,0.0,0.0,True
KRFP_2344,0.0,0.0,True
KRFP_2345,0.0,0.0,True
KRFP_2346,0.0,0.0,True
KRFP_2347,0.0,0.0,True
KRFP_2348,0.0,0.0,True
KRFP_2349,0.0,0.0,True
KRFP_2350,0.0,0.0,True
KRFP_2351,0.0,0.0,True
KRFP_2352,0.0,0.0,True
KRFP_2353,0.0,0.0,True
KRFP_2354,0.0,0.0,True
KRFP_2355,0.0,0.0,True
KRFP_2356,0.0,0.0,True
KRFP_2357,0.0,0.0,True
KRFP_2358,0.0,0.0,True
KRFP_2359,0.0,0.0,True
KRFP_2360,0.0,0.0,True
KRFP_2361,0.0,0.0,True
KRFP_2362,0.0,0.0,True
KRFP_2363,0.0,0.0,True
KRFP_2364,0.0,0.0,True
KRFP_2365,0.0,0.0,True
KRFP_2366,0.04599819614514418,0.0021197668256491787,True
KRFP_2367,0.0,0.0,True
KRFP_2368,0.0,0.0,True
KRFP_2369,0.0,0.0,True
KRFP_2370,0.0,0.0,True
KRFP_2371,0.0,0.0,True
KRFP_2372,0.0,0.0,True
KRFP_2373,0.0,0.0,True
KRFP_2374,0.0,0.0,True
KRFP_2375,0.0,0.0,True
KRFP_2376,0.0,0.0,True
KRFP_2377,0.0,0.0,True
KRFP_2378,0.02818672011159961,0.000794912559618442,True
KRFP_2379,0.2137093608848105,0.04795972443031266,False
KRFP_2380,0.0,0.0,True
KRFP_2381,0.0,0.0,True
KRFP_2382,0.0,0.0,True
KRFP_2383,0.0,0.0,True
KRFP_2384,0.0,0.0,True
KRFP_2385,0.0,0.0,True
KRFP_2386,0.0,0.0,True
KRFP_2387,0.0,0.0,True
KRFP_2388,0.0,0.0,True
KRFP_2389,0.0,0.0,True
KRFP_2390,0.0,0.0,True
KRFP_2391,0.0,0.0,True
KRFP_2392,0.3523531109398203,0.14520402755696873,False
KRFP_2393,0.023017411889466755,0.0005299417064122947,True
KRFP_2394,0.0,0.0,True
KRFP_2395,0.0,0.0,True
KRFP_2396,0.0,0.0,True
KRFP_2397,0.2224581046200334,0.05219925808161102,False
KRFP_2398,0.0,0.0,True
KRFP_2399,0.0,0.0,True
KRFP_2400,0.0,0.0,True
KRFP_2401,0.0,0.0,True
KRFP_2402,0.19413346541409274,0.0392156862745098,False
KRFP_2403,0.0,0.0,True
KRFP_2404,0.0,0.0,True
KRFP_2405,0.0,0.0,True
KRFP_2406,0.0,0.0,True
KRFP_2407,0.0,0.0,True
KRFP_2408,0.0,0.0,True
KRFP_2409,0.0,0.0,True
KRFP_2410,0.0,0.0,True
KRFP_2411,0.0,0.0,True
KRFP_2412,0.0,0.0,True
KRFP_2413,0.0162779253348253,0.00026497085320614734,True
KRFP_2414,0.0,0.0,True
KRFP_2415,0.0,0.0,True
KRFP_2416,0.0,0.0,True
KRFP_2417,0.0,0.0,True
KRFP_2418,0.0162779253348253,0.00026497085320614734,True
KRFP_2419,0.0,0.0,True
KRFP_2420,0.0,0.0,True
KRFP_2421,0.0,0.0,True
KRFP_2422,0.0,0.0,True
KRFP_2423,0.0,0.0,True
KRFP_2424,0.0,0.0,True
KRFP_2425,0.0,0.0,True
KRFP_2426,0.0,0.0,True
KRFP_2427,0.08272601693788842,0.00688924218335983,True
KRFP_2428,0.0,0.0,True
KRFP_2429,0.0,0.0,True
KRFP_2430,0.0,0.0,True
KRFP_2431,0.0,0.0,True
KRFP_2432,0.04303308482623011,0.0018547959724430313,True
KRFP_2433,0.0,0.0,True
KRFP_2434,0.0,0.0,True
KRFP_2435,0.0,0.0,True
KRFP_2436,0.0,0.0,True
KRFP_2437,0.07950178948815584,0.006359300476947536,True
KRFP_2438,0.0,0.0,True
KRFP_2439,0.0,0.0,True
KRFP_2440,0.0,0.0,True
KRFP_2441,0.0,0.0,True
KRFP_2442,0.06498214287438389,0.0042395336512983575,True
KRFP_2443,0.0,0.0,True
KRFP_2444,0.0,0.0,True
KRFP_2445,0.0,0.0,True
KRFP_2446,0.0,0.0,True
KRFP_2447,0.0162779253348253,0.00026497085320614734,True
KRFP_2448,0.0,0.0,True
KRFP_2449,0.0,0.0,True
KRFP_2450,0.0,0.0,True
KRFP_2451,0.0,0.0,True
KRFP_2452,0.0,0.0,True
KRFP_2453,0.0,0.0,True
KRFP_2454,0.0,0.0,True
KRFP_2455,0.0,0.0,True
KRFP_2456,0.0,0.0,True
KRFP_2457,0.0,0.0,True
KRFP_2458,0.0,0.0,True
KRFP_2459,0.0,0.0,True
KRFP_2460,0.0,0.0,True
KRFP_2461,0.0,0.0,True
KRFP_2462,0.0,0.0,True
KRFP_2463,0.0,0.0,True
KRFP_2464,0.0,0.0,True
KRFP_2465,0.0,0.0,True
KRFP_2466,0.0,0.0,True
KRFP_2467,0.0,0.0,True
KRFP_2468,0.0,0.0,True
KRFP_2469,0.0,0.0,True
KRFP_2470,0.0,0.0,True
KRFP_2471,0.0,0.0,True
KRFP_2472,0.0,0.0,True
KRFP_2473,0.0,0.0,True
KRFP_2474,0.0,0.0,True
KRFP_2475,0.0,0.0,True
KRFP_2476,0.0,0.0,True
KRFP_2477,0.0,0.0,True
KRFP_2478,0.0,0.0,True
KRFP_2479,0.0,0.0,True
KRFP_2480,0.0,0.0,True
KRFP_2481,0.0,0.0,True
KRFP_2482,0.0,0.0,True
KRFP_2483,0.0162779253348253,0.00026497085320614734,True
KRFP_2484,0.036379248244039396,0.0013248542660307366,True
KRFP_2485,0.0,0.0,True
KRFP_2486,0.0,0.0,True
KRFP_2487,0.0,0.0,True
KRFP_2488,0.0,0.0,True
KRFP_2489,0.0,0.0,True
KRFP_2490,0.0,0.0,True
KRFP_2491,0.0,0.0,True
KRFP_2492,0.0,0.0,True
KRFP_2493,0.0,0.0,True
KRFP_2494,0.0,0.0,True
KRFP_2495,0.0,0.0,True
KRFP_2496,0.0,0.0,True
KRFP_2497,0.0,0.0,True
KRFP_2498,0.0,0.0,True
KRFP_2499,0.0,0.0,True
KRFP_2500,0.0,0.0,True
KRFP_2501,0.0,0.0,True
KRFP_2502,0.0,0.0,True
KRFP_2503,0.0,0.0,True
KRFP_2504,0.0,0.0,True
KRFP_2505,0.0,0.0,True
KRFP_2506,0.0,0.0,True
KRFP_2507,0.0,0.0,True
KRFP_2508,0.0,0.0,True
KRFP_2509,0.0,0.0,True
KRFP_2510,0.0,0.0,True
KRFP_2511,0.0162779253348253,0.00026497085320614734,True
KRFP_2512,0.0,0.0,True
KRFP_2513,0.0,0.0,True
KRFP_2514,0.0,0.0,True
KRFP_2515,0.0,0.0,True
KRFP_2516,0.0,0.0,True
KRFP_2517,0.0,0.0,True
KRFP_2518,0.0,0.0,True
KRFP_2519,0.0,0.0,True
KRFP_2520,0.0,0.0,True
KRFP_2521,0.0,0.0,True
KRFP_2522,0.0,0.0,True
KRFP_2523,0.0,0.0,True
KRFP_2524,0.0,0.0,True
KRFP_2525,0.0,0.0,True
KRFP_2526,0.0,0.0,True
KRFP_2527,0.0,0.0,True
KRFP_2528,0.0,0.0,True
KRFP_2529,0.0,0.0,True
KRFP_2530,0.0,0.0,True
KRFP_2531,0.0,0.0,True
KRFP_2532,0.0,0.0,True
KRFP_2533,0.0,0.0,True
KRFP_2534,0.0,0.0,True
KRFP_2535,0.0,0.0,True
KRFP_2536,0.0,0.0,True
KRFP_2537,0.0,0.0,True
KRFP_2538,0.0,0.0,True
KRFP_2539,0.0,0.0,True
KRFP_2540,0.0,0.0,True
KRFP_2541,0.0,0.0,True
KRFP_2542,0.0,0.0,True
KRFP_2543,0.0,0.0,True
KRFP_2544,0.0,0.0,True
KRFP_2545,0.0,0.0,True
KRFP_2546,0.4864086850194149,0.38394276629570745,False
KRFP_2547,0.310892208331737,0.10837307896131426,False
KRFP_2548,0.0,0.0,True
KRFP_2549,0.036379248244039396,0.0013248542660307366,True
KRFP_2550,0.0,0.0,True
KRFP_2551,0.0,0.0,True
KRFP_2552,0.0,0.0,True
KRFP_2553,0.0,0.0,True
KRFP_2554,0.0,0.0,True
KRFP_2555,0.0,0.0,True
KRFP_2556,0.0,0.0,True
KRFP_2557,0.0,0.0,True
KRFP_2558,0.0,0.0,True
KRFP_2559,0.0,0.0,True
KRFP_2560,0.0,0.0,True
KRFP_2561,0.023017411889466755,0.0005299417064122947,True
KRFP_2562,0.023017411889466755,0.0005299417064122947,True
KRFP_2563,0.1358819215906116,0.01881293057763646,False
KRFP_2564,0.0,0.0,True
KRFP_2565,0.0,0.0,True
KRFP_2566,0.0,0.0,True
KRFP_2567,0.0,0.0,True
KRFP_2568,0.0,0.0,True
KRFP_2569,0.0,0.0,True
KRFP_2570,0.0,0.0,True
KRFP_2571,0.0,0.0,True
KRFP_2572,0.0,0.0,True
KRFP_2573,0.0,0.0,True
KRFP_2574,0.0,0.0,True
KRFP_2575,0.0162779253348253,0.00026497085320614734,True
KRFP_2576,0.0,0.0,True
KRFP_2577,0.023017411889466752,0.0005299417064122947,True
KRFP_2578,0.0,0.0,True
KRFP_2579,0.023017411889466752,0.0005299417064122947,True
KRFP_2580,0.023017411889466752,0.0005299417064122947,True
KRFP_2581,0.08881456578574354,0.00794912559618442,True
KRFP_2582,0.0162779253348253,0.00026497085320614734,True
KRFP_2583,0.04599819614514418,0.0021197668256491787,True
KRFP_2584,0.0,0.0,True
KRFP_2585,0.07950178948815584,0.006359300476947536,True
KRFP_2586,0.016277925334825298,0.00026497085320614734,True
KRFP_2587,0.05141388915001135,0.002649708532061473,True
KRFP_2588,0.0,0.0,True
KRFP_2589,0.0,0.0,True
KRFP_2590,0.0,0.0,True
KRFP_2591,0.04599819614514418,0.0021197668256491787,True
KRFP_2592,0.0162779253348253,0.00026497085320614734,True
KRFP_2593,0.0162779253348253,0.00026497085320614734,True
KRFP_2594,0.12406836651874902,0.01563328033916269,False
KRFP_2595,0.02818672011159961,0.000794912559618442,True
KRFP_2596,0.0,0.0,True
KRFP_2597,0.06890562778396601,0.0047694753577106515,True
KRFP_2598,0.0,0.0,True
KRFP_2599,0.0,0.0,True
KRFP_2600,0.0,0.0,True
KRFP_2601,0.0,0.0,True
KRFP_2602,0.0,0.0,True
KRFP_2603,0.0,0.0,True
KRFP_2604,0.0,0.0,True
KRFP_2605,0.0,0.0,True
KRFP_2606,0.0,0.0,True
KRFP_2607,0.0,0.0,True
KRFP_2608,0.0,0.0,True
KRFP_2609,0.0,0.0,True
KRFP_2610,0.0,0.0,True
KRFP_2611,0.0,0.0,True
KRFP_2612,0.0,0.0,True
KRFP_2613,0.0,0.0,True
KRFP_2614,0.0,0.0,True
KRFP_2615,0.0,0.0,True
KRFP_2616,0.0,0.0,True
KRFP_2617,0.0,0.0,True
KRFP_2618,0.0,0.0,True
KRFP_2619,0.0,0.0,True
KRFP_2620,0.0,0.0,True
KRFP_2621,0.0,0.0,True
KRFP_2622,0.0,0.0,True
KRFP_2623,0.0,0.0,True
KRFP_2624,0.0,0.0,True
KRFP_2625,0.0,0.0,True
KRFP_2626,0.0,0.0,True
KRFP_2627,0.0,0.0,True
KRFP_2628,0.0,0.0,True
KRFP_2629,0.0,0.0,True
KRFP_2630,0.0,0.0,True
KRFP_2631,0.0,0.0,True
KRFP_2632,0.0,0.0,True
KRFP_2633,0.0,0.0,True
KRFP_2634,0.0,0.0,True
KRFP_2635,0.0,0.0,True
KRFP_2636,0.0,0.0,True
KRFP_2637,0.0,0.0,True
KRFP_2638,0.0,0.0,True
KRFP_2639,0.0,0.0,True
KRFP_2640,0.0,0.0,True
KRFP_2641,0.0,0.0,True
KRFP_2642,0.0,0.0,True
KRFP_2643,0.0,0.0,True
KRFP_2644,0.0,0.0,True
KRFP_2645,0.0,0.0,True
KRFP_2646,0.0,0.0,True
KRFP_2647,0.0,0.0,True
KRFP_2648,0.0,0.0,True
KRFP_2649,0.03637924824403939,0.0013248542660307366,True
KRFP_2650,0.016277925334825298,0.00026497085320614734,True
KRFP_2651,0.0,0.0,True
KRFP_2652,0.0,0.0,True
KRFP_2653,0.0,0.0,True
KRFP_2654,0.0,0.0,True
KRFP_2655,0.0,0.0,True
KRFP_2656,0.0,0.0,True
KRFP_2657,0.0,0.0,True
KRFP_2658,0.0,0.0,True
KRFP_2659,0.0,0.0,True
KRFP_2660,0.0,0.0,True
KRFP_2661,0.0,0.0,True
KRFP_2662,0.0,0.0,True
KRFP_2663,0.0,0.0,True
KRFP_2664,0.0,0.0,True
KRFP_2665,0.11321835174271151,0.012983571807101218,False
KRFP_2666,0.3547388693891773,0.14758876523582407,False
KRFP_2667,0.023017411889466752,0.0005299417064122947,True
KRFP_2668,0.0,0.0,True
KRFP_2669,0.0,0.0,True
KRFP_2670,0.0,0.0,True
KRFP_2671,0.0,0.0,True
KRFP_2672,0.25776240803981054,0.07154213036565978,False
KRFP_2673,0.0,0.0,True
KRFP_2674,0.039846182682823514,0.001589825119236884,True
KRFP_2675,0.0,0.0,True
KRFP_2676,0.0,0.0,True
KRFP_2677,0.036379248244039396,0.0013248542660307366,True
KRFP_2678,0.0,0.0,True
KRFP_2679,0.02301741188946676,0.0005299417064122947,True
KRFP_2680,0.0,0.0,True
KRFP_2681,0.1358819215906116,0.01881293057763646,False
KRFP_2682,0.0,0.0,True
KRFP_2683,0.0,0.0,True
KRFP_2684,0.0,0.0,True
KRFP_2685,0.0,0.0,True
KRFP_2686,0.05141388915001135,0.002649708532061473,True
KRFP_2687,0.0,0.0,True
KRFP_2688,0.0,0.0,True
KRFP_2689,0.0,0.0,True
KRFP_2690,0.0,0.0,True
KRFP_2691,0.0,0.0,True
KRFP_2692,0.0,0.0,True
KRFP_2693,0.09027061680983707,0.008214096449390567,True
KRFP_2694,0.12198020471107276,0.015103338632750398,False
KRFP_2695,0.0,0.0,True
KRFP_2696,0.023017411889466752,0.0005299417064122947,True
KRFP_2697,0.0,0.0,True
KRFP_2698,0.08429064519398217,0.007154213036565978,True
KRFP_2699,0.0,0.0,True
KRFP_2700,0.0,0.0,True
KRFP_2701,0.0,0.0,True
KRFP_2702,0.09311217545142089,0.008744038155802861,True
KRFP_2703,0.0,0.0,True
KRFP_2704,0.0,0.0,True
KRFP_2705,0.0162779253348253,0.00026497085320614734,True
KRFP_2706,0.0,0.0,True
KRFP_2707,0.023017411889466755,0.0005299417064122947,True
KRFP_2708,0.0,0.0,True
KRFP_2709,0.0162779253348253,0.00026497085320614734,True
KRFP_2710,0.2889864227619761,0.09194488606253312,False
KRFP_2711,0.17548117915896963,0.03179650238473768,False
KRFP_2712,0.06292706003131429,0.00397456279809221,True
KRFP_2713,0.08429064519398219,0.007154213036565978,True
KRFP_2714,0.0,0.0,True
KRFP_2715,0.10855706625815112,0.01192368839427663,False
KRFP_2716,0.043033084826230104,0.0018547959724430313,True
KRFP_2717,0.0,0.0,True
KRFP_2718,0.0,0.0,True
KRFP_2719,0.0,0.0,True
KRFP_2720,0.06890562778396601,0.0047694753577106515,True
KRFP_2721,0.0,0.0,True
KRFP_2722,0.0,0.0,True
KRFP_2723,0.0,0.0,True
KRFP_2724,0.0,0.0,True
KRFP_2725,0.0,0.0,True
KRFP_2726,0.0,0.0,True
KRFP_2727,0.0,0.0,True
KRFP_2728,0.05859748713461551,0.003444621091679915,True
KRFP_2729,0.0,0.0,True
KRFP_2730,0.0,0.0,True
KRFP_2731,0.0,0.0,True
KRFP_2732,0.0,0.0,True
KRFP_2733,0.0,0.0,True
KRFP_2734,0.016277925334825298,0.00026497085320614734,True
KRFP_2735,0.0162779253348253,0.00026497085320614734,True
KRFP_2736,0.0,0.0,True
KRFP_2737,0.0,0.0,True
KRFP_2738,0.0,0.0,True
KRFP_2739,0.0,0.0,True
KRFP_2740,0.045998196145144186,0.0021197668256491787,True
KRFP_2741,0.0,0.0,True
KRFP_2742,0.0,0.0,True
KRFP_2743,0.0,0.0,True
KRFP_2744,0.0,0.0,True
KRFP_2745,0.0,0.0,True
KRFP_2746,0.02818672011159961,0.000794912559618442,True
KRFP_2747,0.02818672011159961,0.000794912559618442,True
KRFP_2748,0.0,0.0,True
KRFP_2749,0.03984618268282351,0.001589825119236884,True
KRFP_2750,0.0,0.0,True
KRFP_2751,0.053916178346638303,0.0029146793852676206,True
KRFP_2752,0.028186720111599613,0.000794912559618442,True
KRFP_2753,0.0,0.0,True
KRFP_2754,0.0,0.0,True
KRFP_2755,0.0,0.0,True
KRFP_2756,0.0162779253348253,0.00026497085320614734,True
KRFP_2757,0.0,0.0,True
KRFP_2758,0.0,0.0,True
KRFP_2759,0.036379248244039396,0.0013248542660307366,True
KRFP_2760,0.023017411889466752,0.0005299417064122947,True
KRFP_2761,0.0,0.0,True
KRFP_2762,0.0,0.0,True
KRFP_2763,0.0,0.0,True
KRFP_2764,0.0,0.0,True
KRFP_2765,0.0162779253348253,0.00026497085320614734,True
KRFP_2766,0.0,0.0,True
KRFP_2767,0.0,0.0,True
KRFP_2768,0.0,0.0,True
KRFP_2769,0.0,0.0,True
KRFP_2770,0.0,0.0,True
KRFP_2771,0.0,0.0,True
KRFP_2772,0.1877185236512304,0.03656597774244833,False
KRFP_2773,0.0,0.0,True
KRFP_2774,0.0,0.0,True
KRFP_2775,0.0162779253348253,0.00026497085320614734,True
KRFP_2776,0.0,0.0,True
KRFP_2777,0.0,0.0,True
KRFP_2778,0.0,0.0,True
KRFP_2779,0.0,0.0,True
KRFP_2780,0.3102232992509738,0.10784313725490197,False
KRFP_2781,0.0,0.0,True
KRFP_2782,0.0,0.0,True
KRFP_2783,0.0,0.0,True
KRFP_2784,0.0,0.0,True
KRFP_2785,0.0,0.0,True
KRFP_2786,0.0,0.0,True
KRFP_2787,0.0,0.0,True
KRFP_2788,0.028186720111599613,0.000794912559618442,True
KRFP_2789,0.0,0.0,True
KRFP_2790,0.0,0.0,True
KRFP_2791,0.0,0.0,True
KRFP_2792,0.0,0.0,True
KRFP_2793,0.0,0.0,True
KRFP_2794,0.0,0.0,True
KRFP_2795,0.12509853516641972,0.01589825119236884,False
KRFP_2796,0.0,0.0,True
KRFP_2797,0.0,0.0,True
KRFP_2798,0.0,0.0,True
KRFP_2799,0.0,0.0,True
KRFP_2800,0.0,0.0,True
KRFP_2801,0.0,0.0,True
KRFP_2802,0.0,0.0,True
KRFP_2803,0.0,0.0,True
KRFP_2804,0.0,0.0,True
KRFP_2805,0.0,0.0,True
KRFP_2806,0.0,0.0,True
KRFP_2807,0.0,0.0,True
KRFP_2808,0.0,0.0,True
KRFP_2809,0.0,0.0,True
KRFP_2810,0.0,0.0,True
KRFP_2811,0.0,0.0,True
KRFP_2812,0.0,0.0,True
KRFP_2813,0.0,0.0,True
KRFP_2814,0.16824018008999805,0.029146793852676205,False
KRFP_2815,0.0162779253348253,0.00026497085320614734,True
KRFP_2816,0.0,0.0,True
KRFP_2817,0.0,0.0,True
KRFP_2818,0.023017411889466755,0.0005299417064122947,True
KRFP_2819,0.023017411889466755,0.0005299417064122947,True
KRFP_2820,0.032542905139016295,0.0010598834128245894,True
KRFP_2821,0.0,0.0,True
KRFP_2822,0.03637924824403939,0.0013248542660307366,True
KRFP_2823,0.0,0.0,True
KRFP_2824,0.0,0.0,True
KRFP_2825,0.0,0.0,True
KRFP_2826,0.0,0.0,True
KRFP_2827,0.0162779253348253,0.00026497085320614734,True
KRFP_2828,0.0,0.0,True
KRFP_2829,0.036379248244039396,0.0013248542660307366,True
KRFP_2830,0.0,0.0,True
KRFP_2831,0.0,0.0,True
KRFP_2832,0.05630612862877746,0.003179650238473768,True
KRFP_2833,0.0,0.0,True
KRFP_2834,0.036379248244039396,0.0013248542660307366,True
KRFP_2835,0.058597487134615496,0.003444621091679915,True
KRFP_2836,0.0,0.0,True
KRFP_2837,0.0,0.0,True
KRFP_2838,0.0,0.0,True
KRFP_2839,0.02301741188946676,0.0005299417064122947,True
KRFP_2840,0.0,0.0,True
KRFP_2841,0.0,0.0,True
KRFP_2842,0.0,0.0,True
KRFP_2843,0.0,0.0,True
KRFP_2844,0.0,0.0,True
KRFP_2845,0.0,0.0,True
KRFP_2846,0.0,0.0,True
KRFP_2847,0.02818672011159961,0.000794912559618442,True
KRFP_2848,0.0,0.0,True
KRFP_2849,0.0,0.0,True
KRFP_2850,0.0,0.0,True
KRFP_2851,0.0,0.0,True
KRFP_2852,0.0,0.0,True
KRFP_2853,0.0,0.0,True
KRFP_2854,0.35552700900289785,0.1483836777954425,False
KRFP_2855,0.16218365055583792,0.02702702702702703,False
KRFP_2856,0.0,0.0,True
KRFP_2857,0.0,0.0,True
KRFP_2858,0.0,0.0,True
KRFP_2859,0.0,0.0,True
KRFP_2860,0.0,0.0,True
KRFP_2861,0.0,0.0,True
KRFP_2862,0.0162779253348253,0.00026497085320614734,True
KRFP_2863,0.0,0.0,True
KRFP_2864,0.0,0.0,True
KRFP_2865,0.0,0.0,True
KRFP_2866,0.0,0.0,True
KRFP_2867,0.04303308482623011,0.0018547959724430313,True
KRFP_2868,0.0,0.0,True
KRFP_2869,0.0162779253348253,0.00026497085320614734,True
KRFP_2870,0.0,0.0,True
KRFP_2871,0.0,0.0,True
KRFP_2872,0.0,0.0,True
KRFP_2873,0.0,0.0,True
KRFP_2874,0.0,0.0,True
KRFP_2875,0.14581205202059203,0.02172760996290408,False
KRFP_2876,0.0,0.0,True
KRFP_2877,0.0,0.0,True
KRFP_2878,0.0,0.0,True
KRFP_2879,0.0,0.0,True
KRFP_2880,0.0,0.0,True
KRFP_2881,0.0398461826828235,0.001589825119236884,True
KRFP_2882,0.0,0.0,True
KRFP_2883,0.023017411889466755,0.0005299417064122947,True
KRFP_2884,0.07078437807663418,0.005034446210916799,True
KRFP_2885,0.18035383920899295,0.03365129835718071,False
KRFP_2886,0.0,0.0,True
KRFP_2887,0.0,0.0,True
KRFP_2888,0.0,0.0,True
KRFP_2889,0.0,0.0,True
KRFP_2890,0.0,0.0,True
KRFP_2891,0.02301741188946676,0.0005299417064122947,True
KRFP_2892,0.0,0.0,True
KRFP_2893,0.0,0.0,True
KRFP_2894,0.0,0.0,True
KRFP_2895,0.0,0.0,True
KRFP_2896,0.0,0.0,True
KRFP_2897,0.0,0.0,True
KRFP_2898,0.0,0.0,True
KRFP_2899,0.0,0.0,True
KRFP_2900,0.0,0.0,True
KRFP_2901,0.0,0.0,True
KRFP_2902,0.0,0.0,True
KRFP_2903,0.0,0.0,True
KRFP_2904,0.023017411889466755,0.0005299417064122947,True
KRFP_2905,0.0,0.0,True
KRFP_2906,0.0,0.0,True
KRFP_2907,0.0,0.0,True
KRFP_2908,0.0,0.0,True
KRFP_2909,0.043033084826230104,0.0018547959724430313,True
KRFP_2910,0.0,0.0,True
KRFP_2911,0.0,0.0,True
KRFP_2912,0.0,0.0,True
KRFP_2913,0.0,0.0,True
KRFP_2914,0.05141388915001135,0.002649708532061473,True
KRFP_2915,0.0,0.0,True
KRFP_2916,0.0,0.0,True
KRFP_2917,0.0,0.0,True
KRFP_2918,0.0,0.0,True
KRFP_2919,0.0,0.0,True
KRFP_2920,0.0,0.0,True
KRFP_2921,0.0,0.0,True
KRFP_2922,0.03984618268282351,0.001589825119236884,True
KRFP_2923,0.0,0.0,True
KRFP_2924,0.032542905139016295,0.0010598834128245894,True
KRFP_2925,0.0,0.0,True
KRFP_2926,0.03637924824403939,0.0013248542660307366,True
KRFP_2927,0.0162779253348253,0.00026497085320614734,True
KRFP_2928,0.0,0.0,True
KRFP_2929,0.0,0.0,True
KRFP_2930,0.0,0.0,True
KRFP_2931,0.0,0.0,True
KRFP_2932,0.0,0.0,True
KRFP_2933,0.21314784121523564,0.04769475357710652,False
KRFP_2934,0.0,0.0,True
KRFP_2935,0.0,0.0,True
KRFP_2936,0.0162779253348253,0.00026497085320614734,True
KRFP_2937,0.02301741188946676,0.0005299417064122947,True
KRFP_2938,0.0,0.0,True
KRFP_2939,0.0,0.0,True
KRFP_2940,0.032542905139016295,0.0010598834128245894,True
KRFP_2941,0.0,0.0,True
KRFP_2942,0.0,0.0,True
KRFP_2943,0.0,0.0,True
KRFP_2944,0.0,0.0,True
KRFP_2945,0.0,0.0,True
KRFP_2946,0.0,0.0,True
KRFP_2947,0.0,0.0,True
KRFP_2948,0.43451386887840576,0.2525172231054584,False
KRFP_2949,0.22563090925630783,0.05378908320084791,False
KRFP_2950,0.0,0.0,True
KRFP_2951,0.0,0.0,True
KRFP_2952,0.0,0.0,True
KRFP_2953,0.0,0.0,True
KRFP_2954,0.0,0.0,True
KRFP_2955,0.0,0.0,True
KRFP_2956,0.0,0.0,True
KRFP_2957,0.0,0.0,True
KRFP_2958,0.0,0.0,True
KRFP_2959,0.0,0.0,True
KRFP_2960,0.0,0.0,True
KRFP_2961,0.0,0.0,True
KRFP_2962,0.036379248244039396,0.0013248542660307366,True
KRFP_2963,0.0162779253348253,0.00026497085320614734,True
KRFP_2964,0.0,0.0,True
KRFP_2965,0.0162779253348253,0.00026497085320614734,True
KRFP_2966,0.028186720111599613,0.000794912559618442,True
KRFP_2967,0.028186720111599613,0.000794912559618442,True
KRFP_2968,0.20271553298174932,0.04292527821939587,False
KRFP_2969,0.0,0.0,True
KRFP_2970,0.0162779253348253,0.00026497085320614734,True
KRFP_2971,0.0,0.0,True
KRFP_2972,0.0,0.0,True
KRFP_2973,0.0,0.0,True
KRFP_2974,0.17477238823179372,0.9684684684684685,False
KRFP_2975,0.11877471563855714,0.014308426073131956,False
KRFP_2976,0.2991898566243301,0.09936406995230525,False
KRFP_2977,0.0,0.0,True
KRFP_2978,0.304440993255827,0.10333863275039745,False
KRFP_2979,0.0,0.0,True
KRFP_2980,0.16218365055583792,0.02702702702702703,False
KRFP_2981,0.0,0.0,True
KRFP_2982,0.06890562778396601,0.0047694753577106515,True
KRFP_2983,0.0162779253348253,0.00026497085320614734,True
KRFP_2984,0.0,0.0,True
KRFP_2985,0.49357743363572987,0.41971383147853736,False
KRFP_2986,0.0162779253348253,0.00026497085320614734,True
KRFP_2987,0.0,0.0,True
KRFP_2988,0.0,0.0,True
KRFP_2989,0.0,0.0,True
KRFP_2990,0.0,0.0,True
KRFP_2991,0.0,0.0,True
KRFP_2992,0.0,0.0,True
KRFP_2993,0.0,0.0,True
KRFP_2994,0.0,0.0,True
KRFP_2995,0.0,0.0,True
KRFP_2996,0.0,0.0,True
KRFP_2997,0.0,0.0,True
KRFP_2998,0.0,0.0,True
KRFP_2999,0.0,0.0,True
KRFP_3000,0.0,0.0,True
KRFP_3001,0.0,0.0,True
KRFP_3002,0.0,0.0,True
KRFP_3003,0.0,0.0,True
KRFP_3004,0.0,0.0,True
KRFP_3005,0.0,0.0,True
KRFP_3006,0.0,0.0,True
KRFP_3007,0.028186720111599613,0.000794912559618442,True
KRFP_3008,0.0,0.0,True
KRFP_3009,0.42274100063740877,0.2329093799682035,False
KRFP_3010,0.0,0.0,True
KRFP_3011,0.023017411889466755,0.0005299417064122947,True
KRFP_3012,0.1358819215906116,0.01881293057763646,False
KRFP_3013,0.0,0.0,True
KRFP_3014,0.0,0.0,True
KRFP_3015,0.0,0.0,True
KRFP_3016,0.0,0.0,True
KRFP_3017,0.023017411889466752,0.0005299417064122947,True
KRFP_3018,0.0,0.0,True
KRFP_3019,0.0,0.0,True
KRFP_3020,0.0,0.0,True
KRFP_3021,0.045998196145144186,0.0021197668256491787,True
KRFP_3022,0.0,0.0,True
KRFP_3023,0.0,0.0,True
KRFP_3024,0.4995221850808626,0.47668256491785904,False
KRFP_3025,0.0,0.0,True
KRFP_3026,0.0,0.0,True
KRFP_3027,0.0,0.0,True
KRFP_3028,0.0,0.0,True
KRFP_3029,0.0,0.0,True
KRFP_3030,0.0,0.0,True
KRFP_3031,0.0,0.0,True
KRFP_3032,0.0,0.0,True
KRFP_3033,0.1440618834946814,0.021197668256491786,False
KRFP_3034,0.0,0.0,True
KRFP_3035,0.05141388915001134,0.002649708532061473,True
KRFP_3036,0.0,0.0,True
KRFP_3037,0.0,0.0,True
KRFP_3038,0.0,0.0,True
KRFP_3039,0.068905627783966,0.0047694753577106515,True
KRFP_3040,0.0,0.0,True
KRFP_3041,0.04599819614514418,0.0021197668256491787,True
KRFP_3042,0.03984618268282351,0.001589825119236884,True
KRFP_3043,0.0,0.0,True
KRFP_3044,0.0,0.0,True
KRFP_3045,0.0,0.0,True
KRFP_3046,0.0,0.0,True
KRFP_3047,0.0,0.0,True
KRFP_3048,0.0,0.0,True
KRFP_3049,0.10114240030644481,0.010333863275039745,False
KRFP_3050,0.023017411889466755,0.0005299417064122947,True
KRFP_3051,0.023017411889466755,0.0005299417064122947,True
KRFP_3052,0.0,0.0,True
KRFP_3053,0.16824018008999808,0.029146793852676205,False
KRFP_3054,0.0,0.0,True
KRFP_3055,0.0,0.0,True
KRFP_3056,0.0,0.0,True
KRFP_3057,0.13399059048169018,0.018282988871224166,False
KRFP_3058,0.0,0.0,True
KRFP_3059,0.0,0.0,True
KRFP_3060,0.0,0.0,True
KRFP_3061,0.10367560367150032,0.01086380498145204,False
KRFP_3062,0.0,0.0,True
KRFP_3063,0.0,0.0,True
KRFP_3064,0.0,0.0,True
KRFP_3065,0.04878197670482277,0.0023847376788553257,True
KRFP_3066,0.0,0.0,True
KRFP_3067,0.0,0.0,True
KRFP_3068,0.0,0.0,True
KRFP_3069,0.0162779253348253,0.00026497085320614734,True
KRFP_3070,0.0,0.0,True
KRFP_3071,0.0,0.0,True
KRFP_3072,0.0,0.0,True
KRFP_3073,0.03637924824403939,0.0013248542660307366,True
KRFP_3074,0.0,0.0,True
KRFP_3075,0.0,0.0,True
KRFP_3076,0.0,0.0,True
KRFP_3077,0.16674919943549457,0.028616852146263912,False
KRFP_3078,0.0,0.0,True
KRFP_3079,0.0,0.0,True
KRFP_3080,0.05391617834663831,0.0029146793852676206,True
KRFP_3081,0.11877471563855714,0.014308426073131956,False
KRFP_3082,0.07261356872352699,0.005299417064122946,True
KRFP_3083,0.0,0.0,True
KRFP_3084,0.13399059048169018,0.018282988871224166,False
KRFP_3085,0.03254290513901629,0.0010598834128245894,True
KRFP_3086,0.0,0.0,True
KRFP_3087,0.0,0.0,True
KRFP_3088,0.0,0.0,True
KRFP_3089,0.0,0.0,True
KRFP_3090,0.0,0.0,True
KRFP_3091,0.0,0.0,True
KRFP_3092,0.0,0.0,True
KRFP_3093,0.0,0.0,True
KRFP_3094,0.0,0.0,True
KRFP_3095,0.028186720111599613,0.000794912559618442,True
KRFP_3096,0.0,0.0,True
KRFP_3097,0.0,0.0,True
KRFP_3098,0.0,0.0,True
KRFP_3099,0.0,0.0,True
KRFP_3100,0.0,0.0,True
KRFP_3101,0.06697314719039354,0.0045045045045045045,True
KRFP_3102,0.0,0.0,True
KRFP_3103,0.14581205202059203,0.02172760996290408,False
KRFP_3104,0.07783825649409339,0.006094329623741388,True
KRFP_3105,0.0,0.0,True
KRFP_3106,0.0162779253348253,0.00026497085320614734,True
KRFP_3107,0.0,0.0,True
KRFP_3108,0.0,0.0,True
KRFP_3109,0.0,0.0,True
KRFP_3110,0.0,0.0,True
KRFP_3111,0.0,0.0,True
KRFP_3112,0.0,0.0,True
KRFP_3113,0.0,0.0,True
KRFP_3114,0.0,0.0,True
KRFP_3115,0.0,0.0,True
KRFP_3116,0.0,0.0,True
KRFP_3117,0.0,0.0,True
KRFP_3118,0.0,0.0,True
KRFP_3119,0.4290976060913495,0.24324324324324326,False
KRFP_3120,0.0917027860341428,0.008479067302596715,True
KRFP_3121,0.0,0.0,True
KRFP_3122,0.0,0.0,True
KRFP_3123,0.0,0.0,True
KRFP_3124,0.0,0.0,True
KRFP_3125,0.0,0.0,True
KRFP_3126,0.0,0.0,True
KRFP_3127,0.0,0.0,True
KRFP_3128,0.0,0.0,True
KRFP_3129,0.0,0.0,True
KRFP_3130,0.0,0.0,True
KRFP_3131,0.0,0.0,True
KRFP_3132,0.0,0.0,True
KRFP_3133,0.0,0.0,True
KRFP_3134,0.0,0.0,True
KRFP_3135,0.0,0.0,True
KRFP_3136,0.0,0.0,True
KRFP_3137,0.0,0.0,True
KRFP_3138,0.16140864829069057,0.02676205617382088,False
KRFP_3139,0.0,0.0,True
KRFP_3140,0.032542905139016295,0.0010598834128245894,True
KRFP_3141,0.0,0.0,True
KRFP_3142,0.11985332405397889,0.014573396926338102,False
KRFP_3143,0.02301741188946676,0.0005299417064122947,True
KRFP_3144,0.0,0.0,True
KRFP_3145,0.0,0.0,True
KRFP_3146,0.02301741188946676,0.0005299417064122947,True
KRFP_3147,0.028186720111599613,0.000794912559618442,True
KRFP_3148,0.4623429892313842,0.30948595654478006,False
KRFP_3149,0.4723034564803947,0.33571807101218865,False
KRFP_3150,0.06498214287438389,0.0042395336512983575,True
KRFP_3151,0.08113035457382697,0.006624271330153683,True
KRFP_3152,0.036379248244039396,0.0013248542660307366,True
KRFP_3153,0.07950178948815584,0.006359300476947536,True
KRFP_3154,0.0,0.0,True
KRFP_3155,0.12092173105870219,0.01483836777954425,False
KRFP_3156,0.1837437543296768,0.034976152623211444,False
KRFP_3157,0.043033084826230104,0.0018547959724430313,True
KRFP_3158,0.1395816882486102,0.01987281399046105,False
KRFP_3159,0.06890562778396601,0.0047694753577106515,True
KRFP_3160,0.07613746357699716,0.005829358770535241,True
KRFP_3161,0.0,0.0,True
KRFP_3162,0.07950178948815584,0.006359300476947536,True
KRFP_3163,0.0,0.0,True
KRFP_3164,0.0162779253348253,0.00026497085320614734,True
KRFP_3165,0.0,0.0,True
KRFP_3166,0.0,0.0,True
KRFP_3167,0.0,0.0,True
KRFP_3168,0.060801401459995116,0.0037095919448860626,True
KRFP_3169,0.0,0.0,True
KRFP_3170,0.0,0.0,True
KRFP_3171,0.0,0.0,True
KRFP_3172,0.0,0.0,True
KRFP_3173,0.0,0.0,True
KRFP_3174,0.03984618268282351,0.001589825119236884,True
KRFP_3175,0.0,0.0,True
KRFP_3176,0.10855706625815112,0.01192368839427663,False
KRFP_3177,0.0,0.0,True
KRFP_3178,0.08582593663750397,0.007419183889772125,True
KRFP_3179,0.1330340502066484,0.018018018018018018,False
KRFP_3180,0.032542905139016295,0.0010598834128245894,True
KRFP_3181,0.07439685537382569,0.005564387917329093,True
KRFP_3182,0.0,0.0,True
KRFP_3183,0.03984618268282351,0.001589825119236884,True
KRFP_3184,0.0,0.0,True
KRFP_3185,0.0,0.0,True
KRFP_3186,0.0,0.0,True
KRFP_3187,0.0,0.0,True
KRFP_3188,0.0,0.0,True
KRFP_3189,0.028186720111599613,0.000794912559618442,True
KRFP_3190,0.03984618268282351,0.001589825119236884,True
KRFP_3191,0.0,0.0,True
KRFP_3192,0.0,0.0,True
KRFP_3193,0.0,0.0,True
KRFP_3194,0.043033084826230104,0.0018547959724430313,True
KRFP_3195,0.06890562778396601,0.0047694753577106515,True
KRFP_3196,0.0162779253348253,0.00026497085320614734,True
KRFP_3197,0.0,0.0,True
KRFP_3198,0.0,0.0,True
KRFP_3199,0.15009003006481228,0.023052464228934817,False
KRFP_3200,0.0,0.0,True
KRFP_3201,0.0,0.0,True
KRFP_3202,0.06498214287438389,0.0042395336512983575,True
KRFP_3203,0.0,0.0,True
KRFP_3204,0.0162779253348253,0.00026497085320614734,True
KRFP_3205,0.023017411889466752,0.0005299417064122947,True
KRFP_3206,0.0162779253348253,0.00026497085320614734,True
KRFP_3207,0.023017411889466752,0.0005299417064122947,True
KRFP_3208,0.0,0.0,True
KRFP_3209,0.0,0.0,True
KRFP_3210,0.0,0.0,True
KRFP_3211,0.0,0.0,True
KRFP_3212,0.0,0.0,True
KRFP_3213,0.060801401459995116,0.0037095919448860626,True
KRFP_3214,0.0,0.0,True
KRFP_3215,0.0162779253348253,0.00026497085320614734,True
KRFP_3216,0.09027061680983707,0.008214096449390567,True
KRFP_3217,0.0,0.0,True
KRFP_3218,0.0,0.0,True
KRFP_3219,0.0,0.0,True
KRFP_3220,0.0,0.0,True
KRFP_3221,0.07613746357699716,0.005829358770535241,True
KRFP_3222,0.09854124850820865,0.00980392156862745,True
KRFP_3223,0.44009768074364186,0.737413884472708,False
KRFP_3224,0.11547480981486241,0.013513513513513514,False
KRFP_3225,0.0,0.0,True
KRFP_3226,0.0,0.0,True
KRFP_3227,0.0,0.0,True
KRFP_3228,0.10114240030644481,0.010333863275039745,False
KRFP_3229,0.0,0.0,True
KRFP_3230,0.09449980429527706,0.009009009009009009,True
KRFP_3231,0.0,0.0,True
KRFP_3232,0.0,0.0,True
KRFP_3233,0.0,0.0,True
KRFP_3234,0.0,0.0,True
KRFP_3235,0.0,0.0,True
KRFP_3236,0.0,0.0,True
KRFP_3237,0.0,0.0,True
KRFP_3238,0.045998196145144186,0.0021197668256491787,True
KRFP_3239,0.0,0.0,True
KRFP_3240,0.0,0.0,True
KRFP_3241,0.0,0.0,True
KRFP_3242,0.0,0.0,True
KRFP_3243,0.0,0.0,True
KRFP_3244,0.0,0.0,True
KRFP_3245,0.0,0.0,True
KRFP_3246,0.0,0.0,True
KRFP_3247,0.0,0.0,True
KRFP_3248,0.0,0.0,True
KRFP_3249,0.0,0.0,True
KRFP_3250,0.0,0.0,True
KRFP_3251,0.0,0.0,True
KRFP_3252,0.0,0.0,True
KRFP_3253,0.0,0.0,True
KRFP_3254,0.0,0.0,True
KRFP_3255,0.0,0.0,True
KRFP_3256,0.0,0.0,True
KRFP_3257,0.0,0.0,True
KRFP_3258,0.0,0.0,True
KRFP_3259,0.0,0.0,True
KRFP_3260,0.0,0.0,True
KRFP_3261,0.0,0.0,True
KRFP_3262,0.0,0.0,True
KRFP_3263,0.0,0.0,True
KRFP_3264,0.0,0.0,True
KRFP_3265,0.0,0.0,True
KRFP_3266,0.0,0.0,True
KRFP_3267,0.4490947337002966,0.2800741918388977,False
KRFP_3268,0.0,0.0,True
KRFP_3269,0.0,0.0,True
KRFP_3270,0.0,0.0,True
KRFP_3271,0.0,0.0,True
KRFP_3272,0.0,0.0,True
KRFP_3273,0.0,0.0,True
KRFP_3274,0.0,0.0,True
KRFP_3275,0.036379248244039396,0.0013248542660307366,True
KRFP_3276,0.0,0.0,True
KRFP_3277,0.0,0.0,True
KRFP_3278,0.0162779253348253,0.00026497085320614734,True
KRFP_3279,0.02818672011159961,0.000794912559618442,True
KRFP_3280,0.15746974653955748,0.025437201907790145,False
KRFP_3281,0.0,0.0,True
KRFP_3282,0.23079767952432145,0.05643879173290938,False
KRFP_3283,0.0162779253348253,0.00026497085320614734,True
KRFP_3284,0.17897714979311252,0.033121356650768416,False
KRFP_3285,0.0,0.0,True
KRFP_3286,0.0,0.0,True
KRFP_3287,0.0,0.0,True
KRFP_3288,0.0,0.0,True
KRFP_3289,0.0,0.0,True
KRFP_3290,0.0,0.0,True
KRFP_3291,0.0,0.0,True
KRFP_3292,0.1440618834946814,0.021197668256491786,False
KRFP_3293,0.0,0.0,True
KRFP_3294,0.25465308303520134,0.06968733439321674,False
KRFP_3295,0.0,0.0,True
KRFP_3296,0.02818672011159961,0.000794912559618442,True
KRFP_3297,0.0,0.0,True
KRFP_3298,0.0,0.0,True
KRFP_3299,0.0,0.0,True
KRFP_3300,0.0,0.0,True
KRFP_3301,0.060801401459995116,0.0037095919448860626,True
KRFP_3302,0.045998196145144186,0.0021197668256491787,True
KRFP_3303,0.045998196145144186,0.0021197668256491787,True
KRFP_3304,0.0,0.0,True
KRFP_3305,0.0,0.0,True
KRFP_3306,0.0,0.0,True
KRFP_3307,0.0,0.0,True
KRFP_3308,0.0,0.0,True
KRFP_3309,0.0,0.0,True
KRFP_3310,0.0,0.0,True
KRFP_3311,0.0,0.0,True
KRFP_3312,0.0,0.0,True
KRFP_3313,0.0,0.0,True
KRFP_3314,0.0,0.0,True
KRFP_3315,0.0,0.0,True
KRFP_3316,0.0,0.0,True
KRFP_3317,0.0,0.0,True
KRFP_3318,0.0,0.0,True
KRFP_3319,0.0,0.0,True
KRFP_3320,0.0,0.0,True
KRFP_3321,0.0,0.0,True
KRFP_3322,0.0,0.0,True
KRFP_3323,0.0,0.0,True
KRFP_3324,0.0,0.0,True
KRFP_3325,0.0,0.0,True
KRFP_3326,0.0,0.0,True
KRFP_3327,0.2551004185406384,0.06995230524642289,False
KRFP_3328,0.0,0.0,True
KRFP_3329,0.0,0.0,True
KRFP_3330,0.032542905139016295,0.0010598834128245894,True
KRFP_3331,0.0,0.0,True
KRFP_3332,0.0,0.0,True
KRFP_3333,0.0,0.0,True
KRFP_3334,0.0,0.0,True
KRFP_3335,0.4709018049060292,0.3317435082140964,False
KRFP_3336,0.043033084826230104,0.0018547959724430313,True
KRFP_3337,0.0,0.0,True
KRFP_3338,0.44123493165926486,0.2647058823529412,False
KRFP_3339,0.0,0.0,True
KRFP_3340,0.0,0.0,True
KRFP_3341,0.0,0.0,True
KRFP_3342,0.0,0.0,True
KRFP_3343,0.0,0.0,True
KRFP_3344,0.0,0.0,True
KRFP_3345,0.043033084826230104,0.0018547959724430313,True
KRFP_3346,0.02301741188946676,0.0005299417064122947,True
KRFP_3347,0.0,0.0,True
KRFP_3348,0.1558631631074316,0.02490726020137785,False
KRFP_3349,0.0,0.0,True
KRFP_3350,0.23282384062110698,0.05749867514573397,False
KRFP_3351,0.0,0.0,True
KRFP_3352,0.016277925334825298,0.00026497085320614734,True
KRFP_3353,0.0,0.0,True
KRFP_3354,0.016277925334825298,0.00026497085320614734,True
KRFP_3355,0.0,0.0,True
KRFP_3356,0.0,0.0,True
KRFP_3357,0.0,0.0,True
KRFP_3358,0.0,0.0,True
KRFP_3359,0.1320700504838821,0.01775304716481187,False
KRFP_3360,0.07439685537382569,0.005564387917329093,True
KRFP_3361,0.036379248244039396,0.0013248542660307366,True
KRFP_3362,0.0,0.0,True
KRFP_3363,0.0,0.0,True
KRFP_3364,0.0,0.0,True
KRFP_3365,0.10614572355144208,0.011393746687864335,False
KRFP_3366,0.0,0.0,True
KRFP_3367,0.0,0.0,True
KRFP_3368,0.49188198259849647,0.4099099099099099,False
KRFP_3369,0.0,0.0,True
KRFP_3370,0.0,0.0,True
KRFP_3371,0.0,0.0,True
KRFP_3372,0.0,0.0,True
KRFP_3373,0.0,0.0,True
KRFP_3374,0.4616845058050812,0.3078961314255432,False
KRFP_3375,0.0,0.0,True
KRFP_3376,0.0,0.0,True
KRFP_3377,0.023017411889466755,0.0005299417064122947,True
KRFP_3378,0.06498214287438389,0.0042395336512983575,True
KRFP_3379,0.028186720111599613,0.000794912559618442,True
KRFP_3380,0.1525937391088552,0.02384737678855326,False
KRFP_3381,0.2663751587844292,0.07684154742978272,False
KRFP_3382,0.0,0.0,True
KRFP_3383,0.045998196145144186,0.0021197668256491787,True
KRFP_3384,0.11547480981486243,0.013513513513513514,False
KRFP_3385,0.0,0.0,True
KRFP_3386,0.07439685537382569,0.005564387917329093,True
KRFP_3387,0.468481454420917,0.3251192368839428,False
KRFP_3388,0.3098879633223311,0.10757816640169582,False
KRFP_3389,0.4519035537190217,0.28590355060943295,False
KRFP_3390,0.0,0.0,True
KRFP_3391,0.08429064519398217,0.007154213036565978,True
KRFP_3392,0.4593290375805533,0.3023317435082141,False
KRFP_3393,0.46877750010243086,0.32591414944356123,False
KRFP_3394,0.3290268640799537,0.12347641759406465,False
KRFP_3395,0.2313063391483977,0.05670376258611553,False
KRFP_3396,0.0,0.0,True
KRFP_3397,0.18441311741235786,0.03524112347641759,False
KRFP_3398,0.2882364760981779,0.09141494435612083,False
KRFP_3399,0.1395816882486102,0.01987281399046105,False
KRFP_3400,0.0,0.0,True
KRFP_3401,0.13399059048169018,0.018282988871224166,False
KRFP_3402,0.0,0.0,True
KRFP_3403,0.07783825649409339,0.006094329623741388,True
KRFP_3404,0.0,0.0,True
KRFP_3405,0.0,0.0,True
KRFP_3406,0.032542905139016295,0.0010598834128245894,True
KRFP_3407,0.36521321882624275,0.1584525702172761,False
KRFP_3408,0.0162779253348253,0.00026497085320614734,True
KRFP_3409,0.19663085445930809,0.040275569687334395,False
KRFP_3410,0.0,0.0,True
KRFP_3411,0.10367560367150032,0.01086380498145204,False
KRFP_3412,0.0,0.0,True
KRFP_3413,0.04878197670482277,0.0023847376788553257,True
KRFP_3414,0.11768562531987165,0.014043455219925808,False
KRFP_3415,0.0,0.0,True
KRFP_3416,0.0,0.0,True
KRFP_3417,0.06498214287438389,0.0042395336512983575,True
KRFP_3418,0.023017411889466755,0.0005299417064122947,True
KRFP_3419,0.023017411889466755,0.0005299417064122947,True
KRFP_3420,0.0,0.0,True
KRFP_3421,0.0,0.0,True
KRFP_3422,0.0,0.0,True
KRFP_3423,0.0,0.0,True
KRFP_3424,0.0162779253348253,0.00026497085320614734,True
KRFP_3425,0.03637924824403939,0.0013248542660307366,True
KRFP_3426,0.03637924824403939,0.0013248542660307366,True
KRFP_3427,0.03637924824403939,0.0013248542660307366,True
KRFP_3428,0.0,0.0,True
KRFP_3429,0.1928704601277519,0.03868574456809751,False
KRFP_3430,0.0162779253348253,0.00026497085320614734,True
KRFP_3431,0.0,0.0,True
KRFP_3432,0.0162779253348253,0.00026497085320614734,True
KRFP_3433,0.08881456578574355,0.00794912559618442,True
KRFP_3434,0.07261356872352699,0.005299417064122946,True
KRFP_3435,0.11547480981486241,0.013513513513513514,False
KRFP_3436,0.0,0.0,True
KRFP_3437,0.0,0.0,True
KRFP_3438,0.0,0.0,True
KRFP_3439,0.490092261787895,0.40063593004769477,False
KRFP_3440,0.40420559840646214,0.2056173820879703,False
KRFP_3441,0.0,0.0,True
KRFP_3442,0.12913161757744665,0.01695813460519343,False
KRFP_3443,0.09721349305510955,0.009538950715421303,True
KRFP_3444,0.0,0.0,True
KRFP_3445,0.045998196145144186,0.0021197668256491787,True
KRFP_3446,0.0,0.0,True
KRFP_3447,0.0,0.0,True
KRFP_3448,0.0,0.0,True
KRFP_3449,0.045998196145144186,0.0021197668256491787,True
KRFP_3450,0.0,0.0,True
KRFP_3451,0.036379248244039396,0.0013248542660307366,True
KRFP_3452,0.0,0.0,True
KRFP_3453,0.0,0.0,True
KRFP_3454,0.4974980067416851,0.44939056703762587,False
KRFP_3455,0.0,0.0,True
KRFP_3456,0.0,0.0,True
KRFP_3457,0.0,0.0,True
KRFP_3458,0.0,0.0,True
KRFP_3459,0.0,0.0,True
KRFP_3460,0.0,0.0,True
KRFP_3461,0.0,0.0,True
KRFP_3462,0.0,0.0,True
KRFP_3463,0.0,0.0,True
KRFP_3464,0.0,0.0,True
KRFP_3465,0.028186720111599613,0.000794912559618442,True
KRFP_3466,0.0,0.0,True
KRFP_3467,0.0,0.0,True
KRFP_3468,0.0,0.0,True
KRFP_3469,0.0,0.0,True
KRFP_3470,0.0,0.0,True
KRFP_3471,0.0,0.0,True
KRFP_3472,0.05630612862877747,0.003179650238473768,True
KRFP_3473,0.10241717725245619,0.010598834128245893,False
KRFP_3474,0.0,0.0,True
KRFP_3475,0.0162779253348253,0.00026497085320614734,True
KRFP_3476,0.0,0.0,True
KRFP_3477,0.10855706625815112,0.01192368839427663,False
KRFP_3478,0.0,0.0,True
KRFP_3479,0.0,0.0,True
KRFP_3480,0.0,0.0,True
KRFP_3481,0.0,0.0,True
KRFP_3482,0.0,0.0,True
KRFP_3483,0.0,0.0,True
KRFP_3484,0.0,0.0,True
KRFP_3485,0.0,0.0,True
KRFP_3486,0.0,0.0,True
KRFP_3487,0.0,0.0,True
KRFP_3488,0.023017411889466755,0.0005299417064122947,True
KRFP_3489,0.1358819215906116,0.01881293057763646,False
KRFP_3490,0.0,0.0,True
KRFP_3491,0.0,0.0,True
KRFP_3492,0.0162779253348253,0.00026497085320614734,True
KRFP_3493,0.028186720111599613,0.000794912559618442,True
KRFP_3494,0.10855706625815112,0.01192368839427663,False
KRFP_3495,0.1120721473945726,0.012718600953895072,False
KRFP_3496,0.0,0.0,True
KRFP_3497,0.0,0.0,True
KRFP_3498,0.0,0.0,True
KRFP_3499,0.0,0.0,True
KRFP_3500,0.028186720111599613,0.000794912559618442,True
KRFP_3501,0.0,0.0,True
KRFP_3502,0.0,0.0,True
KRFP_3503,0.0,0.0,True
KRFP_3504,0.0,0.0,True
KRFP_3505,0.0,0.0,True
KRFP_3506,0.0,0.0,True
KRFP_3507,0.0,0.0,True
KRFP_3508,0.023017411889466755,0.0005299417064122947,True
KRFP_3509,0.1073584922564552,0.011658717541070483,False
KRFP_3510,0.0,0.0,True
KRFP_3511,0.0,0.0,True
KRFP_3512,0.0,0.0,True
KRFP_3513,0.0,0.0,True
KRFP_3514,0.0,0.0,True
KRFP_3515,0.0162779253348253,0.00026497085320614734,True
KRFP_3516,0.0,0.0,True
KRFP_3517,0.0,0.0,True
KRFP_3518,0.0,0.0,True
KRFP_3519,0.12713217528274187,0.016428192898781134,False
KRFP_3520,0.04303308482623011,0.0018547959724430313,True
KRFP_3521,0.0,0.0,True
KRFP_3522,0.10855706625815112,0.01192368839427663,False
KRFP_3523,0.05859748713461551,0.003444621091679915,True
KRFP_3524,0.1198533240539789,0.014573396926338102,False
KRFP_3525,0.0,0.0,True
KRFP_3526,0.0,0.0,True
KRFP_3527,0.08881456578574354,0.00794912559618442,True
KRFP_3528,0.2514916381122063,0.06783253842077372,False
KRFP_3529,0.0,0.0,True
KRFP_3530,0.0,0.0,True
KRFP_3531,0.0,0.0,True
KRFP_3532,0.0,0.0,True
KRFP_3533,0.08429064519398219,0.007154213036565978,True
KRFP_3534,0.0,0.0,True
KRFP_3535,0.1198533240539789,0.014573396926338102,False
KRFP_3536,0.032542905139016295,0.0010598834128245894,True
KRFP_3537,0.06890562778396601,0.0047694753577106515,True
KRFP_3538,0.0,0.0,True
KRFP_3539,0.1330340502066484,0.018018018018018018,False
KRFP_3540,0.0,0.0,True
KRFP_3541,0.08582593663750397,0.007419183889772125,True
KRFP_3542,0.09027061680983707,0.008214096449390567,True
KRFP_3543,0.0,0.0,True
KRFP_3544,0.0,0.0,True
KRFP_3545,0.20801077675080595,0.04531001589825119,False
KRFP_3546,0.09721349305510955,0.009538950715421303,True
KRFP_3547,0.1915976632446362,0.03815580286168521,False
KRFP_3548,0.03637924824403939,0.0013248542660307366,True
KRFP_3549,0.2974070691854937,0.09803921568627451,False
KRFP_3550,0.0,0.0,True
KRFP_3551,0.0,0.0,True
KRFP_3552,0.11547480981486241,0.013513513513513514,False
KRFP_3553,0.1440618834946814,0.021197668256491786,False
KRFP_3554,0.0,0.0,True
KRFP_3555,0.0,0.0,True
KRFP_3556,0.0162779253348253,0.00026497085320614734,True
KRFP_3557,0.0,0.0,True
KRFP_3558,0.15746974653955748,0.025437201907790145,False
KRFP_3559,0.3923403242611881,0.18998410174880764,False
KRFP_3560,0.20271553298174932,0.04292527821939587,False
KRFP_3561,0.0,0.0,True
KRFP_3562,0.0,0.0,True
KRFP_3563,0.10974191065063037,0.012188659247482777,False
KRFP_3564,0.0,0.0,True
KRFP_3565,0.0,0.0,True
KRFP_3566,0.0,0.0,True
KRFP_3567,0.09586661749572799,0.009273979862215157,True
KRFP_3568,0.043033084826230104,0.0018547959724430313,True
KRFP_3569,0.0,0.0,True
KRFP_3570,0.0162779253348253,0.00026497085320614734,True
KRFP_3571,0.056306128628777465,0.003179650238473768,True
KRFP_3572,0.12302900139460772,0.015368309485956544,False
KRFP_3573,0.24358430909201984,0.0633280339162692,False
KRFP_3574,0.0162779253348253,0.00026497085320614734,True
KRFP_3575,0.0,0.0,True
KRFP_3576,0.08881456578574354,0.00794912559618442,True
KRFP_3577,0.0,0.0,True
KRFP_3578,0.10855706625815112,0.01192368839427663,False
KRFP_3579,0.07078437807663417,0.005034446210916799,True
KRFP_3580,0.036379248244039396,0.0013248542660307366,True
KRFP_3581,0.023017411889466752,0.0005299417064122947,True
KRFP_3582,0.07783825649409339,0.006094329623741388,True
KRFP_3583,0.023017411889466755,0.0005299417064122947,True
KRFP_3584,0.11547480981486243,0.013513513513513514,False
KRFP_3585,0.14493985174342824,0.021462639109697933,False
KRFP_3586,0.10974191065063037,0.012188659247482777,False
KRFP_3587,0.0,0.0,True
KRFP_3588,0.0,0.0,True
KRFP_3589,0.05391617834663831,0.0029146793852676206,True
KRFP_3590,0.2844422732959695,0.08876523582405936,False
KRFP_3591,0.05859748713461551,0.003444621091679915,True
KRFP_3592,0.47127926463341563,0.332803391626921,False
KRFP_3593,0.0398461826828235,0.001589825119236884,True
KRFP_3594,0.032542905139016295,0.0010598834128245894,True
KRFP_3595,0.2840587058979732,0.08850026497085321,False
KRFP_3596,0.0,0.0,True
KRFP_3597,0.14493985174342824,0.021462639109697933,False
KRFP_3598,0.12611973269324014,0.016163222045574986,False
KRFP_3599,0.08881456578574354,0.00794912559618442,True
KRFP_3600,0.0,0.0,True
KRFP_3601,0.14667858722111343,0.02199258081611023,False
KRFP_3602,0.0,0.0,True
KRFP_3603,0.0,0.0,True
KRFP_3604,0.0,0.0,True
KRFP_3605,0.26888482569666483,0.0784313725490196,False
KRFP_3606,0.0,0.0,True
KRFP_3607,0.09027061680983707,0.008214096449390567,True
KRFP_3608,0.2068481477594962,0.044780074191838895,False
KRFP_3609,0.12813607046146816,0.016693163751987282,False
KRFP_3610,0.05141388915001135,0.002649708532061473,True
KRFP_3611,0.03637924824403939,0.0013248542660307366,True
KRFP_3612,0.036379248244039396,0.0013248542660307366,True
KRFP_3613,0.0,0.0,True
KRFP_3614,0.0,0.0,True
KRFP_3615,0.27380746657467425,0.08161102278749338,False
KRFP_3616,0.03984618268282351,0.001589825119236884,True
KRFP_3617,0.045998196145144186,0.0021197668256491787,True
KRFP_3618,0.03984618268282351,0.001589825119236884,True
KRFP_3619,0.028186720111599613,0.000794912559618442,True
KRFP_3620,0.0,0.0,True
KRFP_3621,0.0,0.0,True
KRFP_3622,0.0,0.0,True
KRFP_3623,0.0,0.0,True
KRFP_3624,0.07439685537382569,0.005564387917329093,True
KRFP_3625,0.0,0.0,True
KRFP_3626,0.0162779253348253,0.00026497085320614734,True
KRFP_3627,0.0,0.0,True
KRFP_3628,0.0,0.0,True
KRFP_3629,0.0,0.0,True
KRFP_3630,0.0,0.0,True
KRFP_3631,0.032542905139016295,0.0010598834128245894,True
KRFP_3632,0.0,0.0,True
KRFP_3633,0.0,0.0,True
KRFP_3634,0.03637924824403939,0.0013248542660307366,True
KRFP_3635,0.06890562778396601,0.0047694753577106515,True
KRFP_3636,0.0,0.0,True
KRFP_3637,0.0,0.0,True
KRFP_3638,0.0,0.0,True
KRFP_3639,0.4814560369061591,0.6351351351351351,False
KRFP_3640,0.09027061680983706,0.008214096449390567,True
KRFP_3641,0.0,0.0,True
KRFP_3642,0.44538389734461076,0.2726550079491256,False
KRFP_3643,0.0,0.0,True
KRFP_3644,0.2033120858211983,0.043190249072602015,False
KRFP_3645,0.4396678177288456,0.26179120296767355,False
KRFP_3646,0.2235219670859957,0.05272919978802332,False
KRFP_3647,0.21482701643644156,0.04848966613672496,False
KRFP_3648,0.06697314719039353,0.0045045045045045045,True
KRFP_3649,0.0,0.0,True
KRFP_3650,0.023017411889466752,0.0005299417064122947,True
KRFP_3651,0.023017411889466752,0.0005299417064122947,True
KRFP_3652,0.0,0.0,True
KRFP_3653,0.159058337446735,0.025967143614202437,False
KRFP_3654,0.1395816882486102,0.01987281399046105,False
KRFP_3655,0.0,0.0,True
KRFP_3656,0.4706169445686401,0.330948595654478,False
KRFP_3657,0.12611973269324014,0.016163222045574986,False
KRFP_3658,0.4887021121664985,0.39401165871754107,False
KRFP_3659,0.47867538237008217,0.35532591414944353,False
KRFP_3660,0.11658575934699483,0.01377848436671966,False
KRFP_3661,0.072613568723527,0.005299417064122946,True
KRFP_3662,0.032542905139016295,0.0010598834128245894,True
KRFP_3663,0.0,0.0,True
KRFP_3664,0.1890219019763541,0.03709591944886063,False
KRFP_3665,0.0,0.0,True
KRFP_3666,0.0,0.0,True
KRFP_3667,0.4445685758683603,0.27106518282988873,False
KRFP_3668,0.045998196145144186,0.0021197668256491787,True
KRFP_3669,0.032542905139016295,0.0010598834128245894,True
KRFP_3670,0.48823744182548034,0.3918918918918919,False
KRFP_3671,0.0,0.0,True
KRFP_3672,0.0,0.0,True
KRFP_3673,0.0162779253348253,0.00026497085320614734,True
KRFP_3674,0.10974191065063037,0.012188659247482777,False
KRFP_3675,0.08733343847501351,0.007684154742978272,True
KRFP_3676,0.04303308482623011,0.0018547959724430313,True
KRFP_3677,0.0,0.0,True
KRFP_3678,0.0,0.0,True
KRFP_3679,0.1120721473945726,0.012718600953895072,False
KRFP_3680,0.3265845605733593,0.12135665076841548,False
KRFP_3681,0.47687416569360164,0.34949655537890834,False
KRFP_3682,0.0,0.0,True
KRFP_3683,0.0,0.0,True
KRFP_3684,0.02301741188946676,0.0005299417064122947,True
KRFP_3685,0.0,0.0,True
KRFP_3686,0.0,0.0,True
KRFP_3687,0.0,0.0,True
KRFP_3688,0.0,0.0,True
KRFP_3689,0.0,0.0,True
KRFP_3690,0.0,0.0,True
KRFP_3691,0.499582283979338,0.4780074191838898,False
KRFP_3692,0.1935031747025077,0.038950715421303655,False
KRFP_3693,0.0,0.0,True
KRFP_3694,0.0,0.0,True
KRFP_3695,0.0,0.0,True
KRFP_3696,0.1320700504838821,0.01775304716481187,False
KRFP_3697,0.10241717725245619,0.010598834128245893,False
KRFP_3698,0.06697314719039353,0.0045045045045045045,True
KRFP_3699,0.045998196145144186,0.0021197668256491787,True
KRFP_3700,0.4729447052932611,0.3375728669846317,False
KRFP_3701,0.04878197670482277,0.0023847376788553257,True
KRFP_3702,0.2904776064336539,0.09300476947535771,False
KRFP_3703,0.4376371121676154,0.2580816110227875,False
KRFP_3704,0.0,0.0,True
KRFP_3705,0.4943702435212385,0.42474827768945417,False
KRFP_3706,0.18507968023529933,0.03550609432962374,False
KRFP_3707,0.11877471563855714,0.014308426073131956,False
KRFP_3708,0.46626329138937717,0.31928987811340753,False
KRFP_3709,0.3504750725718465,0.1433492315845257,False
KRFP_3710,0.0,0.0,True
KRFP_3711,0.4877631141854767,0.3897721250662427,False
KRFP_3712,0.15092967991077022,0.023317435082140965,False
KRFP_3713,0.0,0.0,True
KRFP_3714,0.0,0.0,True
KRFP_3715,0.11321835174271151,0.012983571807101218,False
KRFP_3716,0.023017411889466755,0.0005299417064122947,True
KRFP_3717,0.4606847261547638,0.30551139374668784,False
KRFP_3718,0.47946844567102864,0.357975622681505,False
KRFP_3719,0.0,0.0,True
KRFP_3720,0.45665749142923456,0.2962374138844727,False
KRFP_3721,0.47560117819269687,0.3455219925808161,False
KRFP_3722,0.0,0.0,True
KRFP_3723,0.0,0.0,True
KRFP_3724,0.45522502202229476,0.29305776364599895,False
KRFP_3725,0.15341831376782847,0.024112347641759405,False
KRFP_3726,0.3576115823801439,0.1505034446210917,False
KRFP_3727,0.20567758116358578,0.044250132485426606,False
KRFP_3728,0.24641351331278274,0.06491785903550609,False
KRFP_3729,0.3755474882699656,0.16984631690514043,False
KRFP_3730,0.2068481477594962,0.044780074191838895,False
KRFP_3731,0.04878197670482277,0.0023847376788553257,True
KRFP_3732,0.25907948696791633,0.07233704292527822,False
KRFP_3733,0.0,0.0,True
KRFP_3734,0.1928704601277519,0.03868574456809751,False
KRFP_3735,0.08733343847501353,0.007684154742978272,True
KRFP_3736,0.3854871355487248,0.1815050344462109,False
KRFP_3737,0.21201934679549592,0.047164811870694226,False
KRFP_3738,0.21314784121523564,0.04769475357710652,False
KRFP_3739,0.2970485184804997,0.09777424483306836,False
KRFP_3740,0.1517642216556851,0.023582405935347113,False
KRFP_3741,0.20271553298174932,0.04292527821939587,False
KRFP_3742,0.10114240030644481,0.010333863275039745,False
KRFP_3743,0.427017047310876,0.23979862215156333,False
KRFP_3744,0.0,0.0,True
KRFP_3745,0.2181379018483484,0.050079491255961846,False
KRFP_3746,0.08113035457382699,0.006624271330153683,True
KRFP_3747,0.0,0.0,True
KRFP_3748,0.06890562778396601,0.0047694753577106515,True
KRFP_3749,0.36840528395975,0.16189719130895602,False
KRFP_3750,0.16524306642867043,0.028086910439851617,False
KRFP_3751,0.1566687383389061,0.025172231054583997,False
KRFP_3752,0.06292706003131429,0.00397456279809221,True
KRFP_3753,0.0,0.0,True
KRFP_3754,0.0,0.0,True
KRFP_3755,0.14049015738947215,0.020137784843667197,False
KRFP_3756,0.1395816882486102,0.01987281399046105,False
KRFP_3757,0.060801401459995116,0.0037095919448860626,True
KRFP_3758,0.06697314719039353,0.0045045045045045045,True
KRFP_3759,0.060801401459995116,0.0037095919448860626,True
KRFP_3760,0.0,0.0,True
KRFP_3761,0.0,0.0,True
KRFP_3762,0.07613746357699716,0.005829358770535241,True
KRFP_3763,0.060801401459995116,0.0037095919448860626,True
KRFP_3764,0.0,0.0,True
KRFP_3765,0.11091346543861273,0.012453630100688924,False
KRFP_3766,0.07078437807663417,0.005034446210916799,True
KRFP_3767,0.07613746357699716,0.005829358770535241,True
KRFP_3768,0.0,0.0,True
KRFP_3769,0.02301741188946676,0.0005299417064122947,True
KRFP_3770,0.0,0.0,True
KRFP_3771,0.02818672011159961,0.000794912559618442,True
KRFP_3772,0.2886118146841722,0.09167991520932697,False
KRFP_3773,0.0,0.0,True
KRFP_3774,0.22192378623578346,0.051934287228404874,False
KRFP_3775,0.0162779253348253,0.00026497085320614734,True
KRFP_3776,0.20801077675080595,0.04531001589825119,False
KRFP_3777,0.03984618268282351,0.001589825119236884,True
KRFP_3778,0.0398461826828235,0.001589825119236884,True
KRFP_3779,0.0,0.0,True
KRFP_3780,0.2297760653157726,0.055908850026497085,False
KRFP_3781,0.26038747671447116,0.07313195548489666,False
KRFP_3782,0.06292706003131429,0.00397456279809221,True
KRFP_3783,0.0,0.0,True
KRFP_3784,0.068905627783966,0.0047694753577106515,True
KRFP_3785,0.08582593663750397,0.007419183889772125,True
KRFP_3786,0.19663085445930809,0.040275569687334395,False
KRFP_3787,0.45474158757670735,0.29199788023317436,False
KRFP_3788,0.3284192739530939,0.12294647588765235,False
KRFP_3789,0.22719652396507722,0.054583995760466346,False
KRFP_3790,0.0,0.0,True
KRFP_3791,0.0,0.0,True
KRFP_3792,0.0,0.0,True
KRFP_3793,0.023017411889466755,0.0005299417064122947,True
KRFP_3794,0.12611973269324014,0.016163222045574986,False
KRFP_3795,0.0,0.0,True
KRFP_3796,0.0,0.0,True
KRFP_3797,0.0,0.0,True
KRFP_3798,0.0,0.0,True
KRFP_3799,0.04878197670482278,0.0023847376788553257,True
KRFP_3800,0.0162779253348253,0.00026497085320614734,True
KRFP_3801,0.0,0.0,True
KRFP_3802,0.028186720111599613,0.000794912559618442,True
KRFP_3803,0.0,0.0,True
KRFP_3804,0.0,0.0,True
KRFP_3805,0.24453216304520317,0.0638579756226815,False
KRFP_3806,0.0,0.0,True
KRFP_3807,0.0,0.0,True
KRFP_3808,0.2313063391483977,0.05670376258611553,False
KRFP_3809,0.0,0.0,True
KRFP_3810,0.0,0.0,True
KRFP_3811,0.0,0.0,True
KRFP_3812,0.08113035457382699,0.006624271330153683,True
KRFP_3813,0.13866676101006625,0.0196078431372549,False
KRFP_3814,0.13866676101006625,0.0196078431372549,False
KRFP_3815,0.14049015738947215,0.020137784843667197,False
KRFP_3816,0.0162779253348253,0.00026497085320614734,True
KRFP_3817,0.036379248244039396,0.0013248542660307366,True
KRFP_3818,0.0,0.0,True
KRFP_3819,0.07950178948815584,0.006359300476947536,True
KRFP_3820,0.30025164135145277,0.10015898251192369,False
KRFP_3821,0.0,0.0,True
KRFP_3822,0.0,0.0,True
KRFP_3823,0.0,0.0,True
KRFP_3824,0.0,0.0,True
KRFP_3825,0.0,0.0,True
KRFP_3826,0.0,0.0,True
KRFP_3827,0.0,0.0,True
KRFP_3828,0.0,0.0,True
KRFP_3829,0.0,0.0,True
KRFP_3830,0.0,0.0,True
KRFP_3831,0.0,0.0,True
KRFP_3832,0.0,0.0,True
KRFP_3833,0.0,0.0,True
KRFP_3834,0.0,0.0,True
KRFP_3835,0.0,0.0,True
KRFP_3836,0.0,0.0,True
KRFP_3837,0.0,0.0,True
KRFP_3838,0.0,0.0,True
KRFP_3839,0.0,0.0,True
KRFP_3840,0.0,0.0,True
KRFP_3841,0.0,0.0,True
KRFP_3842,0.0162779253348253,0.00026497085320614734,True
KRFP_3843,0.0363792482440394,0.0013248542660307366,True
KRFP_3844,0.023017411889466755,0.0005299417064122947,True
KRFP_3845,0.0,0.0,True
KRFP_3846,0.0,0.0,True
KRFP_3847,0.0,0.0,True
KRFP_3848,0.058597487134615496,0.003444621091679915,True
KRFP_3849,0.0,0.0,True
KRFP_3850,0.0,0.0,True
KRFP_3851,0.0,0.0,True
KRFP_3852,0.0,0.0,True
KRFP_3853,0.0,0.0,True
KRFP_3854,0.023017411889466752,0.0005299417064122947,True
KRFP_3855,0.0,0.0,True
KRFP_3856,0.02818672011159961,0.000794912559618442,True
KRFP_3857,0.0,0.0,True
KRFP_3858,0.0,0.0,True
KRFP_3859,0.0,0.0,True
KRFP_3860,0.0,0.0,True
KRFP_3861,0.0,0.0,True
KRFP_3862,0.0,0.0,True
KRFP_3863,0.032542905139016295,0.0010598834128245894,True
KRFP_3864,0.0,0.0,True
KRFP_3865,0.1036756036715003,0.01086380498145204,False
KRFP_3866,0.032542905139016295,0.0010598834128245894,True
KRFP_3867,0.068905627783966,0.0047694753577106515,True
KRFP_3868,0.28786040414648384,0.09114997350291468,False
KRFP_3869,0.0,0.0,True
KRFP_3870,0.0,0.0,True
KRFP_3871,0.02818672011159961,0.000794912559618442,True
KRFP_3872,0.04303308482623011,0.0018547959724430313,True
KRFP_3873,0.0,0.0,True
KRFP_3874,0.023017411889466755,0.0005299417064122947,True
KRFP_3875,0.0162779253348253,0.00026497085320614734,True
KRFP_3876,0.0,0.0,True
KRFP_3877,0.0,0.0,True
KRFP_3878,0.0,0.0,True
KRFP_3879,0.023017411889466752,0.0005299417064122947,True
KRFP_3880,0.0,0.0,True
KRFP_3881,0.4151439184966597,0.221250662427133,False
KRFP_3882,0.0,0.0,True
KRFP_3883,0.16599805265642617,0.028351881293057764,False
KRFP_3884,0.0,0.0,True
KRFP_3885,0.0,0.0,True
KRFP_3886,0.028186720111599613,0.000794912559618442,True
KRFP_3887,0.0,0.0,True
KRFP_3888,0.15505294966133376,0.0246422893481717,False
KRFP_3889,0.0,0.0,True
KRFP_3890,0.0,0.0,True
KRFP_3891,0.1558631631074316,0.02490726020137785,False
KRFP_3892,0.06697314719039356,0.0045045045045045045,True
KRFP_3893,0.07950178948815584,0.006359300476947536,True
KRFP_3894,0.0,0.0,True
KRFP_3895,0.0,0.0,True
KRFP_3896,0.02301741188946676,0.0005299417064122947,True
KRFP_3897,0.0,0.0,True
KRFP_3898,0.0,0.0,True
KRFP_3899,0.0,0.0,True
KRFP_3900,0.13011900824516995,0.017223105458399578,False
KRFP_3901,0.0,0.0,True
KRFP_3902,0.0162779253348253,0.00026497085320614734,True
KRFP_3903,0.0,0.0,True
KRFP_3904,0.0,0.0,True
KRFP_3905,0.0,0.0,True
KRFP_3906,0.07613746357699716,0.005829358770535241,True
KRFP_3907,0.0,0.0,True
KRFP_3908,0.0,0.0,True
KRFP_3909,0.02301741188946676,0.0005299417064122947,True
KRFP_3910,0.0,0.0,True
KRFP_3911,0.0,0.0,True
KRFP_3912,0.0,0.0,True
KRFP_3913,0.1036756036715003,0.01086380498145204,False
KRFP_3914,0.11547480981486243,0.013513513513513514,False
KRFP_3915,0.0917027860341428,0.008479067302596715,True
KRFP_3916,0.0,0.0,True
KRFP_3917,0.0,0.0,True
KRFP_3918,0.04303308482623011,0.0018547959724430313,True
KRFP_3919,0.0,0.0,True
KRFP_3920,0.05391617834663831,0.0029146793852676206,True
KRFP_3921,0.02818672011159961,0.000794912559618442,True
KRFP_3922,0.0,0.0,True
KRFP_3923,0.0,0.0,True
KRFP_3924,0.03637924824403939,0.0013248542660307366,True
KRFP_3925,0.30025164135145277,0.10015898251192369,False
KRFP_3926,0.0,0.0,True
KRFP_3927,0.22926309159262243,0.05564387917329094,False
KRFP_3928,0.0,0.0,True
KRFP_3929,0.0,0.0,True
KRFP_3930,0.0,0.0,True
KRFP_3931,0.03984618268282351,0.001589825119236884,True
KRFP_3932,0.0398461826828235,0.001589825119236884,True
KRFP_3933,0.023017411889466755,0.0005299417064122947,True
KRFP_3934,0.0,0.0,True
KRFP_3935,0.016277925334825298,0.00026497085320614734,True
KRFP_3936,0.09311217545142088,0.008744038155802861,True
KRFP_3937,0.04878197670482277,0.0023847376788553257,True
KRFP_3938,0.0,0.0,True
KRFP_3939,0.02818672011159961,0.000794912559618442,True
KRFP_3940,0.0,0.0,True
KRFP_3941,0.2382826594744923,0.06041335453100159,False
KRFP_3942,0.31222302818972025,0.10943296237413884,False
KRFP_3943,0.0,0.0,True
KRFP_3944,0.06697314719039356,0.0045045045045045045,True
KRFP_3945,0.07613746357699716,0.005829358770535241,True
KRFP_3946,0.0,0.0,True
KRFP_3947,0.10241717725245618,0.010598834128245893,False
KRFP_3948,0.09586661749572799,0.009273979862215157,True
KRFP_3949,0.09586661749572799,0.009273979862215157,True
KRFP_3950,0.0,0.0,True
KRFP_3951,0.18640452513698524,0.036036036036036036,False
KRFP_3952,0.0,0.0,True
KRFP_3953,0.0,0.0,True
KRFP_3954,0.2368099293390471,0.05961844197138315,False
KRFP_3955,0.4964668032158576,0.4401165871754107,False
KRFP_3956,0.332928608534133,0.12692103868574456,False
KRFP_3957,0.0,0.0,True
KRFP_3958,0.2343288178734858,0.05829358770535241,False
KRFP_3959,0.0,0.0,True
KRFP_3960,0.023017411889466755,0.0005299417064122947,True
KRFP_3961,0.0,0.0,True
KRFP_3962,0.0,0.0,True
KRFP_3963,0.0,0.0,True
KRFP_3964,0.0,0.0,True
KRFP_3965,0.06498214287438389,0.0042395336512983575,True
KRFP_3966,0.0,0.0,True
KRFP_3967,0.028186720111599613,0.000794912559618442,True
KRFP_3968,0.0,0.0,True
KRFP_3969,0.0,0.0,True
KRFP_3970,0.2528530497640891,0.06862745098039216,False
KRFP_3971,0.0,0.0,True
KRFP_3972,0.0,0.0,True
KRFP_3973,0.0,0.0,True
KRFP_3974,0.0,0.0,True
KRFP_3975,0.0,0.0,True
KRFP_3976,0.0,0.0,True
KRFP_3977,0.0,0.0,True
KRFP_3978,0.0,0.0,True
KRFP_3979,0.0,0.0,True
KRFP_3980,0.0,0.0,True
KRFP_3981,0.0,0.0,True
KRFP_3982,0.04878197670482277,0.0023847376788553257,True
KRFP_3983,0.0,0.0,True
KRFP_3984,0.0,0.0,True
KRFP_3985,0.0,0.0,True
KRFP_3986,0.0,0.0,True
KRFP_3987,0.0,0.0,True
KRFP_3988,0.07078437807663418,0.005034446210916799,True
KRFP_3989,0.036379248244039396,0.0013248542660307366,True
KRFP_3990,0.0931121754514209,0.008744038155802861,True
KRFP_3991,0.0,0.0,True
KRFP_3992,0.0,0.0,True
KRFP_3993,0.0,0.0,True
KRFP_3994,0.0,0.0,True
KRFP_3995,0.13011900824516995,0.017223105458399578,False
KRFP_3996,0.032542905139016295,0.0010598834128245894,True
KRFP_3997,0.1492451859036734,0.02278749337572867,False
KRFP_3998,0.06292706003131429,0.00397456279809221,True
KRFP_3999,0.4273396003176937,0.24032856385797563,False
KRFP_4000,0.0,0.0,True
KRFP_4001,0.0,0.0,True
KRFP_4002,0.032542905139016295,0.0010598834128245894,True
KRFP_4003,0.0,0.0,True
KRFP_4004,0.16971640773879199,0.0296767355590885,False
KRFP_4005,0.12509853516641972,0.01589825119236884,False
KRFP_4006,0.0,0.0,True
KRFP_4007,0.0,0.0,True
KRFP_4008,0.0,0.0,True
KRFP_4009,0.0,0.0,True
KRFP_4010,0.0,0.0,True
KRFP_4011,0.0,0.0,True
KRFP_4012,0.0,0.0,True
KRFP_4013,0.0,0.0,True
KRFP_4014,0.08881456578574354,0.00794912559618442,True
KRFP_4015,0.0,0.0,True
KRFP_4016,0.0,0.0,True
KRFP_4017,0.0162779253348253,0.00026497085320614734,True
KRFP_4018,0.27461574774074093,0.08214096449390568,False
KRFP_4019,0.02301741188946676,0.0005299417064122947,True
KRFP_4020,0.16898011378383818,0.029411764705882353,False
KRFP_4021,0.08272601693788842,0.00688924218335983,True
KRFP_4022,0.18837152651725114,0.03683094859565448,False
KRFP_4023,0.0162779253348253,0.00026497085320614734,True
KRFP_4024,0.0,0.0,True
KRFP_4025,0.0,0.0,True
KRFP_4026,0.06292706003131429,0.00397456279809221,True
KRFP_4027,0.1198533240539789,0.014573396926338102,False
KRFP_4028,0.0,0.0,True
KRFP_4029,0.0,0.0,True
KRFP_4030,0.0,0.0,True
KRFP_4031,0.32097025367188137,0.11658717541070482,False
KRFP_4032,0.0,0.0,True
KRFP_4033,0.0,0.0,True
KRFP_4034,0.0,0.0,True
KRFP_4035,0.0,0.0,True
KRFP_4036,0.0,0.0,True
KRFP_4037,0.0,0.0,True
KRFP_4038,0.05391617834663831,0.0029146793852676206,True
KRFP_4039,0.0,0.0,True
KRFP_4040,0.0,0.0,True
KRFP_4041,0.0,0.0,True
KRFP_4042,0.0,0.0,True
KRFP_4043,0.0162779253348253,0.00026497085320614734,True
KRFP_4044,0.0162779253348253,0.00026497085320614734,True
KRFP_4045,0.10614572355144208,0.011393746687864335,False
KRFP_4046,0.0,0.0,True
KRFP_4047,0.0,0.0,True
KRFP_4048,0.0,0.0,True
KRFP_4049,0.023017411889466755,0.0005299417064122947,True
KRFP_4050,0.023017411889466755,0.0005299417064122947,True
KRFP_4051,0.0162779253348253,0.00026497085320614734,True
KRFP_4052,0.15505294966133376,0.0246422893481717,False
KRFP_4053,0.0,0.0,True
KRFP_4054,0.0162779253348253,0.00026497085320614734,True
KRFP_4055,0.0,0.0,True
KRFP_4056,0.0,0.0,True
KRFP_4057,0.0,0.0,True
KRFP_4058,0.0,0.0,True
KRFP_4059,0.0,0.0,True
KRFP_4060,0.0,0.0,True
KRFP_4061,0.0162779253348253,0.00026497085320614734,True
KRFP_4062,0.0,0.0,True
KRFP_4063,0.0398461826828235,0.001589825119236884,True
KRFP_4064,0.07261356872352699,0.005299417064122946,True
KRFP_4065,0.0,0.0,True
KRFP_4066,0.2663751587844292,0.07684154742978272,False
KRFP_4067,0.0,0.0,True
KRFP_4068,0.0,0.0,True
KRFP_4069,0.0,0.0,True
KRFP_4070,0.0162779253348253,0.00026497085320614734,True
KRFP_4071,0.0,0.0,True
KRFP_4072,0.06890562778396601,0.0047694753577106515,True
KRFP_4073,0.07078437807663417,0.005034446210916799,True
KRFP_4074,0.0162779253348253,0.00026497085320614734,True
KRFP_4075,0.0162779253348253,0.00026497085320614734,True
KRFP_4076,0.045998196145144186,0.0021197668256491787,True
KRFP_4077,0.0,0.0,True
KRFP_4078,0.0,0.0,True
KRFP_4079,0.4718404229167004,0.3343932167461579,False
KRFP_4080,0.2840587058979732,0.08850026497085321,False
KRFP_4081,0.0162779253348253,0.00026497085320614734,True
KRFP_4082,0.02818672011159961,0.000794912559618442,True
KRFP_4083,0.0,0.0,True
KRFP_4084,0.0,0.0,True
KRFP_4085,0.04599819614514418,0.0021197668256491787,True
KRFP_4086,0.0,0.0,True
KRFP_4087,0.0162779253348253,0.00026497085320614734,True
KRFP_4088,0.0,0.0,True
KRFP_4089,0.0,0.0,True
KRFP_4090,0.0,0.0,True
KRFP_4091,0.0,0.0,True
KRFP_4092,0.0,0.0,True
KRFP_4093,0.0,0.0,True
KRFP_4094,0.0,0.0,True
KRFP_4095,0.0,0.0,True
KRFP_4096,0.0,0.0,True
KRFP_4097,0.0,0.0,True
KRFP_4098,0.0,0.0,True
KRFP_4099,0.0,0.0,True
KRFP_4100,0.0,0.0,True
KRFP_4101,0.0,0.0,True
KRFP_4102,0.0,0.0,True
KRFP_4103,0.0,0.0,True
KRFP_4104,0.016277925334825298,0.00026497085320614734,True
KRFP_4105,0.0,0.0,True
KRFP_4106,0.0,0.0,True
KRFP_4107,0.0,0.0,True
KRFP_4108,0.0,0.0,True
KRFP_4109,0.0,0.0,True
KRFP_4110,0.0,0.0,True
KRFP_4111,0.0,0.0,True
KRFP_4112,0.03254290513901629,0.0010598834128245894,True
KRFP_4113,0.0162779253348253,0.00026497085320614734,True
KRFP_4114,0.0,0.0,True
KRFP_4115,0.05391617834663831,0.0029146793852676206,True
KRFP_4116,0.2137093608848105,0.04795972443031266,False
KRFP_4117,0.0,0.0,True
KRFP_4118,0.0,0.0,True
KRFP_4119,0.0,0.0,True
KRFP_4120,0.03254290513901629,0.0010598834128245894,True
KRFP_4121,0.0162779253348253,0.00026497085320614734,True
KRFP_4122,0.0,0.0,True
KRFP_4123,0.0,0.0,True
KRFP_4124,0.0,0.0,True
KRFP_4125,0.0,0.0,True
KRFP_4126,0.0162779253348253,0.00026497085320614734,True
KRFP_4127,0.0162779253348253,0.00026497085320614734,True
KRFP_4128,0.0,0.0,True
KRFP_4129,0.0,0.0,True
KRFP_4130,0.0,0.0,True
KRFP_4131,0.0,0.0,True
KRFP_4132,0.0,0.0,True
KRFP_4133,0.0,0.0,True
KRFP_4134,0.0,0.0,True
KRFP_4135,0.0,0.0,True
KRFP_4136,0.0,0.0,True
KRFP_4137,0.0,0.0,True
KRFP_4138,0.0162779253348253,0.00026497085320614734,True
KRFP_4139,0.0,0.0,True
KRFP_4140,0.0,0.0,True
KRFP_4141,0.0162779253348253,0.00026497085320614734,True
KRFP_4142,0.032542905139016295,0.0010598834128245894,True
KRFP_4143,0.0,0.0,True
KRFP_4144,0.0,0.0,True
KRFP_4145,0.0,0.0,True
KRFP_4146,0.0,0.0,True
KRFP_4147,0.0,0.0,True
KRFP_4148,0.0,0.0,True
KRFP_4149,0.07078437807663418,0.005034446210916799,True
KRFP_4150,0.0,0.0,True
KRFP_4151,0.0,0.0,True
KRFP_4152,0.0,0.0,True
KRFP_4153,0.0,0.0,True
KRFP_4154,0.0162779253348253,0.00026497085320614734,True
KRFP_4155,0.023017411889466755,0.0005299417064122947,True
KRFP_4156,0.0,0.0,True
KRFP_4157,0.0,0.0,True
KRFP_4158,0.032542905139016295,0.0010598834128245894,True
KRFP_4159,0.0,0.0,True
KRFP_4160,0.0,0.0,True
KRFP_4161,0.0,0.0,True
KRFP_4162,0.023017411889466755,0.0005299417064122947,True
KRFP_4163,0.0,0.0,True
KRFP_4164,0.0,0.0,True
KRFP_4165,0.0,0.0,True
KRFP_4166,0.03254290513901629,0.0010598834128245894,True
KRFP_4167,0.0,0.0,True
KRFP_4168,0.04878197670482277,0.0023847376788553257,True
KRFP_4169,0.0,0.0,True
KRFP_4170,0.0,0.0,True
KRFP_4171,0.0,0.0,True
KRFP_4172,0.023017411889466755,0.0005299417064122947,True
KRFP_4173,0.0,0.0,True
KRFP_4174,0.032542905139016295,0.0010598834128245894,True
KRFP_4175,0.0,0.0,True
KRFP_4176,0.0,0.0,True
KRFP_4177,0.032542905139016295,0.0010598834128245894,True
KRFP_4178,0.0,0.0,True
KRFP_4179,0.0,0.0,True
KRFP_4180,0.0,0.0,True
KRFP_4181,0.0,0.0,True
KRFP_4182,0.0,0.0,True
KRFP_4183,0.0,0.0,True
KRFP_4184,0.0,0.0,True
KRFP_4185,0.0,0.0,True
KRFP_4186,0.0,0.0,True
KRFP_4187,0.060801401459995116,0.0037095919448860626,True
KRFP_4188,0.0,0.0,True
KRFP_4189,0.0,0.0,True
KRFP_4190,0.09449980429527706,0.009009009009009009,True
KRFP_4191,0.0162779253348253,0.00026497085320614734,True
KRFP_4192,0.0398461826828235,0.001589825119236884,True
KRFP_4193,0.0,0.0,True
KRFP_4194,0.0,0.0,True
KRFP_4195,0.0,0.0,True
KRFP_4196,0.0,0.0,True
KRFP_4197,0.0,0.0,True
KRFP_4198,0.0,0.0,True
KRFP_4199,0.0,0.0,True
KRFP_4200,0.0,0.0,True
KRFP_4201,0.0,0.0,True
KRFP_4202,0.0,0.0,True
KRFP_4203,0.0,0.0,True
KRFP_4204,0.028186720111599613,0.000794912559618442,True
KRFP_4205,0.0,0.0,True
KRFP_4206,0.0,0.0,True
KRFP_4207,0.0,0.0,True
KRFP_4208,0.023017411889466755,0.0005299417064122947,True
KRFP_4209,0.0,0.0,True
KRFP_4210,0.0,0.0,True
KRFP_4211,0.0,0.0,True
KRFP_4212,0.0,0.0,True
KRFP_4213,0.0,0.0,True
KRFP_4214,0.0,0.0,True
KRFP_4215,0.0,0.0,True
KRFP_4216,0.0,0.0,True
KRFP_4217,0.0,0.0,True
KRFP_4218,0.0,0.0,True
KRFP_4219,0.0,0.0,True
KRFP_4220,0.0,0.0,True
KRFP_4221,0.0,0.0,True
KRFP_4222,0.0,0.0,True
KRFP_4223,0.0,0.0,True
KRFP_4224,0.0,0.0,True
KRFP_4225,0.0,0.0,True
KRFP_4226,0.0,0.0,True
KRFP_4227,0.0,0.0,True
KRFP_4228,0.0,0.0,True
KRFP_4229,0.0,0.0,True
KRFP_4230,0.06498214287438389,0.0042395336512983575,True
KRFP_4231,0.0,0.0,True
KRFP_4232,0.0,0.0,True
KRFP_4233,0.0,0.0,True
KRFP_4234,0.0,0.0,True
KRFP_4235,0.0,0.0,True
KRFP_4236,0.2729957632850457,0.08108108108108109,False
KRFP_4237,0.023017411889466755,0.0005299417064122947,True
KRFP_4238,0.0,0.0,True
KRFP_4239,0.0,0.0,True
KRFP_4240,0.032542905139016295,0.0010598834128245894,True
KRFP_4241,0.0162779253348253,0.00026497085320614734,True
KRFP_4242,0.03984618268282351,0.001589825119236884,True
KRFP_4243,0.13774524698656765,0.019342872284048754,False
KRFP_4244,0.0162779253348253,0.00026497085320614734,True
KRFP_4245,0.06498214287438389,0.0042395336512983575,True
KRFP_4246,0.06498214287438389,0.0042395336512983575,True
KRFP_4247,0.016277925334825298,0.00026497085320614734,True
KRFP_4248,0.0,0.0,True
KRFP_4249,0.04878197670482277,0.0023847376788553257,True
KRFP_4250,0.0162779253348253,0.00026497085320614734,True
KRFP_4251,0.0162779253348253,0.00026497085320614734,True
KRFP_4252,0.0162779253348253,0.00026497085320614734,True
KRFP_4253,0.124068366518749,0.01563328033916269,False
KRFP_4254,0.0,0.0,True
KRFP_4255,0.032542905139016295,0.0010598834128245894,True
KRFP_4256,0.0,0.0,True
KRFP_4257,0.0162779253348253,0.00026497085320614734,True
KRFP_4258,0.03637924824403939,0.0013248542660307366,True
KRFP_4259,0.15826625705259292,0.02570217276099629,False
KRFP_4260,0.0,0.0,True
KRFP_4261,0.0162779253348253,0.00026497085320614734,True
KRFP_4262,0.0,0.0,True
KRFP_4263,0.05391617834663831,0.0029146793852676206,True
KRFP_4264,0.016277925334825298,0.00026497085320614734,True
KRFP_4265,0.0162779253348253,0.00026497085320614734,True
KRFP_4266,0.03254290513901629,0.0010598834128245894,True
KRFP_4267,0.1492451859036734,0.02278749337572867,False
KRFP_4268,0.023017411889466755,0.0005299417064122947,True
KRFP_4269,0.0162779253348253,0.00026497085320614734,True
KRFP_4270,0.0,0.0,True
KRFP_4271,0.0,0.0,True
KRFP_4272,0.0,0.0,True
KRFP_4273,0.02818672011159961,0.000794912559618442,True
KRFP_4274,0.028186720111599613,0.000794912559618442,True
KRFP_4275,0.0,0.0,True
KRFP_4276,0.0,0.0,True
KRFP_4277,0.0,0.0,True
KRFP_4278,0.0,0.0,True
KRFP_4279,0.0,0.0,True
KRFP_4280,0.07261356872352699,0.005299417064122946,True
KRFP_4281,0.0,0.0,True
KRFP_4282,0.07950178948815584,0.006359300476947536,True
KRFP_4283,0.0,0.0,True
KRFP_4284,0.06697314719039353,0.0045045045045045045,True
KRFP_4285,0.1154748098148624,0.013513513513513514,False
KRFP_4286,0.24920045550286585,0.06650768415474298,False
KRFP_4287,0.0,0.0,True
KRFP_4288,0.043033084826230104,0.0018547959724430313,True
KRFP_4289,0.0,0.0,True
KRFP_4290,0.0162779253348253,0.00026497085320614734,True
KRFP_4291,0.0,0.0,True
KRFP_4292,0.0778382564940934,0.006094329623741388,True
KRFP_4293,0.11435245368910524,0.013248542660307366,False
KRFP_4294,0.1598460535793064,0.026232114467408585,False
KRFP_4295,0.04878197670482277,0.0023847376788553257,True
KRFP_4296,0.0,0.0,True
KRFP_4297,0.0,0.0,True
KRFP_4298,0.0,0.0,True
KRFP_4299,0.0,0.0,True
KRFP_4300,0.10241717725245619,0.010598834128245893,False
KRFP_4301,0.10241717725245619,0.010598834128245893,False
KRFP_4302,0.0,0.0,True
KRFP_4303,0.0,0.0,True
KRFP_4304,0.0,0.0,True
KRFP_4305,0.0,0.0,True
KRFP_4306,0.0,0.0,True
KRFP_4307,0.0,0.0,True
KRFP_4308,0.0,0.0,True
KRFP_4309,0.0,0.0,True
KRFP_4310,0.0,0.0,True
KRFP_4311,0.18706286586287701,0.036301006889242184,False
KRFP_4312,0.0,0.0,True
KRFP_4313,0.0,0.0,True
KRFP_4314,0.0,0.0,True
KRFP_4315,0.0,0.0,True
KRFP_4316,0.045998196145144186,0.0021197668256491787,True
KRFP_4317,0.053916178346638303,0.0029146793852676206,True
KRFP_4318,0.0,0.0,True
KRFP_4319,0.29989836497516886,0.09989401165871754,False
KRFP_4320,0.036379248244039396,0.0013248542660307366,True
KRFP_4321,0.043033084826230104,0.0018547959724430313,True
KRFP_4322,0.0,0.0,True
KRFP_4323,0.058597487134615496,0.003444621091679915,True
KRFP_4324,0.0162779253348253,0.00026497085320614734,True
KRFP_4325,0.197249371146066,0.04054054054054054,False
KRFP_4326,0.032542905139016295,0.0010598834128245894,True
KRFP_4327,0.29989836497516886,0.09989401165871754,False
KRFP_4328,0.29989836497516886,0.09989401165871754,False
KRFP_4329,0.032542905139016295,0.0010598834128245894,True
KRFP_4330,0.3762450127610152,0.8293587705352411,False
KRFP_4331,0.0,0.0,True
KRFP_4332,0.0,0.0,True
KRFP_4333,0.0,0.0,True
KRFP_4334,0.08881456578574354,0.00794912559618442,True
KRFP_4335,0.08113035457382697,0.006624271330153683,True
KRFP_4336,0.0162779253348253,0.00026497085320614734,True
KRFP_4337,0.0,0.0,True
KRFP_4338,0.0,0.0,True
KRFP_4339,0.0,0.0,True
KRFP_4340,0.0,0.0,True
KRFP_4341,0.0,0.0,True
KRFP_4342,0.0,0.0,True
KRFP_4343,0.0,0.0,True
KRFP_4344,0.0,0.0,True
KRFP_4345,0.0,0.0,True
KRFP_4346,0.0,0.0,True
KRFP_4347,0.0,0.0,True
KRFP_4348,0.0,0.0,True
KRFP_4349,0.0,0.0,True
KRFP_4350,0.0,0.0,True
KRFP_4351,0.0,0.0,True
KRFP_4352,0.0,0.0,True
KRFP_4353,0.0,0.0,True
KRFP_4354,0.0,0.0,True
KRFP_4355,0.10491826790705251,0.011128775834658187,False
KRFP_4356,0.0,0.0,True
KRFP_4357,0.0,0.0,True
KRFP_4358,0.0,0.0,True
KRFP_4359,0.0162779253348253,0.00026497085320614734,True
KRFP_4360,0.0,0.0,True
KRFP_4361,0.0,0.0,True
KRFP_4362,0.0,0.0,True
KRFP_4363,0.0,0.0,True
KRFP_4364,0.0,0.0,True
KRFP_4365,0.0,0.0,True
KRFP_4366,0.0,0.0,True
KRFP_4367,0.016277925334825298,0.00026497085320614734,True
KRFP_4368,0.0,0.0,True
KRFP_4369,0.0,0.0,True
KRFP_4370,0.0,0.0,True
KRFP_4371,0.0,0.0,True
KRFP_4372,0.0,0.0,True
KRFP_4373,0.0,0.0,True
KRFP_4374,0.09985064660188381,0.010068892421833599,True
KRFP_4375,0.0,0.0,True
KRFP_4376,0.0,0.0,True
KRFP_4377,0.0,0.0,True
KRFP_4378,0.0,0.0,True
KRFP_4379,0.0,0.0,True
KRFP_4380,0.0,0.0,True
KRFP_4381,0.0,0.0,True
KRFP_4382,0.0162779253348253,0.00026497085320614734,True
KRFP_4383,0.0162779253348253,0.00026497085320614734,True
KRFP_4384,0.0,0.0,True
KRFP_4385,0.0,0.0,True
KRFP_4386,0.05141388915001135,0.002649708532061473,True
KRFP_4387,0.09985064660188381,0.010068892421833599,True
KRFP_4388,0.0,0.0,True
KRFP_4389,0.0,0.0,True
KRFP_4390,0.0,0.0,True
KRFP_4391,0.0,0.0,True
KRFP_4392,0.04878197670482278,0.0023847376788553257,True
KRFP_4393,0.15259373910885518,0.02384737678855326,False
KRFP_4394,0.0,0.0,True
KRFP_4395,0.0,0.0,True
KRFP_4396,0.051413889150011355,0.002649708532061473,True
KRFP_4397,0.3512823751240253,0.14414414414414414,False
KRFP_4398,0.4363100088925548,0.25569687334393215,False
KRFP_4399,0.0,0.0,True
KRFP_4400,0.0,0.0,True
KRFP_4401,0.0,0.0,True
KRFP_4402,0.0,0.0,True
KRFP_4403,0.0,0.0,True
KRFP_4404,0.0,0.0,True
KRFP_4405,0.0,0.0,True
KRFP_4406,0.0,0.0,True
KRFP_4407,0.1431780411667251,0.020932697403285638,False
KRFP_4408,0.016277925334825298,0.00026497085320614734,True
KRFP_4409,0.1534183137678285,0.024112347641759405,False
KRFP_4410,0.10114240030644481,0.010333863275039745,False
KRFP_4411,0.0,0.0,True
KRFP_4412,0.05141388915001135,0.002649708532061473,True
KRFP_4413,0.0,0.0,True
KRFP_4414,0.0,0.0,True
KRFP_4415,0.0162779253348253,0.00026497085320614734,True
KRFP_4416,0.0,0.0,True
KRFP_4417,0.17828422779063585,0.03285638579756227,False
KRFP_4418,0.0,0.0,True
KRFP_4419,0.0,0.0,True
KRFP_4420,0.0,0.0,True
KRFP_4421,0.0,0.0,True
KRFP_4422,0.0,0.0,True
KRFP_4423,0.0,0.0,True
KRFP_4424,0.0,0.0,True
KRFP_4425,0.0,0.0,True
KRFP_4426,0.0,0.0,True
KRFP_4427,0.0,0.0,True
KRFP_4428,0.0,0.0,True
KRFP_4429,0.0,0.0,True
KRFP_4430,0.0,0.0,True
KRFP_4431,0.0,0.0,True
KRFP_4432,0.0,0.0,True
KRFP_4433,0.0,0.0,True
KRFP_4434,0.0,0.0,True
KRFP_4435,0.0,0.0,True
KRFP_4436,0.0,0.0,True
KRFP_4437,0.0,0.0,True
KRFP_4438,0.0,0.0,True
KRFP_4439,0.02301741188946676,0.0005299417064122947,True
KRFP_4440,0.0,0.0,True
KRFP_4441,0.0,0.0,True
KRFP_4442,0.0,0.0,True
KRFP_4443,0.0,0.0,True
KRFP_4444,0.0,0.0,True
KRFP_4445,0.0,0.0,True
KRFP_4446,0.0,0.0,True
KRFP_4447,0.0,0.0,True
KRFP_4448,0.0,0.0,True
KRFP_4449,0.03984618268282351,0.001589825119236884,True
KRFP_4450,0.0,0.0,True
KRFP_4451,0.02301741188946676,0.0005299417064122947,True
KRFP_4452,0.0162779253348253,0.00026497085320614734,True
KRFP_4453,0.0,0.0,True
KRFP_4454,0.0,0.0,True
KRFP_4455,0.0,0.0,True
KRFP_4456,0.0162779253348253,0.00026497085320614734,True
KRFP_4457,0.0,0.0,True
KRFP_4458,0.0,0.0,True
KRFP_4459,0.0,0.0,True
KRFP_4460,0.0,0.0,True
KRFP_4461,0.0,0.0,True
KRFP_4462,0.0,0.0,True
KRFP_4463,0.0162779253348253,0.00026497085320614734,True
KRFP_4464,0.0,0.0,True
KRFP_4465,0.0,0.0,True
KRFP_4466,0.0,0.0,True
KRFP_4467,0.03984618268282351,0.001589825119236884,True
KRFP_4468,0.0,0.0,True
KRFP_4469,0.0,0.0,True
KRFP_4470,0.0,0.0,True
KRFP_4471,0.09985064660188381,0.010068892421833599,True
KRFP_4472,0.0,0.0,True
KRFP_4473,0.05630612862877747,0.003179650238473768,True
KRFP_4474,0.0,0.0,True
KRFP_4475,0.0,0.0,True
KRFP_4476,0.0,0.0,True
KRFP_4477,0.0,0.0,True
KRFP_4478,0.07078437807663418,0.005034446210916799,True
KRFP_4479,0.0,0.0,True
KRFP_4480,0.07078437807663418,0.005034446210916799,True
KRFP_4481,0.0,0.0,True
KRFP_4482,0.036379248244039396,0.0013248542660307366,True
KRFP_4483,0.023017411889466755,0.0005299417064122947,True
KRFP_4484,0.023017411889466755,0.0005299417064122947,True
KRFP_4485,0.0398461826828235,0.001589825119236884,True
KRFP_4486,0.028186720111599613,0.000794912559618442,True
KRFP_4487,0.0,0.0,True
KRFP_4488,0.051413889150011355,0.002649708532061473,True
KRFP_4489,0.023017411889466755,0.0005299417064122947,True
KRFP_4490,0.0162779253348253,0.00026497085320614734,True
KRFP_4491,0.04303308482623011,0.0018547959724430313,True
KRFP_4492,0.0,0.0,True
KRFP_4493,0.023017411889466755,0.0005299417064122947,True
KRFP_4494,0.43778351766721757,0.25834658187599363,False
KRFP_4495,0.0398461826828235,0.001589825119236884,True
KRFP_4496,0.0162779253348253,0.00026497085320614734,True
KRFP_4497,0.02818672011159961,0.000794912559618442,True
KRFP_4498,0.045998196145144186,0.0021197668256491787,True
KRFP_4499,0.0,0.0,True
KRFP_4500,0.0,0.0,True
KRFP_4501,0.032542905139016295,0.0010598834128245894,True
KRFP_4502,0.056306128628777465,0.003179650238473768,True
KRFP_4503,0.0,0.0,True
KRFP_4504,0.0162779253348253,0.00026497085320614734,True
KRFP_4505,0.0,0.0,True
KRFP_4506,0.0,0.0,True
KRFP_4507,0.0,0.0,True
KRFP_4508,0.0,0.0,True
KRFP_4509,0.0,0.0,True
KRFP_4510,0.0,0.0,True
KRFP_4511,0.0,0.0,True
KRFP_4512,0.0,0.0,True
KRFP_4513,0.0,0.0,True
KRFP_4514,0.0162779253348253,0.00026497085320614734,True
KRFP_4515,0.17758820668450226,0.03259141494435612,False
KRFP_4516,0.0,0.0,True
KRFP_4517,0.0,0.0,True
KRFP_4518,0.11321835174271151,0.012983571807101218,False
KRFP_4519,0.04878197670482277,0.0023847376788553257,True
KRFP_4520,0.2114523429322577,0.04689984101748808,False
KRFP_4521,0.19350317470250772,0.038950715421303655,False
KRFP_4522,0.1566687383389061,0.025172231054583997,False
KRFP_4523,0.13866676101006625,0.0196078431372549,False
KRFP_4524,0.1358819215906116,0.01881293057763646,False
KRFP_4525,0.0,0.0,True
KRFP_4526,0.0,0.0,True
KRFP_4527,0.0,0.0,True
KRFP_4528,0.0,0.0,True
KRFP_4529,0.0,0.0,True
KRFP_4530,0.07261356872352699,0.005299417064122946,True
KRFP_4531,0.0,0.0,True
KRFP_4532,0.032542905139016295,0.0010598834128245894,True
KRFP_4533,0.0,0.0,True
KRFP_4534,0.0,0.0,True
KRFP_4535,0.0,0.0,True
KRFP_4536,0.09311217545142088,0.008744038155802861,True
KRFP_4537,0.06498214287438389,0.0042395336512983575,True
KRFP_4538,0.0162779253348253,0.00026497085320614734,True
KRFP_4539,0.0162779253348253,0.00026497085320614734,True
KRFP_4540,0.045998196145144186,0.0021197668256491787,True
KRFP_4541,0.02818672011159961,0.000794912559618442,True
KRFP_4542,0.0,0.0,True
KRFP_4543,0.0,0.0,True
KRFP_4544,0.0,0.0,True
KRFP_4545,0.0,0.0,True
KRFP_4546,0.0,0.0,True
KRFP_4547,0.0,0.0,True
KRFP_4548,0.0,0.0,True
KRFP_4549,0.0,0.0,True
KRFP_4550,0.0,0.0,True
KRFP_4551,0.023017411889466755,0.0005299417064122947,True
KRFP_4552,0.0,0.0,True
KRFP_4553,0.0,0.0,True
KRFP_4554,0.0,0.0,True
KRFP_4555,0.02301741188946676,0.0005299417064122947,True
KRFP_4556,0.02818672011159961,0.000794912559618442,True
KRFP_4557,0.0,0.0,True
KRFP_4558,0.0,0.0,True
KRFP_4559,0.0,0.0,True
KRFP_4560,0.0,0.0,True
KRFP_4561,0.045998196145144186,0.0021197668256491787,True
KRFP_4562,0.0,0.0,True
KRFP_4563,0.0,0.0,True
KRFP_4564,0.0,0.0,True
KRFP_4565,0.0,0.0,True
KRFP_4566,0.0,0.0,True
KRFP_4567,0.0,0.0,True
KRFP_4568,0.0,0.0,True
KRFP_4569,0.0,0.0,True
KRFP_4570,0.0,0.0,True
KRFP_4571,0.0,0.0,True
KRFP_4572,0.0,0.0,True
KRFP_4573,0.0,0.0,True
KRFP_4574,0.0,0.0,True
KRFP_4575,0.0,0.0,True
KRFP_4576,0.0,0.0,True
KRFP_4577,0.0,0.0,True
KRFP_4578,0.0,0.0,True
KRFP_4579,0.0,0.0,True
KRFP_4580,0.0,0.0,True
KRFP_4581,0.0,0.0,True
KRFP_4582,0.05859748713461551,0.003444621091679915,True
KRFP_4583,0.02301741188946676,0.0005299417064122947,True
KRFP_4584,0.0,0.0,True
KRFP_4585,0.0,0.0,True
KRFP_4586,0.0,0.0,True
KRFP_4587,0.0,0.0,True
KRFP_4588,0.02301741188946676,0.0005299417064122947,True
KRFP_4589,0.0162779253348253,0.00026497085320614734,True
KRFP_4590,0.1997007657040222,0.04160042395336513,False
KRFP_4591,0.0,0.0,True
KRFP_4592,0.08429064519398219,0.007154213036565978,True
KRFP_4593,0.06498214287438389,0.0042395336512983575,True
KRFP_4594,0.023017411889466752,0.0005299417064122947,True
KRFP_4595,0.0,0.0,True
KRFP_4596,0.0,0.0,True
KRFP_4597,0.023017411889466752,0.0005299417064122947,True
KRFP_4598,0.023017411889466755,0.0005299417064122947,True
KRFP_4599,0.0162779253348253,0.00026497085320614734,True
KRFP_4600,0.0162779253348253,0.00026497085320614734,True
KRFP_4601,0.18706286586287701,0.036301006889242184,False
KRFP_4602,0.0,0.0,True
KRFP_4603,0.0,0.0,True
KRFP_4604,0.0,0.0,True
KRFP_4605,0.0,0.0,True
KRFP_4606,0.0,0.0,True
KRFP_4607,0.05141388915001135,0.002649708532061473,True
KRFP_4608,0.0,0.0,True
KRFP_4609,0.06292706003131429,0.00397456279809221,True
KRFP_4610,0.0,0.0,True
KRFP_4611,0.04878197670482277,0.0023847376788553257,True
KRFP_4612,0.045998196145144186,0.0021197668256491787,True
KRFP_4613,0.0,0.0,True
KRFP_4614,0.0,0.0,True
KRFP_4615,0.0,0.0,True
KRFP_4616,0.0,0.0,True
KRFP_4617,0.0,0.0,True
KRFP_4618,0.0,0.0,True
KRFP_4619,0.0,0.0,True
KRFP_4620,0.0,0.0,True
KRFP_4621,0.0162779253348253,0.00026497085320614734,True
KRFP_4622,0.0162779253348253,0.00026497085320614734,True
KRFP_4623,0.0,0.0,True
KRFP_4624,0.0,0.0,True
KRFP_4625,0.0,0.0,True
KRFP_4626,0.0,0.0,True
KRFP_4627,0.0,0.0,True
KRFP_4628,0.0,0.0,True
KRFP_4629,0.0,0.0,True
KRFP_4630,0.0,0.0,True
KRFP_4631,0.0,0.0,True
KRFP_4632,0.04878197670482278,0.0023847376788553257,True
KRFP_4633,0.0,0.0,True
KRFP_4634,0.0,0.0,True
KRFP_4635,0.0,0.0,True
KRFP_4636,0.0,0.0,True
KRFP_4637,0.0,0.0,True
KRFP_4638,0.0,0.0,True
KRFP_4639,0.0,0.0,True
KRFP_4640,0.0,0.0,True
KRFP_4641,0.0,0.0,True
KRFP_4642,0.0,0.0,True
KRFP_4643,0.0,0.0,True
KRFP_4644,0.07783825649409339,0.006094329623741388,True
KRFP_4645,0.0,0.0,True
KRFP_4646,0.0,0.0,True
KRFP_4647,0.0,0.0,True
KRFP_4648,0.0,0.0,True
KRFP_4649,0.05141388915001135,0.002649708532061473,True
KRFP_4650,0.0,0.0,True
KRFP_4651,0.0,0.0,True
KRFP_4652,0.0,0.0,True
KRFP_4653,0.0,0.0,True
KRFP_4654,0.0,0.0,True
KRFP_4655,0.0,0.0,True
KRFP_4656,0.0,0.0,True
KRFP_4657,0.0,0.0,True
KRFP_4658,0.0363792482440394,0.0013248542660307366,True
KRFP_4659,0.0,0.0,True
KRFP_4660,0.0162779253348253,0.00026497085320614734,True
KRFP_4661,0.0,0.0,True
KRFP_4662,0.0162779253348253,0.00026497085320614734,True
KRFP_4663,0.04878197670482277,0.0023847376788553257,True
KRFP_4664,0.03637924824403939,0.0013248542660307366,True
KRFP_4665,0.023017411889466752,0.0005299417064122947,True
KRFP_4666,0.023017411889466752,0.0005299417064122947,True
KRFP_4667,0.0,0.0,True
KRFP_4668,0.0,0.0,True
KRFP_4669,0.0,0.0,True
KRFP_4670,0.0,0.0,True
KRFP_4671,0.0,0.0,True
KRFP_4672,0.0,0.0,True
KRFP_4673,0.0,0.0,True
KRFP_4674,0.0,0.0,True
KRFP_4675,0.0,0.0,True
KRFP_4676,0.0,0.0,True
KRFP_4677,0.028186720111599613,0.000794912559618442,True
KRFP_4678,0.0,0.0,True
KRFP_4679,0.023017411889466755,0.0005299417064122947,True
KRFP_4680,0.0,0.0,True
KRFP_4681,0.0,0.0,True
KRFP_4682,0.0,0.0,True
KRFP_4683,0.0,0.0,True
KRFP_4684,0.0,0.0,True
KRFP_4685,0.0,0.0,True
KRFP_4686,0.0,0.0,True
KRFP_4687,0.0,0.0,True
KRFP_4688,0.028186720111599613,0.000794912559618442,True
KRFP_4689,0.0,0.0,True
KRFP_4690,0.0,0.0,True
KRFP_4691,0.045998196145144186,0.0021197668256491787,True
KRFP_4692,0.0,0.0,True
KRFP_4693,0.0,0.0,True
KRFP_4694,0.27501861446146575,0.08240593534711181,False
KRFP_4695,0.032542905139016295,0.0010598834128245894,True
KRFP_4696,0.0,0.0,True
KRFP_4697,0.0,0.0,True
KRFP_4698,0.0,0.0,True
KRFP_4699,0.0,0.0,True
KRFP_4700,0.0,0.0,True
KRFP_4701,0.0,0.0,True
KRFP_4702,0.0162779253348253,0.00026497085320614734,True
KRFP_4703,0.0,0.0,True
KRFP_4704,0.0398461826828235,0.001589825119236884,True
KRFP_4705,0.0,0.0,True
KRFP_4706,0.0,0.0,True
KRFP_4707,0.08733343847501353,0.007684154742978272,True
KRFP_4708,0.03637924824403939,0.0013248542660307366,True
KRFP_4709,0.0,0.0,True
KRFP_4710,0.0,0.0,True
KRFP_4711,0.0,0.0,True
KRFP_4712,0.0162779253348253,0.00026497085320614734,True
KRFP_4713,0.0,0.0,True
KRFP_4714,0.0,0.0,True
KRFP_4715,0.0,0.0,True
KRFP_4716,0.17828422779063588,0.03285638579756227,False
KRFP_4717,0.043033084826230104,0.0018547959724430313,True
KRFP_4718,0.04878197670482277,0.0023847376788553257,True
KRFP_4719,0.05630612862877747,0.003179650238473768,True
KRFP_4720,0.0,0.0,True
KRFP_4721,0.0,0.0,True
KRFP_4722,0.0,0.0,True
KRFP_4723,0.0,0.0,True
KRFP_4724,0.09586661749572799,0.009273979862215157,True
KRFP_4725,0.0,0.0,True
KRFP_4726,0.0,0.0,True
KRFP_4727,0.1198533240539789,0.014573396926338102,False
KRFP_4728,0.05141388915001135,0.002649708532061473,True
KRFP_4729,0.0,0.0,True
KRFP_4730,0.0,0.0,True
KRFP_4731,0.0162779253348253,0.00026497085320614734,True
KRFP_4732,0.0,0.0,True
KRFP_4733,0.04878197670482277,0.0023847376788553257,True
KRFP_4734,0.0,0.0,True
KRFP_4735,0.1036756036715003,0.01086380498145204,False
KRFP_4736,0.0,0.0,True
KRFP_4737,0.1339905904816902,0.018282988871224166,False
KRFP_4738,0.0,0.0,True
KRFP_4739,0.11658575934699482,0.01377848436671966,False
KRFP_4740,0.0,0.0,True
KRFP_4741,0.0,0.0,True
KRFP_4742,0.0,0.0,True
KRFP_4743,0.0,0.0,True
KRFP_4744,0.0,0.0,True
KRFP_4745,0.0,0.0,True
KRFP_4746,0.09027061680983707,0.008214096449390567,True
KRFP_4747,0.1320700504838821,0.01775304716481187,False
KRFP_4748,0.045998196145144186,0.0021197668256491787,True
KRFP_4749,0.0,0.0,True
KRFP_4750,0.07078437807663418,0.005034446210916799,True
KRFP_4751,0.2313063391483977,0.05670376258611553,False
KRFP_4752,0.08113035457382697,0.006624271330153683,True
KRFP_4753,0.20567758116358578,0.044250132485426606,False
KRFP_4754,0.05630612862877746,0.003179650238473768,True
KRFP_4755,0.06697314719039353,0.0045045045045045045,True
KRFP_4756,0.24873883944885244,0.06624271330153683,False
KRFP_4757,0.02301741188946676,0.0005299417064122947,True
KRFP_4758,0.10114240030644481,0.010333863275039745,False
KRFP_4759,0.0,0.0,True
KRFP_4760,0.0,0.0,True
KRFP_4761,0.0,0.0,True
KRFP_4762,0.19413346541409274,0.0392156862745098,False
KRFP_4763,0.07783825649409339,0.006094329623741388,True
KRFP_4764,0.10855706625815112,0.01192368839427663,False
KRFP_4765,0.09721349305510957,0.009538950715421303,True
KRFP_4766,0.023017411889466755,0.0005299417064122947,True
KRFP_4767,0.0,0.0,True
KRFP_4768,0.08429064519398217,0.007154213036565978,True
KRFP_4769,0.18902190197635413,0.03709591944886063,False
KRFP_4770,0.0,0.0,True
KRFP_4771,0.05391617834663831,0.0029146793852676206,True
KRFP_4772,0.0,0.0,True
KRFP_4773,0.09311217545142089,0.008744038155802861,True
KRFP_4774,0.0,0.0,True
KRFP_4775,0.0,0.0,True
KRFP_4776,0.0,0.0,True
KRFP_4777,0.02818672011159961,0.000794912559618442,True
KRFP_4778,0.0,0.0,True
KRFP_4779,0.0,0.0,True
KRFP_4780,0.0,0.0,True
KRFP_4781,0.0,0.0,True
KRFP_4782,0.0,0.0,True
KRFP_4783,0.0,0.0,True
KRFP_4784,0.0,0.0,True
KRFP_4785,0.0,0.0,True
KRFP_4786,0.0,0.0,True
KRFP_4787,0.0,0.0,True
KRFP_4788,0.0,0.0,True
KRFP_4789,0.0,0.0,True
KRFP_4790,0.0,0.0,True
KRFP_4791,0.0,0.0,True
KRFP_4792,0.0,0.0,True
KRFP_4793,0.0,0.0,True
KRFP_4794,0.0,0.0,True
KRFP_4795,0.0,0.0,True
KRFP_4796,0.0,0.0,True
KRFP_4797,0.0,0.0,True
KRFP_4798,0.0,0.0,True
KRFP_4799,0.0,0.0,True
KRFP_4800,0.0,0.0,True
KRFP_4801,0.0,0.0,True
KRFP_4802,0.023017411889466752,0.0005299417064122947,True
KRFP_4803,0.0,0.0,True
KRFP_4804,0.0,0.0,True
KRFP_4805,0.0,0.0,True
KRFP_4806,0.0,0.0,True
KRFP_4807,0.06292706003131429,0.00397456279809221,True
KRFP_4808,0.0,0.0,True
KRFP_4809,0.23974370663690606,0.06120826709062003,False
KRFP_4810,0.187062865862877,0.036301006889242184,False
KRFP_4811,0.0,0.0,True
KRFP_4812,0.27501861446146575,0.08240593534711181,False
KRFP_4813,0.0,0.0,True
KRFP_4814,0.032542905139016295,0.0010598834128245894,True
KRFP_4815,0.0,0.0,True
KRFP_4816,0.03637924824403939,0.0013248542660307366,True
KRFP_4817,0.0,0.0,True
KRFP_4818,0.0,0.0,True
KRFP_4819,0.20449894065686675,0.04372019077901431,False
KRFP_4820,0.11091346543861272,0.012453630100688924,False
KRFP_4821,0.0162779253348253,0.00026497085320614734,True
KRFP_4822,0.06890562778396601,0.0047694753577106515,True
KRFP_4823,0.068905627783966,0.0047694753577106515,True
KRFP_4824,0.0,0.0,True
KRFP_4825,0.07783825649409339,0.006094329623741388,True
KRFP_4826,0.0,0.0,True
KRFP_4827,0.032542905139016295,0.0010598834128245894,True
KRFP_4828,0.12611973269324014,0.016163222045574986,False
KRFP_4829,0.05859748713461551,0.003444621091679915,True
KRFP_4830,0.1330340502066484,0.018018018018018018,False
KRFP_4831,0.13011900824516995,0.017223105458399578,False
KRFP_4832,0.21314784121523564,0.04769475357710652,False
KRFP_4833,0.03984618268282351,0.001589825119236884,True
KRFP_4834,0.0,0.0,True
KRFP_4835,0.0,0.0,True
KRFP_4836,0.0,0.0,True
KRFP_4837,0.0,0.0,True
KRFP_4838,0.0162779253348253,0.00026497085320614734,True
KRFP_4839,0.0,0.0,True
KRFP_4840,0.0,0.0,True
KRFP_4841,0.18837152651725114,0.03683094859565448,False
KRFP_4842,0.3591588603644358,0.15209326974032855,False
KRFP_4843,0.0,0.0,True
KRFP_4844,0.0,0.0,True
KRFP_4845,0.0,0.0,True
KRFP_4846,0.0,0.0,True
KRFP_4847,0.0,0.0,True
KRFP_4848,0.0162779253348253,0.00026497085320614734,True
KRFP_4849,0.0,0.0,True
KRFP_4850,0.0,0.0,True
KRFP_4851,0.0398461826828235,0.001589825119236884,True
KRFP_4852,0.2338285354004097,0.05802861685214626,False
KRFP_4853,0.0,0.0,True
KRFP_4854,0.0,0.0,True
KRFP_4855,0.11321835174271151,0.012983571807101218,False
KRFP_4856,0.060801401459995116,0.0037095919448860626,True
KRFP_4857,0.023017411889466752,0.0005299417064122947,True
KRFP_4858,0.0162779253348253,0.00026497085320614734,True
KRFP_4859,0.0,0.0,True
