feature,sd,mean,is_low_variance
KRFPC_0,1.793190232721919,1.5967143614202437,False
KRFPC_1,1.016924402607113,0.7133015368309485,False
KRFPC_2,0.0,0.0,True
KRFPC_3,0.0,0.0,True
KRFPC_4,0.0,0.0,True
KRFPC_5,0.0,0.0,True
KRFPC_6,0.09311217545142089,0.008744038155802861,True
KRFPC_7,0.49483965714446626,0.31611022787493376,False
KRFPC_8,0.0,0.0,True
KRFPC_9,0.1750518360058061,0.02994170641229465,False
KRFPC_10,0.0,0.0,True
KRFPC_11,0.0,0.0,True
KRFPC_12,0.0,0.0,True
KRFPC_13,0.2402737636551051,0.051934287228404874,False
KRFPC_14,0.0,0.0,True
KRFPC_15,0.12787244930061675,0.009009009009009009,False
KRFPC_16,0.3013677149032474,0.08028616852146264,False
KRFPC_17,1.0553780956355379,0.6987281399046105,False
KRFPC_18,0.19590681344953303,0.024112347641759405,False
KRFPC_19,0.29357877026746954,0.08108108108108109,False
KRFPC_20,0.04303308482623011,0.0018547959724430313,True
KRFPC_21,0.0,0.0,True
KRFPC_22,0.0,0.0,True
KRFPC_23,0.0,0.0,True
KRFPC_24,0.023017411889466755,0.0005299417064122947,True
KRFPC_25,0.0162779253348253,0.00026497085320614734,True
KRFPC_26,0.0,0.0,True
KRFPC_27,0.0,0.0,True
KRFPC_28,0.0,0.0,True
KRFPC_29,0.0,0.0,True
KRFPC_30,0.0,0.0,True
KRFPC_31,0.0,0.0,True
KRFPC_32,0.25489124536229973,0.05113937466878643,False
KRFPC_33,0.1063043938215265,0.00980392156862745,False
KRFPC_34,0.0,0.0,True
KRFPC_35,0.043033084826230104,0.0018547959724430313,True
KRFPC_36,0.0325558506696506,0.0005299417064122947,True
KRFPC_37,0.02301741188946676,0.0005299417064122947,True
KRFPC_38,0.0,0.0,True
KRFPC_39,0.0,0.0,True
KRFPC_40,0.0,0.0,True
KRFPC_41,0.07078437807663417,0.005034446210916799,True
KRFPC_42,0.0,0.0,True
KRFPC_43,0.0,0.0,True
KRFPC_44,0.3511805014180656,0.10254372019077901,False
KRFPC_45,0.0,0.0,True
KRFPC_46,0.0,0.0,True
KRFPC_47,0.06504263560643035,0.003179650238473768,True
KRFPC_48,0.0,0.0,True
KRFPC_49,0.0,0.0,True
KRFPC_50,0.0,0.0,True
KRFPC_51,0.07954241335711279,0.005829358770535241,True
KRFPC_52,0.07787794458156405,0.005564387917329093,True
KRFPC_53,0.13739786220912292,0.014308426073131956,False
KRFPC_54,0.03984618268282351,0.001589825119236884,True
KRFPC_55,0.13716049287530985,0.016428192898781134,False
KRFPC_56,0.023017411889466752,0.0005299417064122947,True
KRFPC_57,0.10491826790705254,0.011128775834658187,False
KRFPC_58,0.0,0.0,True
KRFPC_59,0.0,0.0,True
KRFPC_60,0.0,0.0,True
KRFPC_61,0.0,0.0,True
KRFPC_62,0.0,0.0,True
KRFPC_63,0.0,0.0,True
KRFPC_64,0.0,0.0,True
KRFPC_65,0.0,0.0,True
KRFPC_66,0.05141388915001135,0.002649708532061473,True
KRFPC_67,0.05141388915001134,0.002649708532061473,True
KRFPC_68,0.0,0.0,True
KRFPC_69,0.0,0.0,True
KRFPC_70,0.0,0.0,True
KRFPC_71,0.19632793023845335,0.03842077371489136,False
KRFPC_72,0.13399059048169018,0.018282988871224166,False
KRFPC_73,0.0,0.0,True
KRFPC_74,0.0,0.0,True
KRFPC_75,0.0,0.0,True
KRFPC_76,0.0,0.0,True
KRFPC_77,0.0,0.0,True
KRFPC_78,0.0,0.0,True
KRFPC_79,0.0,0.0,True
KRFPC_80,0.0,0.0,True
KRFPC_81,0.0,0.0,True
KRFPC_82,0.0,0.0,True
KRFPC_83,0.0,0.0,True
KRFPC_84,0.0,0.0,True
KRFPC_85,0.0,0.0,True
KRFPC_86,0.0,0.0,True
KRFPC_87,0.0,0.0,True
KRFPC_88,0.0,0.0,True
KRFPC_89,0.0,0.0,True
KRFPC_90,0.028186720111599613,0.000794912559618442,True
KRFPC_91,0.09721349305510955,0.009538950715421303,True
KRFPC_92,0.07078437807663417,0.005034446210916799,True
KRFPC_93,0.0,0.0,True
KRFPC_94,0.0,0.0,True
KRFPC_95,0.0,0.0,True
KRFPC_96,0.0,0.0,True
KRFPC_97,0.06498214287438389,0.0042395336512983575,True
KRFPC_98,0.0,0.0,True
KRFPC_99,0.0,0.0,True
KRFPC_100,0.0,0.0,True
KRFPC_101,0.0325558506696506,0.0005299417064122947,True
KRFPC_102,0.0,0.0,True
KRFPC_103,0.0,0.0,True
KRFPC_104,0.0,0.0,True
KRFPC_105,0.0,0.0,True
KRFPC_106,0.0,0.0,True
KRFPC_107,0.0,0.0,True
KRFPC_108,0.0,0.0,True
KRFPC_109,0.0,0.0,True
KRFPC_110,0.0,0.0,True
KRFPC_111,0.0,0.0,True
KRFPC_112,0.0,0.0,True
KRFPC_113,0.0,0.0,True
KRFPC_114,0.0,0.0,True
KRFPC_115,0.0,0.0,True
KRFPC_116,0.0,0.0,True
KRFPC_117,0.0,0.0,True
KRFPC_118,0.028186720111599613,0.000794912559618442,True
KRFPC_119,0.0,0.0,True
KRFPC_120,0.0,0.0,True
KRFPC_121,0.0,0.0,True
KRFPC_122,0.0,0.0,True
KRFPC_123,0.0,0.0,True
KRFPC_124,0.0,0.0,True
KRFPC_125,0.3593098794741708,0.10784313725490197,False
KRFPC_126,0.0,0.0,True
KRFPC_127,0.0,0.0,True
KRFPC_128,0.0,0.0,True
KRFPC_129,0.0,0.0,True
KRFPC_130,0.0,0.0,True
KRFPC_131,0.0,0.0,True
KRFPC_132,0.2425584990497676,0.06094329623741388,False
KRFPC_133,0.0,0.0,True
KRFPC_134,0.0,0.0,True
KRFPC_135,0.0,0.0,True
KRFPC_136,0.0,0.0,True
KRFPC_137,0.08582593663750396,0.007419183889772125,True
KRFPC_138,0.0,0.0,True
KRFPC_139,0.0,0.0,True
KRFPC_140,0.0162779253348253,0.00026497085320614734,True
KRFPC_141,0.0,0.0,True
KRFPC_142,0.0,0.0,True
KRFPC_143,0.0,0.0,True
KRFPC_144,0.0,0.0,True
KRFPC_145,0.0,0.0,True
KRFPC_146,0.0,0.0,True
KRFPC_147,0.0,0.0,True
KRFPC_148,0.0,0.0,True
KRFPC_149,0.0,0.0,True
KRFPC_150,0.0,0.0,True
KRFPC_151,0.0,0.0,True
KRFPC_152,0.0,0.0,True
KRFPC_153,0.0,0.0,True
KRFPC_154,0.0,0.0,True
KRFPC_155,0.0,0.0,True
KRFPC_156,0.0,0.0,True
KRFPC_157,0.0,0.0,True
KRFPC_158,0.0,0.0,True
KRFPC_159,0.0,0.0,True
KRFPC_160,0.1597695886102508,0.013513513513513514,False
KRFPC_161,0.0,0.0,True
KRFPC_162,0.0,0.0,True
KRFPC_163,0.0,0.0,True
KRFPC_164,0.0,0.0,True
KRFPC_165,0.0,0.0,True
KRFPC_166,0.0,0.0,True
KRFPC_167,0.0,0.0,True
KRFPC_168,0.0,0.0,True
KRFPC_169,0.0,0.0,True
KRFPC_170,0.0,0.0,True
KRFPC_171,0.0,0.0,True
KRFPC_172,0.0,0.0,True
KRFPC_173,0.0,0.0,True
KRFPC_174,0.0,0.0,True
KRFPC_175,0.0,0.0,True
KRFPC_176,0.0,0.0,True
KRFPC_177,0.0,0.0,True
KRFPC_178,0.0,0.0,True
KRFPC_179,0.0,0.0,True
KRFPC_180,0.0,0.0,True
KRFPC_181,0.0,0.0,True
KRFPC_182,0.0,0.0,True
KRFPC_183,0.016277925334825298,0.00026497085320614734,True
KRFPC_184,0.0,0.0,True
KRFPC_185,0.0,0.0,True
KRFPC_186,0.0,0.0,True
KRFPC_187,0.0,0.0,True
KRFPC_188,0.1036756036715003,0.01086380498145204,False
KRFPC_189,0.0,0.0,True
KRFPC_190,0.0,0.0,True
KRFPC_191,0.0,0.0,True
KRFPC_192,0.0,0.0,True
KRFPC_193,0.0,0.0,True
KRFPC_194,0.0,0.0,True
KRFPC_195,0.0,0.0,True
KRFPC_196,0.0,0.0,True
KRFPC_197,0.023017411889466755,0.0005299417064122947,True
KRFPC_198,0.0,0.0,True
KRFPC_199,0.0,0.0,True
KRFPC_200,0.02818672011159961,0.000794912559618442,True
KRFPC_201,0.0,0.0,True
KRFPC_202,0.0,0.0,True
KRFPC_203,0.0,0.0,True
KRFPC_204,0.02301741188946676,0.0005299417064122947,True
KRFPC_205,0.0,0.0,True
KRFPC_206,0.023017411889466755,0.0005299417064122947,True
KRFPC_207,0.043033084826230104,0.0018547959724430313,True
KRFPC_208,0.023017411889466755,0.0005299417064122947,True
KRFPC_209,0.0,0.0,True
KRFPC_210,0.0,0.0,True
KRFPC_211,0.0162779253348253,0.00026497085320614734,True
KRFPC_212,0.0162779253348253,0.00026497085320614734,True
KRFPC_213,0.07078437807663417,0.005034446210916799,True
KRFPC_214,0.0,0.0,True
KRFPC_215,0.04878197670482277,0.0023847376788553257,True
KRFPC_216,0.0,0.0,True
KRFPC_217,0.0,0.0,True
KRFPC_218,0.0,0.0,True
KRFPC_219,0.0,0.0,True
KRFPC_220,0.0,0.0,True
KRFPC_221,0.0,0.0,True
KRFPC_222,0.08429064519398219,0.007154213036565978,True
KRFPC_223,0.0,0.0,True
KRFPC_224,0.0,0.0,True
KRFPC_225,0.0,0.0,True
KRFPC_226,0.0,0.0,True
KRFPC_227,0.07261356872352699,0.005299417064122946,True
KRFPC_228,0.0,0.0,True
KRFPC_229,0.0,0.0,True
KRFPC_230,0.0,0.0,True
KRFPC_231,0.0,0.0,True
KRFPC_232,0.0,0.0,True
KRFPC_233,0.0,0.0,True
KRFPC_234,0.0,0.0,True
KRFPC_235,0.0,0.0,True
KRFPC_236,0.0,0.0,True
KRFPC_237,0.0,0.0,True
KRFPC_238,0.0,0.0,True
KRFPC_239,0.0,0.0,True
KRFPC_240,0.0,0.0,True
KRFPC_241,0.0,0.0,True
KRFPC_242,0.0,0.0,True
KRFPC_243,0.0,0.0,True
KRFPC_244,0.0,0.0,True
KRFPC_245,0.0,0.0,True
KRFPC_246,0.0,0.0,True
KRFPC_247,0.0,0.0,True
KRFPC_248,0.0,0.0,True
KRFPC_249,0.0,0.0,True
KRFPC_250,0.0,0.0,True
KRFPC_251,0.0,0.0,True
KRFPC_252,0.0,0.0,True
KRFPC_253,0.0,0.0,True
KRFPC_254,0.0,0.0,True
KRFPC_255,0.0,0.0,True
KRFPC_256,0.0,0.0,True
KRFPC_257,0.0,0.0,True
KRFPC_258,0.0,0.0,True
KRFPC_259,0.0,0.0,True
KRFPC_260,0.0398461826828235,0.001589825119236884,True
KRFPC_261,0.0,0.0,True
KRFPC_262,0.0,0.0,True
KRFPC_263,0.0,0.0,True
KRFPC_264,0.0,0.0,True
KRFPC_265,0.0,0.0,True
KRFPC_266,0.0,0.0,True
KRFPC_267,0.0,0.0,True
KRFPC_268,0.0,0.0,True
KRFPC_269,0.0,0.0,True
KRFPC_270,0.0,0.0,True
KRFPC_271,0.0,0.0,True
KRFPC_272,0.0,0.0,True
KRFPC_273,0.0,0.0,True
KRFPC_274,0.0,0.0,True
KRFPC_275,0.0,0.0,True
KRFPC_276,0.0,0.0,True
KRFPC_277,0.0,0.0,True
KRFPC_278,0.0,0.0,True
KRFPC_279,0.0162779253348253,0.00026497085320614734,True
KRFPC_280,0.0,0.0,True
KRFPC_281,0.0,0.0,True
KRFPC_282,0.0,0.0,True
KRFPC_283,0.0,0.0,True
KRFPC_284,0.0,0.0,True
KRFPC_285,0.0,0.0,True
KRFPC_286,0.046019565807688456,0.001589825119236884,True
KRFPC_287,0.0,0.0,True
KRFPC_288,0.0,0.0,True
KRFPC_289,0.0,0.0,True
KRFPC_290,0.0,0.0,True
KRFPC_291,0.0162779253348253,0.00026497085320614734,True
KRFPC_292,0.0,0.0,True
KRFPC_293,0.0,0.0,True
KRFPC_294,0.0,0.0,True
KRFPC_295,0.0,0.0,True
KRFPC_296,3.414303572378947,3.8844727080021197,False
KRFPC_297,1.9126045782393526,1.5209326974032857,False
KRFPC_298,0.17690592235799574,0.02782193958664547,False
KRFPC_299,0.3069465837252844,0.075516693163752,False
KRFPC_300,0.02818672011159961,0.000794912559618442,True
KRFPC_301,0.2888224623379348,0.06359300476947535,False
KRFPC_302,0.1124312596700412,0.009009009009009009,False
KRFPC_303,0.023017411889466755,0.0005299417064122947,True
KRFPC_304,0.0,0.0,True
KRFPC_305,0.0,0.0,True
KRFPC_306,0.04878197670482277,0.0023847376788553257,True
KRFPC_307,0.0,0.0,True
KRFPC_308,0.0,0.0,True
KRFPC_309,0.0,0.0,True
KRFPC_310,0.0162779253348253,0.00026497085320614734,True
KRFPC_311,0.023017411889466752,0.0005299417064122947,True
KRFPC_312,0.0,0.0,True
KRFPC_313,0.0,0.0,True
KRFPC_314,0.0,0.0,True
KRFPC_315,0.0,0.0,True
KRFPC_316,0.0,0.0,True
KRFPC_317,0.0,0.0,True
KRFPC_318,0.0,0.0,True
KRFPC_319,0.0,0.0,True
KRFPC_320,0.0,0.0,True
KRFPC_321,0.0,0.0,True
KRFPC_322,0.0,0.0,True
KRFPC_323,0.0,0.0,True
KRFPC_324,0.0,0.0,True
KRFPC_325,0.10114240030644481,0.010333863275039745,False
KRFPC_326,0.0,0.0,True
KRFPC_327,0.0,0.0,True
KRFPC_328,0.0,0.0,True
KRFPC_329,0.0,0.0,True
KRFPC_330,0.0,0.0,True
KRFPC_331,0.0,0.0,True
KRFPC_332,0.0,0.0,True
KRFPC_333,0.0,0.0,True
KRFPC_334,0.0,0.0,True
KRFPC_335,0.023017411889466752,0.0005299417064122947,True
KRFPC_336,0.0,0.0,True
KRFPC_337,0.36855851656568617,0.02570217276099629,False
KRFPC_338,0.06890562778396601,0.0047694753577106515,True
KRFPC_339,0.0,0.0,True
KRFPC_340,1.9608753891083754,1.669316375198728,False
KRFPC_341,0.028186720111599613,0.000794912559618442,True
KRFPC_342,0.02818672011159961,0.000794912559618442,True
KRFPC_343,0.9848114074628067,0.36751457339692634,False
KRFPC_344,0.0,0.0,True
KRFPC_345,0.6948289128133167,0.1539480657127716,False
KRFPC_346,0.5061700646614681,0.08028616852146264,False
KRFPC_347,0.35983087239584804,0.04451510333863275,False
KRFPC_348,0.10247064842943816,0.010068892421833599,False
KRFPC_349,0.15993214274864398,0.02570217276099629,False
KRFPC_350,0.04599819614514418,0.0021197668256491787,True
KRFPC_351,0.032542905139016295,0.0010598834128245894,True
KRFPC_352,0.0,0.0,True
KRFPC_353,0.19360912134051061,0.03842077371489136,False
KRFPC_354,0.0162779253348253,0.00026497085320614734,True
KRFPC_355,0.0,0.0,True
KRFPC_356,0.0,0.0,True
KRFPC_357,0.032542905139016295,0.0010598834128245894,True
KRFPC_358,0.0,0.0,True
KRFPC_359,0.15567651298818677,0.012188659247482777,False
KRFPC_360,0.05143847014970781,0.0021197668256491787,True
KRFPC_361,0.23558776903346137,0.057763645998940114,False
KRFPC_362,0.09591641871979695,0.008744038155802861,True
KRFPC_363,0.04303308482623011,0.0018547959724430313,True
KRFPC_364,0.045998196145144186,0.0021197668256491787,True
KRFPC_365,0.036379248244039396,0.0013248542660307366,True
KRFPC_366,0.032555850669650596,0.0005299417064122947,True
KRFPC_367,0.11091346543861272,0.012453630100688924,False
KRFPC_368,0.05141388915001135,0.002649708532061473,True
KRFPC_369,0.03984618268282351,0.001589825119236884,True
KRFPC_370,0.0,0.0,True
KRFPC_371,0.0,0.0,True
KRFPC_372,0.0,0.0,True
KRFPC_373,0.0,0.0,True
KRFPC_374,0.15641100157975374,0.021197668256491786,False
KRFPC_375,0.0,0.0,True
KRFPC_376,0.0,0.0,True
KRFPC_377,0.0,0.0,True
KRFPC_378,0.0,0.0,True
KRFPC_379,0.0,0.0,True
KRFPC_380,0.08604168680911703,0.0042395336512983575,True
KRFPC_381,0.2701745885319823,0.07737148913619502,False
KRFPC_382,0.22443861929284092,0.03232644409114997,False
KRFPC_383,0.0,0.0,True
KRFPC_384,0.0,0.0,True
KRFPC_385,0.0,0.0,True
KRFPC_386,0.04599819614514418,0.0021197668256491787,True
KRFPC_387,0.0,0.0,True
KRFPC_388,0.0,0.0,True
KRFPC_389,0.02301741188946676,0.0005299417064122947,True
KRFPC_390,0.0,0.0,True
KRFPC_391,0.02301741188946676,0.0005299417064122947,True
KRFPC_392,0.0162779253348253,0.00026497085320614734,True
KRFPC_393,0.0,0.0,True
KRFPC_394,0.0,0.0,True
KRFPC_395,0.2032428172118734,0.02384737678855326,False
KRFPC_396,0.08733343847501353,0.007684154742978272,True
KRFPC_397,0.0430526638610977,0.0013248542660307366,True
KRFPC_398,0.023017411889466755,0.0005299417064122947,True
KRFPC_399,0.0162779253348253,0.00026497085320614734,True
KRFPC_400,0.7040612025773654,0.4215686274509804,False
KRFPC_401,0.0,0.0,True
KRFPC_402,0.12913161757744665,0.01695813460519343,False
KRFPC_403,0.0,0.0,True
KRFPC_404,0.0,0.0,True
KRFPC_405,0.0,0.0,True
KRFPC_406,0.0,0.0,True
KRFPC_407,0.0,0.0,True
KRFPC_408,0.043033084826230104,0.0018547959724430313,True
KRFPC_409,0.08433395873555392,0.006624271330153683,True
KRFPC_410,0.0,0.0,True
KRFPC_411,0.0,0.0,True
KRFPC_412,0.15746974653955748,0.025437201907790145,False
KRFPC_413,0.028186720111599613,0.000794912559618442,True
KRFPC_414,0.0,0.0,True
KRFPC_415,0.0,0.0,True
KRFPC_416,0.0,0.0,True
KRFPC_417,0.0,0.0,True
KRFPC_418,0.0,0.0,True
KRFPC_419,0.0,0.0,True
KRFPC_420,0.0,0.0,True
KRFPC_421,0.0,0.0,True
KRFPC_422,0.0,0.0,True
KRFPC_423,0.0,0.0,True
KRFPC_424,0.0,0.0,True
KRFPC_425,0.0,0.0,True
KRFPC_426,0.0,0.0,True
KRFPC_427,0.0,0.0,True
KRFPC_428,0.0,0.0,True
KRFPC_429,0.0,0.0,True
KRFPC_430,0.0,0.0,True
KRFPC_431,0.0,0.0,True
KRFPC_432,0.0,0.0,True
KRFPC_433,0.05141388915001135,0.002649708532061473,True
KRFPC_434,0.04599819614514418,0.0021197668256491787,True
KRFPC_435,0.0,0.0,True
KRFPC_436,0.0,0.0,True
KRFPC_437,0.09349153546740238,0.0023847376788553257,True
KRFPC_438,0.0,0.0,True
KRFPC_439,0.0,0.0,True
KRFPC_440,0.0,0.0,True
KRFPC_441,0.032542905139016295,0.0010598834128245894,True
KRFPC_442,0.0,0.0,True
KRFPC_443,0.27990601934918774,0.047164811870694226,False
KRFPC_444,0.0,0.0,True
KRFPC_445,0.0,0.0,True
KRFPC_446,0.023017411889466755,0.0005299417064122947,True
KRFPC_447,0.0,0.0,True
KRFPC_448,0.0,0.0,True
KRFPC_449,0.0,0.0,True
KRFPC_450,0.0,0.0,True
KRFPC_451,0.0,0.0,True
KRFPC_452,0.02301741188946676,0.0005299417064122947,True
KRFPC_453,0.0,0.0,True
KRFPC_454,0.0,0.0,True
KRFPC_455,0.0,0.0,True
KRFPC_456,0.04603482377893352,0.0010598834128245894,True
KRFPC_457,0.1373978622091229,0.014308426073131956,False
KRFPC_458,0.07964300059319548,0.0042395336512983575,True
KRFPC_459,0.032542905139016295,0.0010598834128245894,True
KRFPC_460,0.0,0.0,True
KRFPC_461,0.0,0.0,True
KRFPC_462,0.0,0.0,True
KRFPC_463,0.0162779253348253,0.00026497085320614734,True
KRFPC_464,0.0,0.0,True
KRFPC_465,0.40954432004300984,0.16613672496025436,False
KRFPC_466,0.2981637451361646,0.05537890832008479,False
KRFPC_467,0.0,0.0,True
KRFPC_468,0.0,0.0,True
KRFPC_469,0.0,0.0,True
KRFPC_470,0.0,0.0,True
KRFPC_471,0.0,0.0,True
KRFPC_472,0.0,0.0,True
KRFPC_473,0.0,0.0,True
KRFPC_474,0.0,0.0,True
KRFPC_475,0.0162779253348253,0.00026497085320614734,True
KRFPC_476,0.0,0.0,True
KRFPC_477,0.0,0.0,True
KRFPC_478,0.0,0.0,True
KRFPC_479,0.06697314719039353,0.0045045045045045045,True
KRFPC_480,0.0,0.0,True
KRFPC_481,0.0,0.0,True
KRFPC_482,0.032542905139016295,0.0010598834128245894,True
KRFPC_483,0.0,0.0,True
KRFPC_484,0.0,0.0,True
KRFPC_485,0.02301741188946676,0.0005299417064122947,True
KRFPC_486,0.0162779253348253,0.00026497085320614734,True
KRFPC_487,0.0,0.0,True
KRFPC_488,0.0,0.0,True
KRFPC_489,0.04603482377893351,0.0010598834128245894,True
KRFPC_490,0.0,0.0,True
KRFPC_491,0.27085541345025405,0.04054054054054054,False
KRFPC_492,0.09027061680983707,0.008214096449390567,True
KRFPC_493,0.14777070988706942,0.02066772655007949,False
KRFPC_494,0.056306128628777465,0.003179650238473768,True
KRFPC_495,0.14148936252282307,0.011128775834658187,False
KRFPC_496,0.0162779253348253,0.00026497085320614734,True
KRFPC_497,0.0,0.0,True
KRFPC_498,0.0,0.0,True
KRFPC_499,0.0,0.0,True
KRFPC_500,0.0,0.0,True
KRFPC_501,0.0,0.0,True
KRFPC_502,0.036394688532598786,0.000794912559618442,True
KRFPC_503,0.7428854129357275,0.48171701112877585,False
KRFPC_504,0.0,0.0,True
KRFPC_505,0.1552177286917521,0.023582405935347113,False
KRFPC_506,0.0,0.0,True
KRFPC_507,0.0,0.0,True
KRFPC_508,0.0,0.0,True
KRFPC_509,0.0,0.0,True
KRFPC_510,0.0,0.0,True
KRFPC_511,0.0,0.0,True
KRFPC_512,0.0,0.0,True
KRFPC_513,0.0,0.0,True
KRFPC_514,0.0,0.0,True
KRFPC_515,0.0,0.0,True
KRFPC_516,0.0,0.0,True
KRFPC_517,0.0,0.0,True
KRFPC_518,0.0,0.0,True
KRFPC_519,0.0,0.0,True
KRFPC_520,0.0,0.0,True
KRFPC_521,0.0,0.0,True
KRFPC_522,0.0,0.0,True
KRFPC_523,0.0,0.0,True
KRFPC_524,0.0,0.0,True
KRFPC_525,0.0,0.0,True
KRFPC_526,0.0,0.0,True
KRFPC_527,0.0,0.0,True
KRFPC_528,0.0,0.0,True
KRFPC_529,0.0,0.0,True
KRFPC_530,0.0,0.0,True
KRFPC_531,0.0,0.0,True
KRFPC_532,0.0,0.0,True
KRFPC_533,0.0,0.0,True
KRFPC_534,0.0,0.0,True
KRFPC_535,0.0,0.0,True
KRFPC_536,0.0,0.0,True
KRFPC_537,0.0,0.0,True
KRFPC_538,0.0,0.0,True
KRFPC_539,0.0,0.0,True
KRFPC_540,0.0,0.0,True
KRFPC_541,0.0,0.0,True
KRFPC_542,0.0,0.0,True
KRFPC_543,0.0,0.0,True
KRFPC_544,0.0,0.0,True
KRFPC_545,0.0,0.0,True
KRFPC_546,0.043033084826230104,0.0018547959724430313,True
KRFPC_547,0.058626243698890794,0.0029146793852676206,True
KRFPC_548,0.0,0.0,True
KRFPC_549,0.0,0.0,True
KRFPC_550,0.04599819614514418,0.0021197668256491787,True
KRFPC_551,0.0,0.0,True
KRFPC_552,0.0,0.0,True
KRFPC_553,0.05859748713461552,0.003444621091679915,True
KRFPC_554,0.0,0.0,True
KRFPC_555,0.0,0.0,True
KRFPC_556,0.14690822640066092,0.020402755696873345,False
KRFPC_557,0.0,0.0,True
KRFPC_558,0.0,0.0,True
KRFPC_559,0.023017411889466755,0.0005299417064122947,True
KRFPC_560,0.0,0.0,True
KRFPC_561,0.0162779253348253,0.00026497085320614734,True
KRFPC_562,0.0,0.0,True
KRFPC_563,0.0,0.0,True
KRFPC_564,0.0,0.0,True
KRFPC_565,0.24841634277506416,0.06544780074191839,False
KRFPC_566,0.0162779253348253,0.00026497085320614734,True
KRFPC_567,0.0,0.0,True
KRFPC_568,0.05143847014970781,0.0021197668256491787,True
KRFPC_569,0.036379248244039396,0.0013248542660307366,True
KRFPC_570,0.023017411889466755,0.0005299417064122947,True
KRFPC_571,0.023017411889466752,0.0005299417064122947,True
KRFPC_572,0.032542905139016295,0.0010598834128245894,True
KRFPC_573,0.03984618268282351,0.001589825119236884,True
KRFPC_574,0.0,0.0,True
KRFPC_575,0.028186720111599613,0.000794912559618442,True
KRFPC_576,0.032542905139016295,0.0010598834128245894,True
KRFPC_577,0.03637924824403939,0.0013248542660307366,True
KRFPC_578,0.06890562778396601,0.0047694753577106515,True
KRFPC_579,0.0162779253348253,0.00026497085320614734,True
KRFPC_580,0.023017411889466755,0.0005299417064122947,True
KRFPC_581,0.2693905229286339,0.06942236354001059,False
KRFPC_582,0.06498214287438389,0.0042395336512983575,True
KRFPC_583,0.032542905139016295,0.0010598834128245894,True
KRFPC_584,0.04599819614514418,0.0021197668256491787,True
KRFPC_585,0.04599819614514418,0.0021197668256491787,True
KRFPC_586,0.0,0.0,True
KRFPC_587,0.06292706003131429,0.00397456279809221,True
KRFPC_588,0.04878197670482278,0.0023847376788553257,True
KRFPC_589,0.10861398064243107,0.011393746687864335,False
KRFPC_590,0.023017411889466752,0.0005299417064122947,True
KRFPC_591,0.08582593663750396,0.007419183889772125,True
KRFPC_592,0.0398461826828235,0.001589825119236884,True
KRFPC_593,0.0,0.0,True
KRFPC_594,0.02818672011159961,0.000794912559618442,True
KRFPC_595,0.0162779253348253,0.00026497085320614734,True
KRFPC_596,0.0,0.0,True
KRFPC_597,0.0,0.0,True
KRFPC_598,0.028186720111599613,0.000794912559618442,True
KRFPC_599,0.0,0.0,True
KRFPC_600,0.0,0.0,True
KRFPC_601,0.0,0.0,True
KRFPC_602,0.0162779253348253,0.00026497085320614734,True
KRFPC_603,0.060801401459995116,0.0037095919448860626,True
KRFPC_604,0.26847824805672676,0.043190249072602015,False
KRFPC_605,0.0,0.0,True
KRFPC_606,0.07787794458156405,0.005564387917329093,True
KRFPC_607,0.04599819614514418,0.0021197668256491787,True
KRFPC_608,0.0,0.0,True
KRFPC_609,0.2888662266328049,0.0492845786963434,False
KRFPC_610,0.0,0.0,True
KRFPC_611,0.0,0.0,True
KRFPC_612,0.07969236536564701,0.003179650238473768,True
KRFPC_613,0.0,0.0,True
KRFPC_614,0.0,0.0,True
KRFPC_615,0.0,0.0,True
KRFPC_616,0.0,0.0,True
KRFPC_617,0.0,0.0,True
KRFPC_618,0.0,0.0,True
KRFPC_619,0.0488222697984423,0.0013248542660307366,True
KRFPC_620,0.05859748713461551,0.003444621091679915,True
KRFPC_621,0.0162779253348253,0.00026497085320614734,True
KRFPC_622,0.12092173105870221,0.01483836777954425,False
KRFPC_623,0.0,0.0,True
KRFPC_624,0.0,0.0,True
KRFPC_625,0.0,0.0,True
KRFPC_626,0.0,0.0,True
KRFPC_627,0.0,0.0,True
KRFPC_628,0.032542905139016295,0.0010598834128245894,True
KRFPC_629,0.023017411889466755,0.0005299417064122947,True
KRFPC_630,0.023017411889466755,0.0005299417064122947,True
KRFPC_631,0.0,0.0,True
KRFPC_632,0.0,0.0,True
KRFPC_633,0.0,0.0,True
KRFPC_634,0.0,0.0,True
KRFPC_635,0.0,0.0,True
KRFPC_636,0.0,0.0,True
KRFPC_637,0.0,0.0,True
KRFPC_638,0.0,0.0,True
KRFPC_639,0.0,0.0,True
KRFPC_640,0.0,0.0,True
KRFPC_641,0.0,0.0,True
KRFPC_642,0.0,0.0,True
KRFPC_643,0.0,0.0,True
KRFPC_644,0.0,0.0,True
KRFPC_645,0.0,0.0,True
KRFPC_646,0.4866337950635207,0.1679915209326974,False
KRFPC_647,0.09485584877513739,0.0037095919448860626,True
KRFPC_648,0.0,0.0,True
KRFPC_649,0.0,0.0,True
KRFPC_650,0.0,0.0,True
KRFPC_651,0.08591099380922965,0.006359300476947536,True
KRFPC_652,0.07787794458156405,0.005564387917329093,True
KRFPC_653,0.13413098311791,0.017223105458399578,False
KRFPC_654,0.0,0.0,True
KRFPC_655,0.0,0.0,True
KRFPC_656,0.0,0.0,True
KRFPC_657,0.04878197670482277,0.0023847376788553257,True
KRFPC_658,0.0,0.0,True
KRFPC_659,0.0,0.0,True
KRFPC_660,0.0,0.0,True
KRFPC_661,0.0162779253348253,0.00026497085320614734,True
KRFPC_662,0.056333561579797874,0.002649708532061473,True
KRFPC_663,0.028186720111599613,0.000794912559618442,True
KRFPC_664,0.21964646560601267,0.036301006889242184,False
KRFPC_665,0.0,0.0,True
KRFPC_666,0.0,0.0,True
KRFPC_667,0.0,0.0,True
KRFPC_668,1.282727887927313,1.2996820349761526,False
KRFPC_669,0.0,0.0,True
KRFPC_670,0.0,0.0,True
KRFPC_671,0.27039908016011605,0.05670376258611553,False
KRFPC_672,0.0,0.0,True
KRFPC_673,0.0,0.0,True
KRFPC_674,0.0,0.0,True
KRFPC_675,0.0,0.0,True
KRFPC_676,0.4330918308015857,0.12745098039215685,False
KRFPC_677,0.13858494475544503,0.01192368839427663,False
KRFPC_678,0.0,0.0,True
KRFPC_679,0.0,0.0,True
KRFPC_680,0.0,0.0,True
KRFPC_681,0.0,0.0,True
KRFPC_682,0.07078437807663417,0.005034446210916799,True
KRFPC_683,0.0,0.0,True
KRFPC_684,0.0,0.0,True
KRFPC_685,0.0,0.0,True
KRFPC_686,0.0,0.0,True
KRFPC_687,0.0,0.0,True
KRFPC_688,0.0,0.0,True
KRFPC_689,0.0,0.0,True
KRFPC_690,0.0,0.0,True
KRFPC_691,0.0,0.0,True
KRFPC_692,0.0,0.0,True
KRFPC_693,0.0,0.0,True
KRFPC_694,0.0,0.0,True
KRFPC_695,0.0,0.0,True
KRFPC_696,0.0,0.0,True
KRFPC_697,0.0,0.0,True
KRFPC_698,0.0,0.0,True
KRFPC_699,0.0,0.0,True
KRFPC_700,0.0,0.0,True
KRFPC_701,0.0,0.0,True
KRFPC_702,0.0,0.0,True
KRFPC_703,0.0,0.0,True
KRFPC_704,0.0,0.0,True
KRFPC_705,0.0162779253348253,0.00026497085320614734,True
KRFPC_706,0.0,0.0,True
KRFPC_707,0.0,0.0,True
KRFPC_708,0.0,0.0,True
KRFPC_709,0.0,0.0,True
KRFPC_710,0.0,0.0,True
KRFPC_711,0.0,0.0,True
KRFPC_712,0.0,0.0,True
KRFPC_713,0.0,0.0,True
KRFPC_714,0.0,0.0,True
KRFPC_715,0.0,0.0,True
KRFPC_716,0.0,0.0,True
KRFPC_717,0.0,0.0,True
KRFPC_718,0.0,0.0,True
KRFPC_719,0.0,0.0,True
KRFPC_720,0.0,0.0,True
KRFPC_721,0.0,0.0,True
KRFPC_722,0.0,0.0,True
KRFPC_723,0.0,0.0,True
KRFPC_724,0.0,0.0,True
KRFPC_725,0.0,0.0,True
KRFPC_726,0.0,0.0,True
KRFPC_727,0.0,0.0,True
KRFPC_728,0.0,0.0,True
KRFPC_729,0.0,0.0,True
KRFPC_730,0.0,0.0,True
KRFPC_731,0.0,0.0,True
KRFPC_732,0.0,0.0,True
KRFPC_733,0.0,0.0,True
KRFPC_734,0.0,0.0,True
KRFPC_735,0.0,0.0,True
KRFPC_736,0.0,0.0,True
KRFPC_737,0.0,0.0,True
KRFPC_738,0.0,0.0,True
KRFPC_739,0.0,0.0,True
KRFPC_740,0.0,0.0,True
KRFPC_741,0.0,0.0,True
KRFPC_742,0.0,0.0,True
KRFPC_743,0.0,0.0,True
KRFPC_744,0.0,0.0,True
KRFPC_745,0.0,0.0,True
KRFPC_746,0.0,0.0,True
KRFPC_747,0.053916178346638303,0.0029146793852676206,True
KRFPC_748,0.0,0.0,True
KRFPC_749,0.0,0.0,True
KRFPC_750,0.0,0.0,True
KRFPC_751,0.0,0.0,True
KRFPC_752,0.0,0.0,True
KRFPC_753,0.0,0.0,True
KRFPC_754,0.0,0.0,True
KRFPC_755,0.0,0.0,True
KRFPC_756,0.0,0.0,True
KRFPC_757,0.02818672011159961,0.000794912559618442,True
KRFPC_758,0.0,0.0,True
KRFPC_759,0.0,0.0,True
KRFPC_760,0.0,0.0,True
KRFPC_761,0.0,0.0,True
KRFPC_762,0.0,0.0,True
KRFPC_763,0.0,0.0,True
KRFPC_764,0.0,0.0,True
KRFPC_765,0.0,0.0,True
KRFPC_766,0.0,0.0,True
KRFPC_767,0.0,0.0,True
KRFPC_768,0.0,0.0,True
KRFPC_769,0.032555850669650596,0.0005299417064122947,True
KRFPC_770,0.0,0.0,True
KRFPC_771,0.0,0.0,True
KRFPC_772,0.0,0.0,True
KRFPC_773,0.0,0.0,True
KRFPC_774,0.0,0.0,True
KRFPC_775,0.0,0.0,True
KRFPC_776,0.0,0.0,True
KRFPC_777,0.0,0.0,True
KRFPC_778,0.0,0.0,True
KRFPC_779,0.05141388915001135,0.002649708532061473,True
KRFPC_780,0.0,0.0,True
KRFPC_781,0.02301741188946676,0.0005299417064122947,True
KRFPC_782,0.023017411889466755,0.0005299417064122947,True
KRFPC_783,0.0162779253348253,0.00026497085320614734,True
KRFPC_784,0.0,0.0,True
KRFPC_785,0.0162779253348253,0.00026497085320614734,True
KRFPC_786,0.0,0.0,True
KRFPC_787,0.0,0.0,True
KRFPC_788,0.0,0.0,True
KRFPC_789,0.02818672011159961,0.000794912559618442,True
KRFPC_790,0.0,0.0,True
KRFPC_791,0.0,0.0,True
KRFPC_792,0.0,0.0,True
KRFPC_793,0.0,0.0,True
KRFPC_794,0.0,0.0,True
KRFPC_795,0.0,0.0,True
KRFPC_796,0.0,0.0,True
KRFPC_797,0.0,0.0,True
KRFPC_798,0.0,0.0,True
KRFPC_799,0.0162779253348253,0.00026497085320614734,True
KRFPC_800,0.0,0.0,True
KRFPC_801,0.023017411889466755,0.0005299417064122947,True
KRFPC_802,0.0162779253348253,0.00026497085320614734,True
KRFPC_803,0.0,0.0,True
KRFPC_804,0.0,0.0,True
KRFPC_805,0.0,0.0,True
KRFPC_806,0.0,0.0,True
KRFPC_807,0.0,0.0,True
KRFPC_808,0.0,0.0,True
KRFPC_809,0.023017411889466755,0.0005299417064122947,True
KRFPC_810,0.0,0.0,True
KRFPC_811,0.0,0.0,True
KRFPC_812,0.0,0.0,True
KRFPC_813,0.0,0.0,True
KRFPC_814,0.0,0.0,True
KRFPC_815,0.0,0.0,True
KRFPC_816,0.0,0.0,True
KRFPC_817,0.0,0.0,True
KRFPC_818,0.0,0.0,True
KRFPC_819,0.0,0.0,True
KRFPC_820,0.016277925334825298,0.00026497085320614734,True
KRFPC_821,0.016277925334825298,0.00026497085320614734,True
KRFPC_822,0.0,0.0,True
KRFPC_823,0.0,0.0,True
KRFPC_824,0.0,0.0,True
KRFPC_825,0.016277925334825298,0.00026497085320614734,True
KRFPC_826,0.0,0.0,True
KRFPC_827,0.0,0.0,True
KRFPC_828,0.0,0.0,True
KRFPC_829,0.0,0.0,True
KRFPC_830,0.0,0.0,True
KRFPC_831,0.0,0.0,True
KRFPC_832,0.0162779253348253,0.00026497085320614734,True
KRFPC_833,0.0,0.0,True
KRFPC_834,0.0,0.0,True
KRFPC_835,0.0,0.0,True
KRFPC_836,0.0,0.0,True
KRFPC_837,0.0,0.0,True
KRFPC_838,0.33412880663177047,0.06862745098039216,False
KRFPC_839,0.09449980429527706,0.009009009009009009,True
KRFPC_840,0.0,0.0,True
KRFPC_841,0.028186720111599613,0.000794912559618442,True
KRFPC_842,0.0,0.0,True
KRFPC_843,0.0,0.0,True
KRFPC_844,0.0,0.0,True
KRFPC_845,0.0,0.0,True
KRFPC_846,0.0,0.0,True
KRFPC_847,0.0,0.0,True
KRFPC_848,0.0,0.0,True
KRFPC_849,0.0,0.0,True
KRFPC_850,0.0,0.0,True
KRFPC_851,0.0162779253348253,0.00026497085320614734,True
KRFPC_852,0.0,0.0,True
KRFPC_853,0.0,0.0,True
KRFPC_854,0.0,0.0,True
KRFPC_855,0.0162779253348253,0.00026497085320614734,True
KRFPC_856,0.0,0.0,True
KRFPC_857,0.0,0.0,True
KRFPC_858,0.0,0.0,True
KRFPC_859,0.0,0.0,True
KRFPC_860,0.0,0.0,True
KRFPC_861,0.0,0.0,True
KRFPC_862,0.0,0.0,True
KRFPC_863,0.0,0.0,True
KRFPC_864,0.0162779253348253,0.00026497085320614734,True
KRFPC_865,0.0,0.0,True
KRFPC_866,0.0,0.0,True
KRFPC_867,0.0,0.0,True
KRFPC_868,0.0,0.0,True
KRFPC_869,0.0,0.0,True
KRFPC_870,0.0,0.0,True
KRFPC_871,0.0,0.0,True
KRFPC_872,0.0,0.0,True
KRFPC_873,0.0,0.0,True
KRFPC_874,0.0,0.0,True
KRFPC_875,0.0,0.0,True
KRFPC_876,0.0,0.0,True
KRFPC_877,0.0,0.0,True
KRFPC_878,0.0,0.0,True
KRFPC_879,0.0,0.0,True
KRFPC_880,0.0,0.0,True
KRFPC_881,0.0,0.0,True
KRFPC_882,0.0,0.0,True
KRFPC_883,0.0,0.0,True
KRFPC_884,0.0,0.0,True
KRFPC_885,0.05630612862877747,0.003179650238473768,True
KRFPC_886,0.0,0.0,True
KRFPC_887,0.0,0.0,True
KRFPC_888,0.0,0.0,True
KRFPC_889,0.032542905139016295,0.0010598834128245894,True
KRFPC_890,0.0,0.0,True
KRFPC_891,0.0,0.0,True
KRFPC_892,0.0,0.0,True
KRFPC_893,0.0,0.0,True
KRFPC_894,0.0,0.0,True
KRFPC_895,0.0,0.0,True
KRFPC_896,0.0,0.0,True
KRFPC_897,0.0,0.0,True
KRFPC_898,0.0,0.0,True
KRFPC_899,0.0,0.0,True
KRFPC_900,0.0,0.0,True
KRFPC_901,0.0,0.0,True
KRFPC_902,0.0,0.0,True
KRFPC_903,0.0,0.0,True
KRFPC_904,0.0,0.0,True
KRFPC_905,0.0,0.0,True
KRFPC_906,0.0,0.0,True
KRFPC_907,0.0,0.0,True
KRFPC_908,0.0,0.0,True
KRFPC_909,0.0,0.0,True
KRFPC_910,0.0,0.0,True
KRFPC_911,0.0,0.0,True
KRFPC_912,0.0,0.0,True
KRFPC_913,0.0,0.0,True
KRFPC_914,0.0,0.0,True
KRFPC_915,0.0,0.0,True
KRFPC_916,0.0,0.0,True
KRFPC_917,0.0,0.0,True
KRFPC_918,0.0,0.0,True
KRFPC_919,0.0,0.0,True
KRFPC_920,0.0,0.0,True
KRFPC_921,0.0,0.0,True
KRFPC_922,0.0,0.0,True
KRFPC_923,0.023017411889466752,0.0005299417064122947,True
KRFPC_924,0.0,0.0,True
KRFPC_925,0.0,0.0,True
KRFPC_926,0.0,0.0,True
KRFPC_927,0.0,0.0,True
KRFPC_928,0.0,0.0,True
KRFPC_929,0.0,0.0,True
KRFPC_930,0.0,0.0,True
KRFPC_931,0.0,0.0,True
KRFPC_932,0.0,0.0,True
KRFPC_933,0.0,0.0,True
KRFPC_934,0.0,0.0,True
KRFPC_935,0.09206964755786702,0.0021197668256491787,True
KRFPC_936,0.04603482377893351,0.0010598834128245894,True
KRFPC_937,0.0,0.0,True
KRFPC_938,0.0,0.0,True
KRFPC_939,0.0,0.0,True
KRFPC_940,0.0,0.0,True
KRFPC_941,0.0,0.0,True
KRFPC_942,0.0,0.0,True
KRFPC_943,0.0,0.0,True
KRFPC_944,0.0,0.0,True
KRFPC_945,0.0,0.0,True
KRFPC_946,0.0,0.0,True
KRFPC_947,0.0,0.0,True
KRFPC_948,0.0,0.0,True
KRFPC_949,0.0,0.0,True
KRFPC_950,0.0,0.0,True
KRFPC_951,0.0,0.0,True
KRFPC_952,0.0,0.0,True
KRFPC_953,0.0,0.0,True
KRFPC_954,0.0,0.0,True
KRFPC_955,0.0,0.0,True
KRFPC_956,0.0,0.0,True
KRFPC_957,0.0,0.0,True
KRFPC_958,0.0,0.0,True
KRFPC_959,0.0,0.0,True
KRFPC_960,0.0,0.0,True
KRFPC_961,0.0,0.0,True
KRFPC_962,0.0,0.0,True
KRFPC_963,0.0,0.0,True
KRFPC_964,0.0,0.0,True
KRFPC_965,0.0,0.0,True
KRFPC_966,0.0,0.0,True
KRFPC_967,0.0,0.0,True
KRFPC_968,0.0,0.0,True
KRFPC_969,0.0,0.0,True
KRFPC_970,0.0,0.0,True
KRFPC_971,0.0162779253348253,0.00026497085320614734,True
KRFPC_972,0.05391617834663831,0.0029146793852676206,True
KRFPC_973,0.0,0.0,True
KRFPC_974,0.0,0.0,True
KRFPC_975,0.0,0.0,True
KRFPC_976,0.0,0.0,True
KRFPC_977,0.0162779253348253,0.00026497085320614734,True
KRFPC_978,0.0,0.0,True
KRFPC_979,0.0,0.0,True
KRFPC_980,0.0,0.0,True
KRFPC_981,0.0,0.0,True
KRFPC_982,0.0,0.0,True
KRFPC_983,0.0,0.0,True
KRFPC_984,0.0,0.0,True
KRFPC_985,0.0,0.0,True
KRFPC_986,0.0,0.0,True
KRFPC_987,0.0,0.0,True
KRFPC_988,0.023017411889466752,0.0005299417064122947,True
KRFPC_989,0.0,0.0,True
KRFPC_990,0.023017411889466755,0.0005299417064122947,True
KRFPC_991,0.07800048917902726,0.003444621091679915,True
KRFPC_992,0.0,0.0,True
KRFPC_993,0.0,0.0,True
KRFPC_994,0.0,0.0,True
KRFPC_995,0.0,0.0,True
KRFPC_996,0.0,0.0,True
KRFPC_997,0.0,0.0,True
KRFPC_998,0.0,0.0,True
KRFPC_999,0.0,0.0,True
KRFPC_1000,0.03637924824403939,0.0013248542660307366,True
KRFPC_1001,0.0162779253348253,0.00026497085320614734,True
KRFPC_1002,0.0,0.0,True
KRFPC_1003,0.0,0.0,True
KRFPC_1004,0.0,0.0,True
KRFPC_1005,0.0,0.0,True
KRFPC_1006,0.0,0.0,True
KRFPC_1007,0.0,0.0,True
KRFPC_1008,0.0,0.0,True
KRFPC_1009,0.0,0.0,True
KRFPC_1010,0.0,0.0,True
KRFPC_1011,0.0,0.0,True
KRFPC_1012,0.12826973102061565,0.01563328033916269,False
KRFPC_1013,0.0,0.0,True
KRFPC_1014,0.016277925334825298,0.00026497085320614734,True
KRFPC_1015,0.0,0.0,True
KRFPC_1016,0.0,0.0,True
KRFPC_1017,0.0,0.0,True
KRFPC_1018,0.0,0.0,True
KRFPC_1019,0.0325558506696506,0.0005299417064122947,True
KRFPC_1020,0.0162779253348253,0.00026497085320614734,True
KRFPC_1021,0.0,0.0,True
KRFPC_1022,0.0,0.0,True
KRFPC_1023,0.04878197670482277,0.0023847376788553257,True
KRFPC_1024,0.016277925334825298,0.00026497085320614734,True
KRFPC_1025,0.0,0.0,True
KRFPC_1026,0.0,0.0,True
KRFPC_1027,0.0,0.0,True
KRFPC_1028,0.0,0.0,True
KRFPC_1029,0.0,0.0,True
KRFPC_1030,0.0,0.0,True
KRFPC_1031,0.0,0.0,True
KRFPC_1032,0.0,0.0,True
KRFPC_1033,0.0,0.0,True
KRFPC_1034,0.0,0.0,True
KRFPC_1035,0.0,0.0,True
KRFPC_1036,0.0,0.0,True
KRFPC_1037,0.0,0.0,True
KRFPC_1038,0.0,0.0,True
KRFPC_1039,0.0,0.0,True
KRFPC_1040,0.0,0.0,True
KRFPC_1041,0.04601956580768845,0.001589825119236884,True
KRFPC_1042,0.0,0.0,True
KRFPC_1043,0.0,0.0,True
KRFPC_1044,0.0,0.0,True
KRFPC_1045,0.0,0.0,True
KRFPC_1046,0.0,0.0,True
KRFPC_1047,0.0,0.0,True
KRFPC_1048,0.0,0.0,True
KRFPC_1049,0.0,0.0,True
KRFPC_1050,0.0,0.0,True
KRFPC_1051,0.0,0.0,True
KRFPC_1052,0.023017411889466752,0.0005299417064122947,True
KRFPC_1053,0.0,0.0,True
KRFPC_1054,0.023017411889466752,0.0005299417064122947,True
KRFPC_1055,0.0,0.0,True
KRFPC_1056,0.0,0.0,True
KRFPC_1057,0.0,0.0,True
KRFPC_1058,0.0,0.0,True
KRFPC_1059,0.0,0.0,True
KRFPC_1060,0.0,0.0,True
KRFPC_1061,0.0,0.0,True
KRFPC_1062,0.0,0.0,True
KRFPC_1063,0.0,0.0,True
KRFPC_1064,0.0,0.0,True
KRFPC_1065,0.0,0.0,True
KRFPC_1066,0.0,0.0,True
KRFPC_1067,0.0,0.0,True
KRFPC_1068,0.0,0.0,True
KRFPC_1069,0.0,0.0,True
KRFPC_1070,0.0,0.0,True
KRFPC_1071,0.0,0.0,True
KRFPC_1072,0.0,0.0,True
KRFPC_1073,0.0,0.0,True
KRFPC_1074,0.0,0.0,True
KRFPC_1075,0.0,0.0,True
KRFPC_1076,0.0,0.0,True
KRFPC_1077,0.0,0.0,True
KRFPC_1078,0.0,0.0,True
KRFPC_1079,0.0,0.0,True
KRFPC_1080,0.0,0.0,True
KRFPC_1081,0.0,0.0,True
KRFPC_1082,0.0,0.0,True
KRFPC_1083,0.0,0.0,True
KRFPC_1084,0.0,0.0,True
KRFPC_1085,0.0,0.0,True
KRFPC_1086,0.0,0.0,True
KRFPC_1087,0.0,0.0,True
KRFPC_1088,0.0,0.0,True
KRFPC_1089,0.0,0.0,True
KRFPC_1090,0.0,0.0,True
KRFPC_1091,0.0,0.0,True
KRFPC_1092,0.0,0.0,True
KRFPC_1093,0.0,0.0,True
KRFPC_1094,0.0,0.0,True
KRFPC_1095,0.0,0.0,True
KRFPC_1096,0.0,0.0,True
KRFPC_1097,0.0,0.0,True
KRFPC_1098,0.0162779253348253,0.00026497085320614734,True
KRFPC_1099,0.0,0.0,True
KRFPC_1100,0.0,0.0,True
KRFPC_1101,0.0,0.0,True
KRFPC_1102,0.0,0.0,True
KRFPC_1103,0.0162779253348253,0.00026497085320614734,True
KRFPC_1104,0.0,0.0,True
KRFPC_1105,0.0,0.0,True
KRFPC_1106,0.0,0.0,True
KRFPC_1107,0.0,0.0,True
KRFPC_1108,0.0,0.0,True
KRFPC_1109,0.0,0.0,True
KRFPC_1110,0.0,0.0,True
KRFPC_1111,0.0,0.0,True
KRFPC_1112,0.0,0.0,True
KRFPC_1113,0.0,0.0,True
KRFPC_1114,0.0,0.0,True
KRFPC_1115,0.0,0.0,True
KRFPC_1116,0.0,0.0,True
KRFPC_1117,0.0,0.0,True
KRFPC_1118,0.0,0.0,True
KRFPC_1119,0.0,0.0,True
KRFPC_1120,0.0,0.0,True
KRFPC_1121,0.0,0.0,True
KRFPC_1122,0.0,0.0,True
KRFPC_1123,0.0,0.0,True
KRFPC_1124,0.02818672011159961,0.000794912559618442,True
KRFPC_1125,0.043033084826230104,0.0018547959724430313,True
KRFPC_1126,0.0,0.0,True
KRFPC_1127,0.0,0.0,True
KRFPC_1128,0.0,0.0,True
KRFPC_1129,0.0,0.0,True
KRFPC_1130,0.0,0.0,True
KRFPC_1131,0.0,0.0,True
KRFPC_1132,0.0,0.0,True
KRFPC_1133,0.0,0.0,True
KRFPC_1134,0.016277925334825298,0.00026497085320614734,True
KRFPC_1135,0.0,0.0,True
KRFPC_1136,0.0,0.0,True
KRFPC_1137,0.0,0.0,True
KRFPC_1138,0.29497735274472664,0.05325914149443561,False
KRFPC_1139,0.0,0.0,True
KRFPC_1140,0.07950178948815584,0.006359300476947536,True
KRFPC_1141,0.0,0.0,True
KRFPC_1142,0.0,0.0,True
KRFPC_1143,0.5899547054894533,0.10651828298887123,False
KRFPC_1144,0.29497735274472664,0.05325914149443561,False
KRFPC_1145,0.3024789739284365,0.08426073131955485,False
KRFPC_1146,0.27083311420787554,0.05696873343932168,False
KRFPC_1147,0.8000749088727473,0.37148913619501855,False
KRFPC_1148,0.05630612862877746,0.003179650238473768,True
KRFPC_1149,0.2558311092223833,0.058823529411764705,False
KRFPC_1150,0.08272601693788842,0.00688924218335983,True
KRFPC_1151,0.0,0.0,True
KRFPC_1152,0.35428879278043274,0.11208267090620032,False
KRFPC_1153,0.9572462989976647,0.762586115527292,False
KRFPC_1154,0.12210680051659556,0.014043455219925808,False
KRFPC_1155,0.8730496733884776,0.5998940116587176,False
KRFPC_1156,0.14581205202059203,0.02172760996290408,False
KRFPC_1157,0.05633356157979787,0.002649708532061473,True
KRFPC_1158,0.0,0.0,True
KRFPC_1159,0.21768929468690482,0.04054054054054054,False
KRFPC_1160,0.06697314719039353,0.0045045045045045045,True
KRFPC_1161,0.03984618268282351,0.001589825119236884,True
KRFPC_1162,0.0,0.0,True
KRFPC_1163,0.0,0.0,True
KRFPC_1164,0.0,0.0,True
KRFPC_1165,0.0,0.0,True
KRFPC_1166,0.0,0.0,True
KRFPC_1167,0.0,0.0,True
KRFPC_1168,0.0,0.0,True
KRFPC_1169,0.0,0.0,True
KRFPC_1170,0.0,0.0,True
KRFPC_1171,0.0,0.0,True
KRFPC_1172,0.12238255499623195,0.011393746687864335,False
KRFPC_1173,0.0,0.0,True
KRFPC_1174,0.0,0.0,True
KRFPC_1175,0.0,0.0,True
KRFPC_1176,0.0,0.0,True
KRFPC_1177,0.0,0.0,True
KRFPC_1178,0.0,0.0,True
KRFPC_1179,0.0,0.0,True
KRFPC_1180,0.0,0.0,True
KRFPC_1181,0.0,0.0,True
KRFPC_1182,0.0,0.0,True
KRFPC_1183,0.036394688532598786,0.000794912559618442,True
KRFPC_1184,0.0,0.0,True
KRFPC_1185,0.0,0.0,True
KRFPC_1186,0.0,0.0,True
KRFPC_1187,0.0,0.0,True
KRFPC_1188,0.0,0.0,True
KRFPC_1189,0.0,0.0,True
KRFPC_1190,0.0,0.0,True
KRFPC_1191,0.0,0.0,True
KRFPC_1192,0.9216164149816404,0.7766295707472178,False
KRFPC_1193,0.0,0.0,True
KRFPC_1194,0.0,0.0,True
KRFPC_1195,0.0,0.0,True
KRFPC_1196,0.0,0.0,True
KRFPC_1197,0.0,0.0,True
KRFPC_1198,0.0,0.0,True
KRFPC_1199,0.0,0.0,True
KRFPC_1200,0.0,0.0,True
KRFPC_1201,0.0,0.0,True
KRFPC_1202,0.02301741188946676,0.0005299417064122947,True
KRFPC_1203,0.0,0.0,True
KRFPC_1204,0.0,0.0,True
KRFPC_1205,0.0,0.0,True
KRFPC_1206,0.0,0.0,True
KRFPC_1207,0.0,0.0,True
KRFPC_1208,0.0,0.0,True
KRFPC_1209,0.0,0.0,True
KRFPC_1210,0.0,0.0,True
KRFPC_1211,0.0,0.0,True
KRFPC_1212,0.0,0.0,True
KRFPC_1213,0.0,0.0,True
KRFPC_1214,0.023017411889466755,0.0005299417064122947,True
KRFPC_1215,0.0,0.0,True
KRFPC_1216,0.023017411889466755,0.0005299417064122947,True
KRFPC_1217,0.043033084826230104,0.0018547959724430313,True
KRFPC_1218,0.0,0.0,True
KRFPC_1219,0.0,0.0,True
KRFPC_1220,0.023017411889466752,0.0005299417064122947,True
KRFPC_1221,0.0,0.0,True
KRFPC_1222,0.0,0.0,True
KRFPC_1223,0.0,0.0,True
KRFPC_1224,0.048805005403101225,0.0018547959724430313,True
KRFPC_1225,0.0,0.0,True
KRFPC_1226,0.0,0.0,True
KRFPC_1227,0.0,0.0,True
KRFPC_1228,0.0,0.0,True
KRFPC_1229,0.0,0.0,True
KRFPC_1230,0.0,0.0,True
KRFPC_1231,0.0,0.0,True
KRFPC_1232,0.0,0.0,True
KRFPC_1233,0.0,0.0,True
KRFPC_1234,0.0,0.0,True
KRFPC_1235,0.03637924824403939,0.0013248542660307366,True
KRFPC_1236,0.0,0.0,True
KRFPC_1237,0.0,0.0,True
KRFPC_1238,0.0,0.0,True
KRFPC_1239,0.0162779253348253,0.00026497085320614734,True
KRFPC_1240,0.0,0.0,True
KRFPC_1241,0.0,0.0,True
KRFPC_1242,0.0,0.0,True
KRFPC_1243,0.0,0.0,True
KRFPC_1244,0.0,0.0,True
KRFPC_1245,0.0,0.0,True
KRFPC_1246,0.0,0.0,True
KRFPC_1247,0.0,0.0,True
KRFPC_1248,0.0,0.0,True
KRFPC_1249,0.0,0.0,True
KRFPC_1250,0.0,0.0,True
KRFPC_1251,0.0,0.0,True
KRFPC_1252,0.0,0.0,True
KRFPC_1253,0.0,0.0,True
KRFPC_1254,0.0,0.0,True
KRFPC_1255,0.0,0.0,True
KRFPC_1256,0.0,0.0,True
KRFPC_1257,0.0,0.0,True
KRFPC_1258,0.0,0.0,True
KRFPC_1259,0.0,0.0,True
KRFPC_1260,0.0,0.0,True
KRFPC_1261,0.0,0.0,True
KRFPC_1262,0.17752709835832084,0.028616852146263912,False
KRFPC_1263,0.0,0.0,True
KRFPC_1264,0.0,0.0,True
KRFPC_1265,0.0,0.0,True
KRFPC_1266,0.0,0.0,True
KRFPC_1267,0.0,0.0,True
KRFPC_1268,0.0,0.0,True
KRFPC_1269,0.0,0.0,True
KRFPC_1270,0.0,0.0,True
KRFPC_1271,0.0162779253348253,0.00026497085320614734,True
KRFPC_1272,0.0,0.0,True
KRFPC_1273,0.0,0.0,True
KRFPC_1274,0.0,0.0,True
KRFPC_1275,0.0,0.0,True
KRFPC_1276,0.0,0.0,True
KRFPC_1277,0.0,0.0,True
KRFPC_1278,0.0,0.0,True
KRFPC_1279,0.0,0.0,True
KRFPC_1280,0.0,0.0,True
KRFPC_1281,0.0,0.0,True
KRFPC_1282,0.0,0.0,True
KRFPC_1283,0.0,0.0,True
KRFPC_1284,0.0,0.0,True
KRFPC_1285,0.0,0.0,True
KRFPC_1286,0.0,0.0,True
KRFPC_1287,0.0,0.0,True
KRFPC_1288,0.0,0.0,True
KRFPC_1289,0.0,0.0,True
KRFPC_1290,0.0,0.0,True
KRFPC_1291,0.0,0.0,True
KRFPC_1292,0.0,0.0,True
KRFPC_1293,0.0,0.0,True
KRFPC_1294,0.0,0.0,True
KRFPC_1295,0.0162779253348253,0.00026497085320614734,True
KRFPC_1296,0.0,0.0,True
KRFPC_1297,0.0,0.0,True
KRFPC_1298,0.0162779253348253,0.00026497085320614734,True
KRFPC_1299,0.0,0.0,True
KRFPC_1300,0.0,0.0,True
KRFPC_1301,0.0,0.0,True
KRFPC_1302,0.0,0.0,True
KRFPC_1303,0.0,0.0,True
KRFPC_1304,0.0,0.0,True
KRFPC_1305,0.0,0.0,True
KRFPC_1306,0.0,0.0,True
KRFPC_1307,0.0,0.0,True
KRFPC_1308,0.0,0.0,True
KRFPC_1309,0.0,0.0,True
KRFPC_1310,0.016277925334825298,0.00026497085320614734,True
KRFPC_1311,0.0,0.0,True
KRFPC_1312,0.0,0.0,True
KRFPC_1313,0.0,0.0,True
KRFPC_1314,0.0,0.0,True
KRFPC_1315,0.0,0.0,True
KRFPC_1316,0.0,0.0,True
KRFPC_1317,0.0,0.0,True
KRFPC_1318,0.0162779253348253,0.00026497085320614734,True
KRFPC_1319,0.0,0.0,True
KRFPC_1320,0.0,0.0,True
KRFPC_1321,0.0,0.0,True
KRFPC_1322,0.0,0.0,True
KRFPC_1323,0.0,0.0,True
KRFPC_1324,0.0,0.0,True
KRFPC_1325,0.0,0.0,True
KRFPC_1326,0.0,0.0,True
KRFPC_1327,0.0,0.0,True
KRFPC_1328,0.0,0.0,True
KRFPC_1329,0.0,0.0,True
KRFPC_1330,0.0,0.0,True
KRFPC_1331,0.0,0.0,True
KRFPC_1332,0.0,0.0,True
KRFPC_1333,0.0,0.0,True
KRFPC_1334,0.0,0.0,True
KRFPC_1335,0.0,0.0,True
KRFPC_1336,0.0,0.0,True
KRFPC_1337,0.0,0.0,True
KRFPC_1338,0.0,0.0,True
KRFPC_1339,0.0,0.0,True
KRFPC_1340,0.0,0.0,True
KRFPC_1341,0.0,0.0,True
KRFPC_1342,0.0,0.0,True
KRFPC_1343,0.0,0.0,True
KRFPC_1344,0.0,0.0,True
KRFPC_1345,0.0,0.0,True
KRFPC_1346,0.0,0.0,True
KRFPC_1347,0.0,0.0,True
KRFPC_1348,0.0,0.0,True
KRFPC_1349,0.0,0.0,True
KRFPC_1350,0.0,0.0,True
KRFPC_1351,0.0,0.0,True
KRFPC_1352,0.0,0.0,True
KRFPC_1353,0.0,0.0,True
KRFPC_1354,0.0,0.0,True
KRFPC_1355,0.0,0.0,True
KRFPC_1356,0.0,0.0,True
KRFPC_1357,0.0,0.0,True
KRFPC_1358,0.0,0.0,True
KRFPC_1359,0.0,0.0,True
KRFPC_1360,0.0,0.0,True
KRFPC_1361,0.0,0.0,True
KRFPC_1362,0.0,0.0,True
KRFPC_1363,0.0,0.0,True
KRFPC_1364,0.0,0.0,True
KRFPC_1365,0.0,0.0,True
KRFPC_1366,0.0,0.0,True
KRFPC_1367,0.0,0.0,True
KRFPC_1368,0.0,0.0,True
KRFPC_1369,0.0,0.0,True
KRFPC_1370,0.0,0.0,True
KRFPC_1371,0.0,0.0,True
KRFPC_1372,0.0,0.0,True
KRFPC_1373,0.0,0.0,True
KRFPC_1374,0.0,0.0,True
KRFPC_1375,0.0,0.0,True
KRFPC_1376,0.0,0.0,True
KRFPC_1377,0.0,0.0,True
KRFPC_1378,0.0,0.0,True
KRFPC_1379,0.0,0.0,True
KRFPC_1380,0.0,0.0,True
KRFPC_1381,0.0,0.0,True
KRFPC_1382,0.0,0.0,True
KRFPC_1383,0.0,0.0,True
KRFPC_1384,0.0,0.0,True
KRFPC_1385,0.0,0.0,True
KRFPC_1386,0.0,0.0,True
KRFPC_1387,0.0,0.0,True
KRFPC_1388,0.0,0.0,True
KRFPC_1389,0.0,0.0,True
KRFPC_1390,0.0,0.0,True
KRFPC_1391,0.0,0.0,True
KRFPC_1392,0.0,0.0,True
KRFPC_1393,0.0,0.0,True
KRFPC_1394,0.0,0.0,True
KRFPC_1395,0.0,0.0,True
KRFPC_1396,0.0,0.0,True
KRFPC_1397,0.0,0.0,True
KRFPC_1398,0.0,0.0,True
KRFPC_1399,0.0,0.0,True
KRFPC_1400,0.0,0.0,True
KRFPC_1401,0.0,0.0,True
KRFPC_1402,0.0,0.0,True
KRFPC_1403,0.0,0.0,True
KRFPC_1404,0.05141388915001135,0.002649708532061473,True
KRFPC_1405,0.11224121092015053,0.011128775834658187,False
KRFPC_1406,0.45135238387235505,0.2681505034446211,False
KRFPC_1407,0.0162779253348253,0.00026497085320614734,True
KRFPC_1408,0.0,0.0,True
KRFPC_1409,0.0,0.0,True
KRFPC_1410,0.0,0.0,True
KRFPC_1411,0.02301741188946676,0.0005299417064122947,True
KRFPC_1412,0.0,0.0,True
KRFPC_1413,0.0,0.0,True
KRFPC_1414,0.0,0.0,True
KRFPC_1415,0.0,0.0,True
KRFPC_1416,0.0,0.0,True
KRFPC_1417,0.12126969463139049,0.011658717541070483,False
KRFPC_1418,0.0,0.0,True
KRFPC_1419,0.0,0.0,True
KRFPC_1420,0.05391617834663831,0.0029146793852676206,True
KRFPC_1421,0.0,0.0,True
KRFPC_1422,0.0,0.0,True
KRFPC_1423,0.05630612862877747,0.003179650238473768,True
KRFPC_1424,0.0,0.0,True
KRFPC_1425,0.060801401459995116,0.0037095919448860626,True
KRFPC_1426,0.13788996578106202,0.018282988871224166,False
KRFPC_1427,0.0,0.0,True
KRFPC_1428,0.0,0.0,True
KRFPC_1429,0.0162779253348253,0.00026497085320614734,True
KRFPC_1430,0.0,0.0,True
KRFPC_1431,0.0162779253348253,0.00026497085320614734,True
KRFPC_1432,0.0,0.0,True
KRFPC_1433,0.0162779253348253,0.00026497085320614734,True
KRFPC_1434,0.0,0.0,True
KRFPC_1435,0.0,0.0,True
KRFPC_1436,0.023017411889466755,0.0005299417064122947,True
KRFPC_1437,0.06080140145999511,0.0037095919448860626,True
KRFPC_1438,0.0162779253348253,0.00026497085320614734,True
KRFPC_1439,0.0,0.0,True
KRFPC_1440,0.0,0.0,True
KRFPC_1441,0.0,0.0,True
KRFPC_1442,0.0,0.0,True
KRFPC_1443,0.0,0.0,True
KRFPC_1444,0.0,0.0,True
KRFPC_1445,0.0,0.0,True
KRFPC_1446,0.0,0.0,True
KRFPC_1447,0.02818672011159961,0.000794912559618442,True
KRFPC_1448,0.0,0.0,True
KRFPC_1449,0.0,0.0,True
KRFPC_1450,0.0,0.0,True
KRFPC_1451,0.1373978622091229,0.014308426073131956,False
KRFPC_1452,0.02818672011159961,0.000794912559618442,True
KRFPC_1453,0.023017411889466755,0.0005299417064122947,True
KRFPC_1454,0.0,0.0,True
KRFPC_1455,0.0,0.0,True
KRFPC_1456,0.0398461826828235,0.001589825119236884,True
KRFPC_1457,0.04882226979844231,0.0013248542660307366,True
KRFPC_1458,0.0,0.0,True
KRFPC_1459,0.0,0.0,True
KRFPC_1460,0.0,0.0,True
KRFPC_1461,0.0,0.0,True
KRFPC_1462,0.028186720111599613,0.000794912559618442,True
KRFPC_1463,0.0,0.0,True
KRFPC_1464,0.0,0.0,True
KRFPC_1465,0.0,0.0,True
KRFPC_1466,0.0,0.0,True
KRFPC_1467,0.0162779253348253,0.00026497085320614734,True
KRFPC_1468,0.02301741188946676,0.0005299417064122947,True
KRFPC_1469,0.023017411889466755,0.0005299417064122947,True
KRFPC_1470,0.0,0.0,True
KRFPC_1471,0.0,0.0,True
KRFPC_1472,0.0,0.0,True
KRFPC_1473,0.02301741188946676,0.0005299417064122947,True
KRFPC_1474,0.0,0.0,True
KRFPC_1475,0.032542905139016295,0.0010598834128245894,True
KRFPC_1476,0.0,0.0,True
KRFPC_1477,0.0,0.0,True
KRFPC_1478,0.0,0.0,True
KRFPC_1479,0.0,0.0,True
KRFPC_1480,0.0,0.0,True
KRFPC_1481,0.0,0.0,True
KRFPC_1482,0.036379248244039396,0.0013248542660307366,True
KRFPC_1483,0.0,0.0,True
KRFPC_1484,0.0,0.0,True
KRFPC_1485,0.0,0.0,True
KRFPC_1486,0.0,0.0,True
KRFPC_1487,0.0,0.0,True
KRFPC_1488,0.0,0.0,True
KRFPC_1489,0.0,0.0,True
KRFPC_1490,0.0,0.0,True
KRFPC_1491,0.0,0.0,True
KRFPC_1492,0.0,0.0,True
KRFPC_1493,0.0,0.0,True
KRFPC_1494,0.0,0.0,True
KRFPC_1495,0.0,0.0,True
KRFPC_1496,0.0,0.0,True
KRFPC_1497,0.0,0.0,True
KRFPC_1498,0.0,0.0,True
KRFPC_1499,0.0162779253348253,0.00026497085320614734,True
KRFPC_1500,0.0,0.0,True
KRFPC_1501,0.0,0.0,True
KRFPC_1502,0.0,0.0,True
KRFPC_1503,0.0,0.0,True
KRFPC_1504,0.0,0.0,True
KRFPC_1505,0.0,0.0,True
KRFPC_1506,0.0,0.0,True
KRFPC_1507,0.0162779253348253,0.00026497085320614734,True
KRFPC_1508,0.0,0.0,True
KRFPC_1509,0.0,0.0,True
KRFPC_1510,0.0,0.0,True
KRFPC_1511,0.0,0.0,True
KRFPC_1512,0.0,0.0,True
KRFPC_1513,0.0,0.0,True
KRFPC_1514,0.0,0.0,True
KRFPC_1515,0.0,0.0,True
KRFPC_1516,0.0,0.0,True
KRFPC_1517,0.0,0.0,True
KRFPC_1518,0.0,0.0,True
KRFPC_1519,0.09854124850820864,0.00980392156862745,True
KRFPC_1520,0.0,0.0,True
KRFPC_1521,0.0,0.0,True
KRFPC_1522,0.0,0.0,True
KRFPC_1523,0.07265031110076331,0.0047694753577106515,True
KRFPC_1524,0.0,0.0,True
KRFPC_1525,0.0,0.0,True
KRFPC_1526,0.0,0.0,True
KRFPC_1527,0.0,0.0,True
KRFPC_1528,0.0,0.0,True
KRFPC_1529,0.0,0.0,True
KRFPC_1530,0.0,0.0,True
KRFPC_1531,0.0,0.0,True
KRFPC_1532,0.0,0.0,True
KRFPC_1533,0.0,0.0,True
KRFPC_1534,0.0162779253348253,0.00026497085320614734,True
KRFPC_1535,0.190490446259496,0.028616852146263912,False
KRFPC_1536,0.0,0.0,True
KRFPC_1537,0.0162779253348253,0.00026497085320614734,True
KRFPC_1538,0.0162779253348253,0.00026497085320614734,True
KRFPC_1539,0.0,0.0,True
KRFPC_1540,0.0,0.0,True
KRFPC_1541,0.0,0.0,True
KRFPC_1542,0.0,0.0,True
KRFPC_1543,0.0,0.0,True
KRFPC_1544,0.0,0.0,True
KRFPC_1545,0.06498214287438389,0.0042395336512983575,True
KRFPC_1546,0.0,0.0,True
KRFPC_1547,0.0,0.0,True
KRFPC_1548,0.0,0.0,True
KRFPC_1549,0.0,0.0,True
KRFPC_1550,0.0,0.0,True
KRFPC_1551,0.0,0.0,True
KRFPC_1552,0.0,0.0,True
KRFPC_1553,0.0,0.0,True
KRFPC_1554,0.0,0.0,True
KRFPC_1555,0.0,0.0,True
KRFPC_1556,0.0,0.0,True
KRFPC_1557,0.0,0.0,True
KRFPC_1558,0.0,0.0,True
KRFPC_1559,0.0,0.0,True
KRFPC_1560,0.0,0.0,True
KRFPC_1561,0.0,0.0,True
KRFPC_1562,0.0,0.0,True
KRFPC_1563,0.47507935017815195,0.21621621621621623,False
KRFPC_1564,0.0,0.0,True
KRFPC_1565,0.42058917951805525,0.1338102808691044,False
KRFPC_1566,0.0,0.0,True
KRFPC_1567,0.05394222292383856,0.0023847376788553257,True
KRFPC_1568,0.06901968305107282,0.002649708532061473,True
KRFPC_1569,0.0,0.0,True
KRFPC_1570,0.05141388915001135,0.002649708532061473,True
KRFPC_1571,0.03986380360204276,0.0010598834128245894,True
KRFPC_1572,0.032542905139016295,0.0010598834128245894,True
KRFPC_1573,0.023017411889466752,0.0005299417064122947,True
KRFPC_1574,0.0,0.0,True
KRFPC_1575,0.0,0.0,True
KRFPC_1576,0.03639468853259879,0.000794912559618442,True
KRFPC_1577,0.023017411889466752,0.0005299417064122947,True
KRFPC_1578,0.023017411889466752,0.0005299417064122947,True
KRFPC_1579,0.0,0.0,True
KRFPC_1580,0.0,0.0,True
KRFPC_1581,0.0,0.0,True
KRFPC_1582,0.07794644913523509,0.0045045045045045045,True
KRFPC_1583,0.053942222923838566,0.0023847376788553257,True
KRFPC_1584,0.0325558506696506,0.0005299417064122947,True
KRFPC_1585,0.0,0.0,True
KRFPC_1586,0.0,0.0,True
KRFPC_1587,0.06292706003131429,0.00397456279809221,True
KRFPC_1588,0.06697314719039353,0.0045045045045045045,True
KRFPC_1589,0.0,0.0,True
KRFPC_1590,0.2633338018436499,0.057233704292527825,False
KRFPC_1591,0.15448097618680337,0.02278749337572867,False
KRFPC_1592,0.0,0.0,True
KRFPC_1593,0.0,0.0,True
KRFPC_1594,0.0,0.0,True
KRFPC_1595,0.0,0.0,True
KRFPC_1596,0.09047266384488774,0.005564387917329093,True
KRFPC_1597,0.0,0.0,True
KRFPC_1598,0.0,0.0,True
KRFPC_1599,0.036379248244039396,0.0013248542660307366,True
KRFPC_1600,0.0,0.0,True
KRFPC_1601,0.0,0.0,True
KRFPC_1602,0.0,0.0,True
KRFPC_1603,0.0,0.0,True
KRFPC_1604,0.0,0.0,True
KRFPC_1605,0.09478030123349972,0.005299417064122946,True
KRFPC_1606,0.0,0.0,True
KRFPC_1607,0.0,0.0,True
KRFPC_1608,0.06899729421771628,0.003179650238473768,True
KRFPC_1609,0.0,0.0,True
KRFPC_1610,0.0,0.0,True
KRFPC_1611,0.0162779253348253,0.00026497085320614734,True
KRFPC_1612,0.06897082531744814,0.0037095919448860626,True
KRFPC_1613,0.07446856229347096,0.0045045045045045045,True
KRFPC_1614,0.06894027165077075,0.0042395336512983575,True
KRFPC_1615,0.07443460446882964,0.005034446210916799,True
KRFPC_1616,0.0325558506696506,0.0005299417064122947,True
KRFPC_1617,0.0325558506696506,0.0005299417064122947,True
KRFPC_1618,0.0670360337726053,0.003444621091679915,True
KRFPC_1619,0.0325558506696506,0.0005299417064122947,True
KRFPC_1620,0.07085181161872349,0.00397456279809221,True
KRFPC_1621,0.04878197670482278,0.0023847376788553257,True
KRFPC_1622,0.0,0.0,True
KRFPC_1623,0.0,0.0,True
KRFPC_1624,0.0,0.0,True
KRFPC_1625,0.0162779253348253,0.00026497085320614734,True
KRFPC_1626,0.0,0.0,True
KRFPC_1627,0.0,0.0,True
KRFPC_1628,0.0,0.0,True
KRFPC_1629,0.0,0.0,True
KRFPC_1630,0.028186720111599613,0.000794912559618442,True
KRFPC_1631,0.0162779253348253,0.00026497085320614734,True
KRFPC_1632,0.2565374088938734,0.06650768415474298,False
KRFPC_1633,0.05859748713461551,0.003444621091679915,True
KRFPC_1634,0.0,0.0,True
KRFPC_1635,0.0,0.0,True
KRFPC_1636,0.02301741188946676,0.0005299417064122947,True
KRFPC_1637,0.03637924824403939,0.0013248542660307366,True
KRFPC_1638,0.07969236536564701,0.003179650238473768,True
KRFPC_1639,0.0,0.0,True
KRFPC_1640,0.0,0.0,True
KRFPC_1641,0.7673154246604328,0.4960254372019078,False
KRFPC_1642,0.0,0.0,True
KRFPC_1643,0.0,0.0,True
KRFPC_1644,0.5140225004470423,0.28245892951775303,False
KRFPC_1645,0.19072183065119092,0.03550609432962374,False
KRFPC_1646,0.0162779253348253,0.00026497085320614734,True
KRFPC_1647,0.03637924824403939,0.0013248542660307366,True
KRFPC_1648,0.0162779253348253,0.00026497085320614734,True
KRFPC_1649,0.053916178346638303,0.0029146793852676206,True
KRFPC_1650,0.0,0.0,True
KRFPC_1651,0.06706117189337046,0.0029146793852676206,True
KRFPC_1652,0.15152409831877262,0.019077901430842606,False
KRFPC_1653,0.1486277159904777,0.020932697403285638,False
KRFPC_1654,0.023017411889466755,0.0005299417064122947,True
KRFPC_1655,0.0,0.0,True
KRFPC_1656,0.0,0.0,True
KRFPC_1657,0.0,0.0,True
KRFPC_1658,0.07261356872352699,0.005299417064122946,True
KRFPC_1659,0.0,0.0,True
KRFPC_1660,0.0,0.0,True
KRFPC_1661,0.0,0.0,True
KRFPC_1662,0.03637924824403939,0.0013248542660307366,True
KRFPC_1663,0.0162779253348253,0.00026497085320614734,True
KRFPC_1664,0.0,0.0,True
KRFPC_1665,0.0,0.0,True
KRFPC_1666,0.0,0.0,True
KRFPC_1667,0.0,0.0,True
KRFPC_1668,0.0,0.0,True
KRFPC_1669,0.14725201369318167,0.01775304716481187,False
KRFPC_1670,0.0,0.0,True
KRFPC_1671,0.05633356157979787,0.002649708532061473,True
KRFPC_1672,0.05394222292383857,0.0023847376788553257,True
KRFPC_1673,0.0,0.0,True
KRFPC_1674,0.0,0.0,True
KRFPC_1675,0.05145758058695912,0.001589825119236884,True
KRFPC_1676,0.0162779253348253,0.00026497085320614734,True
KRFPC_1677,0.0,0.0,True
KRFPC_1678,0.0,0.0,True
KRFPC_1679,0.0,0.0,True
KRFPC_1680,0.0,0.0,True
KRFPC_1681,0.0,0.0,True
KRFPC_1682,0.0,0.0,True
KRFPC_1683,0.10114240030644481,0.010333863275039745,False
KRFPC_1684,0.0,0.0,True
KRFPC_1685,0.02301741188946676,0.0005299417064122947,True
KRFPC_1686,0.0,0.0,True
KRFPC_1687,0.0,0.0,True
KRFPC_1688,0.0,0.0,True
KRFPC_1689,0.0,0.0,True
KRFPC_1690,0.0,0.0,True
KRFPC_1691,0.0,0.0,True
KRFPC_1692,0.0,0.0,True
KRFPC_1693,0.0,0.0,True
KRFPC_1694,0.0,0.0,True
KRFPC_1695,0.0,0.0,True
KRFPC_1696,0.0,0.0,True
KRFPC_1697,0.0,0.0,True
KRFPC_1698,0.0,0.0,True
KRFPC_1699,0.0,0.0,True
KRFPC_1700,0.0,0.0,True
KRFPC_1701,0.0,0.0,True
KRFPC_1702,0.0,0.0,True
KRFPC_1703,0.0,0.0,True
KRFPC_1704,0.0,0.0,True
KRFPC_1705,0.0,0.0,True
KRFPC_1706,0.0162779253348253,0.00026497085320614734,True
KRFPC_1707,0.0,0.0,True
KRFPC_1708,0.0,0.0,True
KRFPC_1709,0.0,0.0,True
KRFPC_1710,0.0,0.0,True
KRFPC_1711,0.0,0.0,True
KRFPC_1712,0.0,0.0,True
KRFPC_1713,0.0,0.0,True
KRFPC_1714,0.0,0.0,True
KRFPC_1715,0.0,0.0,True
KRFPC_1716,0.0,0.0,True
KRFPC_1717,0.0,0.0,True
KRFPC_1718,0.0,0.0,True
KRFPC_1719,0.0,0.0,True
KRFPC_1720,0.0,0.0,True
KRFPC_1721,0.0,0.0,True
KRFPC_1722,0.0,0.0,True
KRFPC_1723,0.26181798063392975,0.04107048224695284,False
KRFPC_1724,0.0162779253348253,0.00026497085320614734,True
KRFPC_1725,0.0162779253348253,0.00026497085320614734,True
KRFPC_1726,0.0,0.0,True
KRFPC_1727,0.0162779253348253,0.00026497085320614734,True
KRFPC_1728,0.0,0.0,True
KRFPC_1729,0.0,0.0,True
KRFPC_1730,0.0,0.0,True
KRFPC_1731,0.016277925334825298,0.00026497085320614734,True
KRFPC_1732,0.14406188349468138,0.021197668256491786,False
KRFPC_1733,0.0,0.0,True
KRFPC_1734,0.0162779253348253,0.00026497085320614734,True
KRFPC_1735,0.023017411889466755,0.0005299417064122947,True
KRFPC_1736,0.0,0.0,True
KRFPC_1737,0.0,0.0,True
KRFPC_1738,0.0,0.0,True
KRFPC_1739,0.0,0.0,True
KRFPC_1740,0.023017411889466755,0.0005299417064122947,True
KRFPC_1741,0.0,0.0,True
KRFPC_1742,0.0,0.0,True
KRFPC_1743,0.0,0.0,True
KRFPC_1744,0.0,0.0,True
KRFPC_1745,0.0,0.0,True
KRFPC_1746,0.0,0.0,True
KRFPC_1747,0.023017411889466755,0.0005299417064122947,True
KRFPC_1748,0.0,0.0,True
KRFPC_1749,0.1410917242391325,0.015368309485956544,False
KRFPC_1750,0.0,0.0,True
KRFPC_1751,0.0,0.0,True
KRFPC_1752,0.0,0.0,True
KRFPC_1753,0.0325558506696506,0.0005299417064122947,True
KRFPC_1754,0.0,0.0,True
KRFPC_1755,0.04601956580768845,0.001589825119236884,True
KRFPC_1756,0.0162779253348253,0.00026497085320614734,True
KRFPC_1757,0.023017411889466755,0.0005299417064122947,True
KRFPC_1758,0.0,0.0,True
KRFPC_1759,0.0,0.0,True
KRFPC_1760,0.0,0.0,True
KRFPC_1761,0.0,0.0,True
KRFPC_1762,0.0162779253348253,0.00026497085320614734,True
KRFPC_1763,0.0,0.0,True
KRFPC_1764,0.0,0.0,True
KRFPC_1765,0.0,0.0,True
KRFPC_1766,0.19764257861735374,0.034976152623211444,False
KRFPC_1767,0.0,0.0,True
KRFPC_1768,0.3052418955210085,0.07180710121886592,False
KRFPC_1769,0.07082008618549783,0.0045045045045045045,True
KRFPC_1770,0.16041093662469352,0.02252252252252252,False
KRFPC_1771,0.0162779253348253,0.00026497085320614734,True
KRFPC_1772,0.09743718331357862,0.00688924218335983,True
KRFPC_1773,0.0,0.0,True
KRFPC_1774,0.1446835493646006,0.016428192898781134,False
KRFPC_1775,0.10124511185999384,0.009273979862215157,False
KRFPC_1776,0.0,0.0,True
KRFPC_1777,0.0,0.0,True
KRFPC_1778,0.023017411889466755,0.0005299417064122947,True
KRFPC_1779,0.0,0.0,True
KRFPC_1780,0.0,0.0,True
KRFPC_1781,0.0,0.0,True
KRFPC_1782,0.0,0.0,True
KRFPC_1783,0.0,0.0,True
KRFPC_1784,0.0,0.0,True
KRFPC_1785,0.29014994701019153,0.057233704292527825,False
KRFPC_1786,0.15054414857689935,0.01987281399046105,False
KRFPC_1787,0.0325558506696506,0.0005299417064122947,True
KRFPC_1788,0.0,0.0,True
KRFPC_1789,0.0,0.0,True
KRFPC_1790,0.10625417387199232,0.010333863275039745,False
KRFPC_1791,0.0,0.0,True
KRFPC_1792,0.07446856229347096,0.0045045045045045045,True
KRFPC_1793,0.02301741188946676,0.0005299417064122947,True
KRFPC_1794,0.0162779253348253,0.00026497085320614734,True
KRFPC_1795,0.048805005403101225,0.0018547959724430313,True
KRFPC_1796,0.0,0.0,True
KRFPC_1797,0.21712901125635234,0.040275569687334395,False
KRFPC_1798,0.03637924824403939,0.0013248542660307366,True
KRFPC_1799,0.0162779253348253,0.00026497085320614734,True
KRFPC_1800,0.03637924824403939,0.0013248542660307366,True
KRFPC_1801,0.03639468853259879,0.000794912559618442,True
KRFPC_1802,0.0,0.0,True
KRFPC_1803,0.0,0.0,True
KRFPC_1804,0.0,0.0,True
KRFPC_1805,0.0,0.0,True
KRFPC_1806,0.0162779253348253,0.00026497085320614734,True
KRFPC_1807,0.02818672011159961,0.000794912559618442,True
KRFPC_1808,0.0,0.0,True
KRFPC_1809,0.0,0.0,True
KRFPC_1810,0.20635100886414454,0.03762586115527292,False
KRFPC_1811,0.0,0.0,True
KRFPC_1812,0.0,0.0,True
KRFPC_1813,0.043033084826230104,0.0018547959724430313,True
KRFPC_1814,0.0,0.0,True
KRFPC_1815,0.07082008618549784,0.0045045045045045045,True
KRFPC_1816,0.0,0.0,True
KRFPC_1817,0.0,0.0,True
KRFPC_1818,0.0,0.0,True
KRFPC_1819,0.0,0.0,True
KRFPC_1820,0.0,0.0,True
KRFPC_1821,0.0162779253348253,0.00026497085320614734,True
KRFPC_1822,0.0,0.0,True
KRFPC_1823,0.08441053594024628,0.005564387917329093,True
KRFPC_1824,0.0,0.0,True
KRFPC_1825,0.05630612862877746,0.003179650238473768,True
KRFPC_1826,0.0,0.0,True
KRFPC_1827,0.0162779253348253,0.00026497085320614734,True
KRFPC_1828,0.0,0.0,True
KRFPC_1829,0.0,0.0,True
KRFPC_1830,0.023017411889466752,0.0005299417064122947,True
KRFPC_1831,0.0,0.0,True
KRFPC_1832,0.0,0.0,True
KRFPC_1833,0.07261356872352699,0.005299417064122946,True
KRFPC_1834,0.06897082531744812,0.0037095919448860626,True
KRFPC_1835,0.03254290513901629,0.0010598834128245894,True
KRFPC_1836,0.0,0.0,True
KRFPC_1837,0.0,0.0,True
KRFPC_1838,0.0,0.0,True
KRFPC_1839,0.0,0.0,True
KRFPC_1840,0.0,0.0,True
KRFPC_1841,0.0,0.0,True
KRFPC_1842,0.0,0.0,True
KRFPC_1843,0.0,0.0,True
KRFPC_1844,0.0,0.0,True
KRFPC_1845,0.0,0.0,True
KRFPC_1846,0.10491826790705254,0.011128775834658187,False
KRFPC_1847,0.0,0.0,True
KRFPC_1848,0.043033084826230104,0.0018547959724430313,True
KRFPC_1849,0.0,0.0,True
KRFPC_1850,0.0,0.0,True
KRFPC_1851,0.0,0.0,True
KRFPC_1852,0.0,0.0,True
KRFPC_1853,0.0162779253348253,0.00026497085320614734,True
KRFPC_1854,0.0,0.0,True
KRFPC_1855,0.0,0.0,True
KRFPC_1856,0.03254290513901629,0.0010598834128245894,True
KRFPC_1857,0.10491826790705251,0.011128775834658187,False
KRFPC_1858,0.0,0.0,True
KRFPC_1859,0.0,0.0,True
KRFPC_1860,0.0,0.0,True
KRFPC_1861,0.0,0.0,True
KRFPC_1862,0.0,0.0,True
KRFPC_1863,0.0,0.0,True
KRFPC_1864,0.0,0.0,True
KRFPC_1865,0.0,0.0,True
KRFPC_1866,0.0,0.0,True
KRFPC_1867,0.0,0.0,True
KRFPC_1868,0.0,0.0,True
KRFPC_1869,0.0,0.0,True
KRFPC_1870,0.0,0.0,True
KRFPC_1871,0.0,0.0,True
KRFPC_1872,0.0,0.0,True
KRFPC_1873,0.0,0.0,True
KRFPC_1874,0.0,0.0,True
KRFPC_1875,0.0,0.0,True
KRFPC_1876,0.0,0.0,True
KRFPC_1877,0.0,0.0,True
KRFPC_1878,0.0,0.0,True
KRFPC_1879,0.0,0.0,True
KRFPC_1880,0.0,0.0,True
KRFPC_1881,0.0,0.0,True
KRFPC_1882,0.0,0.0,True
KRFPC_1883,0.0,0.0,True
KRFPC_1884,0.0,0.0,True
KRFPC_1885,0.0,0.0,True
KRFPC_1886,0.0,0.0,True
KRFPC_1887,0.0,0.0,True
KRFPC_1888,0.0,0.0,True
KRFPC_1889,0.0,0.0,True
KRFPC_1890,0.0,0.0,True
KRFPC_1891,0.0,0.0,True
KRFPC_1892,0.0,0.0,True
KRFPC_1893,0.028186720111599613,0.000794912559618442,True
KRFPC_1894,0.043033084826230104,0.0018547959724430313,True
KRFPC_1895,0.0,0.0,True
KRFPC_1896,0.0,0.0,True
KRFPC_1897,0.0,0.0,True
KRFPC_1898,0.0,0.0,True
KRFPC_1899,0.0,0.0,True
KRFPC_1900,0.0,0.0,True
KRFPC_1901,0.0,0.0,True
KRFPC_1902,0.0,0.0,True
KRFPC_1903,0.0,0.0,True
KRFPC_1904,0.0162779253348253,0.00026497085320614734,True
KRFPC_1905,0.0,0.0,True
KRFPC_1906,0.2736613580250838,0.07710651828298887,False
KRFPC_1907,0.0,0.0,True
KRFPC_1908,0.03254290513901629,0.0010598834128245894,True
KRFPC_1909,0.0162779253348253,0.00026497085320614734,True
KRFPC_1910,0.02301741188946676,0.0005299417064122947,True
KRFPC_1911,0.0,0.0,True
KRFPC_1912,0.02301741188946676,0.0005299417064122947,True
KRFPC_1913,0.0162779253348253,0.00026497085320614734,True
KRFPC_1914,0.0,0.0,True
KRFPC_1915,0.036379248244039396,0.0013248542660307366,True
KRFPC_1916,0.03984618268282351,0.001589825119236884,True
KRFPC_1917,0.0,0.0,True
KRFPC_1918,0.0162779253348253,0.00026497085320614734,True
KRFPC_1919,0.028186720111599613,0.000794912559618442,True
KRFPC_1920,0.0,0.0,True
KRFPC_1921,0.023017411889466755,0.0005299417064122947,True
KRFPC_1922,0.0162779253348253,0.00026497085320614734,True
KRFPC_1923,0.0,0.0,True
KRFPC_1924,0.0,0.0,True
KRFPC_1925,0.13310476949252256,0.017488076311605722,False
KRFPC_1926,0.0,0.0,True
KRFPC_1927,0.0,0.0,True
KRFPC_1928,0.0,0.0,True
KRFPC_1929,0.0162779253348253,0.00026497085320614734,True
KRFPC_1930,0.15341831376782847,0.024112347641759405,False
KRFPC_1931,0.2440025782993491,0.04107048224695284,False
KRFPC_1932,0.14103297771324882,0.01589825119236884,False
KRFPC_1933,0.07613746357699716,0.005829358770535241,True
KRFPC_1934,0.0,0.0,True
KRFPC_1935,0.0,0.0,True
KRFPC_1936,0.0162779253348253,0.00026497085320614734,True
KRFPC_1937,0.0,0.0,True
KRFPC_1938,0.023017411889466752,0.0005299417064122947,True
KRFPC_1939,0.0162779253348253,0.00026497085320614734,True
KRFPC_1940,0.0,0.0,True
KRFPC_1941,0.0,0.0,True
KRFPC_1942,0.0,0.0,True
KRFPC_1943,0.0,0.0,True
KRFPC_1944,0.0,0.0,True
KRFPC_1945,0.0,0.0,True
KRFPC_1946,0.0162779253348253,0.00026497085320614734,True
KRFPC_1947,0.0162779253348253,0.00026497085320614734,True
KRFPC_1948,0.0,0.0,True
KRFPC_1949,0.0,0.0,True
KRFPC_1950,0.0,0.0,True
KRFPC_1951,0.0,0.0,True
KRFPC_1952,0.0,0.0,True
KRFPC_1953,0.0,0.0,True
KRFPC_1954,0.0,0.0,True
KRFPC_1955,0.0,0.0,True
KRFPC_1956,0.0,0.0,True
KRFPC_1957,0.036394688532598786,0.000794912559618442,True
KRFPC_1958,0.0,0.0,True
KRFPC_1959,0.0,0.0,True
KRFPC_1960,0.0,0.0,True
KRFPC_1961,0.0,0.0,True
KRFPC_1962,0.0162779253348253,0.00026497085320614734,True
KRFPC_1963,0.0,0.0,True
KRFPC_1964,0.0,0.0,True
KRFPC_1965,0.0,0.0,True
KRFPC_1966,0.0,0.0,True
KRFPC_1967,0.0,0.0,True
KRFPC_1968,0.0,0.0,True
KRFPC_1969,0.0,0.0,True
KRFPC_1970,0.0,0.0,True
KRFPC_1971,0.0,0.0,True
KRFPC_1972,0.0,0.0,True
KRFPC_1973,0.016277925334825298,0.00026497085320614734,True
KRFPC_1974,0.04878197670482278,0.0023847376788553257,True
KRFPC_1975,0.0,0.0,True
KRFPC_1976,0.0398461826828235,0.001589825119236884,True
KRFPC_1977,0.0,0.0,True
KRFPC_1978,0.0162779253348253,0.00026497085320614734,True
KRFPC_1979,0.0,0.0,True
KRFPC_1980,0.0,0.0,True
KRFPC_1981,0.0,0.0,True
KRFPC_1982,0.0,0.0,True
KRFPC_1983,0.0,0.0,True
KRFPC_1984,0.0162779253348253,0.00026497085320614734,True
KRFPC_1985,0.0325558506696506,0.0005299417064122947,True
KRFPC_1986,0.0,0.0,True
KRFPC_1987,0.0,0.0,True
KRFPC_1988,0.028186720111599613,0.000794912559618442,True
KRFPC_1989,0.0,0.0,True
KRFPC_1990,0.0,0.0,True
KRFPC_1991,0.0162779253348253,0.00026497085320614734,True
KRFPC_1992,0.0,0.0,True
KRFPC_1993,0.0,0.0,True
KRFPC_1994,0.0,0.0,True
KRFPC_1995,0.0,0.0,True
KRFPC_1996,0.0162779253348253,0.00026497085320614734,True
KRFPC_1997,0.06292706003131429,0.00397456279809221,True
KRFPC_1998,0.053916178346638303,0.0029146793852676206,True
KRFPC_1999,0.045998196145144186,0.0021197668256491787,True
KRFPC_2000,0.0,0.0,True
KRFPC_2001,0.023017411889466752,0.0005299417064122947,True
KRFPC_2002,0.0,0.0,True
KRFPC_2003,0.023017411889466752,0.0005299417064122947,True
KRFPC_2004,0.0162779253348253,0.00026497085320614734,True
KRFPC_2005,0.0,0.0,True
KRFPC_2006,0.060801401459995116,0.0037095919448860626,True
KRFPC_2007,0.036379248244039396,0.0013248542660307366,True
KRFPC_2008,0.0,0.0,True
KRFPC_2009,0.0,0.0,True
KRFPC_2010,0.0,0.0,True
KRFPC_2011,0.05630612862877747,0.003179650238473768,True
KRFPC_2012,0.11091346543861273,0.012453630100688924,False
KRFPC_2013,0.06697314719039353,0.0045045045045045045,True
KRFPC_2014,0.0,0.0,True
KRFPC_2015,0.0,0.0,True
KRFPC_2016,0.0,0.0,True
KRFPC_2017,0.08881456578574355,0.00794912559618442,True
KRFPC_2018,0.0,0.0,True
KRFPC_2019,0.023017411889466755,0.0005299417064122947,True
KRFPC_2020,0.0,0.0,True
KRFPC_2021,0.0,0.0,True
KRFPC_2022,0.0,0.0,True
KRFPC_2023,0.023017411889466752,0.0005299417064122947,True
KRFPC_2024,0.023017411889466752,0.0005299417064122947,True
KRFPC_2025,0.0,0.0,True
KRFPC_2026,0.0,0.0,True
KRFPC_2027,0.023017411889466752,0.0005299417064122947,True
KRFPC_2028,0.02301741188946676,0.0005299417064122947,True
KRFPC_2029,0.0162779253348253,0.00026497085320614734,True
KRFPC_2030,0.0,0.0,True
KRFPC_2031,0.0,0.0,True
KRFPC_2032,0.0,0.0,True
KRFPC_2033,0.12611973269324012,0.016163222045574986,False
KRFPC_2034,0.0,0.0,True
KRFPC_2035,0.0,0.0,True
KRFPC_2036,0.20934330668811038,0.026497085320614733,False
KRFPC_2037,0.19627211978612255,0.020932697403285638,False
KRFPC_2038,0.0162779253348253,0.00026497085320614734,True
KRFPC_2039,0.0,0.0,True
KRFPC_2040,0.0,0.0,True
KRFPC_2041,0.0,0.0,True
KRFPC_2042,0.0,0.0,True
KRFPC_2043,0.0,0.0,True
KRFPC_2044,0.0,0.0,True
KRFPC_2045,0.0,0.0,True
KRFPC_2046,0.0,0.0,True
KRFPC_2047,0.0162779253348253,0.00026497085320614734,True
KRFPC_2048,0.0,0.0,True
KRFPC_2049,0.0,0.0,True
KRFPC_2050,0.0,0.0,True
KRFPC_2051,0.0,0.0,True
KRFPC_2052,0.0,0.0,True
KRFPC_2053,0.0162779253348253,0.00026497085320614734,True
KRFPC_2054,0.0,0.0,True
KRFPC_2055,0.0,0.0,True
KRFPC_2056,0.0,0.0,True
KRFPC_2057,0.0,0.0,True
KRFPC_2058,0.0,0.0,True
KRFPC_2059,0.0,0.0,True
KRFPC_2060,0.0,0.0,True
KRFPC_2061,0.0,0.0,True
KRFPC_2062,0.0,0.0,True
KRFPC_2063,0.0,0.0,True
KRFPC_2064,0.0,0.0,True
KRFPC_2065,0.04878197670482277,0.0023847376788553257,True
KRFPC_2066,0.028186720111599613,0.000794912559618442,True
KRFPC_2067,0.04601956580768845,0.001589825119236884,True
KRFPC_2068,0.0162779253348253,0.00026497085320614734,True
KRFPC_2069,0.0,0.0,True
KRFPC_2070,0.05141388915001135,0.002649708532061473,True
KRFPC_2071,0.0,0.0,True
KRFPC_2072,0.0,0.0,True
KRFPC_2073,0.0,0.0,True
KRFPC_2074,0.0,0.0,True
KRFPC_2075,0.0,0.0,True
KRFPC_2076,0.0,0.0,True
KRFPC_2077,0.0,0.0,True
KRFPC_2078,0.0,0.0,True
KRFPC_2079,0.0,0.0,True
KRFPC_2080,0.0,0.0,True
KRFPC_2081,0.0,0.0,True
KRFPC_2082,0.0,0.0,True
KRFPC_2083,0.0,0.0,True
KRFPC_2084,0.0,0.0,True
KRFPC_2085,0.0,0.0,True
KRFPC_2086,0.016277925334825298,0.00026497085320614734,True
KRFPC_2087,0.0,0.0,True
KRFPC_2088,0.028186720111599613,0.000794912559618442,True
KRFPC_2089,0.028186720111599613,0.000794912559618442,True
KRFPC_2090,0.0,0.0,True
KRFPC_2091,0.0,0.0,True
KRFPC_2092,0.0,0.0,True
KRFPC_2093,0.0,0.0,True
KRFPC_2094,0.028186720111599613,0.000794912559618442,True
KRFPC_2095,0.0,0.0,True
KRFPC_2096,0.0,0.0,True
KRFPC_2097,0.0,0.0,True
KRFPC_2098,0.0,0.0,True
KRFPC_2099,0.0,0.0,True
KRFPC_2100,0.0,0.0,True
KRFPC_2101,0.0,0.0,True
KRFPC_2102,0.0,0.0,True
KRFPC_2103,0.0162779253348253,0.00026497085320614734,True
KRFPC_2104,0.0,0.0,True
KRFPC_2105,0.0,0.0,True
KRFPC_2106,0.0,0.0,True
KRFPC_2107,0.0,0.0,True
KRFPC_2108,0.0,0.0,True
KRFPC_2109,0.0,0.0,True
KRFPC_2110,0.0,0.0,True
KRFPC_2111,0.0,0.0,True
KRFPC_2112,0.0,0.0,True
KRFPC_2113,0.0,0.0,True
KRFPC_2114,0.0,0.0,True
KRFPC_2115,0.0,0.0,True
KRFPC_2116,0.0,0.0,True
KRFPC_2117,0.0,0.0,True
KRFPC_2118,0.0,0.0,True
KRFPC_2119,0.0,0.0,True
KRFPC_2120,0.0,0.0,True
KRFPC_2121,0.0,0.0,True
KRFPC_2122,0.0,0.0,True
KRFPC_2123,0.0,0.0,True
KRFPC_2124,0.0743968553738257,0.005564387917329093,True
KRFPC_2125,0.0,0.0,True
KRFPC_2126,0.032542905139016295,0.0010598834128245894,True
KRFPC_2127,0.0,0.0,True
KRFPC_2128,0.0,0.0,True
KRFPC_2129,0.0,0.0,True
KRFPC_2130,0.028186720111599613,0.000794912559618442,True
KRFPC_2131,0.0162779253348253,0.00026497085320614734,True
KRFPC_2132,0.0162779253348253,0.00026497085320614734,True
KRFPC_2133,0.0,0.0,True
KRFPC_2134,0.0,0.0,True
KRFPC_2135,0.0,0.0,True
KRFPC_2136,0.0162779253348253,0.00026497085320614734,True
KRFPC_2137,0.0,0.0,True
KRFPC_2138,0.0,0.0,True
KRFPC_2139,0.0,0.0,True
KRFPC_2140,0.0,0.0,True
KRFPC_2141,0.028186720111599613,0.000794912559618442,True
KRFPC_2142,0.0,0.0,True
KRFPC_2143,0.0,0.0,True
KRFPC_2144,0.0,0.0,True
KRFPC_2145,0.0,0.0,True
KRFPC_2146,0.0,0.0,True
KRFPC_2147,0.0,0.0,True
KRFPC_2148,0.02818672011159961,0.000794912559618442,True
KRFPC_2149,0.0,0.0,True
KRFPC_2150,0.0162779253348253,0.00026497085320614734,True
KRFPC_2151,0.0,0.0,True
KRFPC_2152,0.0,0.0,True
KRFPC_2153,0.0,0.0,True
KRFPC_2154,0.0,0.0,True
KRFPC_2155,0.0,0.0,True
KRFPC_2156,0.0,0.0,True
KRFPC_2157,0.0,0.0,True
KRFPC_2158,0.0,0.0,True
KRFPC_2159,0.0,0.0,True
KRFPC_2160,0.0,0.0,True
KRFPC_2161,0.0,0.0,True
KRFPC_2162,0.0,0.0,True
KRFPC_2163,0.0,0.0,True
KRFPC_2164,0.0,0.0,True
KRFPC_2165,0.023017411889466755,0.0005299417064122947,True
KRFPC_2166,0.02818672011159961,0.000794912559618442,True
KRFPC_2167,0.0,0.0,True
KRFPC_2168,0.0,0.0,True
KRFPC_2169,0.0,0.0,True
KRFPC_2170,0.0162779253348253,0.00026497085320614734,True
KRFPC_2171,0.0,0.0,True
KRFPC_2172,0.0,0.0,True
KRFPC_2173,0.0,0.0,True
KRFPC_2174,0.0,0.0,True
KRFPC_2175,0.0,0.0,True
KRFPC_2176,0.0,0.0,True
KRFPC_2177,0.0,0.0,True
KRFPC_2178,0.0,0.0,True
KRFPC_2179,0.0,0.0,True
KRFPC_2180,0.0,0.0,True
KRFPC_2181,0.0,0.0,True
KRFPC_2182,0.0,0.0,True
KRFPC_2183,0.0162779253348253,0.00026497085320614734,True
KRFPC_2184,0.0,0.0,True
KRFPC_2185,0.0,0.0,True
KRFPC_2186,0.0,0.0,True
KRFPC_2187,0.0,0.0,True
KRFPC_2188,0.0,0.0,True
KRFPC_2189,0.0,0.0,True
KRFPC_2190,0.0162779253348253,0.00026497085320614734,True
KRFPC_2191,0.0,0.0,True
KRFPC_2192,0.0,0.0,True
KRFPC_2193,0.0162779253348253,0.00026497085320614734,True
KRFPC_2194,0.0,0.0,True
KRFPC_2195,0.0,0.0,True
KRFPC_2196,0.0162779253348253,0.00026497085320614734,True
KRFPC_2197,0.0,0.0,True
KRFPC_2198,0.0,0.0,True
KRFPC_2199,0.0,0.0,True
KRFPC_2200,0.0,0.0,True
KRFPC_2201,0.0,0.0,True
KRFPC_2202,0.0,0.0,True
KRFPC_2203,0.0,0.0,True
KRFPC_2204,0.0,0.0,True
KRFPC_2205,0.0,0.0,True
KRFPC_2206,0.0,0.0,True
KRFPC_2207,0.0,0.0,True
KRFPC_2208,0.0,0.0,True
KRFPC_2209,0.0,0.0,True
KRFPC_2210,0.0,0.0,True
KRFPC_2211,0.06697314719039353,0.0045045045045045045,True
KRFPC_2212,0.0,0.0,True
KRFPC_2213,0.0,0.0,True
KRFPC_2214,0.0,0.0,True
KRFPC_2215,0.0162779253348253,0.00026497085320614734,True
KRFPC_2216,0.0,0.0,True
KRFPC_2217,0.08272601693788843,0.00688924218335983,True
KRFPC_2218,0.0,0.0,True
KRFPC_2219,0.0,0.0,True
KRFPC_2220,0.0,0.0,True
KRFPC_2221,0.0,0.0,True
KRFPC_2222,0.0,0.0,True
KRFPC_2223,0.0,0.0,True
KRFPC_2224,0.0,0.0,True
KRFPC_2225,0.0,0.0,True
KRFPC_2226,0.0,0.0,True
KRFPC_2227,0.0,0.0,True
KRFPC_2228,0.0,0.0,True
KRFPC_2229,0.0,0.0,True
KRFPC_2230,0.0,0.0,True
KRFPC_2231,0.0,0.0,True
KRFPC_2232,0.0,0.0,True
KRFPC_2233,0.0,0.0,True
KRFPC_2234,0.0,0.0,True
KRFPC_2235,0.0,0.0,True
KRFPC_2236,0.0,0.0,True
KRFPC_2237,0.0,0.0,True
KRFPC_2238,0.0,0.0,True
KRFPC_2239,0.0,0.0,True
KRFPC_2240,0.0,0.0,True
KRFPC_2241,0.0,0.0,True
KRFPC_2242,0.0,0.0,True
KRFPC_2243,0.0,0.0,True
KRFPC_2244,0.0,0.0,True
KRFPC_2245,0.0,0.0,True
KRFPC_2246,0.0,0.0,True
KRFPC_2247,0.0,0.0,True
KRFPC_2248,0.0,0.0,True
KRFPC_2249,0.0,0.0,True
KRFPC_2250,0.0,0.0,True
KRFPC_2251,0.0,0.0,True
KRFPC_2252,0.0,0.0,True
KRFPC_2253,0.0,0.0,True
KRFPC_2254,0.0,0.0,True
KRFPC_2255,0.0,0.0,True
KRFPC_2256,0.0,0.0,True
KRFPC_2257,0.0,0.0,True
KRFPC_2258,0.44670644625579453,0.1343402225755167,False
KRFPC_2259,0.6982197105649829,0.20694223635400105,False
KRFPC_2260,0.08287529300849177,0.0047694753577106515,True
KRFPC_2261,0.3882499281138165,0.14308426073131955,False
KRFPC_2262,0.04599819614514418,0.0021197668256491787,True
KRFPC_2263,0.13774524698656765,0.019342872284048754,False
KRFPC_2264,0.2988530674759866,0.05643879173290938,False
KRFPC_2265,0.0,0.0,True
KRFPC_2266,0.0778382564940934,0.006094329623741388,True
KRFPC_2267,0.0,0.0,True
KRFPC_2268,0.0,0.0,True
KRFPC_2269,0.0,0.0,True
KRFPC_2270,0.0,0.0,True
KRFPC_2271,0.0,0.0,True
KRFPC_2272,0.0,0.0,True
KRFPC_2273,0.0,0.0,True
KRFPC_2274,0.0,0.0,True
KRFPC_2275,0.0,0.0,True
KRFPC_2276,0.07275849648807878,0.002649708532061473,True
KRFPC_2277,0.0,0.0,True
KRFPC_2278,0.0,0.0,True
KRFPC_2279,0.0,0.0,True
KRFPC_2280,0.0,0.0,True
KRFPC_2281,0.0,0.0,True
KRFPC_2282,0.0,0.0,True
KRFPC_2283,0.0,0.0,True
KRFPC_2284,0.0,0.0,True
KRFPC_2285,0.0,0.0,True
KRFPC_2286,0.0,0.0,True
KRFPC_2287,0.058626243698890794,0.0029146793852676206,True
KRFPC_2288,0.06508581027803259,0.0021197668256491787,True
KRFPC_2289,0.036379248244039396,0.0013248542660307366,True
KRFPC_2290,0.0,0.0,True
KRFPC_2291,0.0,0.0,True
KRFPC_2292,0.0,0.0,True
KRFPC_2293,0.0,0.0,True
KRFPC_2294,0.0,0.0,True
KRFPC_2295,0.0,0.0,True
KRFPC_2296,0.0,0.0,True
KRFPC_2297,0.0,0.0,True
KRFPC_2298,0.0,0.0,True
KRFPC_2299,0.0,0.0,True
KRFPC_2300,0.0,0.0,True
KRFPC_2301,0.0,0.0,True
KRFPC_2302,0.0162779253348253,0.00026497085320614734,True
KRFPC_2303,0.0,0.0,True
KRFPC_2304,0.0,0.0,True
KRFPC_2305,0.05141388915001135,0.002649708532061473,True
KRFPC_2306,0.0,0.0,True
KRFPC_2307,0.10276765947369258,0.006359300476947536,False
KRFPC_2308,0.0,0.0,True
KRFPC_2309,0.02818672011159961,0.000794912559618442,True
KRFPC_2310,0.0,0.0,True
KRFPC_2311,0.032542905139016295,0.0010598834128245894,True
KRFPC_2312,0.0,0.0,True
KRFPC_2313,0.1036756036715003,0.01086380498145204,False
KRFPC_2314,0.0,0.0,True
KRFPC_2315,0.0,0.0,True
KRFPC_2316,0.0,0.0,True
KRFPC_2317,0.0,0.0,True
KRFPC_2318,0.0,0.0,True
KRFPC_2319,0.0,0.0,True
KRFPC_2320,0.0,0.0,True
KRFPC_2321,0.0,0.0,True
KRFPC_2322,0.07783825649409339,0.006094329623741388,True
KRFPC_2323,0.0,0.0,True
KRFPC_2324,0.0,0.0,True
KRFPC_2325,0.0,0.0,True
KRFPC_2326,0.0,0.0,True
KRFPC_2327,0.0,0.0,True
KRFPC_2328,0.0,0.0,True
KRFPC_2329,0.0,0.0,True
KRFPC_2330,0.0,0.0,True
KRFPC_2331,0.0,0.0,True
KRFPC_2332,0.0,0.0,True
KRFPC_2333,0.0,0.0,True
KRFPC_2334,0.0,0.0,True
KRFPC_2335,0.0,0.0,True
KRFPC_2336,0.0,0.0,True
KRFPC_2337,0.0,0.0,True
KRFPC_2338,0.0,0.0,True
KRFPC_2339,0.0,0.0,True
KRFPC_2340,0.0,0.0,True
KRFPC_2341,0.0,0.0,True
KRFPC_2342,0.0,0.0,True
KRFPC_2343,0.0,0.0,True
KRFPC_2344,0.0,0.0,True
KRFPC_2345,0.0,0.0,True
KRFPC_2346,0.0,0.0,True
KRFPC_2347,0.0,0.0,True
KRFPC_2348,0.0,0.0,True
KRFPC_2349,0.0,0.0,True
KRFPC_2350,0.0,0.0,True
KRFPC_2351,0.0,0.0,True
KRFPC_2352,0.0,0.0,True
KRFPC_2353,0.0,0.0,True
KRFPC_2354,0.0,0.0,True
KRFPC_2355,0.0,0.0,True
KRFPC_2356,0.0,0.0,True
KRFPC_2357,0.0,0.0,True
KRFPC_2358,0.0,0.0,True
KRFPC_2359,0.0,0.0,True
KRFPC_2360,0.0,0.0,True
KRFPC_2361,0.0,0.0,True
KRFPC_2362,0.0,0.0,True
KRFPC_2363,0.0,0.0,True
KRFPC_2364,0.0,0.0,True
KRFPC_2365,0.0,0.0,True
KRFPC_2366,0.04599819614514418,0.0021197668256491787,True
KRFPC_2367,0.0,0.0,True
KRFPC_2368,0.0,0.0,True
KRFPC_2369,0.0,0.0,True
KRFPC_2370,0.0,0.0,True
KRFPC_2371,0.0,0.0,True
KRFPC_2372,0.0,0.0,True
KRFPC_2373,0.0,0.0,True
KRFPC_2374,0.0,0.0,True
KRFPC_2375,0.0,0.0,True
KRFPC_2376,0.0,0.0,True
KRFPC_2377,0.0,0.0,True
KRFPC_2378,0.02818672011159961,0.000794912559618442,True
KRFPC_2379,0.5407981603202321,0.11340752517223106,False
KRFPC_2380,0.0,0.0,True
KRFPC_2381,0.0,0.0,True
KRFPC_2382,0.0,0.0,True
KRFPC_2383,0.0,0.0,True
KRFPC_2384,0.0,0.0,True
KRFPC_2385,0.0,0.0,True
KRFPC_2386,0.0,0.0,True
KRFPC_2387,0.0,0.0,True
KRFPC_2388,0.0,0.0,True
KRFPC_2389,0.0,0.0,True
KRFPC_2390,0.0,0.0,True
KRFPC_2391,0.0,0.0,True
KRFPC_2392,0.3543850169442814,0.14573396926338103,False
KRFPC_2393,0.023017411889466755,0.0005299417064122947,True
KRFPC_2394,0.0,0.0,True
KRFPC_2395,0.0,0.0,True
KRFPC_2396,0.0,0.0,True
KRFPC_2397,0.22417625081944345,0.05246422893481717,False
KRFPC_2398,0.0,0.0,True
KRFPC_2399,0.0,0.0,True
KRFPC_2400,0.0,0.0,True
KRFPC_2401,0.0,0.0,True
KRFPC_2402,0.19413346541409274,0.0392156862745098,False
KRFPC_2403,0.0,0.0,True
KRFPC_2404,0.0,0.0,True
KRFPC_2405,0.0,0.0,True
KRFPC_2406,0.0,0.0,True
KRFPC_2407,0.0,0.0,True
KRFPC_2408,0.0,0.0,True
KRFPC_2409,0.0,0.0,True
KRFPC_2410,0.0,0.0,True
KRFPC_2411,0.0,0.0,True
KRFPC_2412,0.0,0.0,True
KRFPC_2413,0.0162779253348253,0.00026497085320614734,True
KRFPC_2414,0.0,0.0,True
KRFPC_2415,0.0,0.0,True
KRFPC_2416,0.0,0.0,True
KRFPC_2417,0.0,0.0,True
KRFPC_2418,0.0162779253348253,0.00026497085320614734,True
KRFPC_2419,0.0,0.0,True
KRFPC_2420,0.0,0.0,True
KRFPC_2421,0.0,0.0,True
KRFPC_2422,0.0,0.0,True
KRFPC_2423,0.0,0.0,True
KRFPC_2424,0.0,0.0,True
KRFPC_2425,0.0,0.0,True
KRFPC_2426,0.0,0.0,True
KRFPC_2427,0.08272601693788842,0.00688924218335983,True
KRFPC_2428,0.0,0.0,True
KRFPC_2429,0.0,0.0,True
KRFPC_2430,0.0,0.0,True
KRFPC_2431,0.0,0.0,True
KRFPC_2432,0.04303308482623011,0.0018547959724430313,True
KRFPC_2433,0.0,0.0,True
KRFPC_2434,0.0,0.0,True
KRFPC_2435,0.0,0.0,True
KRFPC_2436,0.0,0.0,True
KRFPC_2437,0.08433395873555392,0.006624271330153683,True
KRFPC_2438,0.0,0.0,True
KRFPC_2439,0.0,0.0,True
KRFPC_2440,0.0,0.0,True
KRFPC_2441,0.0,0.0,True
KRFPC_2442,0.06498214287438389,0.0042395336512983575,True
KRFPC_2443,0.0,0.0,True
KRFPC_2444,0.0,0.0,True
KRFPC_2445,0.0,0.0,True
KRFPC_2446,0.0,0.0,True
KRFPC_2447,0.0162779253348253,0.00026497085320614734,True
KRFPC_2448,0.0,0.0,True
KRFPC_2449,0.0,0.0,True
KRFPC_2450,0.0,0.0,True
KRFPC_2451,0.0,0.0,True
KRFPC_2452,0.0,0.0,True
KRFPC_2453,0.0,0.0,True
KRFPC_2454,0.0,0.0,True
KRFPC_2455,0.0,0.0,True
KRFPC_2456,0.0,0.0,True
KRFPC_2457,0.0,0.0,True
KRFPC_2458,0.0,0.0,True
KRFPC_2459,0.0,0.0,True
KRFPC_2460,0.0,0.0,True
KRFPC_2461,0.0,0.0,True
KRFPC_2462,0.0,0.0,True
KRFPC_2463,0.0,0.0,True
KRFPC_2464,0.0,0.0,True
KRFPC_2465,0.0,0.0,True
KRFPC_2466,0.0,0.0,True
KRFPC_2467,0.0,0.0,True
KRFPC_2468,0.0,0.0,True
KRFPC_2469,0.0,0.0,True
KRFPC_2470,0.0,0.0,True
KRFPC_2471,0.0,0.0,True
KRFPC_2472,0.0,0.0,True
KRFPC_2473,0.0,0.0,True
KRFPC_2474,0.0,0.0,True
KRFPC_2475,0.0,0.0,True
KRFPC_2476,0.0,0.0,True
KRFPC_2477,0.0,0.0,True
KRFPC_2478,0.0,0.0,True
KRFPC_2479,0.0,0.0,True
KRFPC_2480,0.0,0.0,True
KRFPC_2481,0.0,0.0,True
KRFPC_2482,0.0,0.0,True
KRFPC_2483,0.0325558506696506,0.0005299417064122947,True
KRFPC_2484,0.07275849648807879,0.002649708532061473,True
KRFPC_2485,0.0,0.0,True
KRFPC_2486,0.0,0.0,True
KRFPC_2487,0.0,0.0,True
KRFPC_2488,0.0,0.0,True
KRFPC_2489,0.0,0.0,True
KRFPC_2490,0.0,0.0,True
KRFPC_2491,0.0,0.0,True
KRFPC_2492,0.0,0.0,True
KRFPC_2493,0.0,0.0,True
KRFPC_2494,0.0,0.0,True
KRFPC_2495,0.0,0.0,True
KRFPC_2496,0.0,0.0,True
KRFPC_2497,0.0,0.0,True
KRFPC_2498,0.0,0.0,True
KRFPC_2499,0.0,0.0,True
KRFPC_2500,0.0,0.0,True
KRFPC_2501,0.0,0.0,True
KRFPC_2502,0.0,0.0,True
KRFPC_2503,0.0,0.0,True
KRFPC_2504,0.0,0.0,True
KRFPC_2505,0.0,0.0,True
KRFPC_2506,0.0,0.0,True
KRFPC_2507,0.0,0.0,True
KRFPC_2508,0.0,0.0,True
KRFPC_2509,0.0,0.0,True
KRFPC_2510,0.0,0.0,True
KRFPC_2511,0.0162779253348253,0.00026497085320614734,True
KRFPC_2512,0.0,0.0,True
KRFPC_2513,0.0,0.0,True
KRFPC_2514,0.0,0.0,True
KRFPC_2515,0.0,0.0,True
KRFPC_2516,0.0,0.0,True
KRFPC_2517,0.0,0.0,True
KRFPC_2518,0.0,0.0,True
KRFPC_2519,0.0,0.0,True
KRFPC_2520,0.0,0.0,True
KRFPC_2521,0.0,0.0,True
KRFPC_2522,0.0,0.0,True
KRFPC_2523,0.0,0.0,True
KRFPC_2524,0.0,0.0,True
KRFPC_2525,0.0,0.0,True
KRFPC_2526,0.0,0.0,True
KRFPC_2527,0.0,0.0,True
KRFPC_2528,0.0,0.0,True
KRFPC_2529,0.0,0.0,True
KRFPC_2530,0.0,0.0,True
KRFPC_2531,0.0,0.0,True
KRFPC_2532,0.0,0.0,True
KRFPC_2533,0.0,0.0,True
KRFPC_2534,0.0,0.0,True
KRFPC_2535,0.0,0.0,True
KRFPC_2536,0.0,0.0,True
KRFPC_2537,0.0,0.0,True
KRFPC_2538,0.0,0.0,True
KRFPC_2539,0.0,0.0,True
KRFPC_2540,0.0,0.0,True
KRFPC_2541,0.0,0.0,True
KRFPC_2542,0.0,0.0,True
KRFPC_2543,0.0,0.0,True
KRFPC_2544,0.0,0.0,True
KRFPC_2545,0.0,0.0,True
KRFPC_2546,0.8027889343043424,0.5225225225225225,False
KRFPC_2547,0.45126998881408753,0.134870164281929,False
KRFPC_2548,0.0,0.0,True
KRFPC_2549,0.036379248244039396,0.0013248542660307366,True
KRFPC_2550,0.0,0.0,True
KRFPC_2551,0.0,0.0,True
KRFPC_2552,0.0,0.0,True
KRFPC_2553,0.0,0.0,True
KRFPC_2554,0.0,0.0,True
KRFPC_2555,0.0,0.0,True
KRFPC_2556,0.0,0.0,True
KRFPC_2557,0.0,0.0,True
KRFPC_2558,0.0,0.0,True
KRFPC_2559,0.0,0.0,True
KRFPC_2560,0.0,0.0,True
KRFPC_2561,0.023017411889466755,0.0005299417064122947,True
KRFPC_2562,0.023017411889466755,0.0005299417064122947,True
KRFPC_2563,0.1826373737962486,0.02384737678855326,False
KRFPC_2564,0.0,0.0,True
KRFPC_2565,0.0,0.0,True
KRFPC_2566,0.0,0.0,True
KRFPC_2567,0.0,0.0,True
KRFPC_2568,0.0,0.0,True
KRFPC_2569,0.0,0.0,True
KRFPC_2570,0.0,0.0,True
KRFPC_2571,0.0,0.0,True
KRFPC_2572,0.0,0.0,True
KRFPC_2573,0.0,0.0,True
KRFPC_2574,0.0,0.0,True
KRFPC_2575,0.0162779253348253,0.00026497085320614734,True
KRFPC_2576,0.0,0.0,True
KRFPC_2577,0.023017411889466752,0.0005299417064122947,True
KRFPC_2578,0.0,0.0,True
KRFPC_2579,0.023017411889466752,0.0005299417064122947,True
KRFPC_2580,0.023017411889466752,0.0005299417064122947,True
KRFPC_2581,0.08881456578574354,0.00794912559618442,True
KRFPC_2582,0.0162779253348253,0.00026497085320614734,True
KRFPC_2583,0.04599819614514418,0.0021197668256491787,True
KRFPC_2584,0.0,0.0,True
KRFPC_2585,0.07950178948815584,0.006359300476947536,True
KRFPC_2586,0.016277925334825298,0.00026497085320614734,True
KRFPC_2587,0.05141388915001135,0.002649708532061473,True
KRFPC_2588,0.0,0.0,True
KRFPC_2589,0.0,0.0,True
KRFPC_2590,0.0,0.0,True
KRFPC_2591,0.09485584877513739,0.0037095919448860626,True
KRFPC_2592,0.0162779253348253,0.00026497085320614734,True
KRFPC_2593,0.0162779253348253,0.00026497085320614734,True
KRFPC_2594,0.12406836651874902,0.01563328033916269,False
KRFPC_2595,0.02818672011159961,0.000794912559618442,True
KRFPC_2596,0.0,0.0,True
KRFPC_2597,0.06890562778396601,0.0047694753577106515,True
KRFPC_2598,0.0,0.0,True
KRFPC_2599,0.0,0.0,True
KRFPC_2600,0.0,0.0,True
KRFPC_2601,0.0,0.0,True
KRFPC_2602,0.0,0.0,True
KRFPC_2603,0.0,0.0,True
KRFPC_2604,0.0,0.0,True
KRFPC_2605,0.0,0.0,True
KRFPC_2606,0.0,0.0,True
KRFPC_2607,0.0,0.0,True
KRFPC_2608,0.0,0.0,True
KRFPC_2609,0.0,0.0,True
KRFPC_2610,0.0,0.0,True
KRFPC_2611,0.0,0.0,True
KRFPC_2612,0.0,0.0,True
KRFPC_2613,0.0,0.0,True
KRFPC_2614,0.0,0.0,True
KRFPC_2615,0.0,0.0,True
KRFPC_2616,0.0,0.0,True
KRFPC_2617,0.0,0.0,True
KRFPC_2618,0.0,0.0,True
KRFPC_2619,0.0,0.0,True
KRFPC_2620,0.0,0.0,True
KRFPC_2621,0.0,0.0,True
KRFPC_2622,0.0,0.0,True
KRFPC_2623,0.0,0.0,True
KRFPC_2624,0.0,0.0,True
KRFPC_2625,0.0,0.0,True
KRFPC_2626,0.0,0.0,True
KRFPC_2627,0.0,0.0,True
KRFPC_2628,0.0,0.0,True
KRFPC_2629,0.0,0.0,True
KRFPC_2630,0.0,0.0,True
KRFPC_2631,0.0,0.0,True
KRFPC_2632,0.0,0.0,True
KRFPC_2633,0.0,0.0,True
KRFPC_2634,0.0,0.0,True
KRFPC_2635,0.0,0.0,True
KRFPC_2636,0.0,0.0,True
KRFPC_2637,0.0,0.0,True
KRFPC_2638,0.0,0.0,True
KRFPC_2639,0.0,0.0,True
KRFPC_2640,0.0,0.0,True
KRFPC_2641,0.0,0.0,True
KRFPC_2642,0.0,0.0,True
KRFPC_2643,0.0,0.0,True
KRFPC_2644,0.0,0.0,True
KRFPC_2645,0.0,0.0,True
KRFPC_2646,0.0,0.0,True
KRFPC_2647,0.0,0.0,True
KRFPC_2648,0.0,0.0,True
KRFPC_2649,0.03637924824403939,0.0013248542660307366,True
KRFPC_2650,0.016277925334825298,0.00026497085320614734,True
KRFPC_2651,0.0,0.0,True
KRFPC_2652,0.0,0.0,True
KRFPC_2653,0.0,0.0,True
KRFPC_2654,0.0,0.0,True
KRFPC_2655,0.0,0.0,True
KRFPC_2656,0.0,0.0,True
KRFPC_2657,0.0,0.0,True
KRFPC_2658,0.0,0.0,True
KRFPC_2659,0.0,0.0,True
KRFPC_2660,0.0,0.0,True
KRFPC_2661,0.0,0.0,True
KRFPC_2662,0.0,0.0,True
KRFPC_2663,0.0,0.0,True
KRFPC_2664,0.0,0.0,True
KRFPC_2665,0.11321835174271151,0.012983571807101218,False
KRFPC_2666,0.5141149187373298,0.1910439851616322,False
KRFPC_2667,0.023017411889466752,0.0005299417064122947,True
KRFPC_2668,0.0,0.0,True
KRFPC_2669,0.0,0.0,True
KRFPC_2670,0.0,0.0,True
KRFPC_2671,0.0,0.0,True
KRFPC_2672,0.2761760143804115,0.0749867514573397,False
KRFPC_2673,0.0,0.0,True
KRFPC_2674,0.039846182682823514,0.001589825119236884,True
KRFPC_2675,0.0,0.0,True
KRFPC_2676,0.0,0.0,True
KRFPC_2677,0.046019565807688456,0.001589825119236884,True
KRFPC_2678,0.0,0.0,True
KRFPC_2679,0.02301741188946676,0.0005299417064122947,True
KRFPC_2680,0.0,0.0,True
KRFPC_2681,0.14962585049714763,0.020137784843667197,False
KRFPC_2682,0.0,0.0,True
KRFPC_2683,0.0,0.0,True
KRFPC_2684,0.0,0.0,True
KRFPC_2685,0.0,0.0,True
KRFPC_2686,0.05141388915001135,0.002649708532061473,True
KRFPC_2687,0.0,0.0,True
KRFPC_2688,0.0,0.0,True
KRFPC_2689,0.0,0.0,True
KRFPC_2690,0.0,0.0,True
KRFPC_2691,0.0,0.0,True
KRFPC_2692,0.0,0.0,True
KRFPC_2693,0.09027061680983707,0.008214096449390567,True
KRFPC_2694,0.12516476080306954,0.015368309485956544,False
KRFPC_2695,0.0,0.0,True
KRFPC_2696,0.023017411889466752,0.0005299417064122947,True
KRFPC_2697,0.0,0.0,True
KRFPC_2698,0.08429064519398217,0.007154213036565978,True
KRFPC_2699,0.0,0.0,True
KRFPC_2700,0.0,0.0,True
KRFPC_2701,0.0,0.0,True
KRFPC_2702,0.10876905032451754,0.00980392156862745,False
KRFPC_2703,0.0,0.0,True
KRFPC_2704,0.0,0.0,True
KRFPC_2705,0.0162779253348253,0.00026497085320614734,True
KRFPC_2706,0.0,0.0,True
KRFPC_2707,0.023017411889466755,0.0005299417064122947,True
KRFPC_2708,0.0,0.0,True
KRFPC_2709,0.0162779253348253,0.00026497085320614734,True
KRFPC_2710,0.3218918273462495,0.0990990990990991,False
KRFPC_2711,0.18201048772426048,0.03259141494435612,False
KRFPC_2712,0.06894027165077075,0.0042395336512983575,True
KRFPC_2713,0.08886041617300736,0.007419183889772125,True
KRFPC_2714,0.0,0.0,True
KRFPC_2715,0.11895550726988843,0.012718600953895072,False
KRFPC_2716,0.043033084826230104,0.0018547959724430313,True
KRFPC_2717,0.0,0.0,True
KRFPC_2718,0.0,0.0,True
KRFPC_2719,0.0,0.0,True
KRFPC_2720,0.06890562778396601,0.0047694753577106515,True
KRFPC_2721,0.0,0.0,True
KRFPC_2722,0.0,0.0,True
KRFPC_2723,0.0,0.0,True
KRFPC_2724,0.0,0.0,True
KRFPC_2725,0.0,0.0,True
KRFPC_2726,0.0,0.0,True
KRFPC_2727,0.0,0.0,True
KRFPC_2728,0.10279908960956605,0.005829358770535241,False
KRFPC_2729,0.0,0.0,True
KRFPC_2730,0.0,0.0,True
KRFPC_2731,0.0,0.0,True
KRFPC_2732,0.0,0.0,True
KRFPC_2733,0.0,0.0,True
KRFPC_2734,0.016277925334825298,0.00026497085320614734,True
KRFPC_2735,0.0162779253348253,0.00026497085320614734,True
KRFPC_2736,0.0,0.0,True
KRFPC_2737,0.0,0.0,True
KRFPC_2738,0.0,0.0,True
KRFPC_2739,0.0,0.0,True
KRFPC_2740,0.045998196145144186,0.0021197668256491787,True
KRFPC_2741,0.0,0.0,True
KRFPC_2742,0.0,0.0,True
KRFPC_2743,0.0,0.0,True
KRFPC_2744,0.0,0.0,True
KRFPC_2745,0.0,0.0,True
KRFPC_2746,0.02818672011159961,0.000794912559618442,True
KRFPC_2747,0.02818672011159961,0.000794912559618442,True
KRFPC_2748,0.0,0.0,True
KRFPC_2749,0.03984618268282351,0.001589825119236884,True
KRFPC_2750,0.0,0.0,True
KRFPC_2751,0.053916178346638303,0.0029146793852676206,True
KRFPC_2752,0.028186720111599613,0.000794912559618442,True
KRFPC_2753,0.0,0.0,True
KRFPC_2754,0.0,0.0,True
KRFPC_2755,0.0,0.0,True
KRFPC_2756,0.0162779253348253,0.00026497085320614734,True
KRFPC_2757,0.0,0.0,True
KRFPC_2758,0.0,0.0,True
KRFPC_2759,0.046019565807688456,0.001589825119236884,True
KRFPC_2760,0.03639468853259879,0.000794912559618442,True
KRFPC_2761,0.0,0.0,True
KRFPC_2762,0.0,0.0,True
KRFPC_2763,0.0,0.0,True
KRFPC_2764,0.0,0.0,True
KRFPC_2765,0.0162779253348253,0.00026497085320614734,True
KRFPC_2766,0.0,0.0,True
KRFPC_2767,0.0,0.0,True
KRFPC_2768,0.0,0.0,True
KRFPC_2769,0.0,0.0,True
KRFPC_2770,0.0,0.0,True
KRFPC_2771,0.0,0.0,True
KRFPC_2772,0.19381649280430222,0.037360890302066775,False
KRFPC_2773,0.0,0.0,True
KRFPC_2774,0.0,0.0,True
KRFPC_2775,0.0162779253348253,0.00026497085320614734,True
KRFPC_2776,0.0,0.0,True
KRFPC_2777,0.0,0.0,True
KRFPC_2778,0.0,0.0,True
KRFPC_2779,0.0,0.0,True
KRFPC_2780,0.38976612103735425,0.12798092209856915,False
KRFPC_2781,0.0,0.0,True
KRFPC_2782,0.0,0.0,True
KRFPC_2783,0.0,0.0,True
KRFPC_2784,0.0,0.0,True
KRFPC_2785,0.0,0.0,True
KRFPC_2786,0.0,0.0,True
KRFPC_2787,0.0,0.0,True
KRFPC_2788,0.028186720111599613,0.000794912559618442,True
KRFPC_2789,0.0,0.0,True
KRFPC_2790,0.0,0.0,True
KRFPC_2791,0.0,0.0,True
KRFPC_2792,0.0,0.0,True
KRFPC_2793,0.0,0.0,True
KRFPC_2794,0.0,0.0,True
KRFPC_2795,0.12509853516641972,0.01589825119236884,False
KRFPC_2796,0.0,0.0,True
KRFPC_2797,0.0,0.0,True
KRFPC_2798,0.0,0.0,True
KRFPC_2799,0.0,0.0,True
KRFPC_2800,0.0,0.0,True
KRFPC_2801,0.0,0.0,True
KRFPC_2802,0.0,0.0,True
KRFPC_2803,0.0,0.0,True
KRFPC_2804,0.0,0.0,True
KRFPC_2805,0.0,0.0,True
KRFPC_2806,0.0,0.0,True
KRFPC_2807,0.0,0.0,True
KRFPC_2808,0.0,0.0,True
KRFPC_2809,0.0,0.0,True
KRFPC_2810,0.0,0.0,True
KRFPC_2811,0.0,0.0,True
KRFPC_2812,0.0,0.0,True
KRFPC_2813,0.0,0.0,True
KRFPC_2814,0.1750518360058061,0.02994170641229465,False
KRFPC_2815,0.0162779253348253,0.00026497085320614734,True
KRFPC_2816,0.0,0.0,True
KRFPC_2817,0.0,0.0,True
KRFPC_2818,0.023017411889466755,0.0005299417064122947,True
KRFPC_2819,0.023017411889466755,0.0005299417064122947,True
KRFPC_2820,0.06508581027803259,0.0021197668256491787,True
KRFPC_2821,0.0,0.0,True
KRFPC_2822,0.07275849648807878,0.002649708532061473,True
KRFPC_2823,0.0,0.0,True
KRFPC_2824,0.0,0.0,True
KRFPC_2825,0.0,0.0,True
KRFPC_2826,0.0,0.0,True
KRFPC_2827,0.0162779253348253,0.00026497085320614734,True
KRFPC_2828,0.0,0.0,True
KRFPC_2829,0.06708211313137628,0.0023847376788553257,True
KRFPC_2830,0.0,0.0,True
KRFPC_2831,0.0,0.0,True
KRFPC_2832,0.07964300059319547,0.0042395336512983575,True
KRFPC_2833,0.0,0.0,True
KRFPC_2834,0.07275849648807879,0.002649708532061473,True
KRFPC_2835,0.11719497426923099,0.00688924218335983,False
KRFPC_2836,0.0,0.0,True
KRFPC_2837,0.0,0.0,True
KRFPC_2838,0.0,0.0,True
KRFPC_2839,0.04603482377893352,0.0010598834128245894,True
KRFPC_2840,0.0,0.0,True
KRFPC_2841,0.0,0.0,True
KRFPC_2842,0.0,0.0,True
KRFPC_2843,0.0,0.0,True
KRFPC_2844,0.0,0.0,True
KRFPC_2845,0.0,0.0,True
KRFPC_2846,0.0,0.0,True
KRFPC_2847,0.02818672011159961,0.000794912559618442,True
KRFPC_2848,0.0,0.0,True
KRFPC_2849,0.0,0.0,True
KRFPC_2850,0.0,0.0,True
KRFPC_2851,0.0,0.0,True
KRFPC_2852,0.0,0.0,True
KRFPC_2853,0.0,0.0,True
KRFPC_2854,0.4518740257666113,0.17726550079491257,False
KRFPC_2855,0.16692767593571886,0.02755696873343932,False
KRFPC_2856,0.0,0.0,True
KRFPC_2857,0.0,0.0,True
KRFPC_2858,0.0,0.0,True
KRFPC_2859,0.0,0.0,True
KRFPC_2860,0.0,0.0,True
KRFPC_2861,0.0,0.0,True
KRFPC_2862,0.0162779253348253,0.00026497085320614734,True
KRFPC_2863,0.0,0.0,True
KRFPC_2864,0.0,0.0,True
KRFPC_2865,0.0,0.0,True
KRFPC_2866,0.0,0.0,True
KRFPC_2867,0.05143847014970781,0.0021197668256491787,True
KRFPC_2868,0.0,0.0,True
KRFPC_2869,0.0162779253348253,0.00026497085320614734,True
KRFPC_2870,0.0,0.0,True
KRFPC_2871,0.0,0.0,True
KRFPC_2872,0.0,0.0,True
KRFPC_2873,0.0,0.0,True
KRFPC_2874,0.0,0.0,True
KRFPC_2875,0.1484745436494654,0.02199258081611023,False
KRFPC_2876,0.0,0.0,True
KRFPC_2877,0.0,0.0,True
KRFPC_2878,0.0,0.0,True
KRFPC_2879,0.0,0.0,True
KRFPC_2880,0.0,0.0,True
KRFPC_2881,0.0398461826828235,0.001589825119236884,True
KRFPC_2882,0.0,0.0,True
KRFPC_2883,0.023017411889466755,0.0005299417064122947,True
KRFPC_2884,0.07078437807663418,0.005034446210916799,True
KRFPC_2885,0.2739813098351554,0.04822469528351881,False
KRFPC_2886,0.0,0.0,True
KRFPC_2887,0.0,0.0,True
KRFPC_2888,0.0,0.0,True
KRFPC_2889,0.0,0.0,True
KRFPC_2890,0.0,0.0,True
KRFPC_2891,0.02301741188946676,0.0005299417064122947,True
KRFPC_2892,0.0,0.0,True
KRFPC_2893,0.0,0.0,True
KRFPC_2894,0.0,0.0,True
KRFPC_2895,0.0,0.0,True
KRFPC_2896,0.0,0.0,True
KRFPC_2897,0.0,0.0,True
KRFPC_2898,0.0,0.0,True
KRFPC_2899,0.0,0.0,True
KRFPC_2900,0.0,0.0,True
KRFPC_2901,0.0,0.0,True
KRFPC_2902,0.0,0.0,True
KRFPC_2903,0.0,0.0,True
KRFPC_2904,0.023017411889466755,0.0005299417064122947,True
KRFPC_2905,0.0,0.0,True
KRFPC_2906,0.0,0.0,True
KRFPC_2907,0.0,0.0,True
KRFPC_2908,0.0,0.0,True
KRFPC_2909,0.07090333517153763,0.0029146793852676206,True
KRFPC_2910,0.0,0.0,True
KRFPC_2911,0.0,0.0,True
KRFPC_2912,0.0,0.0,True
KRFPC_2913,0.0,0.0,True
KRFPC_2914,0.05141388915001135,0.002649708532061473,True
KRFPC_2915,0.0,0.0,True
KRFPC_2916,0.0,0.0,True
KRFPC_2917,0.0,0.0,True
KRFPC_2918,0.0,0.0,True
KRFPC_2919,0.0,0.0,True
KRFPC_2920,0.0,0.0,True
KRFPC_2921,0.0,0.0,True
KRFPC_2922,0.03984618268282351,0.001589825119236884,True
KRFPC_2923,0.0,0.0,True
KRFPC_2924,0.0430526638610977,0.0013248542660307366,True
KRFPC_2925,0.0,0.0,True
KRFPC_2926,0.07275849648807878,0.002649708532061473,True
KRFPC_2927,0.0162779253348253,0.00026497085320614734,True
KRFPC_2928,0.0,0.0,True
KRFPC_2929,0.0,0.0,True
KRFPC_2930,0.0,0.0,True
KRFPC_2931,0.0,0.0,True
KRFPC_2932,0.0,0.0,True
KRFPC_2933,0.2699640881580635,0.05643879173290938,False
KRFPC_2934,0.0,0.0,True
KRFPC_2935,0.0,0.0,True
KRFPC_2936,0.0162779253348253,0.00026497085320614734,True
KRFPC_2937,0.02301741188946676,0.0005299417064122947,True
KRFPC_2938,0.0,0.0,True
KRFPC_2939,0.0,0.0,True
KRFPC_2940,0.06508581027803259,0.0021197668256491787,True
KRFPC_2941,0.0,0.0,True
KRFPC_2942,0.0,0.0,True
KRFPC_2943,0.0,0.0,True
KRFPC_2944,0.0,0.0,True
KRFPC_2945,0.0,0.0,True
KRFPC_2946,0.0,0.0,True
KRFPC_2947,0.0,0.0,True
KRFPC_2948,0.8000749088727473,0.37148913619501855,False
KRFPC_2949,0.2558311092223833,0.058823529411764705,False
KRFPC_2950,0.0,0.0,True
KRFPC_2951,0.0,0.0,True
KRFPC_2952,0.0,0.0,True
KRFPC_2953,0.0,0.0,True
KRFPC_2954,0.0,0.0,True
KRFPC_2955,0.0,0.0,True
KRFPC_2956,0.0,0.0,True
KRFPC_2957,0.0,0.0,True
KRFPC_2958,0.0,0.0,True
KRFPC_2959,0.0,0.0,True
KRFPC_2960,0.0,0.0,True
KRFPC_2961,0.0,0.0,True
KRFPC_2962,0.07275849648807879,0.002649708532061473,True
KRFPC_2963,0.0325558506696506,0.0005299417064122947,True
KRFPC_2964,0.0,0.0,True
KRFPC_2965,0.0162779253348253,0.00026497085320614734,True
KRFPC_2966,0.03986380360204276,0.0010598834128245894,True
KRFPC_2967,0.028186720111599613,0.000794912559618442,True
KRFPC_2968,0.23446424278330655,0.04769475357710652,False
KRFPC_2969,0.0,0.0,True
KRFPC_2970,0.0162779253348253,0.00026497085320614734,True
KRFPC_2971,0.0,0.0,True
KRFPC_2972,0.0,0.0,True
KRFPC_2973,0.0,0.0,True
KRFPC_2974,8.11108118584221,9.60943296237414,False
KRFPC_2975,0.11877471563855714,0.014308426073131956,False
KRFPC_2976,0.35428879278043274,0.11208267090620032,False
KRFPC_2977,0.0,0.0,True
KRFPC_2978,0.350738573280805,0.11022787493375728,False
KRFPC_2979,0.0,0.0,True
KRFPC_2980,0.16457297159199843,0.027291997880233173,False
KRFPC_2981,0.0,0.0,True
KRFPC_2982,0.06890562778396601,0.0047694753577106515,True
KRFPC_2983,0.0162779253348253,0.00026497085320614734,True
KRFPC_2984,0.0,0.0,True
KRFPC_2985,0.7497692708513087,0.5527291997880233,False
KRFPC_2986,0.0162779253348253,0.00026497085320614734,True
KRFPC_2987,0.0,0.0,True
KRFPC_2988,0.0,0.0,True
KRFPC_2989,0.0,0.0,True
KRFPC_2990,0.0,0.0,True
KRFPC_2991,0.0,0.0,True
KRFPC_2992,0.0,0.0,True
KRFPC_2993,0.0,0.0,True
KRFPC_2994,0.0,0.0,True
KRFPC_2995,0.0,0.0,True
KRFPC_2996,0.0,0.0,True
KRFPC_2997,0.0,0.0,True
KRFPC_2998,0.0,0.0,True
KRFPC_2999,0.0,0.0,True
KRFPC_3000,0.0,0.0,True
KRFPC_3001,0.0,0.0,True
KRFPC_3002,0.0,0.0,True
KRFPC_3003,0.0,0.0,True
KRFPC_3004,0.0,0.0,True
KRFPC_3005,0.0,0.0,True
KRFPC_3006,0.0,0.0,True
KRFPC_3007,0.028186720111599613,0.000794912559618442,True
KRFPC_3008,0.0,0.0,True
KRFPC_3009,0.5898828605225445,0.30021197668256494,False
KRFPC_3010,0.0,0.0,True
KRFPC_3011,0.036394688532598786,0.000794912559618442,True
KRFPC_3012,0.1950609523805651,0.025437201907790145,False
KRFPC_3013,0.0,0.0,True
KRFPC_3014,0.0,0.0,True
KRFPC_3015,0.0,0.0,True
KRFPC_3016,0.0,0.0,True
KRFPC_3017,0.023017411889466752,0.0005299417064122947,True
KRFPC_3018,0.0,0.0,True
KRFPC_3019,0.0,0.0,True
KRFPC_3020,0.0,0.0,True
KRFPC_3021,0.045998196145144186,0.0021197668256491787,True
KRFPC_3022,0.0,0.0,True
KRFPC_3023,0.0,0.0,True
KRFPC_3024,0.9340241909757798,0.7874933757286698,False
KRFPC_3025,0.0,0.0,True
KRFPC_3026,0.0,0.0,True
KRFPC_3027,0.0,0.0,True
KRFPC_3028,0.0,0.0,True
KRFPC_3029,0.0,0.0,True
KRFPC_3030,0.0,0.0,True
KRFPC_3031,0.0,0.0,True
KRFPC_3032,0.0,0.0,True
KRFPC_3033,0.1440618834946814,0.021197668256491786,False
KRFPC_3034,0.0,0.0,True
KRFPC_3035,0.05141388915001134,0.002649708532061473,True
KRFPC_3036,0.0,0.0,True
KRFPC_3037,0.0,0.0,True
KRFPC_3038,0.0,0.0,True
KRFPC_3039,0.068905627783966,0.0047694753577106515,True
KRFPC_3040,0.0,0.0,True
KRFPC_3041,0.04599819614514418,0.0021197668256491787,True
KRFPC_3042,0.03984618268282351,0.001589825119236884,True
KRFPC_3043,0.0,0.0,True
KRFPC_3044,0.0,0.0,True
KRFPC_3045,0.0,0.0,True
KRFPC_3046,0.0,0.0,True
KRFPC_3047,0.0,0.0,True
KRFPC_3048,0.0,0.0,True
KRFPC_3049,0.10114240030644481,0.010333863275039745,False
KRFPC_3050,0.023017411889466755,0.0005299417064122947,True
KRFPC_3051,0.023017411889466755,0.0005299417064122947,True
KRFPC_3052,0.0,0.0,True
KRFPC_3053,0.23394969137359986,0.03815580286168521,False
KRFPC_3054,0.0,0.0,True
KRFPC_3055,0.0,0.0,True
KRFPC_3056,0.0,0.0,True
KRFPC_3057,0.13399059048169018,0.018282988871224166,False
KRFPC_3058,0.0,0.0,True
KRFPC_3059,0.0,0.0,True
KRFPC_3060,0.0,0.0,True
KRFPC_3061,0.10741473410734335,0.011128775834658187,False
KRFPC_3062,0.0,0.0,True
KRFPC_3063,0.0,0.0,True
KRFPC_3064,0.0,0.0,True
KRFPC_3065,0.04878197670482277,0.0023847376788553257,True
KRFPC_3066,0.0,0.0,True
KRFPC_3067,0.0,0.0,True
KRFPC_3068,0.0,0.0,True
KRFPC_3069,0.0162779253348253,0.00026497085320614734,True
KRFPC_3070,0.0,0.0,True
KRFPC_3071,0.0,0.0,True
KRFPC_3072,0.0,0.0,True
KRFPC_3073,0.03637924824403939,0.0013248542660307366,True
KRFPC_3074,0.0,0.0,True
KRFPC_3075,0.0,0.0,True
KRFPC_3076,0.0,0.0,True
KRFPC_3077,0.23290029291399614,0.03762586115527292,False
KRFPC_3078,0.0,0.0,True
KRFPC_3079,0.0,0.0,True
KRFPC_3080,0.05391617834663831,0.0029146793852676206,True
KRFPC_3081,0.13722294442692626,0.01589825119236884,False
KRFPC_3082,0.07261356872352699,0.005299417064122946,True
KRFPC_3083,0.0,0.0,True
KRFPC_3084,0.13399059048169018,0.018282988871224166,False
KRFPC_3085,0.03254290513901629,0.0010598834128245894,True
KRFPC_3086,0.0,0.0,True
KRFPC_3087,0.0,0.0,True
KRFPC_3088,0.0,0.0,True
KRFPC_3089,0.0,0.0,True
KRFPC_3090,0.0,0.0,True
KRFPC_3091,0.0,0.0,True
KRFPC_3092,0.0,0.0,True
KRFPC_3093,0.0,0.0,True
KRFPC_3094,0.0,0.0,True
KRFPC_3095,0.028186720111599613,0.000794912559618442,True
KRFPC_3096,0.0,0.0,True
KRFPC_3097,0.0,0.0,True
KRFPC_3098,0.0,0.0,True
KRFPC_3099,0.0,0.0,True
KRFPC_3100,0.0,0.0,True
KRFPC_3101,0.06697314719039354,0.0045045045045045045,True
KRFPC_3102,0.0,0.0,True
KRFPC_3103,0.14581205202059203,0.02172760996290408,False
KRFPC_3104,0.07783825649409339,0.006094329623741388,True
KRFPC_3105,0.0,0.0,True
KRFPC_3106,0.0162779253348253,0.00026497085320614734,True
KRFPC_3107,0.0,0.0,True
KRFPC_3108,0.0,0.0,True
KRFPC_3109,0.0,0.0,True
KRFPC_3110,0.0,0.0,True
KRFPC_3111,0.0,0.0,True
KRFPC_3112,0.0,0.0,True
KRFPC_3113,0.0,0.0,True
KRFPC_3114,0.0,0.0,True
KRFPC_3115,0.0,0.0,True
KRFPC_3116,0.0,0.0,True
KRFPC_3117,0.0,0.0,True
KRFPC_3118,0.0,0.0,True
KRFPC_3119,0.513522005506506,0.2753047164811871,False
KRFPC_3120,0.0917027860341428,0.008479067302596715,True
KRFPC_3121,0.0,0.0,True
KRFPC_3122,0.0,0.0,True
KRFPC_3123,0.0,0.0,True
KRFPC_3124,0.0,0.0,True
KRFPC_3125,0.0,0.0,True
KRFPC_3126,0.0,0.0,True
KRFPC_3127,0.0,0.0,True
KRFPC_3128,0.0,0.0,True
KRFPC_3129,0.0,0.0,True
KRFPC_3130,0.0,0.0,True
KRFPC_3131,0.0,0.0,True
KRFPC_3132,0.0,0.0,True
KRFPC_3133,0.0,0.0,True
KRFPC_3134,0.0,0.0,True
KRFPC_3135,0.0,0.0,True
KRFPC_3136,0.0,0.0,True
KRFPC_3137,0.0,0.0,True
KRFPC_3138,0.17307709789693754,0.028086910439851617,False
KRFPC_3139,0.0,0.0,True
KRFPC_3140,0.032542905139016295,0.0010598834128245894,True
KRFPC_3141,0.0,0.0,True
KRFPC_3142,0.13233778077923,0.01563328033916269,False
KRFPC_3143,0.02301741188946676,0.0005299417064122947,True
KRFPC_3144,0.0,0.0,True
KRFPC_3145,0.0,0.0,True
KRFPC_3146,0.02301741188946676,0.0005299417064122947,True
KRFPC_3147,0.028186720111599613,0.000794912559618442,True
KRFPC_3148,0.4751063273043516,0.31452040275569687,False
KRFPC_3149,0.9406525126384513,0.6229464758876524,False
KRFPC_3150,0.06498214287438389,0.0042395336512983575,True
KRFPC_3151,0.21102280389170372,0.016163222045574986,False
KRFPC_3152,0.036379248244039396,0.0013248542660307366,True
KRFPC_3153,0.07950178948815584,0.006359300476947536,True
KRFPC_3154,0.0,0.0,True
KRFPC_3155,0.12092173105870219,0.01483836777954425,False
KRFPC_3156,0.20565914215484132,0.037890832008479064,False
KRFPC_3157,0.043033084826230104,0.0018547959724430313,True
KRFPC_3158,0.1395816882486102,0.01987281399046105,False
KRFPC_3159,0.07957948660450648,0.005299417064122946,True
KRFPC_3160,0.07613746357699716,0.005829358770535241,True
KRFPC_3161,0.0,0.0,True
KRFPC_3162,0.08433395873555392,0.006624271330153683,True
KRFPC_3163,0.0,0.0,True
KRFPC_3164,0.0162779253348253,0.00026497085320614734,True
KRFPC_3165,0.0,0.0,True
KRFPC_3166,0.0,0.0,True
KRFPC_3167,0.0,0.0,True
KRFPC_3168,0.060801401459995116,0.0037095919448860626,True
KRFPC_3169,0.0,0.0,True
KRFPC_3170,0.0,0.0,True
KRFPC_3171,0.0,0.0,True
KRFPC_3172,0.0,0.0,True
KRFPC_3173,0.0,0.0,True
KRFPC_3174,0.03984618268282351,0.001589825119236884,True
KRFPC_3175,0.0,0.0,True
KRFPC_3176,0.10855706625815112,0.01192368839427663,False
KRFPC_3177,0.0,0.0,True
KRFPC_3178,0.08582593663750397,0.007419183889772125,True
KRFPC_3179,0.1330340502066484,0.018018018018018018,False
KRFPC_3180,0.032542905139016295,0.0010598834128245894,True
KRFPC_3181,0.07439685537382569,0.005564387917329093,True
KRFPC_3182,0.0,0.0,True
KRFPC_3183,0.03984618268282351,0.001589825119236884,True
KRFPC_3184,0.0,0.0,True
KRFPC_3185,0.0,0.0,True
KRFPC_3186,0.0,0.0,True
KRFPC_3187,0.0,0.0,True
KRFPC_3188,0.0,0.0,True
KRFPC_3189,0.028186720111599613,0.000794912559618442,True
KRFPC_3190,0.03984618268282351,0.001589825119236884,True
KRFPC_3191,0.0,0.0,True
KRFPC_3192,0.0,0.0,True
KRFPC_3193,0.0,0.0,True
KRFPC_3194,0.043033084826230104,0.0018547959724430313,True
KRFPC_3195,0.06890562778396601,0.0047694753577106515,True
KRFPC_3196,0.0162779253348253,0.00026497085320614734,True
KRFPC_3197,0.0,0.0,True
KRFPC_3198,0.0,0.0,True
KRFPC_3199,0.15267563800653586,0.023317435082140965,False
KRFPC_3200,0.0,0.0,True
KRFPC_3201,0.0,0.0,True
KRFPC_3202,0.06498214287438389,0.0042395336512983575,True
KRFPC_3203,0.0,0.0,True
KRFPC_3204,0.0162779253348253,0.00026497085320614734,True
KRFPC_3205,0.023017411889466752,0.0005299417064122947,True
KRFPC_3206,0.0162779253348253,0.00026497085320614734,True
KRFPC_3207,0.023017411889466752,0.0005299417064122947,True
KRFPC_3208,0.0,0.0,True
KRFPC_3209,0.0,0.0,True
KRFPC_3210,0.0,0.0,True
KRFPC_3211,0.0,0.0,True
KRFPC_3212,0.0,0.0,True
KRFPC_3213,0.060801401459995116,0.0037095919448860626,True
KRFPC_3214,0.0,0.0,True
KRFPC_3215,0.0162779253348253,0.00026497085320614734,True
KRFPC_3216,0.09027061680983707,0.008214096449390567,True
KRFPC_3217,0.0,0.0,True
KRFPC_3218,0.0,0.0,True
KRFPC_3219,0.0,0.0,True
KRFPC_3220,0.0,0.0,True
KRFPC_3221,0.08591099380922966,0.006359300476947536,True
KRFPC_3222,0.10247064842943815,0.010068892421833599,False
KRFPC_3223,9.424399322471997,8.508479067302597,False
KRFPC_3224,0.18163022433422046,0.020137784843667197,False
KRFPC_3225,0.0,0.0,True
KRFPC_3226,0.0,0.0,True
KRFPC_3227,0.0,0.0,True
KRFPC_3228,0.10497314113189266,0.010598834128245893,False
KRFPC_3229,0.0,0.0,True
KRFPC_3230,0.09449980429527706,0.009009009009009009,True
KRFPC_3231,0.0,0.0,True
KRFPC_3232,0.0,0.0,True
KRFPC_3233,0.0,0.0,True
KRFPC_3234,0.0,0.0,True
KRFPC_3235,0.0,0.0,True
KRFPC_3236,0.0,0.0,True
KRFPC_3237,0.0,0.0,True
KRFPC_3238,0.045998196145144186,0.0021197668256491787,True
KRFPC_3239,0.0,0.0,True
KRFPC_3240,0.0,0.0,True
KRFPC_3241,0.0,0.0,True
KRFPC_3242,0.0,0.0,True
KRFPC_3243,0.0,0.0,True
KRFPC_3244,0.0,0.0,True
KRFPC_3245,0.0,0.0,True
KRFPC_3246,0.0,0.0,True
KRFPC_3247,0.0,0.0,True
KRFPC_3248,0.0,0.0,True
KRFPC_3249,0.0,0.0,True
KRFPC_3250,0.0,0.0,True
KRFPC_3251,0.0,0.0,True
KRFPC_3252,0.0,0.0,True
KRFPC_3253,0.0,0.0,True
KRFPC_3254,0.0,0.0,True
KRFPC_3255,0.0,0.0,True
KRFPC_3256,0.0,0.0,True
KRFPC_3257,0.0,0.0,True
KRFPC_3258,0.0,0.0,True
KRFPC_3259,0.0,0.0,True
KRFPC_3260,0.0,0.0,True
KRFPC_3261,0.0,0.0,True
KRFPC_3262,0.0,0.0,True
KRFPC_3263,0.0,0.0,True
KRFPC_3264,0.0,0.0,True
KRFPC_3265,0.0,0.0,True
KRFPC_3266,0.0,0.0,True
KRFPC_3267,0.8169497791888224,0.4809220985691574,False
KRFPC_3268,0.0,0.0,True
KRFPC_3269,0.0,0.0,True
KRFPC_3270,0.0,0.0,True
KRFPC_3271,0.0,0.0,True
KRFPC_3272,0.0,0.0,True
KRFPC_3273,0.0,0.0,True
KRFPC_3274,0.0,0.0,True
KRFPC_3275,0.036379248244039396,0.0013248542660307366,True
KRFPC_3276,0.0,0.0,True
KRFPC_3277,0.0,0.0,True
KRFPC_3278,0.0162779253348253,0.00026497085320614734,True
KRFPC_3279,0.02818672011159961,0.000794912559618442,True
KRFPC_3280,0.15746974653955748,0.025437201907790145,False
KRFPC_3281,0.0,0.0,True
KRFPC_3282,0.24834721215826433,0.059353471118177,False
KRFPC_3283,0.0162779253348253,0.00026497085320614734,True
KRFPC_3284,0.23860031003860016,0.04054054054054054,False
KRFPC_3285,0.0,0.0,True
KRFPC_3286,0.0,0.0,True
KRFPC_3287,0.0,0.0,True
KRFPC_3288,0.0,0.0,True
KRFPC_3289,0.0,0.0,True
KRFPC_3290,0.0,0.0,True
KRFPC_3291,0.0,0.0,True
KRFPC_3292,0.15455824008614258,0.022257551669316374,False
KRFPC_3293,0.0,0.0,True
KRFPC_3294,0.4382980754116138,0.11181770005299417,False
KRFPC_3295,0.0,0.0,True
KRFPC_3296,0.02818672011159961,0.000794912559618442,True
KRFPC_3297,0.0,0.0,True
KRFPC_3298,0.0,0.0,True
KRFPC_3299,0.0,0.0,True
KRFPC_3300,0.0,0.0,True
KRFPC_3301,0.12160280291999023,0.007419183889772125,False
KRFPC_3302,0.045998196145144186,0.0021197668256491787,True
KRFPC_3303,0.045998196145144186,0.0021197668256491787,True
KRFPC_3304,0.0,0.0,True
KRFPC_3305,0.0,0.0,True
KRFPC_3306,0.0,0.0,True
KRFPC_3307,0.0,0.0,True
KRFPC_3308,0.0,0.0,True
KRFPC_3309,0.0,0.0,True
KRFPC_3310,0.0,0.0,True
KRFPC_3311,0.0,0.0,True
KRFPC_3312,0.0,0.0,True
KRFPC_3313,0.0,0.0,True
KRFPC_3314,0.0,0.0,True
KRFPC_3315,0.0,0.0,True
KRFPC_3316,0.0,0.0,True
KRFPC_3317,0.0,0.0,True
KRFPC_3318,0.0,0.0,True
KRFPC_3319,0.0,0.0,True
KRFPC_3320,0.0,0.0,True
KRFPC_3321,0.0,0.0,True
KRFPC_3322,0.0,0.0,True
KRFPC_3323,0.0,0.0,True
KRFPC_3324,0.0,0.0,True
KRFPC_3325,0.0,0.0,True
KRFPC_3326,0.0,0.0,True
KRFPC_3327,0.2774187196076664,0.0739268680445151,False
KRFPC_3328,0.0,0.0,True
KRFPC_3329,0.0,0.0,True
KRFPC_3330,0.032542905139016295,0.0010598834128245894,True
KRFPC_3331,0.0,0.0,True
KRFPC_3332,0.0,0.0,True
KRFPC_3333,0.0,0.0,True
KRFPC_3334,0.0,0.0,True
KRFPC_3335,0.9242745519166166,0.6263910969793323,False
KRFPC_3336,0.043033084826230104,0.0018547959724430313,True
KRFPC_3337,0.0,0.0,True
KRFPC_3338,0.4690411687248802,0.2747747747747748,False
KRFPC_3339,0.0,0.0,True
KRFPC_3340,0.0,0.0,True
KRFPC_3341,0.0,0.0,True
KRFPC_3342,0.0,0.0,True
KRFPC_3343,0.0,0.0,True
KRFPC_3344,0.0,0.0,True
KRFPC_3345,0.08132747675234227,0.003444621091679915,True
KRFPC_3346,0.02301741188946676,0.0005299417064122947,True
KRFPC_3347,0.0,0.0,True
KRFPC_3348,0.17698847499343712,0.027291997880233173,False
KRFPC_3349,0.0,0.0,True
KRFPC_3350,0.2482199275671955,0.0598834128245893,False
KRFPC_3351,0.0,0.0,True
KRFPC_3352,0.016277925334825298,0.00026497085320614734,True
KRFPC_3353,0.0,0.0,True
KRFPC_3354,0.016277925334825298,0.00026497085320614734,True
KRFPC_3355,0.0,0.0,True
KRFPC_3356,0.0,0.0,True
KRFPC_3357,0.0,0.0,True
KRFPC_3358,0.0,0.0,True
KRFPC_3359,0.14070893430326906,0.018547959724430314,False
KRFPC_3360,0.07439685537382569,0.005564387917329093,True
KRFPC_3361,0.036379248244039396,0.0013248542660307366,True
KRFPC_3362,0.0,0.0,True
KRFPC_3363,0.0,0.0,True
KRFPC_3364,0.0,0.0,True
KRFPC_3365,0.14579398959609408,0.014573396926338102,False
KRFPC_3366,0.0,0.0,True
KRFPC_3367,0.0,0.0,True
KRFPC_3368,5.1814237346486385,3.6878643349231583,False
KRFPC_3369,0.0,0.0,True
KRFPC_3370,0.0,0.0,True
KRFPC_3371,0.0,0.0,True
KRFPC_3372,0.0,0.0,True
KRFPC_3373,0.0,0.0,True
KRFPC_3374,1.4459536569118805,0.8977212506624271,False
KRFPC_3375,0.0,0.0,True
KRFPC_3376,0.0,0.0,True
KRFPC_3377,0.023017411889466755,0.0005299417064122947,True
KRFPC_3378,0.16414376199611802,0.009538950715421303,False
KRFPC_3379,0.10033477208642833,0.0021197668256491787,False
KRFPC_3380,0.283879159337181,0.03232644409114997,False
KRFPC_3381,0.5882777279536763,0.14122946475887652,False
KRFPC_3382,0.0,0.0,True
KRFPC_3383,0.045998196145144186,0.0021197668256491787,True
KRFPC_3384,0.24169372133852043,0.026232114467408585,False
KRFPC_3385,0.0,0.0,True
KRFPC_3386,0.0960861345197683,0.006624271330153683,True
KRFPC_3387,1.3291338441257061,0.7511923688394276,False
KRFPC_3388,0.9503975540259391,0.27239003709591947,False
KRFPC_3389,0.8390416962801136,0.3953365129835718,False
KRFPC_3390,0.0,0.0,True
KRFPC_3391,0.1671698293212853,0.012188659247482777,False
KRFPC_3392,1.9807804506303157,1.0985691573926868,False
KRFPC_3393,9.583456991350923,6.031266560678326,False
KRFPC_3394,0.956522355083953,0.2983571807101219,False
KRFPC_3395,0.38366173938713194,0.08240593534711181,False
KRFPC_3396,0.0,0.0,True
KRFPC_3397,0.35172202264200403,0.05696873343932168,False
KRFPC_3398,0.9088018602087587,0.26338102808691044,False
KRFPC_3399,0.3146013711723624,0.03842077371489136,False
KRFPC_3400,0.0,0.0,True
KRFPC_3401,0.18902134467375376,0.024112347641759405,False
KRFPC_3402,0.0,0.0,True
KRFPC_3403,0.15736981559020877,0.012188659247482777,False
KRFPC_3404,0.0,0.0,True
KRFPC_3405,0.0,0.0,True
KRFPC_3406,0.051457580586959116,0.001589825119236884,True
KRFPC_3407,0.7245555803983788,0.24430312665606782,False
KRFPC_3408,0.0162779253348253,0.00026497085320614734,True
KRFPC_3409,0.2906424453717359,0.05219925808161102,False
KRFPC_3410,0.0,0.0,True
KRFPC_3411,0.18325157686600554,0.018547959724430314,False
KRFPC_3412,0.0,0.0,True
KRFPC_3413,0.04878197670482277,0.0023847376788553257,True
KRFPC_3414,0.11768562531987165,0.014043455219925808,False
KRFPC_3415,0.0,0.0,True
KRFPC_3416,0.0,0.0,True
KRFPC_3417,0.12996428574876778,0.008479067302596715,False
KRFPC_3418,0.023017411889466755,0.0005299417064122947,True
KRFPC_3419,0.023017411889466755,0.0005299417064122947,True
KRFPC_3420,0.0,0.0,True
KRFPC_3421,0.0,0.0,True
KRFPC_3422,0.0,0.0,True
KRFPC_3423,0.0,0.0,True
KRFPC_3424,0.0325558506696506,0.0005299417064122947,True
KRFPC_3425,0.046019565807688456,0.001589825119236884,True
KRFPC_3426,0.08134819866876633,0.0029146793852676206,True
KRFPC_3427,0.17295228098271892,0.006094329623741388,False
KRFPC_3428,0.0,0.0,True
KRFPC_3429,0.24096154636367234,0.04583995760466349,False
KRFPC_3430,0.0162779253348253,0.00026497085320614734,True
KRFPC_3431,0.0,0.0,True
KRFPC_3432,0.0162779253348253,0.00026497085320614734,True
KRFPC_3433,0.10129226873509083,0.008744038155802861,False
KRFPC_3434,0.07261356872352699,0.005299417064122946,True
KRFPC_3435,0.6795315177472073,0.05087440381558029,False
KRFPC_3436,0.0,0.0,True
KRFPC_3437,0.0,0.0,True
KRFPC_3438,0.0,0.0,True
KRFPC_3439,1.9216110988954918,1.309220985691574,False
KRFPC_3440,0.9520879154092219,0.47005829358770534,False
KRFPC_3441,0.0,0.0,True
KRFPC_3442,0.22790158615408085,0.028351881293057764,False
KRFPC_3443,0.1944269861102191,0.019077901430842606,False
KRFPC_3444,0.0,0.0,True
KRFPC_3445,0.09199639229028837,0.0042395336512983575,True
KRFPC_3446,0.0,0.0,True
KRFPC_3447,0.0,0.0,True
KRFPC_3448,0.0,0.0,True
KRFPC_3449,0.09199639229028837,0.0042395336512983575,True
KRFPC_3450,0.0,0.0,True
KRFPC_3451,0.08762245004634099,0.0029146793852676206,True
KRFPC_3452,0.0,0.0,True
KRFPC_3453,0.0,0.0,True
KRFPC_3454,1.6474578316771942,1.229994700582936,False
KRFPC_3455,0.0,0.0,True
KRFPC_3456,0.0,0.0,True
KRFPC_3457,0.0,0.0,True
KRFPC_3458,0.0,0.0,True
KRFPC_3459,0.0,0.0,True
KRFPC_3460,0.0,0.0,True
KRFPC_3461,0.0,0.0,True
KRFPC_3462,0.0,0.0,True
KRFPC_3463,0.0,0.0,True
KRFPC_3464,0.0,0.0,True
KRFPC_3465,0.028186720111599613,0.000794912559618442,True
KRFPC_3466,0.0,0.0,True
KRFPC_3467,0.0,0.0,True
KRFPC_3468,0.0,0.0,True
KRFPC_3469,0.0,0.0,True
KRFPC_3470,0.0,0.0,True
KRFPC_3471,0.0,0.0,True
KRFPC_3472,0.05630612862877747,0.003179650238473768,True
KRFPC_3473,0.179731296734954,0.017223105458399578,False
KRFPC_3474,0.0,0.0,True
KRFPC_3475,0.0162779253348253,0.00026497085320614734,True
KRFPC_3476,0.0,0.0,True
KRFPC_3477,0.19627211978612255,0.020932697403285638,False
KRFPC_3478,0.0,0.0,True
KRFPC_3479,0.0,0.0,True
KRFPC_3480,0.0,0.0,True
KRFPC_3481,0.0,0.0,True
KRFPC_3482,0.0,0.0,True
KRFPC_3483,0.0,0.0,True
KRFPC_3484,0.0,0.0,True
KRFPC_3485,0.0,0.0,True
KRFPC_3486,0.0,0.0,True
KRFPC_3487,0.0,0.0,True
KRFPC_3488,0.023017411889466755,0.0005299417064122947,True
KRFPC_3489,0.21231542948276047,0.02782193958664547,False
KRFPC_3490,0.0,0.0,True
KRFPC_3491,0.0,0.0,True
KRFPC_3492,0.0162779253348253,0.00026497085320614734,True
KRFPC_3493,0.028186720111599613,0.000794912559618442,True
KRFPC_3494,0.10855706625815112,0.01192368839427663,False
KRFPC_3495,0.1120721473945726,0.012718600953895072,False
KRFPC_3496,0.0,0.0,True
KRFPC_3497,0.0,0.0,True
KRFPC_3498,0.0,0.0,True
KRFPC_3499,0.0,0.0,True
KRFPC_3500,0.028186720111599613,0.000794912559618442,True
KRFPC_3501,0.0,0.0,True
KRFPC_3502,0.0,0.0,True
KRFPC_3503,0.0,0.0,True
KRFPC_3504,0.0,0.0,True
KRFPC_3505,0.0,0.0,True
KRFPC_3506,0.0,0.0,True
KRFPC_3507,0.0,0.0,True
KRFPC_3508,0.023017411889466755,0.0005299417064122947,True
KRFPC_3509,0.18982068531777463,0.016693163751987282,False
KRFPC_3510,0.0,0.0,True
KRFPC_3511,0.0,0.0,True
KRFPC_3512,0.0,0.0,True
KRFPC_3513,0.0,0.0,True
KRFPC_3514,0.0,0.0,True
KRFPC_3515,0.0162779253348253,0.00026497085320614734,True
KRFPC_3516,0.0,0.0,True
KRFPC_3517,0.0,0.0,True
KRFPC_3518,0.0,0.0,True
KRFPC_3519,0.13018807440023666,0.016693163751987282,False
KRFPC_3520,0.04303308482623011,0.0018547959724430313,True
KRFPC_3521,0.0,0.0,True
KRFPC_3522,0.19627211978612255,0.020932697403285638,False
KRFPC_3523,0.05859748713461551,0.003444621091679915,True
KRFPC_3524,0.12933051330741738,0.015368309485956544,False
KRFPC_3525,0.0,0.0,True
KRFPC_3526,0.0,0.0,True
KRFPC_3527,0.24379699014171294,0.014043455219925808,False
KRFPC_3528,0.3254031541487418,0.08055113937466879,False
KRFPC_3529,0.0,0.0,True
KRFPC_3530,0.0,0.0,True
KRFPC_3531,0.0,0.0,True
KRFPC_3532,0.0,0.0,True
KRFPC_3533,0.09320565326920582,0.007684154742978272,True
KRFPC_3534,0.0,0.0,True
KRFPC_3535,0.12625107788381718,0.015103338632750398,False
KRFPC_3536,0.032542905139016295,0.0010598834128245894,True
KRFPC_3537,0.07957948660450648,0.005299417064122946,True
KRFPC_3538,0.0,0.0,True
KRFPC_3539,0.1330340502066484,0.018018018018018018,False
KRFPC_3540,0.0,0.0,True
KRFPC_3541,0.146917547905228,0.012188659247482777,False
KRFPC_3542,0.14953218416304356,0.012983571807101218,False
KRFPC_3543,0.0,0.0,True
KRFPC_3544,0.0,0.0,True
KRFPC_3545,0.27897312737465285,0.057233704292527825,False
KRFPC_3546,0.10119515709900229,0.00980392156862745,False
KRFPC_3547,0.21266179681099034,0.04107048224695284,False
KRFPC_3548,0.03637924824403939,0.0013248542660307366,True
KRFPC_3549,0.32172029752952364,0.10227874933757286,False
KRFPC_3550,0.0,0.0,True
KRFPC_3551,0.0,0.0,True
KRFPC_3552,0.11883737394124214,0.01377848436671966,False
KRFPC_3553,0.4412202884440455,0.047429782723900374,False
KRFPC_3554,0.0,0.0,True
KRFPC_3555,0.0,0.0,True
KRFPC_3556,0.0162779253348253,0.00026497085320614734,True
KRFPC_3557,0.0,0.0,True
KRFPC_3558,0.2612073071429809,0.03842077371489136,False
KRFPC_3559,0.6097487804620587,0.262586115527292,False
KRFPC_3560,0.2578862082338898,0.051669316375198726,False
KRFPC_3561,0.0,0.0,True
KRFPC_3562,0.0,0.0,True
KRFPC_3563,0.1969177996246982,0.021197668256491786,False
KRFPC_3564,0.0,0.0,True
KRFPC_3565,0.0,0.0,True
KRFPC_3566,0.0,0.0,True
KRFPC_3567,0.09586661749572799,0.009273979862215157,True
KRFPC_3568,0.043033084826230104,0.0018547959724430313,True
KRFPC_3569,0.0,0.0,True
KRFPC_3570,0.0162779253348253,0.00026497085320614734,True
KRFPC_3571,0.06897082531744814,0.0037095919448860626,True
KRFPC_3572,0.14367160974198478,0.017223105458399578,False
KRFPC_3573,0.6382763703316422,0.10784313725490197,False
KRFPC_3574,0.0162779253348253,0.00026497085320614734,True
KRFPC_3575,0.0,0.0,True
KRFPC_3576,0.08881456578574354,0.00794912559618442,True
KRFPC_3577,0.0,0.0,True
KRFPC_3578,0.13739786220912292,0.014308426073131956,False
KRFPC_3579,0.07617619395520889,0.005299417064122946,True
KRFPC_3580,0.036379248244039396,0.0013248542660307366,True
KRFPC_3581,0.023017411889466752,0.0005299417064122947,True
KRFPC_3582,0.1963012791493137,0.012718600953895072,False
KRFPC_3583,0.023017411889466755,0.0005299417064122947,True
KRFPC_3584,0.14012000882283884,0.01563328033916269,False
KRFPC_3585,0.1603356170701557,0.023052464228934817,False
KRFPC_3586,0.1200360015143041,0.012983571807101218,False
KRFPC_3587,0.0,0.0,True
KRFPC_3588,0.0,0.0,True
KRFPC_3589,0.05391617834663831,0.0029146793852676206,True
KRFPC_3590,0.42063826750143896,0.11897191308956015,False
KRFPC_3591,0.06501455669490272,0.0037095919448860626,True
KRFPC_3592,4.19688219823347,2.7305246422893483,False
KRFPC_3593,0.0398461826828235,0.001589825119236884,True
KRFPC_3594,0.032542905139016295,0.0010598834128245894,True
KRFPC_3595,0.3355914209530394,0.09777424483306836,False
KRFPC_3596,0.0,0.0,True
KRFPC_3597,0.17744974342160158,0.024112347641759405,False
KRFPC_3598,0.14631689462783037,0.018018018018018018,False
KRFPC_3599,0.10881552813706478,0.009273979862215157,False
KRFPC_3600,0.0,0.0,True
KRFPC_3601,0.24281503246618188,0.034711181770005296,False
KRFPC_3602,0.0,0.0,True
KRFPC_3603,0.0,0.0,True
KRFPC_3604,0.0,0.0,True
KRFPC_3605,0.6154390262988899,0.13513513513513514,False
KRFPC_3606,0.0,0.0,True
KRFPC_3607,0.09027061680983707,0.008214096449390567,True
KRFPC_3608,0.21895667821197773,0.04636989931107578,False
KRFPC_3609,0.12813607046146816,0.016693163751987282,False
KRFPC_3610,0.05141388915001135,0.002649708532061473,True
KRFPC_3611,0.03637924824403939,0.0013248542660307366,True
KRFPC_3612,0.036379248244039396,0.0013248542660307366,True
KRFPC_3613,0.0,0.0,True
KRFPC_3614,0.0,0.0,True
KRFPC_3615,0.28192051489395425,0.08320084790673025,False
KRFPC_3616,0.03984618268282351,0.001589825119236884,True
KRFPC_3617,0.05394222292383857,0.0023847376788553257,True
KRFPC_3618,0.03984618268282351,0.001589825119236884,True
KRFPC_3619,0.028186720111599613,0.000794912559618442,True
KRFPC_3620,0.0,0.0,True
KRFPC_3621,0.0,0.0,True
KRFPC_3622,0.0,0.0,True
KRFPC_3623,0.0,0.0,True
KRFPC_3624,0.07439685537382569,0.005564387917329093,True
KRFPC_3625,0.0,0.0,True
KRFPC_3626,0.0162779253348253,0.00026497085320614734,True
KRFPC_3627,0.0,0.0,True
KRFPC_3628,0.0,0.0,True
KRFPC_3629,0.0,0.0,True
KRFPC_3630,0.0,0.0,True
KRFPC_3631,0.032542905139016295,0.0010598834128245894,True
KRFPC_3632,0.0,0.0,True
KRFPC_3633,0.0,0.0,True
KRFPC_3634,0.046019565807688456,0.001589825119236884,True
KRFPC_3635,0.07957948660450648,0.005299417064122946,True
KRFPC_3636,0.0,0.0,True
KRFPC_3637,0.0,0.0,True
KRFPC_3638,0.0,0.0,True
KRFPC_3639,14.606987325620073,11.406730259671436,False
KRFPC_3640,0.17772083234601474,0.01483836777954425,False
KRFPC_3641,0.0,0.0,True
KRFPC_3642,2.1373946649624855,1.2549019607843137,False
KRFPC_3643,0.0,0.0,True
KRFPC_3644,0.2398366939284581,0.048754636989931106,False
KRFPC_3645,1.3599986321199695,0.7970323264440912,False
KRFPC_3646,0.6239926588882518,0.13513513513513514,False
KRFPC_3647,0.9528714277298305,0.1836248012718601,False
KRFPC_3648,0.14980808529065717,0.009273979862215157,False
KRFPC_3649,0.0,0.0,True
KRFPC_3650,0.023017411889466752,0.0005299417064122947,True
KRFPC_3651,0.023017411889466752,0.0005299417064122947,True
KRFPC_3652,0.0,0.0,True
KRFPC_3653,0.2962107655585367,0.04292527821939587,False
KRFPC_3654,0.23787632757675092,0.03047164811870694,False
KRFPC_3655,0.0,0.0,True
KRFPC_3656,3.6885807759953297,2.449920508744038,False
KRFPC_3657,0.38859101576540567,0.04954954954954955,False
KRFPC_3658,19.171759541797744,13.143614202437732,False
KRFPC_3659,23.230792559144973,15.612347641759406,False
KRFPC_3660,0.332230506993066,0.034711181770005296,False
KRFPC_3661,0.2793680766018074,0.020137784843667197,False
KRFPC_3662,0.09762871541704891,0.003179650238473768,True
KRFPC_3663,0.0,0.0,True
KRFPC_3664,0.364748341640134,0.06518282988871224,False
KRFPC_3665,0.0,0.0,True
KRFPC_3666,0.0,0.0,True
KRFPC_3667,0.6300097001176683,0.32776894541600426,False
KRFPC_3668,0.22999098072572097,0.010598834128245893,False
KRFPC_3669,0.08610532772219538,0.002649708532061473,True
KRFPC_3670,2.1896060403418747,1.5092739798622152,False
KRFPC_3671,0.0,0.0,True
KRFPC_3672,0.0,0.0,True
KRFPC_3673,0.0162779253348253,0.00026497085320614734,True
KRFPC_3674,0.1969177996246982,0.021197668256491786,False
KRFPC_3675,0.15654586720901323,0.01192368839427663,False
KRFPC_3676,0.04303308482623011,0.0018547959724430313,True
KRFPC_3677,0.0,0.0,True
KRFPC_3678,0.0,0.0,True
KRFPC_3679,0.184638234904791,0.019077901430842606,False
KRFPC_3680,0.5413765730144608,0.17620561738208798,False
KRFPC_3681,1.0847140561306323,0.6677265500794912,False
KRFPC_3682,0.0,0.0,True
KRFPC_3683,0.0,0.0,True
KRFPC_3684,0.02301741188946676,0.0005299417064122947,True
KRFPC_3685,0.0,0.0,True
KRFPC_3686,0.0,0.0,True
KRFPC_3687,0.0,0.0,True
KRFPC_3688,0.0,0.0,True
KRFPC_3689,0.0,0.0,True
KRFPC_3690,0.0,0.0,True
KRFPC_3691,20.607511932737136,14.873078961314256,False
KRFPC_3692,0.6676541158347412,0.13036565977742448,False
KRFPC_3693,0.0,0.0,True
KRFPC_3694,0.0,0.0,True
KRFPC_3695,0.0,0.0,True
KRFPC_3696,0.3047085787065306,0.03524112347641759,False
KRFPC_3697,0.34335375921377903,0.024112347641759405,False
KRFPC_3698,0.28658517463947636,0.017223105458399578,False
KRFPC_3699,0.18399278458057675,0.008479067302596715,False
KRFPC_3700,2.4297876100676574,1.5333863275039745,False
KRFPC_3701,0.04878197670482277,0.0023847376788553257,True
KRFPC_3702,0.5542868842856494,0.15765765765765766,False
KRFPC_3703,0.9471884112263856,0.4742978272390037,False
KRFPC_3704,0.0,0.0,True
KRFPC_3705,26.33423735738209,18.318759936406995,False
KRFPC_3706,0.6696171645549559,0.11764705882352941,False
KRFPC_3707,0.39812646170919463,0.0397456279809221,False
KRFPC_3708,3.5259784870114603,2.112877583465819,False
KRFPC_3709,0.9976100537562115,0.33518812930577635,False
KRFPC_3710,0.0,0.0,True
KRFPC_3711,29.29357880659229,19.70349761526232,False
KRFPC_3712,0.4048834122262897,0.047429782723900374,False
KRFPC_3713,0.0,0.0,True
KRFPC_3714,0.0,0.0,True
KRFPC_3715,0.5748403935881173,0.054583995760466346,False
KRFPC_3716,0.35843749134280617,0.008214096449390567,False
KRFPC_3717,5.234060004210598,3.0784313725490198,False
KRFPC_3718,35.56969832659501,23.36883942766296,False
KRFPC_3719,0.0,0.0,True
KRFPC_3720,7.052134076910158,4.135135135135135,False
KRFPC_3721,38.5551032907616,24.576576576576578,False
KRFPC_3722,0.0,0.0,True
KRFPC_3723,0.0,0.0,True
KRFPC_3724,7.5794657170372846,4.272655007949125,False
KRFPC_3725,0.5490404940535171,0.0643879173290938,False
KRFPC_3726,3.3993395523607353,1.2342342342342343,False
KRFPC_3727,1.516563544411738,0.28298887122416533,False
KRFPC_3728,1.06739520885638,0.21674615792262852,False
KRFPC_3729,2.50596007703376,0.9480657127715951,False
KRFPC_3730,1.20811008129788,0.23317435082140964,False
KRFPC_3731,0.11149698856018049,0.005034446210916799,False
KRFPC_3732,0.8795757168775572,0.212241653418124,False
KRFPC_3733,0.0,0.0,True
KRFPC_3734,0.6641109229594845,0.11844197138314785,False
KRFPC_3735,0.2850404947530158,0.0196078431372549,False
KRFPC_3736,1.9248477817609755,0.7416534181240063,False
KRFPC_3737,0.8252410421576434,0.16719660837307895,False
KRFPC_3738,0.6031212064631468,0.10492845786963434,False
KRFPC_3739,0.936532767388597,0.25516693163751986,False
KRFPC_3740,0.5030212523157254,0.07154213036565978,False
KRFPC_3741,0.8293853967001638,0.16083730789613143,False
KRFPC_3742,0.282118858248231,0.02676205617382088,False
KRFPC_3743,1.6110627833209366,0.6772655007949125,False
KRFPC_3744,0.0,0.0,True
KRFPC_3745,0.5848664836126597,0.12003179650238474,False
KRFPC_3746,0.16226070914765398,0.013248542660307366,False
KRFPC_3747,0.0,0.0,True
KRFPC_3748,0.06890562778396601,0.0047694753577106515,True
KRFPC_3749,0.9879099996673574,0.3314785373608903,False
KRFPC_3750,0.5053049489838243,0.08240593534711181,False
KRFPC_3751,0.5183400157403135,0.07684154742978272,False
KRFPC_3752,0.1226714300648774,0.007684154742978272,False
KRFPC_3753,0.0,0.0,True
KRFPC_3754,0.0,0.0,True
KRFPC_3755,0.2727373619865157,0.03762586115527292,False
KRFPC_3756,0.1853776866449225,0.02490726020137785,False
KRFPC_3757,0.060801401459995116,0.0037095919448860626,True
KRFPC_3758,0.06697314719039353,0.0045045045045045045,True
KRFPC_3759,0.060801401459995116,0.0037095919448860626,True
KRFPC_3760,0.0,0.0,True
KRFPC_3761,0.0,0.0,True
KRFPC_3762,0.19213499015761093,0.01377848436671966,False
KRFPC_3763,0.12160280291999023,0.007419183889772125,False
KRFPC_3764,0.0,0.0,True
KRFPC_3765,0.11091346543861273,0.012453630100688924,False
KRFPC_3766,0.12685041385659457,0.008744038155802861,False
KRFPC_3767,0.14966175211355395,0.011393746687864335,False
KRFPC_3768,0.0,0.0,True
KRFPC_3769,0.04603482377893352,0.0010598834128245894,True
KRFPC_3770,0.0,0.0,True
KRFPC_3771,0.02818672011159961,0.000794912559618442,True
KRFPC_3772,1.3204556913425423,0.31664016958134605,False
KRFPC_3773,0.0,0.0,True
KRFPC_3774,0.6603427547112276,0.13301536830948596,False
KRFPC_3775,0.0162779253348253,0.00026497085320614734,True
KRFPC_3776,0.8738832778808956,0.160042395336513,False
KRFPC_3777,0.06901968305107284,0.002649708532061473,True
KRFPC_3778,0.10792609907027981,0.0037095919448860626,False
KRFPC_3779,0.0,0.0,True
KRFPC_3780,0.689035282135627,0.14255431902490726,False
KRFPC_3781,0.6980393944918852,0.14520402755696873,False
KRFPC_3782,0.1831129855120564,0.011393746687864335,False
KRFPC_3783,0.0,0.0,True
KRFPC_3784,0.18522078119943866,0.012188659247482777,False
KRFPC_3785,0.2451229254081281,0.018547959724430314,False
KRFPC_3786,0.32401734342590405,0.06279809220985691,False
KRFPC_3787,1.5369927435349935,0.694223635400106,False
KRFPC_3788,1.1053275221547343,0.35824059353471116,False
KRFPC_3789,0.44612752645191167,0.10042395336512984,False
KRFPC_3790,0.0,0.0,True
KRFPC_3791,0.0,0.0,True
KRFPC_3792,0.0,0.0,True
KRFPC_3793,0.036394688532598786,0.000794912559618442,True
KRFPC_3794,0.380396932130551,0.043190249072602015,False
KRFPC_3795,0.0,0.0,True
KRFPC_3796,0.0,0.0,True
KRFPC_3797,0.0,0.0,True
KRFPC_3798,0.0,0.0,True
KRFPC_3799,0.04878197670482278,0.0023847376788553257,True
KRFPC_3800,0.0162779253348253,0.00026497085320614734,True
KRFPC_3801,0.0,0.0,True
KRFPC_3802,0.03986380360204276,0.0010598834128245894,True
KRFPC_3803,0.0,0.0,True
KRFPC_3804,0.0,0.0,True
KRFPC_3805,0.46229832958001327,0.11234764175940647,False
KRFPC_3806,0.0,0.0,True
KRFPC_3807,0.0,0.0,True
KRFPC_3808,0.4054869250819853,0.09300476947535771,False
KRFPC_3809,0.0,0.0,True
KRFPC_3810,0.0,0.0,True
KRFPC_3811,0.0,0.0,True
KRFPC_3812,0.16226070914765398,0.013248542660307366,False
KRFPC_3813,0.26882213445403413,0.03762586115527292,False
KRFPC_3814,0.5376442689080683,0.07525172231054585,False
KRFPC_3815,0.23728439357601203,0.03073661897191309,False
KRFPC_3816,0.0162779253348253,0.00026497085320614734,True
KRFPC_3817,0.036379248244039396,0.0013248542660307366,True
KRFPC_3818,0.0,0.0,True
KRFPC_3819,0.10520703432813565,0.00794912559618442,False
KRFPC_3820,0.4486484460868938,0.13672496025437203,False
KRFPC_3821,0.0,0.0,True
KRFPC_3822,0.0,0.0,True
KRFPC_3823,0.0,0.0,True
KRFPC_3824,0.0,0.0,True
KRFPC_3825,0.0,0.0,True
KRFPC_3826,0.0,0.0,True
KRFPC_3827,0.0,0.0,True
KRFPC_3828,0.0,0.0,True
KRFPC_3829,0.0,0.0,True
KRFPC_3830,0.0,0.0,True
KRFPC_3831,0.0,0.0,True
KRFPC_3832,0.0,0.0,True
KRFPC_3833,0.0,0.0,True
KRFPC_3834,0.0,0.0,True
KRFPC_3835,0.0,0.0,True
KRFPC_3836,0.0,0.0,True
KRFPC_3837,0.0,0.0,True
KRFPC_3838,0.0,0.0,True
KRFPC_3839,0.0,0.0,True
KRFPC_3840,0.0,0.0,True
KRFPC_3841,0.0,0.0,True
KRFPC_3842,0.0162779253348253,0.00026497085320614734,True
KRFPC_3843,0.0363792482440394,0.0013248542660307366,True
KRFPC_3844,0.023017411889466755,0.0005299417064122947,True
KRFPC_3845,0.0,0.0,True
KRFPC_3846,0.0,0.0,True
KRFPC_3847,0.0,0.0,True
KRFPC_3848,0.11719497426923099,0.00688924218335983,False
KRFPC_3849,0.0,0.0,True
KRFPC_3850,0.0,0.0,True
KRFPC_3851,0.0,0.0,True
KRFPC_3852,0.0,0.0,True
KRFPC_3853,0.0,0.0,True
KRFPC_3854,0.03639468853259879,0.000794912559618442,True
KRFPC_3855,0.0,0.0,True
KRFPC_3856,0.039863803602042766,0.0010598834128245894,True
KRFPC_3857,0.0,0.0,True
KRFPC_3858,0.0,0.0,True
KRFPC_3859,0.0,0.0,True
KRFPC_3860,0.0,0.0,True
KRFPC_3861,0.0,0.0,True
KRFPC_3862,0.0,0.0,True
KRFPC_3863,0.0430526638610977,0.0013248542660307366,True
KRFPC_3864,0.0,0.0,True
KRFPC_3865,0.11102737929776427,0.011393746687864335,False
KRFPC_3866,0.032542905139016295,0.0010598834128245894,True
KRFPC_3867,0.07443460446882962,0.005034446210916799,True
KRFPC_3868,0.43606874464917994,0.1266560678325384,False
KRFPC_3869,0.0,0.0,True
KRFPC_3870,0.0,0.0,True
KRFPC_3871,0.02818672011159961,0.000794912559618442,True
KRFPC_3872,0.05865019673198308,0.0023847376788553257,True
KRFPC_3873,0.0,0.0,True
KRFPC_3874,0.023017411889466755,0.0005299417064122947,True
KRFPC_3875,0.0162779253348253,0.00026497085320614734,True
KRFPC_3876,0.0,0.0,True
KRFPC_3877,0.0,0.0,True
KRFPC_3878,0.0,0.0,True
KRFPC_3879,0.023017411889466752,0.0005299417064122947,True
KRFPC_3880,0.0,0.0,True
KRFPC_3881,1.0079241553539218,0.4300476947535771,False
KRFPC_3882,0.0,0.0,True
KRFPC_3883,0.17290171972806012,0.029146793852676205,False
KRFPC_3884,0.0,0.0,True
KRFPC_3885,0.0,0.0,True
KRFPC_3886,0.028186720111599613,0.000794912559618442,True
KRFPC_3887,0.0,0.0,True
KRFPC_3888,0.2673682991309275,0.04080551139374669,False
KRFPC_3889,0.0,0.0,True
KRFPC_3890,0.0,0.0,True
KRFPC_3891,0.17476897267392727,0.02702702702702703,False
KRFPC_3892,0.06697314719039356,0.0045045045045045045,True
KRFPC_3893,0.07950178948815584,0.006359300476947536,True
KRFPC_3894,0.0,0.0,True
KRFPC_3895,0.0,0.0,True
KRFPC_3896,0.02301741188946676,0.0005299417064122947,True
KRFPC_3897,0.0,0.0,True
KRFPC_3898,0.0,0.0,True
KRFPC_3899,0.0,0.0,True
KRFPC_3900,0.13011900824516995,0.017223105458399578,False
KRFPC_3901,0.0,0.0,True
KRFPC_3902,0.0325558506696506,0.0005299417064122947,True
KRFPC_3903,0.0,0.0,True
KRFPC_3904,0.0,0.0,True
KRFPC_3905,0.0,0.0,True
KRFPC_3906,0.14966175211355395,0.011393746687864335,False
KRFPC_3907,0.0,0.0,True
KRFPC_3908,0.0,0.0,True
KRFPC_3909,0.02301741188946676,0.0005299417064122947,True
KRFPC_3910,0.0,0.0,True
KRFPC_3911,0.0,0.0,True
KRFPC_3912,0.0,0.0,True
KRFPC_3913,0.1036756036715003,0.01086380498145204,False
KRFPC_3914,0.14562626343474788,0.016163222045574986,False
KRFPC_3915,0.0917027860341428,0.008479067302596715,True
KRFPC_3916,0.0,0.0,True
KRFPC_3917,0.0,0.0,True
KRFPC_3918,0.04303308482623011,0.0018547959724430313,True
KRFPC_3919,0.0,0.0,True
KRFPC_3920,0.07271215103203293,0.0037095919448860626,True
KRFPC_3921,0.02818672011159961,0.000794912559618442,True
KRFPC_3922,0.0,0.0,True
KRFPC_3923,0.0,0.0,True
KRFPC_3924,0.03637924824403939,0.0013248542660307366,True
KRFPC_3925,0.6586871860138689,0.17832538420773714,False
KRFPC_3926,0.0,0.0,True
KRFPC_3927,0.6256893534313742,0.13513513513513514,False
KRFPC_3928,0.0,0.0,True
KRFPC_3929,0.0,0.0,True
KRFPC_3930,0.0,0.0,True
KRFPC_3931,0.03984618268282351,0.001589825119236884,True
KRFPC_3932,0.08911295969598053,0.003179650238473768,True
KRFPC_3933,0.03639468853259879,0.000794912559618442,True
KRFPC_3934,0.0,0.0,True
KRFPC_3935,0.016277925334825298,0.00026497085320614734,True
KRFPC_3936,0.23215324189995606,0.020932697403285638,False
KRFPC_3937,0.08906881626974396,0.0042395336512983575,True
KRFPC_3938,0.0,0.0,True
KRFPC_3939,0.03986380360204276,0.0010598834128245894,True
KRFPC_3940,0.0,0.0,True
KRFPC_3941,0.6537275517167052,0.14520402755696873,False
KRFPC_3942,0.4551398562913842,0.14414414414414414,False
KRFPC_3943,0.0,0.0,True
KRFPC_3944,0.19082416918387432,0.012718600953895072,False
KRFPC_3945,0.14700165371627805,0.011128775834658187,False
KRFPC_3946,0.0,0.0,True
KRFPC_3947,0.22799693902219947,0.022257551669316374,False
KRFPC_3948,0.15294242490611704,0.014043455219925808,False
KRFPC_3949,0.15294242490611704,0.014043455219925808,False
KRFPC_3950,0.0,0.0,True
KRFPC_3951,0.18640452513698524,0.036036036036036036,False
KRFPC_3952,0.0,0.0,True
KRFPC_3953,0.0,0.0,True
KRFPC_3954,0.3926191042123372,0.0940646528881823,False
KRFPC_3955,1.1864681377096813,0.762586115527292,False
KRFPC_3956,0.4255497438066777,0.14626391096979333,False
KRFPC_3957,0.0,0.0,True
KRFPC_3958,0.2470208151312732,0.06041335453100159,False
KRFPC_3959,0.0,0.0,True
KRFPC_3960,0.023017411889466755,0.0005299417064122947,True
KRFPC_3961,0.0,0.0,True
KRFPC_3962,0.0,0.0,True
KRFPC_3963,0.0,0.0,True
KRFPC_3964,0.0,0.0,True
KRFPC_3965,0.06498214287438389,0.0042395336512983575,True
KRFPC_3966,0.0,0.0,True
KRFPC_3967,0.028186720111599613,0.000794912559618442,True
KRFPC_3968,0.0,0.0,True
KRFPC_3969,0.0,0.0,True
KRFPC_3970,0.2660031612633571,0.07101218865924748,False
KRFPC_3971,0.0,0.0,True
KRFPC_3972,0.0,0.0,True
KRFPC_3973,0.0,0.0,True
KRFPC_3974,0.0,0.0,True
KRFPC_3975,0.0,0.0,True
KRFPC_3976,0.0,0.0,True
KRFPC_3977,0.0,0.0,True
KRFPC_3978,0.0,0.0,True
KRFPC_3979,0.0,0.0,True
KRFPC_3980,0.0,0.0,True
KRFPC_3981,0.0,0.0,True
KRFPC_3982,0.04878197670482277,0.0023847376788553257,True
KRFPC_3983,0.0,0.0,True
KRFPC_3984,0.0,0.0,True
KRFPC_3985,0.0,0.0,True
KRFPC_3986,0.0,0.0,True
KRFPC_3987,0.0,0.0,True
KRFPC_3988,0.07078437807663418,0.005034446210916799,True
KRFPC_3989,0.036379248244039396,0.0013248542660307366,True
KRFPC_3990,0.0931121754514209,0.008744038155802861,True
KRFPC_3991,0.0,0.0,True
KRFPC_3992,0.0,0.0,True
KRFPC_3993,0.0,0.0,True
KRFPC_3994,0.0,0.0,True
KRFPC_3995,0.13011900824516995,0.017223105458399578,False
KRFPC_3996,0.032542905139016295,0.0010598834128245894,True
KRFPC_3997,0.1765154583260491,0.025437201907790145,False
KRFPC_3998,0.07446856229347096,0.0045045045045045045,True
KRFPC_3999,0.6592616086194145,0.321939586645469,False
KRFPC_4000,0.0,0.0,True
KRFPC_4001,0.0,0.0,True
KRFPC_4002,0.032542905139016295,0.0010598834128245894,True
KRFPC_4003,0.0,0.0,True
KRFPC_4004,0.39701537658113123,0.059353471118177,False
KRFPC_4005,0.18150954801041544,0.021197668256491786,False
KRFPC_4006,0.0,0.0,True
KRFPC_4007,0.0,0.0,True
KRFPC_4008,0.0,0.0,True
KRFPC_4009,0.0,0.0,True
KRFPC_4010,0.0,0.0,True
KRFPC_4011,0.0,0.0,True
KRFPC_4012,0.0,0.0,True
KRFPC_4013,0.0,0.0,True
KRFPC_4014,0.3357918387552717,0.020402755696873345,False
KRFPC_4015,0.0,0.0,True
KRFPC_4016,0.0,0.0,True
KRFPC_4017,0.0162779253348253,0.00026497085320614734,True
KRFPC_4018,0.3940877500061561,0.10678325384207737,False
KRFPC_4019,0.02301741188946676,0.0005299417064122947,True
KRFPC_4020,0.16898011378383818,0.029411764705882353,False
KRFPC_4021,0.08272601693788842,0.00688924218335983,True
KRFPC_4022,0.19381649280430222,0.037360890302066775,False
KRFPC_4023,0.0162779253348253,0.00026497085320614734,True
KRFPC_4024,0.0,0.0,True
KRFPC_4025,0.0,0.0,True
KRFPC_4026,0.06292706003131429,0.00397456279809221,True
KRFPC_4027,0.1198533240539789,0.014573396926338102,False
KRFPC_4028,0.0,0.0,True
KRFPC_4029,0.0,0.0,True
KRFPC_4030,0.0,0.0,True
KRFPC_4031,0.6982197105649829,0.20694223635400105,False
KRFPC_4032,0.0,0.0,True
KRFPC_4033,0.0,0.0,True
KRFPC_4034,0.0,0.0,True
KRFPC_4035,0.0,0.0,True
KRFPC_4036,0.0,0.0,True
KRFPC_4037,0.0,0.0,True
KRFPC_4038,0.05391617834663831,0.0029146793852676206,True
KRFPC_4039,0.0,0.0,True
KRFPC_4040,0.0,0.0,True
KRFPC_4041,0.0,0.0,True
KRFPC_4042,0.0,0.0,True
KRFPC_4043,0.0162779253348253,0.00026497085320614734,True
KRFPC_4044,0.0162779253348253,0.00026497085320614734,True
KRFPC_4045,0.15109732883933977,0.015103338632750398,False
KRFPC_4046,0.0,0.0,True
KRFPC_4047,0.0,0.0,True
KRFPC_4048,0.0,0.0,True
KRFPC_4049,0.023017411889466755,0.0005299417064122947,True
KRFPC_4050,0.023017411889466755,0.0005299417064122947,True
KRFPC_4051,0.0488337760044759,0.000794912559618442,True
KRFPC_4052,0.190490446259496,0.028616852146263912,False
KRFPC_4053,0.0,0.0,True
KRFPC_4054,0.0162779253348253,0.00026497085320614734,True
KRFPC_4055,0.0,0.0,True
KRFPC_4056,0.0,0.0,True
KRFPC_4057,0.0,0.0,True
KRFPC_4058,0.0,0.0,True
KRFPC_4059,0.0,0.0,True
KRFPC_4060,0.0,0.0,True
KRFPC_4061,0.0325558506696506,0.0005299417064122947,True
KRFPC_4062,0.0,0.0,True
KRFPC_4063,0.05635599678896296,0.0021197668256491787,True
KRFPC_4064,0.07787794458156405,0.005564387917329093,True
KRFPC_4065,0.0,0.0,True
KRFPC_4066,0.34145933746128126,0.09220985691573927,False
KRFPC_4067,0.0,0.0,True
KRFPC_4068,0.0,0.0,True
KRFPC_4069,0.0,0.0,True
KRFPC_4070,0.0162779253348253,0.00026497085320614734,True
KRFPC_4071,0.0,0.0,True
KRFPC_4072,0.16727818018684754,0.010598834128245893,False
KRFPC_4073,0.12373026054285714,0.00794912559618442,False
KRFPC_4074,0.0325558506696506,0.0005299417064122947,True
KRFPC_4075,0.0325558506696506,0.0005299417064122947,True
KRFPC_4076,0.07273725848628973,0.003179650238473768,True
KRFPC_4077,0.0,0.0,True
KRFPC_4078,0.0,0.0,True
KRFPC_4079,0.918494312238783,0.5574986751457339,False
KRFPC_4080,0.3376458876653564,0.10015898251192369,False
KRFPC_4081,0.0162779253348253,0.00026497085320614734,True
KRFPC_4082,0.02818672011159961,0.000794912559618442,True
KRFPC_4083,0.0,0.0,True
KRFPC_4084,0.0,0.0,True
KRFPC_4085,0.04599819614514418,0.0021197668256491787,True
KRFPC_4086,0.0,0.0,True
KRFPC_4087,0.0162779253348253,0.00026497085320614734,True
KRFPC_4088,0.0,0.0,True
KRFPC_4089,0.0,0.0,True
KRFPC_4090,0.0,0.0,True
KRFPC_4091,0.0,0.0,True
KRFPC_4092,0.0,0.0,True
KRFPC_4093,0.0,0.0,True
KRFPC_4094,0.0,0.0,True
KRFPC_4095,0.0,0.0,True
KRFPC_4096,0.0,0.0,True
KRFPC_4097,0.0,0.0,True
KRFPC_4098,0.0,0.0,True
KRFPC_4099,0.0,0.0,True
KRFPC_4100,0.0,0.0,True
KRFPC_4101,0.0,0.0,True
KRFPC_4102,0.0,0.0,True
KRFPC_4103,0.0,0.0,True
KRFPC_4104,0.016277925334825298,0.00026497085320614734,True
KRFPC_4105,0.0,0.0,True
KRFPC_4106,0.0,0.0,True
KRFPC_4107,0.0,0.0,True
KRFPC_4108,0.0,0.0,True
KRFPC_4109,0.0,0.0,True
KRFPC_4110,0.0,0.0,True
KRFPC_4111,0.0,0.0,True
KRFPC_4112,0.0430526638610977,0.0013248542660307366,True
KRFPC_4113,0.0162779253348253,0.00026497085320614734,True
KRFPC_4114,0.0,0.0,True
KRFPC_4115,0.09618256329282182,0.005034446210916799,True
KRFPC_4116,0.27039908016011605,0.05670376258611553,False
KRFPC_4117,0.0,0.0,True
KRFPC_4118,0.0,0.0,True
KRFPC_4119,0.0,0.0,True
KRFPC_4120,0.03254290513901629,0.0010598834128245894,True
KRFPC_4121,0.0162779253348253,0.00026497085320614734,True
KRFPC_4122,0.0,0.0,True
KRFPC_4123,0.0,0.0,True
KRFPC_4124,0.0,0.0,True
KRFPC_4125,0.0,0.0,True
KRFPC_4126,0.0162779253348253,0.00026497085320614734,True
KRFPC_4127,0.0162779253348253,0.00026497085320614734,True
KRFPC_4128,0.0,0.0,True
KRFPC_4129,0.0,0.0,True
KRFPC_4130,0.0,0.0,True
KRFPC_4131,0.0,0.0,True
KRFPC_4132,0.0,0.0,True
KRFPC_4133,0.0,0.0,True
KRFPC_4134,0.0,0.0,True
KRFPC_4135,0.0,0.0,True
KRFPC_4136,0.0,0.0,True
KRFPC_4137,0.0,0.0,True
KRFPC_4138,0.0162779253348253,0.00026497085320614734,True
KRFPC_4139,0.0,0.0,True
KRFPC_4140,0.0,0.0,True
KRFPC_4141,0.0162779253348253,0.00026497085320614734,True
KRFPC_4142,0.032542905139016295,0.0010598834128245894,True
KRFPC_4143,0.0,0.0,True
KRFPC_4144,0.0,0.0,True
KRFPC_4145,0.0,0.0,True
KRFPC_4146,0.0,0.0,True
KRFPC_4147,0.0,0.0,True
KRFPC_4148,0.0,0.0,True
KRFPC_4149,0.07078437807663418,0.005034446210916799,True
KRFPC_4150,0.0,0.0,True
KRFPC_4151,0.0,0.0,True
KRFPC_4152,0.0,0.0,True
KRFPC_4153,0.0,0.0,True
KRFPC_4154,0.0162779253348253,0.00026497085320614734,True
KRFPC_4155,0.023017411889466755,0.0005299417064122947,True
KRFPC_4156,0.0,0.0,True
KRFPC_4157,0.0,0.0,True
KRFPC_4158,0.032542905139016295,0.0010598834128245894,True
KRFPC_4159,0.0,0.0,True
KRFPC_4160,0.0,0.0,True
KRFPC_4161,0.0,0.0,True
KRFPC_4162,0.023017411889466755,0.0005299417064122947,True
KRFPC_4163,0.0,0.0,True
KRFPC_4164,0.0,0.0,True
KRFPC_4165,0.0,0.0,True
KRFPC_4166,0.03254290513901629,0.0010598834128245894,True
KRFPC_4167,0.0,0.0,True
KRFPC_4168,0.11149698856018049,0.005034446210916799,False
KRFPC_4169,0.0,0.0,True
KRFPC_4170,0.0,0.0,True
KRFPC_4171,0.0,0.0,True
KRFPC_4172,0.023017411889466755,0.0005299417064122947,True
KRFPC_4173,0.0,0.0,True
KRFPC_4174,0.032542905139016295,0.0010598834128245894,True
KRFPC_4175,0.0,0.0,True
KRFPC_4176,0.0,0.0,True
KRFPC_4177,0.032542905139016295,0.0010598834128245894,True
KRFPC_4178,0.0,0.0,True
KRFPC_4179,0.0,0.0,True
KRFPC_4180,0.0,0.0,True
KRFPC_4181,0.0,0.0,True
KRFPC_4182,0.0,0.0,True
KRFPC_4183,0.0,0.0,True
KRFPC_4184,0.0,0.0,True
KRFPC_4185,0.0,0.0,True
KRFPC_4186,0.0,0.0,True
KRFPC_4187,0.0670066940455941,0.00397456279809221,True
KRFPC_4188,0.0,0.0,True
KRFPC_4189,0.0,0.0,True
KRFPC_4190,0.09449980429527706,0.009009009009009009,True
KRFPC_4191,0.0162779253348253,0.00026497085320614734,True
KRFPC_4192,0.0398461826828235,0.001589825119236884,True
KRFPC_4193,0.0,0.0,True
KRFPC_4194,0.0,0.0,True
KRFPC_4195,0.0,0.0,True
KRFPC_4196,0.0,0.0,True
KRFPC_4197,0.0,0.0,True
KRFPC_4198,0.0,0.0,True
KRFPC_4199,0.0,0.0,True
KRFPC_4200,0.0,0.0,True
KRFPC_4201,0.0,0.0,True
KRFPC_4202,0.0,0.0,True
KRFPC_4203,0.0,0.0,True
KRFPC_4204,0.028186720111599613,0.000794912559618442,True
KRFPC_4205,0.0,0.0,True
KRFPC_4206,0.0,0.0,True
KRFPC_4207,0.0,0.0,True
KRFPC_4208,0.04603482377893351,0.0010598834128245894,True
KRFPC_4209,0.0,0.0,True
KRFPC_4210,0.0,0.0,True
KRFPC_4211,0.0,0.0,True
KRFPC_4212,0.0,0.0,True
KRFPC_4213,0.0,0.0,True
KRFPC_4214,0.0,0.0,True
KRFPC_4215,0.0,0.0,True
KRFPC_4216,0.0,0.0,True
KRFPC_4217,0.0,0.0,True
KRFPC_4218,0.0,0.0,True
KRFPC_4219,0.0,0.0,True
KRFPC_4220,0.0,0.0,True
KRFPC_4221,0.0,0.0,True
KRFPC_4222,0.0,0.0,True
KRFPC_4223,0.0,0.0,True
KRFPC_4224,0.0,0.0,True
KRFPC_4225,0.0,0.0,True
KRFPC_4226,0.0,0.0,True
KRFPC_4227,0.0,0.0,True
KRFPC_4228,0.0,0.0,True
KRFPC_4229,0.0,0.0,True
KRFPC_4230,0.0812445362341466,0.005034446210916799,True
KRFPC_4231,0.0,0.0,True
KRFPC_4232,0.0,0.0,True
KRFPC_4233,0.0,0.0,True
KRFPC_4234,0.0,0.0,True
KRFPC_4235,0.0,0.0,True
KRFPC_4236,0.4687943535694667,0.12798092209856915,False
KRFPC_4237,0.09206964755786702,0.0021197668256491787,True
KRFPC_4238,0.0,0.0,True
KRFPC_4239,0.0,0.0,True
KRFPC_4240,0.0430526638610977,0.0013248542660307366,True
KRFPC_4241,0.0325558506696506,0.0005299417064122947,True
KRFPC_4242,0.03984618268282351,0.001589825119236884,True
KRFPC_4243,0.1405651193282247,0.0196078431372549,False
KRFPC_4244,0.0162779253348253,0.00026497085320614734,True
KRFPC_4245,0.08598289954233501,0.005299417064122946,True
KRFPC_4246,0.08598289954233501,0.005299417064122946,True
KRFPC_4247,0.016277925334825298,0.00026497085320614734,True
KRFPC_4248,0.0,0.0,True
KRFPC_4249,0.06298506658706456,0.0029146793852676206,True
KRFPC_4250,0.0325558506696506,0.0005299417064122947,True
KRFPC_4251,0.0325558506696506,0.0005299417064122947,True
KRFPC_4252,0.0325558506696506,0.0005299417064122947,True
KRFPC_4253,0.124068366518749,0.01563328033916269,False
KRFPC_4254,0.0,0.0,True
KRFPC_4255,0.0861053277221954,0.002649708532061473,True
KRFPC_4256,0.0,0.0,True
KRFPC_4257,0.0162779253348253,0.00026497085320614734,True
KRFPC_4258,0.03637924824403939,0.0013248542660307366,True
KRFPC_4259,0.16071601312269618,0.025967143614202437,False
KRFPC_4260,0.0,0.0,True
KRFPC_4261,0.0162779253348253,0.00026497085320614734,True
KRFPC_4262,0.0,0.0,True
KRFPC_4263,0.05391617834663831,0.0029146793852676206,True
KRFPC_4264,0.016277925334825298,0.00026497085320614734,True
KRFPC_4265,0.0162779253348253,0.00026497085320614734,True
KRFPC_4266,0.03254290513901629,0.0010598834128245894,True
KRFPC_4267,0.15440185427461034,0.023317435082140965,False
KRFPC_4268,0.023017411889466755,0.0005299417064122947,True
KRFPC_4269,0.0162779253348253,0.00026497085320614734,True
KRFPC_4270,0.0,0.0,True
KRFPC_4271,0.0,0.0,True
KRFPC_4272,0.0,0.0,True
KRFPC_4273,0.02818672011159961,0.000794912559618442,True
KRFPC_4274,0.028186720111599613,0.000794912559618442,True
KRFPC_4275,0.0,0.0,True
KRFPC_4276,0.0,0.0,True
KRFPC_4277,0.0,0.0,True
KRFPC_4278,0.0,0.0,True
KRFPC_4279,0.0,0.0,True
KRFPC_4280,0.12787244930061678,0.009009009009009009,False
KRFPC_4281,0.0,0.0,True
KRFPC_4282,0.07950178948815584,0.006359300476947536,True
KRFPC_4283,0.0,0.0,True
KRFPC_4284,0.06697314719039353,0.0045045045045045045,True
KRFPC_4285,0.17048618674209823,0.01881293057763646,False
KRFPC_4286,0.3266322955688621,0.08214096449390568,False
KRFPC_4287,0.0,0.0,True
KRFPC_4288,0.043033084826230104,0.0018547959724430313,True
KRFPC_4289,0.0,0.0,True
KRFPC_4290,0.0162779253348253,0.00026497085320614734,True
KRFPC_4291,0.0,0.0,True
KRFPC_4292,0.09183594267286353,0.00688924218335983,True
KRFPC_4293,0.2145992058747256,0.024377318494965553,False
KRFPC_4294,0.18475838813651316,0.029146793852676205,False
KRFPC_4295,0.04878197670482277,0.0023847376788553257,True
KRFPC_4296,0.0,0.0,True
KRFPC_4297,0.0,0.0,True
KRFPC_4298,0.0,0.0,True
KRFPC_4299,0.0,0.0,True
KRFPC_4300,0.10241717725245619,0.010598834128245893,False
KRFPC_4301,0.10985448223029634,0.011128775834658187,False
KRFPC_4302,0.0,0.0,True
KRFPC_4303,0.0,0.0,True
KRFPC_4304,0.0,0.0,True
KRFPC_4305,0.0,0.0,True
KRFPC_4306,0.0,0.0,True
KRFPC_4307,0.0,0.0,True
KRFPC_4308,0.0,0.0,True
KRFPC_4309,0.0,0.0,True
KRFPC_4310,0.0,0.0,True
KRFPC_4311,0.18706286586287701,0.036301006889242184,False
KRFPC_4312,0.0,0.0,True
KRFPC_4313,0.0,0.0,True
KRFPC_4314,0.0,0.0,True
KRFPC_4315,0.0,0.0,True
KRFPC_4316,0.045998196145144186,0.0021197668256491787,True
KRFPC_4317,0.053916178346638303,0.0029146793852676206,True
KRFPC_4318,0.0,0.0,True
KRFPC_4319,0.37913491239729413,0.1192368839427663,False
KRFPC_4320,0.07275849648807879,0.002649708532061473,True
KRFPC_4321,0.07090333517153763,0.0029146793852676206,True
KRFPC_4322,0.0,0.0,True
KRFPC_4323,0.11719497426923099,0.00688924218335983,False
KRFPC_4324,0.0162779253348253,0.00026497085320614734,True
KRFPC_4325,0.3032386264688524,0.058823529411764705,False
KRFPC_4326,0.06508581027803259,0.0021197668256491787,True
KRFPC_4327,0.37913491239729413,0.1192368839427663,False
KRFPC_4328,0.7582698247945883,0.2384737678855326,False
KRFPC_4329,0.06508581027803259,0.0021197668256491787,True
KRFPC_4330,1.7025728286007062,2.117382087970323,False
KRFPC_4331,0.0,0.0,True
KRFPC_4332,0.0,0.0,True
KRFPC_4333,0.0,0.0,True
KRFPC_4334,0.08881456578574354,0.00794912559618442,True
KRFPC_4335,0.08587011145412021,0.00688924218335983,True
KRFPC_4336,0.0162779253348253,0.00026497085320614734,True
KRFPC_4337,0.0,0.0,True
KRFPC_4338,0.0,0.0,True
KRFPC_4339,0.0,0.0,True
KRFPC_4340,0.0,0.0,True
KRFPC_4341,0.0,0.0,True
KRFPC_4342,0.0,0.0,True
KRFPC_4343,0.0,0.0,True
KRFPC_4344,0.0,0.0,True
KRFPC_4345,0.0,0.0,True
KRFPC_4346,0.0,0.0,True
KRFPC_4347,0.0,0.0,True
KRFPC_4348,0.0,0.0,True
KRFPC_4349,0.0,0.0,True
KRFPC_4350,0.0,0.0,True
KRFPC_4351,0.0,0.0,True
KRFPC_4352,0.0,0.0,True
KRFPC_4353,0.0,0.0,True
KRFPC_4354,0.0,0.0,True
KRFPC_4355,0.10491826790705251,0.011128775834658187,False
KRFPC_4356,0.0,0.0,True
KRFPC_4357,0.0,0.0,True
KRFPC_4358,0.0,0.0,True
KRFPC_4359,0.0162779253348253,0.00026497085320614734,True
KRFPC_4360,0.0,0.0,True
KRFPC_4361,0.0,0.0,True
KRFPC_4362,0.0,0.0,True
KRFPC_4363,0.0,0.0,True
KRFPC_4364,0.0,0.0,True
KRFPC_4365,0.0,0.0,True
KRFPC_4366,0.0,0.0,True
KRFPC_4367,0.016277925334825298,0.00026497085320614734,True
KRFPC_4368,0.0,0.0,True
KRFPC_4369,0.0,0.0,True
KRFPC_4370,0.0,0.0,True
KRFPC_4371,0.0,0.0,True
KRFPC_4372,0.0,0.0,True
KRFPC_4373,0.0,0.0,True
KRFPC_4374,0.09985064660188381,0.010068892421833599,True
KRFPC_4375,0.0,0.0,True
KRFPC_4376,0.0,0.0,True
KRFPC_4377,0.0,0.0,True
KRFPC_4378,0.0,0.0,True
KRFPC_4379,0.0,0.0,True
KRFPC_4380,0.0,0.0,True
KRFPC_4381,0.0,0.0,True
KRFPC_4382,0.0162779253348253,0.00026497085320614734,True
KRFPC_4383,0.0162779253348253,0.00026497085320614734,True
KRFPC_4384,0.0,0.0,True
KRFPC_4385,0.0,0.0,True
KRFPC_4386,0.08604168680911702,0.0042395336512983575,True
KRFPC_4387,0.09985064660188381,0.010068892421833599,True
KRFPC_4388,0.0,0.0,True
KRFPC_4389,0.0,0.0,True
KRFPC_4390,0.0,0.0,True
KRFPC_4391,0.0,0.0,True
KRFPC_4392,0.04878197670482278,0.0023847376788553257,True
KRFPC_4393,0.1576373453616049,0.024377318494965553,False
KRFPC_4394,0.0,0.0,True
KRFPC_4395,0.0,0.0,True
KRFPC_4396,0.051413889150011355,0.002649708532061473,True
KRFPC_4397,0.3512823751240253,0.14414414414414414,False
KRFPC_4398,0.4363100088925548,0.25569687334393215,False
KRFPC_4399,0.0,0.0,True
KRFPC_4400,0.0,0.0,True
KRFPC_4401,0.0,0.0,True
KRFPC_4402,0.0,0.0,True
KRFPC_4403,0.0,0.0,True
KRFPC_4404,0.0,0.0,True
KRFPC_4405,0.0,0.0,True
KRFPC_4406,0.0,0.0,True
KRFPC_4407,0.15626366097484376,0.022257551669316374,False
KRFPC_4408,0.016277925334825298,0.00026497085320614734,True
KRFPC_4409,0.15843478634488875,0.0246422893481717,False
KRFPC_4410,0.200336972823093,0.020402755696873345,False
KRFPC_4411,0.0,0.0,True
KRFPC_4412,0.06504263560643035,0.003179650238473768,True
KRFPC_4413,0.0,0.0,True
KRFPC_4414,0.0,0.0,True
KRFPC_4415,0.0162779253348253,0.00026497085320614734,True
KRFPC_4416,0.0,0.0,True
KRFPC_4417,0.23298003591904606,0.04054054054054054,False
KRFPC_4418,0.0,0.0,True
KRFPC_4419,0.0,0.0,True
KRFPC_4420,0.0,0.0,True
KRFPC_4421,0.0,0.0,True
KRFPC_4422,0.0,0.0,True
KRFPC_4423,0.0,0.0,True
KRFPC_4424,0.0,0.0,True
KRFPC_4425,0.0,0.0,True
KRFPC_4426,0.0,0.0,True
KRFPC_4427,0.0,0.0,True
KRFPC_4428,0.0,0.0,True
KRFPC_4429,0.0,0.0,True
KRFPC_4430,0.0,0.0,True
KRFPC_4431,0.0,0.0,True
KRFPC_4432,0.0,0.0,True
KRFPC_4433,0.0,0.0,True
KRFPC_4434,0.0,0.0,True
KRFPC_4435,0.0,0.0,True
KRFPC_4436,0.0,0.0,True
KRFPC_4437,0.0,0.0,True
KRFPC_4438,0.0,0.0,True
KRFPC_4439,0.02301741188946676,0.0005299417064122947,True
KRFPC_4440,0.0,0.0,True
KRFPC_4441,0.0,0.0,True
KRFPC_4442,0.0,0.0,True
KRFPC_4443,0.0,0.0,True
KRFPC_4444,0.0,0.0,True
KRFPC_4445,0.0,0.0,True
KRFPC_4446,0.0,0.0,True
KRFPC_4447,0.0,0.0,True
KRFPC_4448,0.0,0.0,True
KRFPC_4449,0.07969236536564701,0.003179650238473768,True
KRFPC_4450,0.0,0.0,True
KRFPC_4451,0.04603482377893352,0.0010598834128245894,True
KRFPC_4452,0.0162779253348253,0.00026497085320614734,True
KRFPC_4453,0.0,0.0,True
KRFPC_4454,0.0,0.0,True
KRFPC_4455,0.0,0.0,True
KRFPC_4456,0.0162779253348253,0.00026497085320614734,True
KRFPC_4457,0.0,0.0,True
KRFPC_4458,0.0,0.0,True
KRFPC_4459,0.0,0.0,True
KRFPC_4460,0.0,0.0,True
KRFPC_4461,0.0,0.0,True
KRFPC_4462,0.0,0.0,True
KRFPC_4463,0.0162779253348253,0.00026497085320614734,True
KRFPC_4464,0.0,0.0,True
KRFPC_4465,0.0,0.0,True
KRFPC_4466,0.0,0.0,True
KRFPC_4467,0.07969236536564701,0.003179650238473768,True
KRFPC_4468,0.0,0.0,True
KRFPC_4469,0.0,0.0,True
KRFPC_4470,0.0,0.0,True
KRFPC_4471,0.12126969463139049,0.011658717541070483,False
KRFPC_4472,0.0,0.0,True
KRFPC_4473,0.05630612862877747,0.003179650238473768,True
KRFPC_4474,0.0,0.0,True
KRFPC_4475,0.0,0.0,True
KRFPC_4476,0.0,0.0,True
KRFPC_4477,0.0,0.0,True
KRFPC_4478,0.14156875615326836,0.010068892421833599,False
KRFPC_4479,0.0,0.0,True
KRFPC_4480,0.07078437807663418,0.005034446210916799,True
KRFPC_4481,0.0,0.0,True
KRFPC_4482,0.036379248244039396,0.0013248542660307366,True
KRFPC_4483,0.023017411889466755,0.0005299417064122947,True
KRFPC_4484,0.023017411889466755,0.0005299417064122947,True
KRFPC_4485,0.0398461826828235,0.001589825119236884,True
KRFPC_4486,0.04882226979844231,0.0013248542660307366,True
KRFPC_4487,0.0,0.0,True
KRFPC_4488,0.051413889150011355,0.002649708532061473,True
KRFPC_4489,0.023017411889466755,0.0005299417064122947,True
KRFPC_4490,0.0162779253348253,0.00026497085320614734,True
KRFPC_4491,0.04303308482623011,0.0018547959724430313,True
KRFPC_4492,0.0,0.0,True
KRFPC_4493,0.023017411889466755,0.0005299417064122947,True
KRFPC_4494,0.5279849985749022,0.2866984631690514,False
KRFPC_4495,0.048805005403101225,0.0018547959724430313,True
KRFPC_4496,0.0162779253348253,0.00026497085320614734,True
KRFPC_4497,0.02818672011159961,0.000794912559618442,True
KRFPC_4498,0.045998196145144186,0.0021197668256491787,True
KRFPC_4499,0.0,0.0,True
KRFPC_4500,0.0,0.0,True
KRFPC_4501,0.032542905139016295,0.0010598834128245894,True
KRFPC_4502,0.056306128628777465,0.003179650238473768,True
KRFPC_4503,0.0,0.0,True
KRFPC_4504,0.0162779253348253,0.00026497085320614734,True
KRFPC_4505,0.0,0.0,True
KRFPC_4506,0.0,0.0,True
KRFPC_4507,0.0,0.0,True
KRFPC_4508,0.0,0.0,True
KRFPC_4509,0.0,0.0,True
KRFPC_4510,0.0,0.0,True
KRFPC_4511,0.0,0.0,True
KRFPC_4512,0.0,0.0,True
KRFPC_4513,0.0,0.0,True
KRFPC_4514,0.0162779253348253,0.00026497085320614734,True
KRFPC_4515,0.1902685618747878,0.03418124006359301,False
KRFPC_4516,0.0,0.0,True
KRFPC_4517,0.0,0.0,True
KRFPC_4518,0.12321723000749961,0.01377848436671966,False
KRFPC_4519,0.04878197670482277,0.0023847376788553257,True
KRFPC_4520,0.22036708012365694,0.04822469528351881,False
KRFPC_4521,0.23447397717965318,0.044780074191838895,False
KRFPC_4522,0.18203344416023517,0.028086910439851617,False
KRFPC_4523,0.2141451533387642,0.028086910439851617,False
KRFPC_4524,0.44949386542859554,0.05564387917329094,False
KRFPC_4525,0.0,0.0,True
KRFPC_4526,0.0,0.0,True
KRFPC_4527,0.0,0.0,True
KRFPC_4528,0.0,0.0,True
KRFPC_4529,0.0,0.0,True
KRFPC_4530,0.1339095882890371,0.009538950715421303,False
KRFPC_4531,0.0,0.0,True
KRFPC_4532,0.032542905139016295,0.0010598834128245894,True
KRFPC_4533,0.0,0.0,True
KRFPC_4534,0.0,0.0,True
KRFPC_4535,0.0,0.0,True
KRFPC_4536,0.09311217545142088,0.008744038155802861,True
KRFPC_4537,0.06498214287438389,0.0042395336512983575,True
KRFPC_4538,0.0162779253348253,0.00026497085320614734,True
KRFPC_4539,0.0162779253348253,0.00026497085320614734,True
KRFPC_4540,0.045998196145144186,0.0021197668256491787,True
KRFPC_4541,0.02818672011159961,0.000794912559618442,True
KRFPC_4542,0.0,0.0,True
KRFPC_4543,0.0,0.0,True
KRFPC_4544,0.0,0.0,True
KRFPC_4545,0.0,0.0,True
KRFPC_4546,0.0,0.0,True
KRFPC_4547,0.0,0.0,True
KRFPC_4548,0.0,0.0,True
KRFPC_4549,0.0,0.0,True
KRFPC_4550,0.0,0.0,True
KRFPC_4551,0.036394688532598786,0.000794912559618442,True
KRFPC_4552,0.0,0.0,True
KRFPC_4553,0.0,0.0,True
KRFPC_4554,0.0,0.0,True
KRFPC_4555,0.04603482377893352,0.0010598834128245894,True
KRFPC_4556,0.048822269798442314,0.0013248542660307366,True
KRFPC_4557,0.0,0.0,True
KRFPC_4558,0.0,0.0,True
KRFPC_4559,0.0,0.0,True
KRFPC_4560,0.0,0.0,True
KRFPC_4561,0.045998196145144186,0.0021197668256491787,True
KRFPC_4562,0.0,0.0,True
KRFPC_4563,0.0,0.0,True
KRFPC_4564,0.0,0.0,True
KRFPC_4565,0.0,0.0,True
KRFPC_4566,0.0,0.0,True
KRFPC_4567,0.0,0.0,True
KRFPC_4568,0.0,0.0,True
KRFPC_4569,0.0,0.0,True
KRFPC_4570,0.0,0.0,True
KRFPC_4571,0.0,0.0,True
KRFPC_4572,0.0,0.0,True
KRFPC_4573,0.0,0.0,True
KRFPC_4574,0.0,0.0,True
KRFPC_4575,0.0,0.0,True
KRFPC_4576,0.0,0.0,True
KRFPC_4577,0.0,0.0,True
KRFPC_4578,0.0,0.0,True
KRFPC_4579,0.0,0.0,True
KRFPC_4580,0.0,0.0,True
KRFPC_4581,0.0,0.0,True
KRFPC_4582,0.08127564884716094,0.0045045045045045045,True
KRFPC_4583,0.02301741188946676,0.0005299417064122947,True
KRFPC_4584,0.0,0.0,True
KRFPC_4585,0.0,0.0,True
KRFPC_4586,0.0,0.0,True
KRFPC_4587,0.0,0.0,True
KRFPC_4588,0.04603482377893352,0.0010598834128245894,True
KRFPC_4589,0.0162779253348253,0.00026497085320614734,True
KRFPC_4590,0.30726935961862156,0.06041335453100159,False
KRFPC_4591,0.0,0.0,True
KRFPC_4592,0.08429064519398219,0.007154213036565978,True
KRFPC_4593,0.06498214287438389,0.0042395336512983575,True
KRFPC_4594,0.023017411889466752,0.0005299417064122947,True
KRFPC_4595,0.0,0.0,True
KRFPC_4596,0.0,0.0,True
KRFPC_4597,0.023017411889466752,0.0005299417064122947,True
KRFPC_4598,0.023017411889466755,0.0005299417064122947,True
KRFPC_4599,0.0162779253348253,0.00026497085320614734,True
KRFPC_4600,0.0162779253348253,0.00026497085320614734,True
KRFPC_4601,0.1931826232220799,0.03709591944886063,False
KRFPC_4602,0.0,0.0,True
KRFPC_4603,0.0,0.0,True
KRFPC_4604,0.0,0.0,True
KRFPC_4605,0.0,0.0,True
KRFPC_4606,0.0,0.0,True
KRFPC_4607,0.05141388915001135,0.002649708532061473,True
KRFPC_4608,0.0,0.0,True
KRFPC_4609,0.07446856229347096,0.0045045045045045045,True
KRFPC_4610,0.0,0.0,True
KRFPC_4611,0.04878197670482277,0.0023847376788553257,True
KRFPC_4612,0.045998196145144186,0.0021197668256491787,True
KRFPC_4613,0.0,0.0,True
KRFPC_4614,0.0,0.0,True
KRFPC_4615,0.0,0.0,True
KRFPC_4616,0.0,0.0,True
KRFPC_4617,0.0,0.0,True
KRFPC_4618,0.0,0.0,True
KRFPC_4619,0.0,0.0,True
KRFPC_4620,0.0,0.0,True
KRFPC_4621,0.0162779253348253,0.00026497085320614734,True
KRFPC_4622,0.0162779253348253,0.00026497085320614734,True
KRFPC_4623,0.0,0.0,True
KRFPC_4624,0.0,0.0,True
KRFPC_4625,0.0,0.0,True
KRFPC_4626,0.0,0.0,True
KRFPC_4627,0.0,0.0,True
KRFPC_4628,0.0,0.0,True
KRFPC_4629,0.0,0.0,True
KRFPC_4630,0.0,0.0,True
KRFPC_4631,0.0,0.0,True
KRFPC_4632,0.04878197670482278,0.0023847376788553257,True
KRFPC_4633,0.0,0.0,True
KRFPC_4634,0.0,0.0,True
KRFPC_4635,0.0,0.0,True
KRFPC_4636,0.0,0.0,True
KRFPC_4637,0.0,0.0,True
KRFPC_4638,0.0,0.0,True
KRFPC_4639,0.0,0.0,True
KRFPC_4640,0.0,0.0,True
KRFPC_4641,0.0,0.0,True
KRFPC_4642,0.0,0.0,True
KRFPC_4643,0.0,0.0,True
KRFPC_4644,0.07783825649409339,0.006094329623741388,True
KRFPC_4645,0.0,0.0,True
KRFPC_4646,0.0,0.0,True
KRFPC_4647,0.0,0.0,True
KRFPC_4648,0.0,0.0,True
KRFPC_4649,0.05141388915001135,0.002649708532061473,True
KRFPC_4650,0.0,0.0,True
KRFPC_4651,0.0,0.0,True
KRFPC_4652,0.0,0.0,True
KRFPC_4653,0.0,0.0,True
KRFPC_4654,0.0,0.0,True
KRFPC_4655,0.0,0.0,True
KRFPC_4656,0.0,0.0,True
KRFPC_4657,0.0,0.0,True
KRFPC_4658,0.0363792482440394,0.0013248542660307366,True
KRFPC_4659,0.0,0.0,True
KRFPC_4660,0.0325558506696506,0.0005299417064122947,True
KRFPC_4661,0.0,0.0,True
KRFPC_4662,0.0651117013393012,0.0010598834128245894,True
KRFPC_4663,0.04878197670482277,0.0023847376788553257,True
KRFPC_4664,0.0608775864897158,0.0021197668256491787,True
KRFPC_4665,0.023017411889466752,0.0005299417064122947,True
KRFPC_4666,0.046034823778933504,0.0010598834128245894,True
KRFPC_4667,0.0,0.0,True
KRFPC_4668,0.0,0.0,True
KRFPC_4669,0.0,0.0,True
KRFPC_4670,0.0,0.0,True
KRFPC_4671,0.0,0.0,True
KRFPC_4672,0.0,0.0,True
KRFPC_4673,0.0,0.0,True
KRFPC_4674,0.0,0.0,True
KRFPC_4675,0.0,0.0,True
KRFPC_4676,0.0,0.0,True
KRFPC_4677,0.028186720111599613,0.000794912559618442,True
KRFPC_4678,0.0,0.0,True
KRFPC_4679,0.023017411889466755,0.0005299417064122947,True
KRFPC_4680,0.0,0.0,True
KRFPC_4681,0.0,0.0,True
KRFPC_4682,0.0,0.0,True
KRFPC_4683,0.0,0.0,True
KRFPC_4684,0.0,0.0,True
KRFPC_4685,0.0,0.0,True
KRFPC_4686,0.0,0.0,True
KRFPC_4687,0.0,0.0,True
KRFPC_4688,0.03986380360204276,0.0010598834128245894,True
KRFPC_4689,0.0,0.0,True
KRFPC_4690,0.0,0.0,True
KRFPC_4691,0.1280568491516289,0.005829358770535241,False
KRFPC_4692,0.0,0.0,True
KRFPC_4693,0.0,0.0,True
KRFPC_4694,0.29693501527515026,0.08664546899841018,False
KRFPC_4695,0.032542905139016295,0.0010598834128245894,True
KRFPC_4696,0.0,0.0,True
KRFPC_4697,0.0,0.0,True
KRFPC_4698,0.0,0.0,True
KRFPC_4699,0.0,0.0,True
KRFPC_4700,0.0,0.0,True
KRFPC_4701,0.0,0.0,True
KRFPC_4702,0.0162779253348253,0.00026497085320614734,True
KRFPC_4703,0.0,0.0,True
KRFPC_4704,0.0398461826828235,0.001589825119236884,True
KRFPC_4705,0.0,0.0,True
KRFPC_4706,0.0,0.0,True
KRFPC_4707,0.09596326685090961,0.008214096449390567,True
KRFPC_4708,0.03637924824403939,0.0013248542660307366,True
KRFPC_4709,0.0,0.0,True
KRFPC_4710,0.0,0.0,True
KRFPC_4711,0.0,0.0,True
KRFPC_4712,0.0162779253348253,0.00026497085320614734,True
KRFPC_4713,0.0,0.0,True
KRFPC_4714,0.0,0.0,True
KRFPC_4715,0.0,0.0,True
KRFPC_4716,0.18259353298070738,0.033386327503974564,False
KRFPC_4717,0.043033084826230104,0.0018547959724430313,True
KRFPC_4718,0.04878197670482277,0.0023847376788553257,True
KRFPC_4719,0.05630612862877747,0.003179650238473768,True
KRFPC_4720,0.0,0.0,True
KRFPC_4721,0.0,0.0,True
KRFPC_4722,0.0,0.0,True
KRFPC_4723,0.0,0.0,True
KRFPC_4724,0.12765807974506105,0.011658717541070483,False
KRFPC_4725,0.0,0.0,True
KRFPC_4726,0.0,0.0,True
KRFPC_4727,0.12933051330741738,0.015368309485956544,False
KRFPC_4728,0.05141388915001135,0.002649708532061473,True
KRFPC_4729,0.0,0.0,True
KRFPC_4730,0.0,0.0,True
KRFPC_4731,0.0162779253348253,0.00026497085320614734,True
KRFPC_4732,0.0,0.0,True
KRFPC_4733,0.04878197670482277,0.0023847376788553257,True
KRFPC_4734,0.0,0.0,True
KRFPC_4735,0.1036756036715003,0.01086380498145204,False
KRFPC_4736,0.0,0.0,True
KRFPC_4737,0.1452380174690202,0.019342872284048754,False
KRFPC_4738,0.0,0.0,True
KRFPC_4739,0.11658575934699482,0.01377848436671966,False
KRFPC_4740,0.0,0.0,True
KRFPC_4741,0.0,0.0,True
KRFPC_4742,0.0,0.0,True
KRFPC_4743,0.0,0.0,True
KRFPC_4744,0.0,0.0,True
KRFPC_4745,0.0,0.0,True
KRFPC_4746,0.1025692912135564,0.009009009009009009,False
KRFPC_4747,0.1320700504838821,0.01775304716481187,False
KRFPC_4748,0.06085681821291762,0.002649708532061473,True
KRFPC_4749,0.0,0.0,True
KRFPC_4750,0.07078437807663418,0.005034446210916799,True
KRFPC_4751,0.38491065038585054,0.07975622681505035,False
KRFPC_4752,0.09036081668891797,0.007154213036565978,True
KRFPC_4753,0.21304650172066786,0.04531001589825119,False
KRFPC_4754,0.05630612862877746,0.003179650238473768,True
KRFPC_4755,0.06697314719039353,0.0045045045045045045,True
KRFPC_4756,0.3195674176386754,0.07922628510863805,False
KRFPC_4757,0.02301741188946676,0.0005299417064122947,True
KRFPC_4758,0.1086682802022764,0.01086380498145204,False
KRFPC_4759,0.0,0.0,True
KRFPC_4760,0.0,0.0,True
KRFPC_4761,0.0,0.0,True
KRFPC_4762,0.27369664159528134,0.0498145204027557,False
KRFPC_4763,0.340930354162795,0.0196078431372549,False
KRFPC_4764,0.11213103547183609,0.012188659247482777,False
KRFPC_4765,0.10502531100779822,0.010068892421833599,False
KRFPC_4766,0.023017411889466755,0.0005299417064122947,True
KRFPC_4767,0.0,0.0,True
KRFPC_4768,0.08886041617300737,0.007419183889772125,True
KRFPC_4769,0.2661298570944373,0.04822469528351881,False
KRFPC_4770,0.0,0.0,True
KRFPC_4771,0.06083142513451132,0.003179650238473768,True
KRFPC_4772,0.0,0.0,True
KRFPC_4773,0.09726404872603694,0.009009009009009009,True
KRFPC_4774,0.0,0.0,True
KRFPC_4775,0.0,0.0,True
KRFPC_4776,0.0,0.0,True
KRFPC_4777,0.02818672011159961,0.000794912559618442,True
KRFPC_4778,0.0,0.0,True
KRFPC_4779,0.0,0.0,True
KRFPC_4780,0.0,0.0,True
KRFPC_4781,0.0,0.0,True
KRFPC_4782,0.0,0.0,True
KRFPC_4783,0.0,0.0,True
KRFPC_4784,0.0,0.0,True
KRFPC_4785,0.0,0.0,True
KRFPC_4786,0.0,0.0,True
KRFPC_4787,0.0,0.0,True
KRFPC_4788,0.0,0.0,True
KRFPC_4789,0.0,0.0,True
KRFPC_4790,0.0,0.0,True
KRFPC_4791,0.0,0.0,True
KRFPC_4792,0.0,0.0,True
KRFPC_4793,0.0,0.0,True
KRFPC_4794,0.0,0.0,True
KRFPC_4795,0.0,0.0,True
KRFPC_4796,0.0,0.0,True
KRFPC_4797,0.0,0.0,True
KRFPC_4798,0.0,0.0,True
KRFPC_4799,0.0,0.0,True
KRFPC_4800,0.0,0.0,True
KRFPC_4801,0.0,0.0,True
KRFPC_4802,0.023017411889466752,0.0005299417064122947,True
KRFPC_4803,0.0,0.0,True
KRFPC_4804,0.0,0.0,True
KRFPC_4805,0.0,0.0,True
KRFPC_4806,0.0,0.0,True
KRFPC_4807,0.06292706003131429,0.00397456279809221,True
KRFPC_4808,0.0,0.0,True
KRFPC_4809,0.3396218681154041,0.08108108108108109,False
KRFPC_4810,0.1951791870197623,0.037360890302066775,False
KRFPC_4811,0.0,0.0,True
KRFPC_4812,0.35314627674593946,0.0996290408055114,False
KRFPC_4813,0.0,0.0,True
KRFPC_4814,0.032542905139016295,0.0010598834128245894,True
KRFPC_4815,0.0,0.0,True
KRFPC_4816,0.03637924824403939,0.0013248542660307366,True
KRFPC_4817,0.0,0.0,True
KRFPC_4818,0.0,0.0,True
KRFPC_4819,0.313941707452583,0.0633280339162692,False
KRFPC_4820,0.16042997986305074,0.015368309485956544,False
KRFPC_4821,0.0162779253348253,0.00026497085320614734,True
KRFPC_4822,0.07957948660450648,0.005299417064122946,True
KRFPC_4823,0.1949111215741023,0.013248542660307366,False
KRFPC_4824,0.0,0.0,True
KRFPC_4825,0.09183594267286353,0.00688924218335983,True
KRFPC_4826,0.0,0.0,True
KRFPC_4827,0.051457580586959116,0.001589825119236884,True
KRFPC_4828,0.42545368593300975,0.03656597774244833,False
KRFPC_4829,0.10021711344567552,0.005299417064122946,False
KRFPC_4830,0.1330340502066484,0.018018018018018018,False
KRFPC_4831,0.13011900824516995,0.017223105458399578,False
KRFPC_4832,0.2699640881580635,0.05643879173290938,False
KRFPC_4833,0.048805005403101225,0.0018547959724430313,True
KRFPC_4834,0.0,0.0,True
KRFPC_4835,0.0,0.0,True
KRFPC_4836,0.0,0.0,True
KRFPC_4837,0.0,0.0,True
KRFPC_4838,0.0162779253348253,0.00026497085320614734,True
KRFPC_4839,0.0,0.0,True
KRFPC_4840,0.0,0.0,True
KRFPC_4841,0.19444793491995035,0.03762586115527292,False
KRFPC_4842,0.4546872230952978,0.18124006359300476,False
KRFPC_4843,0.0,0.0,True
KRFPC_4844,0.0,0.0,True
KRFPC_4845,0.0,0.0,True
KRFPC_4846,0.0,0.0,True
KRFPC_4847,0.0,0.0,True
KRFPC_4848,0.0162779253348253,0.00026497085320614734,True
KRFPC_4849,0.0,0.0,True
KRFPC_4850,0.0,0.0,True
KRFPC_4851,0.0398461826828235,0.001589825119236884,True
KRFPC_4852,0.3514487686158754,0.08134605193428723,False
KRFPC_4853,0.0,0.0,True
KRFPC_4854,0.0,0.0,True
KRFPC_4855,0.11321835174271151,0.012983571807101218,False
KRFPC_4856,0.060801401459995116,0.0037095919448860626,True
KRFPC_4857,0.023017411889466752,0.0005299417064122947,True
KRFPC_4858,0.0162779253348253,0.00026497085320614734,True
KRFPC_4859,0.0,0.0,True
