molecule_chembl_id,y_true,Ridge,Lasso,ElasticNet,Bayesian Ridge,PLS,KNN,SVR (RBF),Kernel Ridge (RBF),Decision Tree,Random Forest,Extra Trees,Gradient Boosting,XGBoost,Hist Gradient Boosting,AdaBoost,MLP
CHEMBL10072,5.48,5.5916543,6.164466,5.942405,5.602494,5.558411209799681,5.768,5.705887023800018,5.6875853369904235,6.1,5.984403527777749,6.0999999999999455,5.5063714784383855,6.0654316,6.163950461580655,5.767428571428573,6.0797906
CHEMBL101323,7.43,5.7607007,6.371711,6.254064,5.924472,5.8967414383256145,7.525,6.484785666215961,6.305823069441459,5.779999999999999,5.7085680865892625,5.780000000000042,6.394479049887937,5.5463686,5.9537110034912075,6.603966219988835,6.1402225
CHEMBL103685,4.89,5.405674,6.164466,5.942405,5.50438,5.504708527285054,5.936,5.538317443441067,5.609377119053448,6.51,5.6856040566655635,6.473760000000073,5.503833702488767,5.1267357,5.363085834016203,5.6280709851911075,5.528403
CHEMBL104047,7.05,5.5207553,6.164466,5.942405,5.6281033,5.673870778535323,5.149000000000001,5.150309008944471,5.5634435208340705,5.05,5.136709095238102,5.050000000000008,5.420151441354951,5.2516427,5.126133122466395,5.686725665266102,4.8160243
CHEMBL105044,5.5,5.190717,6.164466,5.942405,5.190868,5.141815531470406,5.934,5.741406185400494,5.446266790845442,6.51,5.947692080071354,6.425440000000068,5.803932990192121,5.8073416,5.859241525461267,5.6280709851911075,5.8714514
CHEMBL1078534,6.293333333333334,6.4571466,6.371711,6.414238,6.4701896,6.463186849006137,6.809599999999999,6.3918254232089575,6.569734757337358,6.620821428571427,6.616712542147719,6.620821428571483,6.551548758761073,6.5686865,6.578286248945932,6.679547733654224,6.557009
CHEMBL1078534,6.678,6.4571466,6.371711,6.414238,6.4701896,6.463186849006137,6.809599999999999,6.3918254232089575,6.569734757337358,6.620821428571427,6.616712542147719,6.620821428571483,6.551548758761073,6.5686865,6.578286248945932,6.679547733654224,6.557009
CHEMBL1079595,5.64,6.5456705,6.371711,6.377986,6.555745,6.6164569075065875,5.968,5.7399808938859636,6.175408926476322,6.32,6.223605214285707,6.320000000000044,6.259399134130998,6.3026614,6.2896914779215045,6.5365096153846425,6.3532414
CHEMBL1079595,7.0,6.5456705,6.371711,6.377986,6.555745,6.6164569075065875,5.968,5.7399808938859636,6.175408926476322,6.32,6.223605214285707,6.320000000000044,6.259399134130998,6.3026614,6.2896914779215045,6.5365096153846425,6.3532414
CHEMBL1082760,6.41,6.5224533,6.4514365,6.5635014,6.5592985,6.379645483663434,6.9239999999999995,6.710411612609041,6.62862444445183,6.82,6.925184222222228,6.820000000000053,6.578517011031749,6.9206877,7.1725192832972295,6.637002355712608,6.5466275
CHEMBL1083353,8.4,6.618515,6.422496,6.411509,6.684287,6.576966996793399,6.326666666666666,5.9567248032437785,6.552085019425846,6.13111111111111,6.3159414735449655,5.749431111111135,6.832320042852142,6.624603,6.292151198344833,6.679547733654224,5.670368
CHEMBL1083971,7.77,6.627678,6.422496,6.411509,6.6162634,6.617588782646579,6.390000000000001,6.451771726740308,6.462116571125364,7.15,6.570620746031749,7.15000000000006,6.265668745424772,6.3845935,6.534794678650959,6.603966219988835,6.351265
CHEMBL108425,9.54,7.811102,6.5993843,7.003157,7.612929,7.588217785155316,6.634,7.4769008284474205,7.530088974513816,7.57,8.097682047619058,7.390440000000045,8.360142404803632,8.016915,8.386590596133221,7.754285714285713,7.205098
CHEMBL109211,6.56,6.535431,6.371711,6.414238,6.5367904,6.527596554691028,7.186666666666667,6.4362650139948645,6.535545367736603,6.901190476190476,6.893682840002591,6.901190476190522,6.435176550742124,6.789507,6.723878828103966,6.679547733654224,6.567269
CHEMBL109211,7.32,6.535431,6.371711,6.414238,6.5367904,6.527596554691028,7.186666666666667,6.4362650139948645,6.535545367736603,6.901190476190476,6.893682840002591,6.901190476190522,6.435176550742124,6.789507,6.723878828103966,6.679547733654224,6.567269
CHEMBL1096024,5.46,5.3769917,6.3427696,5.9993415,5.3299346,5.4105402688648105,5.043333333333333,5.436662931332145,5.425698632897337,7.28,5.95338108333334,5.577580000000008,5.4132944089208905,5.257319,5.73119284694643,5.786146188850965,5.017422
CHEMBL1096024,7.06,5.3769917,6.3427696,5.9993415,5.3299346,5.4105402688648105,5.043333333333333,5.436662931332145,5.425698632897337,7.28,5.95338108333334,5.577580000000008,5.4132944089208905,5.257319,5.73119284694643,5.786146188850965,5.017422
CHEMBL1097041,7.89,6.499486,6.4514365,6.5635014,6.80644,6.792300621744663,6.462000000000001,6.543196738540369,6.76344938866913,6.5,6.453610230158717,7.051279999999982,7.571831098054773,6.9770303,6.313784704670888,6.603966219988835,6.6906486
CHEMBL1097371,8.7,6.1905494,6.371711,6.188665,6.0546255,6.037468473115793,6.29,6.160577384169553,6.159846693244276,5.15,5.811844240782611,5.1252800000000445,5.9377573145412486,6.0153565,5.617071559050716,6.603966219988835,6.1379337
CHEMBL112074,6.69,6.983278,6.4514365,6.5635014,6.908849,6.905503167148245,6.763,6.684126036394153,6.752030385383776,8.51,6.584585730392161,8.450100000000042,6.756672867892209,6.5435505,6.626942728153133,6.773523489932888,6.858553
CHEMBL112292,5.025,5.3295126,6.164466,5.942405,5.3191733,5.34879264667278,4.673,4.950023970579405,5.326544390145813,5.025,5.041773958333362,5.025000000000047,4.997122629511169,5.0800543,5.1456773325141425,5.686725665266102,5.1454654
CHEMBL112509,4.890000000000001,5.3487206,6.164466,5.942405,5.291675,5.316916824127593,4.801,4.89835453213563,5.273947703845607,4.890000000000001,4.91777395833335,4.8900000000000166,4.923165429491842,4.867973,4.823478452018065,5.686725665266102,4.705063
CHEMBL1170662,6.12,5.8699017,6.1934066,6.0943975,6.073161,6.147637176119784,5.781000000000001,5.575368455467577,5.917258941085791,4.95,5.295952142857127,4.949999999999995,5.497381639563754,5.382372,5.4889765831130894,5.858371710526313,5.459004
CHEMBL1170893,7.42,7.3498454,6.4514365,6.5635014,7.431094,7.505055739895342,7.382000000000001,7.51498170514388,7.2821305551202755,5.74,7.059391331168848,5.7399999999999425,7.086512942852085,7.39324,7.510824558836468,6.704272717755465,7.3212547
CHEMBL1171991,4.3,5.731965,6.164466,5.961812,5.709681,5.497122187976938,5.364,5.283165241090591,5.600985380181243,4.61,5.347126476190476,4.609999999999975,5.428806935656453,5.4957075,5.2262972797688345,5.8045136904761865,5.3358974
CHEMBL1172400,5.54,5.2178516,6.1934066,6.0943975,5.4168563,5.351823309056846,5.449999999999999,5.8330008926901,5.718106915747853,4.36,5.757709485714273,4.625359999999984,5.892615476501958,6.0322695,6.015786798660707,5.8045136904761865,5.9299808
CHEMBL1172937,4.84,5.883586,6.1934066,6.0943975,6.1073704,6.148495913652841,5.5009999999999994,5.751750188399066,5.955212530087039,6.01,5.950328333333376,6.010000000000064,5.539510524464556,5.8585052,5.842146345490677,6.165837887067393,5.8434615
CHEMBL1173131,5.08,5.538365,6.223867,6.185535,5.7118716,5.773229321728951,6.0040000000000004,5.948895372971881,5.950362791302354,5.994999999999999,5.541742999999986,5.99499999999993,5.6184555366914894,5.3329115,5.508133445386297,6.165837887067393,5.8182225
CHEMBL1191848,5.27,6.785052,6.4514365,6.5492654,6.843154,6.750066824138337,7.072,6.223391045564137,6.579897593880702,7.32,6.682832238095236,7.353840000000052,6.159811616313244,5.7725844,5.924291062957387,6.564715824665681,5.342363
CHEMBL1215664,5.51,5.633011,6.164466,5.9281693,5.6759777,5.5969864791435935,6.188,5.85824486393301,5.785216993625113,5.61,6.082840419047603,5.918259999999995,5.93975441913652,5.680466,5.613612701623019,6.165837887067393,5.9711204
CHEMBL131921,6.23,5.7547197,6.164466,5.9281693,5.624993,5.5951045826052335,5.922,5.34026716812203,5.453251958634382,5.575,5.51519300000001,5.574999999999975,5.714032232112826,5.573012,5.530909647984519,5.686725665266102,5.6351113
CHEMBL131921,4.92,5.7547197,6.164466,5.9281693,5.624993,5.5951045826052335,5.922,5.34026716812203,5.453251958634382,5.575,5.51519300000001,5.574999999999975,5.714032232112826,5.573012,5.530909647984519,5.686725665266102,5.6351113
CHEMBL134509,5.04,5.5086484,6.164466,5.942405,5.5947104,5.677976642586909,4.8790000000000004,4.914469126577475,5.528322069143144,5.05,4.983143237554132,5.021520000000001,5.132737023837952,4.869832,4.802490703198414,5.686725665266102,4.475868
CHEMBL135340,6.82,6.247532,6.4514365,6.6388392,6.3724184,6.140559051329613,6.972499999999999,6.6140114825238925,6.619086228460958,7.73,7.401309845238104,7.730000000000016,6.778710289644671,7.340159,7.701550577172116,6.773523489932888,7.2352834
CHEMBL135563,8.03,7.1152267,6.4514365,6.6388392,7.0018144,6.9834634170436525,7.744,7.3353460555619,7.076609652282642,7.955,7.346929785714274,7.954999999999951,7.114296143166129,7.5255275,7.6862542991469995,6.773523489932888,7.864556
CHEMBL135921,7.55,6.697522,6.420976,6.491963,6.6434402,6.564613483876985,6.952,6.670393229358598,6.5572572501688455,6.17,6.536486666666693,6.170000000000043,6.8849278140806085,5.952539,6.459228892536858,6.564715824665681,6.1348114
CHEMBL137049,7.3,7.1613393,6.422496,6.486847,7.123956,7.090664081548053,7.83,7.357023857424475,7.184412919837598,7.42,7.359627047619071,7.420000000000047,7.503269617943186,7.506987,7.539360845929082,6.773523489932888,7.01349
CHEMBL137604,8.03,7.268017,6.4514365,6.6388392,7.230081,7.162741255994802,7.83,7.866956202859368,7.299206255752097,7.8,7.7620241666666745,7.789740000000041,7.699658191641988,7.9027567,7.896101496690332,6.704272717755465,7.719217
CHEMBL149791,4.6,6.6249394,6.1934066,6.0801616,6.602209,6.631677322913732,4.8999999999999995,5.629094216862859,6.227434291397884,4.48,5.088659141534406,4.2760200000000115,5.624496278928322,5.764313,5.802233935071626,5.876243386243387,5.262243
CHEMBL150278,6.5,5.2454467,6.420976,6.408764,5.4161067,5.238312656074441,5.072,4.956121333720316,5.467300690565196,5.5,5.126636000000006,5.5,4.656150792834673,4.5491905,4.980968525364374,6.603966219988835,4.9416547
CHEMBL151212,4.975,5.661846,6.371711,6.151334,5.7072997,5.776124436588626,5.301,5.075329807370839,5.626614212985004,5.4875,5.445455992063485,5.487500000000022,5.336228024471544,5.4773736,5.438974151250593,6.368739985693844,5.171661
CHEMBL151212,6.0,5.661846,6.371711,6.151334,5.7072997,5.776124436588626,5.301,5.075329807370839,5.626614212985004,5.4875,5.445455992063485,5.487500000000022,5.336228024471544,5.4773736,5.438974151250593,6.368739985693844,5.171661
CHEMBL151449,5.79,6.127841,6.371711,6.3036466,6.182897,6.51703901029019,5.4159999999999995,5.360312419588674,6.026558706858239,5.26,5.367175000000028,5.2600000000000415,5.742073233428729,5.3794622,5.3585501998985325,6.704272717755465,5.3226485
CHEMBL1538978,5.6,4.9722376,6.4514365,6.426423,5.2341056,5.213757292912935,6.508,6.009681557783977,5.8289627773533255,4.97,6.044171499999997,5.886280000000008,5.075381564080596,5.9583254,5.07794440454448,6.368739985693844,5.967856
CHEMBL162549,6.71,6.244707,6.4514365,6.5635014,6.286707,6.160323174421984,7.494,6.680957222616873,6.42405042598071,5.43,6.708002238095229,5.429999999999976,6.602063191075892,6.4893017,6.463779763874188,6.603966219988835,6.1768394
CHEMBL162585,8.7,7.144857,6.5993843,6.8863163,7.032913,7.101181342404319,7.581999999999999,7.72792186619178,7.012225906773452,7.85,7.800302595238074,7.846549999999958,7.435380356586143,7.8971186,7.918327396902093,6.823635802469133,7.759506
CHEMBL1629804,7.25,6.3749423,6.371711,6.414238,6.3647685,6.331728577690939,6.8709999999999996,6.687962320461186,6.595069574885372,6.993181818181818,6.99511958118455,6.9931818181817444,6.72845493110191,7.0647817,7.107161156069384,6.773523489932888,7.0673466
CHEMBL1629804,7.829999999999999,6.3749423,6.371711,6.414238,6.3647685,6.331728577690939,6.8709999999999996,6.687962320461186,6.595069574885372,6.993181818181818,6.99511958118455,6.9931818181817444,6.72845493110191,7.0647817,7.107161156069384,6.773523489932888,7.0673466
CHEMBL1629806,6.72,6.8895583,6.371711,6.3911424,6.814185,6.980829176919823,7.952,6.8198088113898185,6.7054059314060765,8.245,8.25186753009082,8.24499999999992,6.870391640600647,8.158203,8.032743954043816,6.842379356568384,7.3054824
CHEMBL1629806,7.8,6.8895583,6.371711,6.3911424,6.814185,6.980829176919823,7.952,6.8198088113898185,6.7054059314060765,8.245,8.25186753009082,8.24499999999992,6.870391640600647,8.158203,8.032743954043816,6.842379356568384,7.3054824
CHEMBL1630260,5.82,6.6969404,6.371711,6.414238,6.658563,6.570579284881076,6.692,6.457794209476319,6.526736297087453,5.75,6.158526558639255,5.75,6.657421375172543,6.226339,6.873644975270339,6.882283304076444,7.112176
CHEMBL1630263,6.19,6.125784,6.371711,6.414238,6.0968394,6.044571487586267,6.582000000000001,6.090156910282756,6.076490469310357,6.675000000000001,6.627956426539156,6.675000000000051,6.242087326187705,6.6081853,6.714671674164482,6.536718501824429,6.4612126
CHEMBL1630263,7.16,6.125784,6.371711,6.414238,6.0968394,6.044571487586267,6.582000000000001,6.090156910282756,6.076490469310357,6.675000000000001,6.627956426539156,6.675000000000051,6.242087326187705,6.6081853,6.714671674164482,6.536718501824429,6.4612126
CHEMBL1630267,6.03,5.475731,6.371711,6.217731,5.5180097,5.513243857899765,6.132000000000001,5.443617479028571,5.5826888195794595,6.005454545454546,6.021901045041818,6.005454545454541,5.448286081738263,5.98881,5.982449368466933,6.129395211442792,5.5422955
CHEMBL1630267,6.96,5.475731,6.371711,6.217731,5.5180097,5.513243857899765,6.132000000000001,5.443617479028571,5.5826888195794595,6.005454545454546,6.021901045041818,6.005454545454541,5.448286081738263,5.98881,5.982449368466933,6.129395211442792,5.542295
CHEMBL1630274,7.51,5.475731,6.371711,6.217731,5.5180097,5.513243857899765,6.132000000000001,5.443617479028571,5.5826888195794595,6.005454545454546,6.021901045041818,6.005454545454541,5.448286081738263,5.98881,5.982449368466933,6.129395211442792,5.542295
CHEMBL1630274,8.47,5.475731,6.371711,6.217731,5.5180097,5.513243857899765,6.132000000000001,5.443617479028571,5.5826888195794595,6.005454545454546,6.021901045041818,6.005454545454541,5.448286081738263,5.98881,5.982449368466933,6.129395211442792,5.542295
CHEMBL1630278,5.26,7.0287175,6.371711,6.414238,6.9802437,6.969600362728736,7.786000000000001,7.269896924314677,7.107405904869779,7.190526315789474,7.1684918034182505,7.190526315789512,7.384130724820195,7.196682,7.196824280414209,7.193265811105518,7.530754
CHEMBL1630911,5.16,6.133251,6.371711,6.231967,6.1484857,6.2806112037043205,6.0473333333333334,5.900195126760851,6.09431228311044,6.496666666666667,6.436498325637326,6.496666666666585,5.868389383811064,6.3362727,6.243166946447611,6.603966219988835,5.9630294
CHEMBL1630911,6.0,6.133251,6.371711,6.231967,6.1484857,6.2806112037043205,6.0473333333333334,5.900195126760851,6.09431228311044,6.496666666666667,6.436498325637326,6.496666666666585,5.868389383811064,6.3362727,6.243166946447611,6.603966219988835,5.9630294
CHEMBL163420,7.03,7.1031985,6.5704436,6.734324,6.9884005,7.122340644610973,7.699000000000001,7.101543408982783,6.749278465595239,7.661249999999999,7.5812087862554165,7.661250000000079,7.215989407784659,7.52264,7.271947834128772,6.823635802469133,6.7450023
CHEMBL165925,5.0,6.0187407,6.371711,6.392141,6.0151753,6.037952577053575,6.7620000000000005,5.783292423815148,5.952973161596162,6.72,6.131285738190178,5.873584000000015,6.2446545947378285,6.575244,6.678824078246797,6.410575533661722,6.0597034
CHEMBL1672974,10.0,8.248522,6.5993843,6.9278193,8.166647,8.088662486198954,7.7379999999999995,8.293167152490112,8.112960131970667,9.12,9.134149166666612,9.119999999999916,8.523615204285669,9.277355,9.240619623570534,8.420110192837468,8.903331
CHEMBL1672975,10.3,8.464031,6.5993843,7.003157,8.410113,8.364431891975904,9.714,8.94704224532843,8.49775968401309,10.74,10.304072666666581,10.739999999999869,9.290495656210144,10.608066,10.387958825529513,8.420110192837468,9.735653
CHEMBL1672976,9.68,8.248522,6.5993843,6.9278193,8.166647,8.088662486198954,7.7379999999999995,8.293167152490112,8.112960131970667,9.12,9.134149166666612,9.119999999999916,8.523615204285669,9.277355,9.240619623570534,8.420110192837468,8.903331
CHEMBL1688890,6.89,6.6849737,6.422496,6.4647503,6.6732183,6.658904951251108,6.878,6.905422932076882,6.810903796859748,6.75,6.801137333333333,6.75,7.06803922932631,6.8404875,6.915348704768982,6.5365096153846425,7.478423
CHEMBL1688891,6.95,6.332828,6.422496,6.4647503,6.3105,6.351483844579162,6.92,6.901546061704845,6.52048426294111,6.77,6.786475666666669,6.769999999999984,7.004209850785581,6.94105,7.0043544151386525,6.5365096153846425,7.189518
CHEMBL1688896,6.57,6.332828,6.422496,6.4647503,6.3105,6.351483844579162,6.92,6.901546061704845,6.52048426294111,6.77,6.786475666666669,6.769999999999984,7.004209850785581,6.94105,7.0043544151386525,6.5365096153846425,7.189518
CHEMBL1688899,6.32,5.9157677,6.422496,6.389412,5.9063716,5.868870798177667,6.7219999999999995,6.5800567571336925,6.225443380640172,6.68,6.652056666666645,6.679999999999949,6.260680748289463,6.5800242,6.602098049993632,6.5365096153846425,6.3695893
CHEMBL1688905,6.16,6.344907,6.422496,6.411509,6.326133,6.293540525551549,6.789666666666667,6.579731924333863,6.430344104138641,6.6625,6.797133785714284,6.662499999999942,6.324065594461652,6.7374907,6.740930425211241,6.410575533661722,6.5575185
CHEMBL1688917,6.27,6.9644804,6.422496,6.486847,6.9138813,6.823558071524686,6.632,7.644659292940289,7.169632464897106,7.3133333333333335,7.184792833333337,7.2850666666667445,8.192285986538723,7.3860135,7.584732476678853,6.5365096153846425,7.850675
CHEMBL1689258,4.49,4.415514,6.3427696,5.9772444,4.5882454,4.759790044211135,5.410000000000001,4.610208721058484,4.899341222052797,4.54,4.743238616161614,4.539999999999974,4.7080595546933335,4.544268,4.564228526486492,6.129395211442792,4.2983036
CHEMBL174407,6.38,6.5436845,6.37323,6.3063917,6.6025586,6.8094531743034254,7.333333333333333,6.973934200220265,6.6302822406646555,6.84,6.975140380952411,6.840000000000037,6.976653697457591,6.9274454,6.951425837647436,6.564715824665681,6.9944243
CHEMBL174407,7.3,6.5436845,6.37323,6.3063917,6.6025586,6.8094531743034254,7.333333333333333,6.973934200220265,6.6302822406646555,6.84,6.975140380952411,6.840000000000037,6.976653697457591,6.9274454,6.951425837647436,6.564715824665681,6.9944243
CHEMBL174579,7.0,6.156755,6.420976,6.506199,6.1930485,6.236055472687537,7.252,6.6453841460395315,6.305480933430829,7.57,7.293806227272762,7.570000000000063,6.509333445840351,7.359731,7.279197646840265,6.603966219988835,6.8807364
CHEMBL174909,7.206666666666667,6.4044046,6.37323,6.3063917,6.45696,6.608934082233885,7.481333333333334,7.106488793905687,6.54452102120851,8.013333333333334,7.866849912698408,8.013333333333323,7.172963770121426,7.8755226,7.761059213589794,6.564715824665681,7.4408374
CHEMBL174909,8.82,6.4044046,6.37323,6.3063917,6.45696,6.608934082233885,7.481333333333334,7.106488793905687,6.54452102120851,8.013333333333334,7.866849912698408,8.013333333333323,7.172963770121426,7.8755226,7.761059213589794,6.564715824665681,7.4408374
CHEMBL175609,5.43,5.882869,6.3427696,6.1737514,5.9336944,5.902737160820999,5.6240000000000006,5.7640732680758795,5.898796713740495,5.6240000000000006,5.6082223036408045,5.623999999999959,5.745248534328799,5.682974,5.628358393082929,6.564715824665681,5.5852737
CHEMBL175799,5.7,6.0995035,6.3427696,6.2490892,6.130355,6.037134726068536,5.91,5.952365780929923,6.066302212006065,5.91,5.922974906204905,5.90999999999998,6.027208184428501,5.908567,5.8900110070031495,6.564715824665681,5.744063
CHEMBL176098,5.4,5.568156,6.164466,5.942405,5.610484,5.607760258474958,5.662000000000001,5.849952966190257,5.684154041428144,6.016666666666667,6.001523968253963,6.016666666666726,5.656147982990873,5.905707,5.864916445222051,5.8045136904761865,5.745545
CHEMBL176609,5.37,5.882869,6.3427696,6.1737514,5.9336944,5.902737160820999,5.6240000000000006,5.7640732680758795,5.898796713740495,5.6240000000000006,5.6082223036408045,5.623999999999959,5.745248534328799,5.682974,5.628358393082929,6.564715824665681,5.5852737
CHEMBL176886,5.12,5.9453297,6.3427696,6.1516542,6.0289927,5.975026809624841,5.344,5.538104585276177,5.972049739427703,5.15,5.3885948431372865,5.150000000000048,5.692176237961549,5.2108507,5.357518635318922,6.536718501824429,5.364266
CHEMBL177692,6.48,6.5168257,6.420976,6.506199,6.529294,6.545035876616148,7.252000000000001,7.033779398605569,6.606596280466974,7.41,7.214457999999978,7.409999999999955,7.154999257254962,7.2670193,7.298366856314832,6.603966219988835,7.185306
CHEMBL178036,6.89,5.9412465,6.420976,6.430861,5.9495826,5.9602860669105855,6.825999999999999,6.47739758332504,6.09702809995342,6.02,6.217594333333318,6.019999999999984,6.346524969491747,6.6086655,6.645406701500139,6.603966219988835,6.632571
CHEMBL1783178,6.949999999999999,6.485119,6.5704436,6.775827,6.651641,6.844285187206992,7.422999999999999,7.175261288482114,6.830904684002832,6.94,7.155507595238102,6.940000000000047,6.922233340233325,7.3932996,7.699814718023891,6.92820945945946,7.76023
CHEMBL1784789,6.92,5.309097,6.422496,6.2523336,5.4348135,5.486873550969789,6.854000000000001,6.2070560845213825,5.776377896549064,6.75,6.536627904761894,6.553720000000022,6.244130821456486,7.219336,6.67350261650846,6.368739985693844,5.4694743
CHEMBL1784791,7.23,6.280932,6.422496,6.389412,6.2384043,6.548721526978803,5.9,5.472254158055061,5.927754280092017,6.86,5.994124396825393,6.860000000000024,6.131169025981752,6.3513064,5.602180813318664,6.603966219988835,6.1820846
CHEMBL1784793,6.0,4.720649,6.422496,6.2523336,4.900738,5.029329087714913,5.542,5.4160218869581955,5.299546086398777,4.97,5.701861400793652,5.634599999999979,5.20390631321671,5.4870496,5.9223211863011604,6.410575533661722,4.3434176
CHEMBL1784794,4.97,6.3787227,6.4514365,6.5492654,6.303473,6.311074316282599,7.708500000000001,5.482300490665827,5.823133566348574,4.82,5.679084666666669,4.96568000000001,5.109907082676815,5.2466536,5.316059892006308,6.5365096153846425,5.0738134
CHEMBL1784804,7.1,7.1675544,6.422496,6.389412,6.917062,7.2160794489926365,7.57,6.74155448560208,6.553084886077471,7.32,6.66721600000001,7.303560000000031,7.154437641070736,6.6488695,6.682135989338958,6.410575533661722,6.6861725
CHEMBL1784805,7.18,6.1475286,6.422496,6.389412,6.012134,6.257562560483683,7.556,6.533298780145527,6.093141599740747,7.89,6.72616758730159,7.637860000000016,6.612175936655615,6.1520505,6.42335915635549,6.368739985693844,5.9003625
CHEMBL1784807,7.21,6.1968694,6.4514365,6.426423,6.252987,6.226546986392961,6.484,6.807089671851982,6.5037094725059745,6.12,6.577757333333327,6.559460000000027,6.5063739803289895,6.671546,6.644499105127296,6.410575533661722,6.312989
CHEMBL1784808,6.36,5.9953685,6.4514365,6.426423,6.2359047,6.219592829416641,7.023999999999999,6.850237356047085,6.5041120279861815,6.12,6.703028885281384,6.559600000000029,6.8574428595679295,7.114965,6.8692156913898526,6.368739985693844,6.646667
CHEMBL179149,4.89,5.5239234,6.3427696,6.1737514,5.5506434,5.4523849163629725,5.498,5.429457633947997,5.624891368764807,5.436666666666667,5.454392746031744,5.436666666666647,5.511491524262656,5.42145,5.374901429840479,6.564715824665681,5.347469
CHEMBL1824748,4.96,6.099916,6.5993843,6.905722,6.2855573,6.096555341752364,4.884,5.435877705042127,6.3453175005436435,5.33,5.281857666666638,5.329999999999963,5.100426417536933,5.255069,5.113115740968571,6.773523489932888,5.0764155
CHEMBL1824752,4.96,6.250334,6.5993843,6.905722,6.3950305,6.271110611275006,4.805999999999999,5.5666158325523805,6.415975416863233,5.33,5.299622666666645,5.329999999999963,5.327296010234187,5.297003,5.2745292620658875,6.773523489932888,5.7165504
CHEMBL1824753,4.92,6.2405477,6.5993843,6.905722,6.444234,6.481592537582738,4.970000000000001,5.901917676698809,6.567872323682749,5.33,5.336329333333324,5.329999999999963,5.636263866937643,5.4245577,5.3038557106191355,6.773523489932888,5.39066
CHEMBL1824754,4.88,6.1412234,6.5993843,6.905722,6.276946,6.135535726416772,4.83,5.292458322961259,6.256246708157491,5.33,5.195503333333317,5.329999999999963,5.03103153634087,4.8772016,4.854138733062797,6.773523489932888,5.0881953
CHEMBL1824757,4.83,5.37399,6.4514365,6.5635014,5.4462442,5.205224004842334,4.926,4.741463037776384,5.3391131976015345,4.79,4.832761142857126,4.789999999999973,4.997425138624676,4.8467283,4.800963373199617,6.603966219988835,4.657505
CHEMBL1824760,4.86,5.9197297,6.4514365,6.5635014,5.89333,5.755734747519592,5.005999999999999,5.077449549473764,5.752004840325242,6.6850000000000005,5.009562,6.684999999999954,5.268868866172472,4.7535357,4.381254119027355,6.679547733654224,4.2410426
CHEMBL1824764,4.79,6.099916,6.5993843,6.905722,6.2855573,6.096555341752364,4.884,5.435877705042127,6.3453175005436435,5.33,5.281857666666638,5.329999999999963,5.100426417536933,5.255069,5.113115740968571,6.773523489932888,5.0764146
CHEMBL1824765,4.93,6.2859325,6.4514365,6.5414042,6.2172785,6.066199222663084,5.15,5.750394479971815,6.293554704861734,4.82,5.815918999999978,4.670880000000002,5.687838847728092,5.4782743,5.238363744433758,6.603966219988835,5.2569833
CHEMBL1835547,4.96,5.51763,6.371711,6.302648,5.5495133,5.438464734264403,5.42,4.87571455149066,5.494438605602426,4.82,5.0057127029114685,4.7924800000000065,5.281554061039967,4.739981,4.6071185755719,6.198582214765096,5.472318
CHEMBL184749,6.21,6.183933,6.164466,5.942405,6.1289387,6.151877812503048,6.45,6.535742643758485,6.19936140753714,5.44,5.804639761904799,5.440000000000044,6.407331535801284,5.6423154,6.084380597568733,5.8498682336182295,6.856322
CHEMBL187068,6.66,6.241677,6.164466,5.942405,6.1239614,6.2960531958170725,6.148,6.479834471633442,6.144899439148432,6.62,6.5474241428571025,6.619999999999926,6.2947410934398915,6.5606813,6.437898806346142,5.686725665266102,6.5974565
CHEMBL187068,6.58,6.241677,6.164466,5.942405,6.1239614,6.2960531958170725,6.148,6.479834471633442,6.144899439148432,6.62,6.5474241428571025,6.619999999999926,6.2947410934398915,6.5606813,6.437898806346142,5.686725665266102,6.5974565
CHEMBL188664,6.68,5.7112455,6.164466,5.9203086,5.6203914,5.621547729862192,6.674000000000001,6.451344766100923,5.780646605383097,6.803333333333334,6.758207214285711,6.803333333333293,6.220442652819565,6.796375,6.736753065995454,5.686725665266102,6.743341
CHEMBL188664,6.66,5.7112455,6.164466,5.9203086,5.6203914,5.621547729862192,6.674000000000001,6.451344766100923,5.780646605383097,6.803333333333334,6.758207214285711,6.803333333333293,6.220442652819565,6.796375,6.736753065995454,5.686725665266102,6.743341
CHEMBL1915176,4.14,5.0972395,6.37323,6.1656246,5.0839324,5.147407285397632,4.588000000000001,4.459543982835029,5.108252943943654,4.19,4.976433333333346,4.276060000000038,4.298785562546212,4.298531,4.460488727591939,6.368739985693844,4.368107
CHEMBL1915401,4.24,5.229844,6.37323,6.1656246,5.2194815,5.277028955398301,4.4159999999999995,4.767717862924532,5.323415745815922,4.19,4.8841906153846155,4.531220000000028,4.841496790679248,4.687024,4.551519461619793,6.129395211442792,4.304687
CHEMBL1933692,6.0,5.602891,6.4514365,6.5635014,5.746328,5.492014617735814,6.109999999999999,5.596532493573435,5.821738419259873,5.64,5.904568650793656,5.463593333333321,5.735800791884428,6.1294565,6.129388384137833,6.564715824665681,5.7666974
CHEMBL1933701,6.6,5.8305345,6.4514365,6.5635014,5.8862863,5.778602556585016,6.764,6.265623200467309,6.074393308085575,7.21,6.958630619047634,7.210000000000029,6.39080285619778,6.9273057,6.893544069061856,6.564715824665681,6.9243026
CHEMBL194641,6.65,5.29387,6.371711,6.3257437,5.4392047,5.418791216111885,6.732000000000001,5.961099851099673,5.975351269146444,6.446666666666665,6.435062763948471,6.446666666666706,6.059795171003471,6.3849983,6.261771947993608,6.679547733654224,6.3594327
CHEMBL194641,7.3,5.29387,6.371711,6.3257437,5.4392047,5.418791216111885,6.732000000000001,5.961099851099673,5.975351269146444,6.446666666666665,6.435062763948471,6.446666666666706,6.059795171003471,6.3849983,6.261771947993608,6.679547733654224,6.3594327
CHEMBL1955869,7.03,6.9121833,6.521178,6.7043524,6.913167,7.0000845812717865,6.1193333333333335,6.523408225903122,6.9223967016355346,8.296666666666665,7.429562250000005,8.097833333333298,7.207739367895189,6.4218774,6.488030881641514,6.888942550505051,6.5103793
CHEMBL1957208,5.17,5.59925,6.3920355,6.354207,5.7367954,5.686109725582243,5.794,5.828502458306072,5.962467507725563,5.555,5.60314150000002,5.554999999999972,5.3505741712996775,5.5550365,5.427208123374128,6.773523489932888,5.5260262
CHEMBL1957208,5.94,5.59925,6.3920355,6.354207,5.7367954,5.686109725582243,5.794,5.828502458306072,5.962467507725563,5.555,5.60314150000002,5.554999999999972,5.3505741712996775,5.5550365,5.427208123374128,6.773523489932888,5.5260262
CHEMBL1957213,4.75,6.267229,6.3427696,6.1737514,6.2257676,6.261666344592776,5.482,5.755208905831667,6.231821161813002,4.785,4.941020928571433,4.78500000000001,6.078819304582378,4.9989147,5.4287598142595535,6.882283304076444,5.682425
CHEMBL1957213,4.82,6.267229,6.3427696,6.1737514,6.2257676,6.261666344592776,5.482,5.755208905831667,6.231821161813002,4.785,4.941020928571433,4.78500000000001,6.078819304582378,4.9989147,5.4287598142595535,6.882283304076444,5.682425
CHEMBL1957215,4.95,6.5050592,6.3427696,6.1737514,6.4968762,6.498124352577239,5.223999999999999,5.75013229316699,6.4677697952937905,5.27,5.344032166666663,5.2699999999999845,6.190866604644343,5.233932,5.4822860096208545,6.88603402039008,5.7957263
CHEMBL1957215,5.59,6.5050592,6.3427696,6.1737514,6.4968762,6.498124352577239,5.223999999999999,5.75013229316699,6.4677697952937905,5.27,5.344032166666663,5.2699999999999845,6.190866604644343,5.233932,5.4822860096208545,6.88603402039008,5.7957263
CHEMBL1957217,7.64,6.271537,6.3427696,6.1737514,6.2652955,6.382373141732948,7.468000000000001,6.330400954174673,6.316047998768269,7.261666666666667,7.2337515179265175,7.261666666666738,7.012694172499319,7.243859,7.172595393390037,6.882283304076444,7.286217
CHEMBL1957217,9.19,6.271537,6.3427696,6.1737514,6.2652955,6.382373141732948,7.468000000000001,6.330400954174673,6.316047998768269,7.261666666666667,7.2337515179265175,7.261666666666738,7.012694172499319,7.243859,7.172595393390037,6.882283304076444,7.286217
CHEMBL1957221,5.98,6.271537,6.3427696,6.1737514,6.2652955,6.382373141732948,7.468000000000001,6.330400954174673,6.316047998768269,7.261666666666667,7.2337515179265175,7.261666666666738,7.012694172499319,7.243859,7.172595393390037,6.882283304076444,7.286217
CHEMBL1957221,7.08,6.271537,6.3427696,6.1737514,6.2652955,6.382373141732948,7.468000000000001,6.330400954174673,6.316047998768269,7.261666666666667,7.2337515179265175,7.261666666666738,7.012694172499319,7.243859,7.172595393390037,6.882283304076444,7.286217
CHEMBL1957222,5.87,6.3339977,6.3427696,6.1516542,6.360594,6.45466279053679,7.356,6.039013286524797,6.3317195409812115,6.4350000000000005,6.478266319624792,6.434999999999954,6.312986223650912,6.4423394,6.429518236535503,6.773523489932888,6.310642
CHEMBL1957222,7.0,6.3339977,6.3427696,6.1516542,6.360594,6.45466279053679,7.356,6.039013286524797,6.3317195409812115,6.4350000000000005,6.478266319624792,6.434999999999954,6.312986223650912,6.4423394,6.429518236535503,6.773523489932888,6.3106422
CHEMBL1997442,7.0,5.974431,6.3427696,6.036673,6.0513883,5.989870593933912,5.171333333333333,5.640368048575592,5.824027214574684,7.28,5.5881988737373725,5.608440000000008,5.490000702926802,5.431311,5.4447452901343,6.410575533661722,4.67372
CHEMBL2011180,6.58,5.4664044,6.164466,5.9203086,5.398636,5.348080591362213,4.396000000000001,4.7203522530671895,5.268289503355518,4.255,4.279576952380959,4.255000000000055,4.800086621010621,4.2534947,4.2977585191615395,5.6280709851911075,4.404076
CHEMBL2011186,4.800000000000001,5.244607,6.164466,5.9203086,5.2962403,5.244717969826797,5.122,5.353382403607094,5.475111178898246,6.1,5.519685285714277,6.37607999999995,5.259625371413441,5.422104,5.491793769380701,5.767428571428573,5.0607
CHEMBL2011190,4.21,6.070768,6.164466,5.9203086,6.049568,6.033526995279799,4.548,4.736542706610802,5.639941833791255,4.96,4.741962361471863,4.875760000000015,4.353776124638185,4.477284,4.479965562378833,5.686725665266102,4.7589846
CHEMBL203981,7.58,6.777931,6.4514365,6.6388392,6.7050667,6.711155708965412,7.614999999999999,7.497260460639946,6.843711881449167,7.11,7.460163595238094,7.310680000000053,7.169773065015202,7.4884944,7.4475620797464535,6.704272717755465,7.527421
CHEMBL204501,5.92,5.8703046,6.223867,6.1403427,5.714526,5.650185895655333,5.806,5.8762993471392555,5.714464268167745,6.17,5.799493404761913,6.033000000000042,5.733067944391589,5.8560023,5.70750960636003,5.8045136904761865,6.6866117
CHEMBL205503,5.82,5.5893145,6.164466,5.942405,5.4754834,5.470206634204124,5.2219999999999995,5.2399790311009244,5.560429874342859,5.22,5.396342287878775,5.256879999999982,5.2278166166392115,5.0508313,5.380366541231304,5.780882440476191,5.2235074
CHEMBL206070,5.45,5.2029486,6.164466,5.942405,5.1387277,5.0773890841594005,5.488,5.471919488323037,5.36066237840177,5.75,5.672813999999995,5.75,5.563465982208301,5.505406,5.592945081284902,5.8045136904761865,5.693352
CHEMBL2096873,5.55,5.7832294,6.164466,6.0177436,5.8189526,5.797669268697696,5.600499999999999,5.754932589563901,5.819648481532511,5.92625,5.867135053571454,5.9262499999999845,5.634761413350373,5.8503284,5.669988425398487,5.8498682336182295,5.9950356
CHEMBL2105261,6.625,6.535431,6.371711,6.414238,6.5367904,6.527596554691028,7.186666666666667,6.4362650139948645,6.535545367736603,6.901190476190476,6.893682840002591,6.901190476190522,6.435176550742124,6.789507,6.723878828103966,6.679547733654224,6.567269
CHEMBL2105261,8.143333333333333,6.535431,6.371711,6.414238,6.5367904,6.527596554691028,7.186666666666667,6.4362650139948645,6.535545367736603,6.901190476190476,6.893682840002591,6.901190476190522,6.435176550742124,6.789507,6.723878828103966,6.679547733654224,6.567269
CHEMBL2113524,5.57,6.1817336,6.371711,6.414238,6.3565536,6.263763926435986,6.694,6.206562861613164,6.394704119672696,4.4,5.354504473349156,4.400000000000041,5.356226792257303,5.524335,5.643971767406972,6.679547733654224,5.050078
CHEMBL2113619,5.43,6.5935483,6.5196586,6.778556,6.893936,7.0299184214949335,6.756,6.669850351083217,6.962539381456139,6.1,6.025879904761874,6.0999999999999455,6.000922081347057,6.0885944,5.9761624913163,6.679547733654224,5.8384395
CHEMBL2113619,6.77,6.5935483,6.5196586,6.778556,6.893936,7.0299184214949335,6.756,6.669850351083217,6.962539381456139,6.1,6.025879904761874,6.0999999999999455,6.000922081347057,6.0885944,5.9761624913163,6.679547733654224,5.8384395
CHEMBL213588,7.35,6.6378593,6.422496,6.411509,6.6083183,6.565777249001471,6.538000000000001,7.051624286609268,6.6440654998083915,7.83,6.760249380952369,7.8409199999999535,6.822863881074105,7.191981,6.6992141566313235,6.410575533661722,7.0672793
CHEMBL2163646,7.37,6.738956,6.422496,6.411509,6.764394,6.9552110988337805,6.647333333333333,7.0552025906510885,6.716997208966902,6.64,6.9692464444444315,6.639999999999978,6.847732351110572,7.3814893,7.217032959626315,6.564715824665681,6.45403
CHEMBL2165316,6.31,5.62392,6.164466,5.7601347,5.551318,5.59013840085148,6.786,6.075529811606054,5.659558500259763,5.18,6.053502552910052,5.927219999999993,6.431326353805193,6.3365545,6.399889765653623,5.686725665266102,5.8711724
CHEMBL2165320,7.46,5.3934207,6.164466,5.7601347,5.3115373,5.300140854915323,6.215999999999999,6.1952591682190725,5.521322431755095,6.35,6.100441378306879,5.927900000000005,6.240940338131613,6.3798103,6.409956362047913,5.686725665266102,5.7530293
CHEMBL2179107,5.745,6.495365,6.371711,6.414238,6.46445,6.3934847145026215,6.2299999999999995,6.394993965357317,6.386999318171547,6.3999999999999995,6.408128695165934,6.400000000000056,6.6609060067413814,6.4287105,6.3695180696038705,6.842379356568384,6.5773797
CHEMBL2179111,7.08,6.557826,6.371711,6.392141,6.559748,6.465774363306462,6.5200000000000005,6.199586192773122,6.43305031127467,6.34,6.337132264482293,6.340000000000028,6.244606153182554,6.316673,6.263374750020836,6.842379356568384,6.284388
CHEMBL2179113,5.66,6.557826,6.371711,6.392141,6.559748,6.465774363306462,6.5200000000000005,6.199586192773122,6.43305031127467,6.34,6.337132264482293,6.340000000000028,6.244606153182554,6.316673,6.263374750020836,6.842379356568384,6.284388
CHEMBL2179114,7.7,6.127139,6.371711,6.3690453,6.1348996,6.293175473809992,5.282,5.230491237505587,5.85165749630184,4.365,5.315453236149477,4.425020000000022,5.323117305778098,5.4733477,5.587815451490432,6.23667602996256,4.7747083
CHEMBL220886,6.43,5.8524494,6.223867,6.1403427,5.7076364,5.521455515373758,5.65,5.480830976090349,5.601322328266733,5.13,5.569937698412715,5.272130000000014,5.626686031168786,4.997196,5.294242046692756,5.8045136904761865,6.115046
CHEMBL222260,5.63,6.0923977,6.223867,6.163438,6.035856,5.9445684742016764,6.018,5.882492407376224,5.975342609764496,5.55,6.078370238095237,5.875000000000003,5.841777711051417,5.818052,5.7070889465699315,6.165837887067393,6.41367
CHEMBL223109,6.4,5.8526754,6.223867,6.1403427,5.756301,5.625475546300135,5.837999999999999,5.654610875738063,5.741838575411791,5.67,5.580677000000025,5.67000000000004,5.5786767767809025,5.479168,5.352958395139778,5.858371710526313,5.710073
CHEMBL223161,5.66,5.874824,6.223867,6.1403427,5.775836,5.673226978851736,5.672,5.445370500007781,5.635696145238526,5.24,5.381375714285693,5.2399999999999585,5.499401185850067,5.32224,5.308405035278149,5.858371710526313,5.371898
CHEMBL223368,6.48,5.722536,6.223867,6.163438,5.6849437,5.631568755712857,6.018,6.106568053160843,5.839013565917327,6.19,6.272696047619076,6.190000000000045,6.14094645498711,6.36464,6.472149435542726,6.165837887067393,6.674684
CHEMBL2235950,6.26,5.9393015,6.4514365,6.5414042,6.0228996,6.125573615880102,6.104,5.770129468900162,6.175806065249901,5.87,5.915239888888845,5.869999999999931,6.10374631096636,5.85347,5.841429347619698,6.410575533661722,5.8662295
CHEMBL2235953,6.16,6.31965,6.4514365,6.5414042,6.3619547,6.46437831736849,5.404,6.060235797863003,6.401617318412519,5.96,6.091560222222234,5.960000000000028,6.264964312037777,6.0833206,6.053891666410958,6.564715824665681,6.0201693
CHEMBL223607,5.43,6.6782603,6.422496,6.411509,6.670059,6.732735840284865,5.838,6.082418116669147,6.550449421910741,4.5,5.253948259920632,4.501359999999999,5.751560224787582,5.292608,5.080108967740768,6.564715824665681,5.2263665
CHEMBL224037,6.33,6.0923977,6.223867,6.163438,6.035856,5.9445684742016764,6.018,5.882492407376224,5.975342609764496,5.55,6.078370238095237,5.875000000000003,5.841777711051417,5.818052,5.7070889465699315,6.165837887067393,6.41367
CHEMBL225178,6.12,5.5869823,6.422496,6.389412,5.6476893,5.680443840460887,5.642000000000001,5.607116823401329,5.839361689747832,4.5,4.756598666666667,4.5,5.335384216351423,4.5369735,4.551953165724583,6.368739985693844,4.9587226
CHEMBL225360,6.83,6.6047935,6.5993843,6.9278193,6.671652,6.472466490020427,6.848000000000001,6.864220682497758,6.76184984690353,7.02,6.823699309523798,7.019999999999984,5.989784176586881,6.980747,6.196922252522019,6.773523489932888,6.4197016
CHEMBL225499,6.82,6.109394,6.422496,6.389412,6.093507,6.074155141545544,6.838666666666667,6.414816653122566,6.227942342493904,6.19,6.74809542857144,6.207280000000033,6.3686879505696625,6.6221375,6.740819152424815,6.5365096153846425,6.4721723
CHEMBL226893,8.41,8.422724,6.5993843,7.003157,8.418724,8.325451507311497,9.032,8.926931005304743,8.595751217691287,8.84,8.879823333333366,8.840000000000062,9.148596002631805,8.968888,9.134290284991561,8.420110192837468,9.328085
CHEMBL229635,5.43,5.2435174,6.164466,5.942405,5.2742352,5.240416870295195,5.0600000000000005,5.145879664670193,5.398963951084724,5.1,5.171140000000006,5.099999999999952,4.983944786194158,4.9400787,5.0692189288659035,5.686725665266102,5.1516104
CHEMBL2299368,6.1,5.0133524,6.2731323,6.1056952,5.6601744,5.617247262058544,5.609999999999999,6.128506494062357,5.891581737553295,5.994999999999999,5.846247133333313,5.99499999999993,5.803612769080871,6.279818,6.026374470839801,5.780882440476191,5.7895694
CHEMBL2311178,6.35,6.4571466,6.371711,6.414238,6.4701896,6.463186849006137,6.809599999999999,6.3918254232089575,6.569734757337358,6.620821428571427,6.616712542147719,6.620821428571483,6.551548758761073,6.5686865,6.578286248945932,6.679547733654224,6.557009
CHEMBL2311178,7.675,6.4571466,6.371711,6.414238,6.4701896,6.463186849006137,6.809599999999999,6.3918254232089575,6.569734757337358,6.620821428571427,6.616712542147719,6.620821428571483,6.551548758761073,6.5686865,6.578286248945932,6.679547733654224,6.557009
CHEMBL2312950,5.82,6.848102,6.37323,6.264889,6.781134,6.847978204653033,6.403999999999999,6.459978720832754,6.554327819280118,7.5,7.104716111111123,7.5,6.51705437850984,7.035543,6.804436302075407,6.564715824665681,6.4064727
CHEMBL2312954,6.06,6.6976843,6.37323,6.264889,6.6716604,6.673422935130391,6.290000000000001,6.497532444727836,6.513333625723519,6.4,6.416355714285758,6.400000000000056,6.524431054415781,6.4604335,6.4359902786659795,6.564715824665681,6.337108
CHEMBL2312958,7.13,6.9211183,6.37323,6.3402267,6.8886538,6.950751638164009,6.706,6.803813453679883,6.636595161976146,6.895,6.854865547619044,6.894999999999984,6.755453580137458,6.8360147,6.883630709782451,6.564715824665681,6.4953656
CHEMBL2312960,7.72,7.2732635,6.37323,6.3402267,7.2513723,7.258172744835954,6.8100000000000005,6.908682984713057,6.927401774899721,6.5649999999999995,6.629872880952391,6.565000000000046,6.753343146813259,6.5446477,6.708888935104234,6.564715824665681,6.2777386
CHEMBL2333327,6.34,6.8866105,6.422496,6.486847,6.975299,7.04502791853115,6.380000000000001,6.6145407766789415,6.899482461946576,6.32,6.338586412698436,6.320000000000044,6.613593948206542,6.334167,6.32711247300923,6.603966219988835,6.2331123
CHEMBL2333330,5.71,6.3518043,6.422496,6.389412,6.36739,6.317133229508085,6.547,6.636234362802065,6.456434921245915,8.7,6.579839428571416,8.69999999999992,6.809936172728477,7.0739565,6.899243196820625,6.603966219988835,6.859243
CHEMBL2333337,5.19,6.770506,6.422496,6.411509,6.901579,6.81441154848256,6.462000000000001,6.735415191933874,6.75289761444229,5.74,6.260310253968241,5.7399999999999425,6.257809284115082,6.217198,6.018589392467744,6.603966219988835,6.640054
CHEMBL23484,4.77,5.79944,6.3427696,6.1737514,5.8999953,5.728634544873028,5.0840000000000005,4.970909359924648,5.6562040961679685,4.82,5.25719477777777,4.820000000000007,5.646692092486072,5.4483976,5.269884700994852,6.5365096153846425,4.636866
CHEMBL24037,6.29,7.1109214,6.371711,6.414238,7.0856647,7.101058634043934,7.072,6.995058615355267,7.092339352157069,7.198131313131311,7.196940552209229,7.1981313131313716,7.192188498537682,7.1975064,7.196736661047085,6.964564233163563,7.1152644
CHEMBL24037,8.06,7.1109214,6.371711,6.414238,7.0856647,7.101058634043934,7.072,6.995058615355267,7.092339352157069,7.198131313131311,7.196940552209229,7.1981313131313716,7.192188498537682,7.1975064,7.196736661047085,6.964564233163563,7.1152644
CHEMBL241993,7.0,5.466531,6.371711,6.151334,5.50321,5.512268051110389,5.496,4.99122914627759,5.553543007241345,5.7325,5.718897253246752,5.73250000000004,5.3332167373001615,5.6622114,5.6821622646789045,5.686725665266102,5.457484
CHEMBL24233,5.92,5.413882,6.164466,5.942405,5.364371,5.273727968908955,5.5280000000000005,5.4469092431025405,5.397770291001166,5.71,5.620505238095236,5.710000000000028,5.43625651265846,5.5256233,5.52364574771682,5.8045136904761865,5.503926
CHEMBL2430098,5.13,6.4009976,6.4514365,6.5635014,6.425709,6.419987566879374,5.4239999999999995,5.460748254417333,6.24247473963419,6.01,5.670801833333337,6.010000000000064,5.463702317610778,4.9322414,5.4543897118086875,6.773523489932888,5.151137
CHEMBL2430509,5.1,5.2200313,6.4514365,6.5414042,5.5081606,5.2757243711556105,5.392,5.514602286179582,5.824482233883458,5.03,5.244740000000007,5.16560000000001,5.419276020192064,5.206967,5.249679212891922,6.368739985693844,5.2059894
CHEMBL2430511,5.54,6.2589755,6.4514365,6.5414042,6.0008254,5.92121547047932,5.412,5.498586655847696,5.788656660157031,5.1,5.5172208333333295,5.065559999999985,5.290193852027695,5.2467146,5.156830308710117,6.368739985693844,5.5263033
CHEMBL2431524,4.54,4.9624257,6.371711,6.151334,4.9897947,4.796346585899535,6.404999999999999,5.18521089522703,5.162154609958506,6.5,5.821916873015882,6.5,5.205272232743172,6.0858455,5.985347775588843,6.129395211442792,5.4270883
CHEMBL2431527,4.96,5.4631104,6.371711,6.239828,5.5533633,5.52076682062397,6.281333333333333,5.84000959724139,5.7318192739491565,4.33,5.080414982440972,4.32999999999997,5.654223017633352,5.2721157,5.187114692714368,6.129395211442792,5.298937
CHEMBL24387,5.96,6.4660096,6.371711,6.414238,6.5177774,6.427371910016177,6.806,6.839724665006845,6.708773603045586,6.864285714285715,6.843970559848648,6.864285714285761,7.063057120804365,6.895565,6.9876618978644665,6.964564233163563,6.8678885
CHEMBL24387,7.66,6.4660096,6.371711,6.414238,6.5177774,6.427371910016177,6.806,6.839724665006845,6.708773603045586,6.864285714285715,6.843970559848648,6.864285714285761,7.063057120804365,6.895565,6.9876618978644665,6.964564233163563,6.8678885
CHEMBL243961,8.28,6.358138,6.4514365,6.5635014,6.315577,6.254231530599082,6.6819999999999995,6.064664697167482,6.249177026004489,5.6,6.112209999999959,5.599999999999948,6.387064228114973,6.0375824,6.207147847200785,6.603966219988835,6.2642665
CHEMBL24410,6.5,6.4571466,6.371711,6.414238,6.4701896,6.463186849006137,6.809599999999999,6.3918254232089575,6.569734757337358,6.620821428571427,6.616712542147719,6.620821428571483,6.551548758761073,6.5686865,6.578286248945932,6.679547733654224,6.557009
CHEMBL24410,8.29,6.4571466,6.371711,6.414238,6.4701896,6.463186849006137,6.809599999999999,6.3918254232089575,6.569734757337358,6.620821428571427,6.616712542147719,6.620821428571483,6.551548758761073,6.5686865,6.578286248945932,6.679547733654224,6.557009
CHEMBL2442756,7.94,6.6238723,6.422496,6.411509,6.544815,6.5766924022390425,6.5969999999999995,6.4971537621197815,6.442930448244795,6.98,6.844541333333338,6.995520000000004,6.623926756677285,7.0339913,7.10905993617263,6.704272717755465,6.6180215
CHEMBL2442757,6.34,6.9828176,6.422496,6.411509,6.927866,7.027044646697069,7.316,6.667256621805446,6.743754307315058,7.09,7.0480183888889,7.03538000000002,6.667120195589574,7.312983,7.098439677087704,6.704272717755465,6.8033166
CHEMBL2442762,7.88,6.5907764,6.422496,6.411509,6.5210342,6.73469879111839,6.7379999999999995,5.991298141156994,6.260725593676767,8.28,6.46195833333334,8.280000000000083,5.914020441912534,7.3883343,6.648260835903558,6.679547733654224,6.506661
CHEMBL2442766,6.23,6.0580897,6.3427696,6.2622457,6.2151027,6.074730850429334,5.5473333333333334,5.60868023960149,6.038525801471167,6.786666666666667,6.026005113389521,6.023359999999974,5.522134365037623,5.734876,5.4896155532003466,6.603966219988835,6.183786
CHEMBL2443348,7.7,5.718254,6.4514365,6.616742,5.769058,5.922062862855816,6.824000000000001,6.859814786943564,6.145933425840241,7.0600000000000005,7.066035261904749,7.059999999999953,7.176157284058576,7.033349,6.983260294004175,6.603966219988835,6.9653544
CHEMBL2443355,6.62,6.046043,6.4514365,6.6388392,6.129752,6.054371962361967,6.773999999999999,6.880859783984085,6.520668024500964,6.62,6.657448690476195,6.619999999999926,6.938192918655452,6.6698923,6.781072622314792,6.564715824665681,6.699422
CHEMBL2443358,7.7,5.718254,6.4514365,6.616742,5.769058,5.922062862855816,6.824000000000001,6.859814786943564,6.145933425840241,7.0600000000000005,7.066035261904749,7.059999999999953,7.176157284058576,7.033349,6.983260294004175,6.603966219988835,6.9653544
CHEMBL2443359,6.7,5.911342,6.4514365,6.501761,6.0772495,5.900562959947551,6.544,6.3799904454416545,6.370544834198739,6.48,6.460134142857155,6.480000000000016,5.877000088949804,6.4156327,6.333083184288051,6.679547733654224,6.207892
CHEMBL2443360,6.89,5.9034166,6.4514365,6.501761,6.103722,5.899003662690883,6.544,6.402869309609566,6.456399871851488,6.313333333333333,6.315444880952386,6.3133333333333645,6.2832045863242705,6.370224,6.400014078715396,6.679547733654224,6.266292
CHEMBL2443365,7.1,5.7261796,6.4514365,6.616742,5.7425857,5.923622160112482,6.824000000000001,6.755160685638749,6.0655417483644385,6.8,6.818309095238124,6.800000000000053,6.961814251849833,6.7652397,6.857951261170294,6.603966219988835,6.6747346
CHEMBL24946,6.1,7.1109214,6.371711,6.414238,7.0856647,7.101058634043934,7.072,6.995058615355267,7.092339352157069,7.198131313131311,7.196940552209229,7.1981313131313716,7.192188498537682,7.1975064,7.196736661047085,6.964564233163563,7.1152644
CHEMBL24946,7.92,7.1109214,6.371711,6.414238,7.0856647,7.101058634043934,7.072,6.995058615355267,7.092339352157069,7.198131313131311,7.196940552209229,7.1981313131313716,7.192188498537682,7.1975064,7.196736661047085,6.964564233163563,7.1152644
CHEMBL25473,5.85,6.4660096,6.371711,6.414238,6.5177774,6.427371910016177,6.806,6.839724665006845,6.708773603045586,6.864285714285715,6.843970559848648,6.864285714285761,7.063057120804365,6.895565,6.9876618978644665,6.964564233163563,6.867889
CHEMBL25473,7.51,6.4660096,6.371711,6.414238,6.5177774,6.427371910016177,6.806,6.839724665006845,6.708773603045586,6.864285714285715,6.843970559848648,6.864285714285761,7.063057120804365,6.895565,6.9876618978644665,6.964564233163563,6.867889
CHEMBL255110,5.47,5.2733135,6.164466,5.9281693,5.3314433,5.296494326901527,6.6462,5.710306665712094,5.473508011206718,6.074999999999999,5.812292666666652,6.074999999999963,5.849903701861574,5.737101,5.664885689725746,5.8498682336182295,5.737145
CHEMBL258257,5.86,5.94657,6.3124137,6.3067236,6.0787187,6.250678967765735,6.258,5.709758800007191,5.948197561716313,5.81,5.809326333333305,5.809999999999955,5.716065055634739,5.729938,5.563574868138864,5.8498682336182295,5.527331
CHEMBL266350,7.12,7.1109214,6.371711,6.414238,7.0856647,7.101058634043934,7.072,6.995058615355267,7.092339352157069,7.198131313131311,7.196940552209229,7.1981313131313716,7.192188498537682,7.1975064,7.196736661047085,6.964564233163563,7.1152644
CHEMBL266350,8.1,7.1109214,6.371711,6.414238,7.0856647,7.101058634043934,7.072,6.995058615355267,7.092339352157069,7.198131313131311,7.196940552209229,7.1981313131313716,7.192188498537682,7.1975064,7.196736661047085,6.964564233163563,7.1152644
CHEMBL272339,4.97,5.487824,6.4514365,6.5414042,5.6301737,5.420839332074928,5.346,4.796305973544,5.664356843219238,5.64,5.1514346666666615,5.632639999999994,5.071192548427399,5.1536713,4.937847066760672,6.679547733654224,4.6506915
CHEMBL272456,4.78,6.013576,6.223867,6.163438,5.9697876,5.881170917240325,6.232,5.968974206330306,6.0257934613935475,4.5,5.968816,4.728766666666662,5.884384449875003,5.84317,5.7389214200639245,6.126153846153845,6.516728
CHEMBL27386,6.0,5.632852,6.3427696,5.9993415,5.5847297,5.587611927582771,5.5755,5.4024601119106155,5.5855158160399725,5.563750000000001,5.537960297619048,5.563749999999964,5.306664243664316,5.5109406,5.478289369147484,6.410575533661722,5.351099
CHEMBL274318,4.7625,5.666135,6.164466,5.942405,5.691345,5.695102460920921,6.258,5.430036801185736,5.575578550881161,5.37,5.414723992063446,5.369999999999934,5.379412966065332,5.3980174,5.49831939908866,5.780882440476191,5.438656
CHEMBL27546,7.01,6.756392,6.194926,6.0750456,6.6699877,6.785923411706028,6.870599999999999,7.124994563468231,6.560219841724177,6.96,7.075240000000037,7.0444066666667275,6.8080730016450115,7.5183897,7.112116097355246,5.8789513916369796,7.2575192
CHEMBL27879,6.65,6.089435,6.194926,6.0750456,6.0714254,6.103943648222122,7.2655,7.092571983543523,6.231800822840086,7.156666666666666,7.128010578643588,7.1566666666667205,6.980686537549136,7.235849,7.234192605035525,5.8094675324675285,7.292232
CHEMBL279940,6.12,5.9878936,6.164466,5.91931,5.9822626,5.96592158272722,5.9159999999999995,6.031834507822264,5.924576266231455,5.89,5.966771666666668,5.889999999999992,6.101864819525762,6.0276017,6.137204509188774,5.858371710526313,6.511516
CHEMBL283671,7.11,5.8997827,6.213732,6.089218,5.8938804,5.750638771915293,6.456,6.533854103912843,6.044014992391766,6.71,6.616840000000013,6.710000000000029,6.605660179183958,6.620846,6.476085708200131,6.494893617021276,6.275763
CHEMBL28637,7.18,6.2139606,6.213732,6.089218,6.1775174,6.056751007144603,6.196000000000001,6.185372101338794,6.15106840593684,6.265000000000001,6.232759523809546,6.264999999999985,6.1529694906316195,6.3255453,6.230378190204059,6.494893617021276,6.043101
CHEMBL28669,5.52,4.7652855,6.164466,5.767996,4.7975793,4.757957923430228,5.491999999999999,5.236070127912346,5.17202072389729,5.253095238095239,5.292769688208626,5.268730952380983,5.00621809629164,5.2078195,5.1283563858795365,5.780882440476191,4.892165
CHEMBL28753,5.94,6.1201334,6.213732,6.089218,6.1127825,6.09283650925166,6.196000000000001,6.120940721871679,6.038397571816702,6.28,6.073903333333374,6.2800000000000535,5.791172460153831,5.9537807,6.045106148954793,5.8789513916369796,5.8514533
CHEMBL28800,6.57,6.835508,6.2441916,6.1050177,6.73088,6.616901767122001,5.93,6.249693618001084,6.410111157055056,4.42,5.641888136752141,4.622980000000023,5.944767033872925,6.136245,5.386240155982037,5.8789513916369796,6.03976
CHEMBL288093,4.64,5.5464497,6.3427696,6.1737514,5.6240096,5.574593151171195,5.155333333333334,5.067980306936279,5.583917664995909,5.166666666666667,5.158887309523802,5.16666666666666,5.169420248798697,4.893359,4.851483214096102,6.5365096153846425,4.856304
CHEMBL28971,5.39,6.396636,6.213732,6.089218,6.437745,6.341357855661899,6.428,6.142908709514331,6.340781007720665,6.0,6.158139666666673,6.0,6.298210560912707,5.9541135,6.040429254988008,6.165837887067393,6.076164
CHEMBL289766,5.62,5.239965,6.164466,5.782232,5.1797028,5.168139988232257,5.666,5.485331971944116,5.265627056790208,5.856458333333333,5.860073068940861,5.856458333333316,5.537303920126016,5.7748294,5.750514990927722,5.686725665266102,5.597841
CHEMBL289945,7.26,7.5720706,6.4514365,6.6388392,7.5115004,7.514547443123641,6.973999999999999,7.175476504267316,7.328070650580798,6.77,6.84338304761903,6.769999999999984,7.119023792524637,6.862452,6.914816900397442,6.773523489932888,6.8274045
CHEMBL29230,6.4,4.9515924,6.164466,5.767996,4.9351945,4.923666034781278,5.846,5.717509670312286,5.288976007152371,5.64,5.709041666666669,5.77258666666665,5.828751192474098,5.8584127,6.014492142227251,5.780882440476191,5.7952714
CHEMBL292899,6.42,6.436303,6.422496,6.411509,6.3748207,6.406997982143959,6.346666666666667,6.600745651510302,6.381266553433008,7.78,6.536021222222229,7.634200000000041,6.749769989045024,6.6112194,6.793878107379691,6.603966219988835,6.657509
CHEMBL29482,8.316,7.2451344,6.5993843,6.9278193,7.173541,7.172012482438209,8.092666666666666,7.54148621429057,7.118500711038934,7.82,7.641889797619063,7.801973333333405,7.490645411590955,7.9403095,7.770591011487679,6.882283304076444,7.279663
CHEMBL297073,6.06,5.9298763,6.371711,6.254064,5.97351,5.877835676639166,5.5120000000000005,5.864769657233608,5.932912791380929,6.04,6.021185857142864,6.039999999999972,5.570915443964792,5.86824,5.757096480289558,6.410575533661722,5.9453692
CHEMBL298172,6.76,5.7597103,6.371711,6.254064,5.8886724,5.8357223559060065,6.656000000000001,5.777298878790859,5.815226388600593,7.96,7.3462453090798165,7.96000000000003,5.700022323963623,7.9955344,7.409750467571951,6.410575533661722,6.054638
CHEMBL300109,6.8,6.436303,6.422496,6.411509,6.3748207,6.406997982143959,6.346666666666667,6.600745651510302,6.381266553433008,7.78,6.536021222222229,7.634200000000041,6.749769989045024,6.6112194,6.793878107379691,6.603966219988835,6.657509
CHEMBL300814,8.06,5.4253626,6.164466,5.9281693,5.4074264,5.256008421633511,5.56,5.387420707349558,5.45788697695113,5.3133333333333335,5.266055352092357,5.313333333333359,5.69639150799185,5.273352,5.290207396628885,5.8498682336182295,5.455487
CHEMBL301106,6.46,6.436303,6.422496,6.411509,6.3748207,6.406997982143959,6.346666666666667,6.600745651510302,6.381266553433008,7.78,6.536021222222229,7.634200000000041,6.749769989045024,6.6112194,6.793878107379691,6.603966219988835,6.657509
CHEMBL302249,4.38,6.423119,6.371711,6.254064,6.4019403,6.494929123599551,6.335333333333333,6.649794387513868,6.454651391201352,6.063777777777777,6.073664750408326,6.063777777777848,6.5348055587747975,6.153819,6.125229380661172,6.842379356568384,6.3932285
CHEMBL302249,5.26,6.423119,6.371711,6.254064,6.4019403,6.494929123599551,6.335333333333333,6.649794387513868,6.454651391201352,6.063777777777777,6.073664750408326,6.063777777777848,6.5348055587747975,6.153819,6.125229380661172,6.842379356568384,6.3932285
CHEMBL302530,4.22,5.724249,6.371711,6.231967,5.7963204,5.7695574565301,4.779999999999999,5.341851592296145,5.728061830208389,4.8500000000000005,4.851373094007296,4.849999999999954,5.245922510322204,4.9061327,4.926242667957632,6.295777467411543,5.2391086
CHEMBL302530,4.99,5.724249,6.371711,6.231967,5.7963204,5.7695574565301,4.779999999999999,5.341851592296145,5.728061830208389,4.8500000000000005,4.851373094007296,4.849999999999954,5.245922510322204,4.9061327,4.926242667957632,6.295777467411543,5.2391086
CHEMBL305205,10.31,6.786112,6.371711,6.414238,6.7070694,6.683708680844166,8.656,7.1180565295693965,6.885324923993636,8.087,8.10537169538262,8.08699999999999,7.344304657653689,7.987873,7.946663089443655,7.193265811105518,7.6630826
CHEMBL305205,8.28,6.786112,6.371711,6.414238,6.7070694,6.683708680844166,8.656,7.1180565295693965,6.885324923993636,8.087,8.10537169538262,8.08699999999999,7.344304657653689,7.987873,7.946663089443655,7.193265811105518,7.6630826
CHEMBL305483,5.92,5.5798497,6.3427696,5.9993415,5.5392885,5.613677067961511,5.487333333333334,5.729409883592398,5.568032632119554,5.775,5.373428476190472,5.775000000000053,5.321399183843267,5.7603703,5.974900717930506,5.8789513916369796,5.830903
CHEMBL306022,8.48,7.1218467,6.371711,6.254064,7.053461,7.118077542795957,7.684,7.239042284969804,7.020884283965103,7.996666666666666,7.9899883473584365,7.996666666666559,7.802817912988797,7.9864316,7.950044723682467,7.235668960244649,7.92318
CHEMBL306022,9.47,7.1218467,6.371711,6.254064,7.053461,7.118077542795957,7.684,7.239042284969804,7.020884283965103,7.996666666666666,7.9899883473584365,7.996666666666559,7.802817912988797,7.9864316,7.950044723682467,7.235668960244649,7.92318
CHEMBL307160,6.010000000000001,6.3917255,6.422496,6.411509,6.427236,6.331350893806417,6.672,6.842733452759601,6.530193858077723,5.43,6.539735253968253,5.429999999999976,6.44723713485757,5.8094945,5.929705381532314,6.536718501824429,6.3454003
CHEMBL307643,9.72,6.8895583,6.371711,6.3911424,6.814185,6.980829176919823,7.952,6.8198088113898185,6.7054059314060765,8.245,8.25186753009082,8.24499999999992,6.870391640600647,8.158203,8.032743954043816,6.842379356568384,7.3054824
CHEMBL307643,7.68,6.8895583,6.371711,6.3911424,6.814185,6.980829176919823,7.952,6.8198088113898185,6.7054059314060765,8.245,8.25186753009082,8.24499999999992,6.870391640600647,8.158203,8.032743954043816,6.842379356568384,7.3054824
CHEMBL309113,5.92,6.3729057,6.371711,6.414238,6.393924,6.357147149219973,5.882000000000001,6.047204092257888,6.412553306461149,5.778124999999999,5.758529873790723,5.77812499999997,6.095302255424912,5.804158,5.797499265965933,6.679547733654224,5.9614587
CHEMBL309113,6.85,6.3729057,6.371711,6.414238,6.393924,6.357147149219973,5.882000000000001,6.047204092257888,6.412553306461149,5.778124999999999,5.758529873790723,5.77812499999997,6.095302255424912,5.804158,5.797499265965933,6.679547733654224,5.9614587
CHEMBL309656,5.4,6.02489,6.371711,6.392141,6.012891,5.964041562883993,6.212,5.6347360168765865,5.894782137692928,6.027500000000001,6.011366919913429,6.027500000000023,6.05258591323096,6.0351143,6.0055121860164355,6.410575533661722,6.0981984
CHEMBL309656,6.54,6.02489,6.371711,6.392141,6.012891,5.964041562883993,6.212,5.6347360168765865,5.894782137692928,6.027500000000001,6.011366919913429,6.027500000000023,6.05258591323096,6.0351143,6.0055121860164355,6.410575533661722,6.0981984
CHEMBL3099735,6.19,6.4647923,6.37323,6.264889,6.3128276,6.251867949758027,6.766000000000001,6.030456247765754,6.168926079576394,5.52,5.9174341428571315,5.5199999999999845,6.225255526397967,5.7075605,5.923573449144983,6.564715824665681,5.998363
CHEMBL3105526,5.6,5.0438533,6.164466,5.9203086,5.0604653,4.995967469137102,4.646,5.394241144454865,5.351349476894683,6.005,5.584054246031754,6.326300000000016,5.265130756367349,5.4105678,5.325596244516356,5.686725665266102,4.9565296
CHEMBL310735,10.43,6.786112,6.371711,6.414238,6.7070694,6.683708680844166,8.656,7.1180565295693965,6.885324923993636,8.087,8.10537169538262,8.08699999999999,7.344304657653689,7.987873,7.946663089443655,7.193265811105518,7.6630826
CHEMBL310735,8.51,6.786112,6.371711,6.414238,6.7070694,6.683708680844166,8.656,7.1180565295693965,6.885324923993636,8.087,8.10537169538262,8.08699999999999,7.344304657653689,7.987873,7.946663089443655,7.193265811105518,7.6630826
CHEMBL3132924,4.07,5.373041,6.1934066,6.0943975,5.5802507,5.568949881922422,5.106,5.139498122856342,5.58616288002348,7.96,5.536101261904739,7.70160000000001,5.113173567173657,5.50165,5.318639471797795,5.8498682336182295,5.312605
CHEMBL3134107,5.48,5.202691,6.164466,5.905074,5.2266903,5.3343078774666575,5.720000000000001,5.453787685688291,5.250653249394929,5.75,5.8027056666666645,5.75,5.463360471659798,5.857174,5.9516997747188265,5.6280709851911075,6.1586814
CHEMBL3134111,4.97,6.4167976,6.164466,5.942405,6.2846475,6.472594782746673,6.353999999999999,5.536546123766381,5.818924040896121,6.0,6.080292500000004,6.0,5.633100969099489,5.8944345,6.370121418371218,5.8498682336182295,6.2916965
CHEMBL3134113,7.1,5.781748,6.164466,5.9281693,5.6490707,5.726618067291684,6.32,5.234317919794797,5.387211194762827,7.4,6.564870000000026,6.9240000000000395,5.641620029695869,6.66278,6.399974189763484,5.767428571428573,5.9895644
CHEMBL3134114,6.82,6.2108207,6.164466,5.942405,6.063054,6.138929641347852,5.927999999999999,5.48342691424682,5.703257150664925,7.05,6.128359454212457,7.0500000000000576,5.706310512217676,6.616345,6.333118617616755,5.8498682336182295,6.333474
CHEMBL314125,5.82,6.058592,6.194926,6.0750456,6.0766525,6.123274077214754,4.909999999999999,5.3835599361589885,5.808343558316409,5.30030303030303,5.299595437771098,5.300303030302995,5.415253728428606,5.304245,5.306418070793324,5.780882440476191,5.2733736
CHEMBL31456,7.88,6.6778207,6.5993843,7.003157,7.1775036,6.783260341365201,7.3180000000000005,7.41718611745089,7.4115613029493375,7.44,7.313722404761902,7.049533333333278,7.337467555416806,8.407324,7.955102393467186,7.057732240437158,7.72593
CHEMBL324070,5.27,7.1885095,6.4514365,6.5635014,7.025575,7.11085301248775,7.168000000000001,6.6986690060464875,6.850826583814381,5.66,6.482850999999989,5.659999999999985,7.195122502160251,5.6468873,6.27487537013664,6.842379356568384,5.5851684
CHEMBL3245348,7.24,7.0062723,6.371711,6.414238,7.1426888,7.098643859994196,7.340000000000001,7.289878698838948,7.22030866590444,7.323333333333333,7.319264974031557,7.3233333333332915,7.125243972380862,7.333334,7.214031254002711,6.964564233163563,7.3029613
CHEMBL3245348,7.24,7.0062723,6.371711,6.414238,7.1426888,7.098643859994196,7.340000000000001,7.289878698838948,7.22030866590444,7.323333333333333,7.319264974031557,7.3233333333332915,7.125243972380862,7.333334,7.214031254002711,6.964564233163563,7.3029613
CHEMBL3245349,6.19,7.250166,6.371711,6.414238,7.0859547,7.242678811143726,7.132,7.358393131028712,6.964038904610192,7.335,7.350160991123608,7.33500000000003,7.297513743845859,7.333634,7.368763151744488,6.679547733654224,7.40074
CHEMBL3245353,7.21,6.59764,6.371711,6.414238,6.723831,6.743085468170443,7.0280000000000005,7.248762004279674,6.907184663647257,7.1850000000000005,7.182407310942494,7.184999999999953,7.085971454086906,7.1468053,7.2030379646663025,6.679547733654224,6.974461
CHEMBL3245353,7.21,6.59764,6.371711,6.414238,6.723831,6.743085468170443,7.0280000000000005,7.248762004279674,6.907184663647257,7.1850000000000005,7.182407310942494,7.184999999999953,7.085971454086906,7.1468053,7.2030379646663025,6.679547733654224,6.974461
CHEMBL32571,4.04,5.2505503,6.164466,5.905074,5.2951746,5.301877688277303,6.666199999999999,5.83619164114955,5.431711133329145,5.66,5.870617333333317,5.659999999999985,5.931077817857721,6.104391,5.982921981085735,5.8498682336182295,6.0721574
CHEMBL3264684,4.9,6.4306736,6.422496,6.389412,6.099725,6.263360198591454,5.351999999999999,5.752593438948998,5.842687866773403,7.16,6.346013928571433,7.159999999999958,6.076309997366256,6.773157,6.538863316360654,6.442777777777779,6.060676
CHEMBL328546,4.4,6.058592,6.194926,6.0750456,6.0766525,6.123274077214754,4.909999999999999,5.3835599361589885,5.808343558316409,5.30030303030303,5.299595437771098,5.300303030302995,5.415253728428606,5.304245,5.306418070793324,5.780882440476191,5.2733736
CHEMBL3315157,4.46,5.0336604,6.371711,6.1292367,5.0065475,5.077464623625416,5.936,5.149654493789777,5.2432450563026265,4.54,5.305450353063613,4.528479999999984,5.080671328815221,5.2756696,5.207572605133515,6.129395211442792,5.035228
CHEMBL331522,5.573333333333333,5.5833263,6.164466,5.782232,5.471672,5.405585468895468,5.2299999999999995,5.290006597313175,5.411642969527904,5.163333333333333,5.169150800264548,5.163333333333376,5.164076540755224,5.157458,5.173850977800107,5.686725665266102,4.90118
CHEMBL3326519,6.15,4.986637,6.4514365,6.5414042,5.116468,5.0056885338374695,6.464,5.758734782734777,5.618066940962521,6.23,5.980614333333332,6.226359999999995,6.357726284090707,6.187049,6.902834464451253,6.410575533661722,5.4576373
CHEMBL3349550,6.48,6.7022896,6.371711,6.414238,6.666807,6.745500242220181,6.798,6.897780686971872,6.741791939782331,6.912711864406779,6.910600784134112,6.912711864406799,6.889215414047176,6.919274,6.892905160247029,6.603966219988835,6.933192
CHEMBL3349550,7.8,6.7022896,6.371711,6.414238,6.666807,6.745500242220181,6.798,6.897780686971872,6.741791939782331,6.912711864406779,6.910600784134112,6.912711864406799,6.889215414047176,6.919274,6.892905160247029,6.603966219988835,6.9331913
CHEMBL3349655,7.4,6.7022896,6.371711,6.414238,6.666807,6.745500242220181,6.798,6.897780686971872,6.741791939782331,6.912711864406779,6.910600784134112,6.912711864406799,6.889215414047176,6.919274,6.892905160247029,6.603966219988835,6.9331913
CHEMBL3349655,7.42,6.7022896,6.371711,6.414238,6.666807,6.745500242220181,6.798,6.897780686971872,6.741791939782331,6.912711864406779,6.910600784134112,6.912711864406799,6.889215414047176,6.919274,6.892905160247029,6.603966219988835,6.9331913
CHEMBL3349856,6.07,6.423119,6.371711,6.254064,6.4019403,6.494929123599551,6.335333333333333,6.649794387513868,6.454651391201352,6.063777777777777,6.073664750408326,6.063777777777848,6.5348055587747975,6.153819,6.125229380661172,6.842379356568384,6.3932285
CHEMBL3349856,7.24,6.423119,6.371711,6.254064,6.4019403,6.494929123599551,6.335333333333333,6.649794387513868,6.454651391201352,6.063777777777777,6.073664750408326,6.063777777777848,6.5348055587747975,6.153819,6.125229380661172,6.842379356568384,6.3932285
CHEMBL335050,7.98,7.0073028,6.4514365,6.5635014,6.9326134,6.945325732219736,7.3340000000000005,6.961445165743843,6.828253288438049,7.9,7.585337333333363,7.93364000000006,6.961930925362174,7.604524,7.485083796960965,6.773523489932888,7.2485723
CHEMBL3359954,6.32,5.8389006,6.422496,6.389412,5.9159417,6.0468936969066025,5.57,6.118108698080406,6.051324267586537,8.7,6.618501737052162,8.69999999999992,6.797479095185922,7.474197,6.952582464911632,6.368739985693844,5.9850097
CHEMBL3359958,6.46,6.4073095,6.422496,6.389412,6.3660603,6.527396366738561,6.456,5.99887015701508,6.162605219971155,6.35,6.251312095238072,6.349999999999944,5.986073993124072,6.261652,5.8701709256177175,6.368739985693844,5.649653
CHEMBL3359959,4.76,6.099492,6.4514365,6.5414042,6.1626625,6.167692369877776,5.558,5.550594005844102,6.183170910895328,6.4350000000000005,5.575020000000003,6.792769999999982,5.950913255269054,5.4647336,5.314618581173604,6.603966219988835,5.767835
CHEMBL3359960,5.35,6.099492,6.4514365,6.5414042,6.1626625,6.167692369877776,5.558,5.550594005844102,6.183170910895328,6.4350000000000005,5.575020000000003,6.792769999999982,5.950913255269054,5.4647336,5.314618581173604,6.603966219988835,5.767835
CHEMBL336638,7.300000000000001,6.5641174,6.4514365,6.5635014,6.473297,6.388933787975546,7.464666666666666,6.858744305115221,6.567755912205527,8.19,6.9360945714285975,7.9536600000000215,6.909316463505245,6.950637,6.9023287602227406,6.773523489932888,6.903574
CHEMBL336708,7.21,7.358738,6.4514365,6.6388392,7.2510505,7.202740895322845,7.837999999999999,7.839087817265722,7.208528201401833,7.955,7.889882690476171,7.954999999999951,7.367151649345604,7.9302955,7.880827801021149,6.704272717755465,7.9657106
CHEMBL3407538,6.8,6.423119,6.371711,6.254064,6.4019403,6.494929123599551,6.335333333333333,6.649794387513868,6.454651391201352,6.063777777777777,6.073664750408326,6.063777777777848,6.5348055587747975,6.153819,6.125229380661172,6.842379356568384,6.3932285
CHEMBL341386,8.06,7.050471,6.4514365,6.6388392,6.9490786,6.915190992076386,7.534000000000001,7.2520068335111905,7.011990053958286,7.955,7.268545238095229,7.954999999999951,7.017158056433275,7.5343647,7.739196477897337,6.773523489932888,7.719044
CHEMBL3422031,6.04,5.797839,6.1934066,6.0723004,5.7984715,5.850588718539735,6.901666666666666,6.380667638163818,5.983908359132414,6.936388888888889,6.731822869611884,6.936388888888842,6.3416555894207844,5.888165,6.519816712157419,6.165837887067393,6.27558
CHEMBL3422040,7.31,6.4903126,6.3413544,6.422383,6.4710264,6.67445279950615,6.212,6.678678488857419,6.335197713017791,4.89,5.58269773809525,4.876420000000017,6.5268656185010165,4.5610723,5.49335840776878,6.307551413881745,6.439575
CHEMBL3422044,6.16,6.422122,6.4514365,6.5271683,6.4230103,6.597743572991702,6.5120000000000005,6.362894843812082,6.324747734399011,6.15,6.373385523809565,6.150000000000055,6.139379210260557,6.2186847,6.596769205596314,6.410575533661722,6.150212
CHEMBL349704,7.92,6.9483886,6.371711,6.414238,6.8831906,7.011322446592762,7.964,6.914006320493186,6.778638176177509,8.395,8.352711012987003,8.394999999999994,7.372763731414124,8.342756,8.01649637618766,6.679547733654224,8.04085
CHEMBL354401,5.306666666666667,6.916659,6.37323,6.3063917,6.9532804,7.183600437214464,6.165333333333334,6.5429238564225205,6.714794117654563,6.84,6.358272492063489,6.87024000000003,6.722948462426485,6.26362,6.282437668957509,6.603966219988835,6.42494
CHEMBL355905,6.07,6.3568687,6.2441916,6.1050177,6.8188157,6.717726810080619,5.2299999999999995,6.003358146196896,6.467585128403613,4.42,5.440308269841274,4.554519999999991,5.997084704526948,5.409246,5.71414482148746,5.8498682336182295,5.687926
CHEMBL3582478,5.99,6.0217013,6.422496,6.486847,6.4933987,6.818005072639313,5.788,6.000126170362157,6.637323351678333,5.9,5.9512288888889255,5.900000000000054,5.902585453926588,5.8829556,5.781769998581451,6.603966219988835,5.8426414
CHEMBL3589965,6.7,5.2540507,6.422496,6.389412,5.3903894,5.400287090410391,5.522,5.107969330798635,5.414464690937152,5.75,5.616810000000014,5.75,5.166395561234776,5.785704,5.668201159932264,6.368739985693844,5.184161
CHEMBL359942,5.4,5.882869,6.3427696,6.1737514,5.9336944,5.902737160820999,5.6240000000000006,5.7640732680758795,5.898796713740495,5.6240000000000006,5.6082223036408045,5.623999999999959,5.745248534328799,5.682974,5.628358393082929,6.564715824665681,5.5852737
CHEMBL360026,6.19,5.209211,6.164466,5.942405,5.227433,5.157408014016931,5.322,5.3791952973582555,5.429073676974582,5.3,5.360841190476205,5.300000000000017,5.32747597286783,5.357015,5.3245877699609565,5.8045136904761865,5.3794303
CHEMBL3622058,9.29,8.438305,6.5993843,6.9278193,8.342073,8.452718904150345,8.69,8.456574289019049,8.129772349417806,9.38,9.110885666666722,9.380000000000084,8.641420549964263,9.141632,9.058814754865958,8.407040498442369,9.171085
CHEMBL3622062,6.406666666666666,8.305006,6.5993843,6.9278193,8.232549,8.156333294347853,7.453999999999999,7.884953141479799,7.9963496179275495,7.205,7.3654716190476135,7.204999999999954,8.133587546981628,7.528088,7.686969441068291,8.407040498442369,7.6197186
CHEMBL3622067,8.4,8.467558,6.5993843,6.9278193,8.374783,8.38686767469048,8.315999999999999,7.997752404636302,7.997797250036214,8.68,8.323221999999994,8.67391999999996,8.517187500685893,8.163628,8.250787374784968,8.407040498442369,8.217051
CHEMBL3622072,8.3,8.259052,6.5993843,7.003157,8.326624,8.506264461025008,8.491999999999999,8.647434628941873,8.361652341422655,8.46,8.530706666666703,8.391840000000073,8.88558071902885,8.296125,8.697636244422593,8.407040498442369,8.6622925
CHEMBL3623208,6.38,6.8254232,6.3413544,6.54721,6.894422,7.084629934727492,6.3,6.349182633763345,6.825069153727441,6.66,6.209122380952355,6.659999999999966,5.860249783012758,6.5679064,5.983042891799765,5.8498682336182295,5.536165
CHEMBL3623212,5.62,6.144201,6.4514365,6.455489,6.1351414,6.309221219348496,5.2219999999999995,5.043038917130221,5.694976744245025,7.51,5.392702915499527,7.577456666666659,4.317077675564275,5.2150893,4.729522113322958,5.993170731707319,5.052973
CHEMBL3623216,5.995,5.6222787,6.5196586,6.5156517,5.6785827,5.694941647274607,6.177333333333333,5.471238172297852,5.809128478431319,6.8,4.977644619047626,6.800000000000053,5.245662981976124,5.4995117,4.38740283580437,6.622093495934962,4.7641225
CHEMBL3623217,6.77,7.4849067,6.5196586,6.6183825,7.382023,7.786247590523441,6.717999999999999,6.969069506294483,6.992588499132438,4.6,5.418590952380943,4.599999999999957,6.683457190067082,6.054512,5.628627695680068,6.622093495934962,6.353027
CHEMBL3623225,7.0,6.996491,6.4514365,6.5635014,6.931789,6.929797633418078,6.946000000000001,6.6353333187596695,6.746896864550848,8.28,6.475745111344528,8.342000000000036,6.755830193283401,6.2506742,6.468946652508226,6.773523489932888,6.707182
CHEMBL363493,6.28,6.237128,6.422496,6.389412,6.2968435,6.280578080741639,5.948,6.414341392757301,6.465373660829556,6.4399999999999995,6.39889190476192,6.440000000000046,6.4677328375745295,6.4515004,6.416916422314619,6.603966219988835,6.0598254
CHEMBL363493,6.6,6.237128,6.422496,6.389412,6.2968435,6.280578080741639,5.948,6.414341392757301,6.465373660829556,6.4399999999999995,6.39889190476192,6.440000000000046,6.4677328375745295,6.4515004,6.416916422314619,6.603966219988835,6.0598254
CHEMBL363849,5.71,5.7473574,6.3427696,6.2490892,5.767637,5.72971361939659,5.998,5.675204714965729,5.707024923191412,5.997999999999999,5.993040961482954,5.998000000000038,5.582286313403791,5.981426,5.904776750366102,6.564715824665681,5.6812415
CHEMBL370317,5.4350000000000005,5.3583646,6.164466,5.942405,5.332066,5.182503246407703,6.1,6.0250164637513075,5.5191157668650135,7.0,6.395145333333328,7.0,5.969705185211814,6.6449795,6.583334627468756,5.8789513916369796,6.4638467
CHEMBL370530,6.14,5.7473574,6.3427696,6.2490892,5.767637,5.72971361939659,5.998,5.675204714965729,5.707024923191412,5.997999999999999,5.993040961482954,5.998000000000038,5.582286313403791,5.981426,5.904776750366102,6.564715824665681,5.6812415
CHEMBL372999,7.95,6.372187,6.3427696,6.2490892,6.3312063,6.390455360854717,7.999333333333334,7.430012574846684,6.563285961480503,7.9866666666666655,7.8220079523809645,7.986666666666678,7.337816291916376,7.5386496,7.842250502932663,6.704272717755465,8.031657
CHEMBL374651,6.64,5.7934337,6.223867,6.1403427,5.7289476,5.674865364330351,5.744,5.850475669509077,5.748516060154785,5.67,5.731244738095248,6.058000000000042,5.51096644689371,5.6481338,5.758342752811307,5.8045136904761865,5.972738
CHEMBL374934,7.32,6.975079,6.5993843,6.9278193,7.0182753,6.993289716386288,6.3285,7.182444090477165,6.99147016556708,6.19625,6.7145045535714285,6.495737499999962,6.853421501655176,6.7623506,6.926376040431898,6.882283304076444,7.030679
CHEMBL375043,7.96,7.0728707,6.5993843,6.9278193,7.0755663,7.099940909199595,5.9655000000000005,6.797975212376392,6.9451654135907575,7.74,6.840451861111112,6.467949999999962,6.80138442818721,6.4530897,6.682204125634435,6.882283304076444,6.518371
CHEMBL3751881,7.1,6.786112,6.371711,6.414238,6.7070694,6.683708680844166,8.656,7.1180565295693965,6.885324923993636,8.087,8.10537169538262,8.08699999999999,7.344304657653689,7.987873,7.946663089443655,7.193265811105518,7.6630826
CHEMBL3751881,8.51,6.786112,6.371711,6.414238,6.7070694,6.683708680844166,8.656,7.1180565295693965,6.885324923993636,8.087,8.10537169538262,8.08699999999999,7.344304657653689,7.987873,7.946663089443655,7.193265811105518,7.6630826
CHEMBL3751897,5.29,7.1109214,6.371711,6.414238,7.0856647,7.101058634043934,7.072,6.995058615355267,7.092339352157069,7.198131313131311,7.196940552209229,7.1981313131313716,7.192188498537682,7.1975064,7.196736661047085,6.964564233163563,7.1152644
CHEMBL3751897,8.03,7.1109214,6.371711,6.414238,7.0856647,7.101058634043934,7.072,6.995058615355267,7.092339352157069,7.198131313131311,7.196940552209229,7.1981313131313716,7.192188498537682,7.1975064,7.196736661047085,6.964564233163563,7.1152644
CHEMBL3751913,6.61,5.9713254,6.4021707,6.29821,5.92455,6.019276388173551,6.452,6.087159902452524,5.88619403156747,5.22,6.098771241702746,5.012920000000002,6.082015954362246,6.411162,6.861498331157291,6.536718501824429,5.9754663
CHEMBL3751945,4.93,6.465591,6.371711,6.414238,6.424304,6.312154835673277,5.808,6.210164998446354,6.293734090042307,5.808,5.820396880896878,5.807999999999994,6.209699717836487,5.8374157,5.8082086901420205,6.842379356568384,5.579215
CHEMBL3751945,6.17,6.465591,6.371711,6.414238,6.424304,6.312154835673277,5.808,6.210164998446354,6.293734090042307,5.808,5.820396880896878,5.807999999999994,6.209699717836487,5.8374157,5.8082086901420205,6.842379356568384,5.579215
CHEMBL3751946,6.04,6.3983126,6.4021707,6.5053754,6.4268017,6.498140172094876,7.731,6.300991972888266,6.307485214192752,4.365,6.411882935541068,4.601710000000019,7.435116994066884,6.9242125,6.481004084215754,6.343282828282845,7.427931
CHEMBL3751984,6.63,4.9371257,6.371711,6.151334,4.918676,4.956564793467264,6.2,6.14619868590098,5.191056039755594,6.63,6.327488794584501,6.668160000000033,6.2987922964271155,6.357257,6.553176948458529,6.368739985693844,6.2221704
CHEMBL3752099,7.12,6.4273396,6.371711,6.414238,6.3841753,6.411328066931483,6.890000000000001,6.355145167480286,6.407933896797843,7.605,7.467041724025982,7.605000000000016,6.39879993472236,7.442141,7.433222272700955,6.410575533661722,6.69771
CHEMBL3752102,6.29,7.1109214,6.371711,6.414238,7.0856647,7.101058634043934,7.072,6.995058615355267,7.092339352157069,7.198131313131311,7.196940552209229,7.1981313131313716,7.192188498537682,7.1975064,7.196736661047085,6.964564233163563,7.1152644
CHEMBL3752102,8.85,7.1109214,6.371711,6.414238,7.0856647,7.101058634043934,7.072,6.995058615355267,7.092339352157069,7.198131313131311,7.196940552209229,7.1981313131313716,7.192188498537682,7.1975064,7.196736661047085,6.964564233163563,7.1152644
CHEMBL3752149,5.64,6.4571466,6.371711,6.414238,6.4701896,6.463186849006137,6.809599999999999,6.3918254232089575,6.569734757337358,6.620821428571427,6.616712542147719,6.620821428571483,6.551548758761073,6.5686865,6.578286248945932,6.679547733654224,6.557009
CHEMBL3752149,6.84,6.4571466,6.371711,6.414238,6.4701896,6.463186849006137,6.809599999999999,6.3918254232089575,6.569734757337358,6.620821428571427,6.616712542147719,6.620821428571483,6.551548758761073,6.5686865,6.578286248945932,6.679547733654224,6.557009
CHEMBL3752165,6.13,6.8683157,6.371711,6.414238,6.812491,6.815166952159364,6.7490000000000006,6.765480946334777,6.854194477391502,6.989199999999999,6.991272612839097,6.989199999999984,7.046714796829298,7.0045877,6.9557488461931705,6.964564233163563,6.9158235
CHEMBL3752165,8.6,6.8683157,6.371711,6.414238,6.812491,6.815166952159364,6.7490000000000006,6.765480946334777,6.854194477391502,6.989199999999999,6.991272612839097,6.989199999999984,7.046714796829298,7.0045877,6.9557488461931705,6.964564233163563,6.9158235
CHEMBL3752216,5.71,6.201737,6.4021707,6.5468783,6.3389935,6.294890805636955,5.561,5.692744871244172,6.207516002287477,5.74,5.715199325396803,5.709319999999988,5.912409000886281,5.663524,5.486720603389876,6.88603402039008,5.579148
CHEMBL3752351,5.77,6.212496,6.371711,6.414238,6.202992,6.171096704168151,5.418,5.869968808962351,6.133559384542963,5.185,5.170155920079917,5.184999999999957,5.940627775993481,5.2651033,5.354233262856591,6.762144168962346,5.634217
CHEMBL3752351,5.26,6.212496,6.371711,6.414238,6.202992,6.171096704168151,5.418,5.869968808962351,6.133559384542963,5.185,5.170155920079917,5.184999999999957,5.940627775993481,5.2651033,5.354233262856591,6.762144168962346,5.634217
CHEMBL3752402,7.0,6.34422,6.371711,6.3257437,6.306177,6.333007913772241,6.196,5.73449668965991,6.141595694878873,6.196,6.1837902698412615,6.195999999999948,6.012921379178105,6.132348,6.1315692108405475,6.564715824665681,6.109603
CHEMBL3752405,6.5,7.1109214,6.371711,6.414238,7.0856647,7.101058634043934,7.072,6.995058615355267,7.092339352157012,7.198131313131311,7.196940552209229,7.1981313131313716,7.192188498537682,7.1975064,7.196736661047085,6.964564233163563,7.1152644
CHEMBL3752405,7.77,7.1109214,6.371711,6.414238,7.0856647,7.101058634043934,7.072,6.995058615355267,7.092339352157012,7.198131313131311,7.196940552209229,7.1981313131313716,7.192188498537682,7.1975064,7.196736661047085,6.964564233163563,7.1152644
CHEMBL3752422,7.0,5.7336564,6.371711,6.151334,5.7208204,5.712912528671217,5.952,5.317298392487211,5.669696477342214,6.183333333333334,6.1374888412698585,6.1833333333333655,5.568335511027942,6.1460323,6.145393986780439,5.686725665266102,5.941256
CHEMBL3752440,7.8,6.7022896,6.371711,6.414238,6.666807,6.745500242220181,6.798,6.897780686971872,6.741791939782331,6.912711864406779,6.910600784134112,6.912711864406799,6.889215414047176,6.919274,6.892905160247029,6.603966219988835,6.933192
CHEMBL3752447,4.89,6.077095,6.371711,6.3257437,6.0885673,6.132363436211413,6.274,5.482619008416183,6.018868460949761,6.0925,6.159242048729036,6.09250000000005,5.897140557741009,6.094188,6.032186204963843,6.564715824665681,5.9348946
CHEMBL3752447,7.0,6.077095,6.371711,6.3257437,6.0885673,6.132363436211413,6.274,5.482619008416183,6.018868460949761,6.0925,6.159242048729036,6.09250000000005,5.897140557741009,6.094188,6.032186204963843,6.564715824665681,5.9348946
CHEMBL3752591,7.175,6.7022896,6.371711,6.414238,6.666807,6.745500242220181,6.798,6.897780686971872,6.741791939782331,6.912711864406779,6.910600784134112,6.912711864406799,6.889215414047176,6.919274,6.892905160247029,6.603966219988835,6.933192
CHEMBL3752591,8.15,6.7022896,6.371711,6.414238,6.666807,6.745500242220181,6.798,6.897780686971872,6.741791939782331,6.912711864406779,6.910600784134112,6.912711864406799,6.889215414047176,6.919274,6.892905160247029,6.603966219988835,6.933192
CHEMBL3752625,6.4,7.1109214,6.371711,6.414238,7.0856647,7.101058634043934,7.072,6.995058615355267,7.092339352157069,7.198131313131311,7.196940552209229,7.1981313131313716,7.192188498537682,7.1975064,7.196736661047085,6.964564233163563,7.1152644
CHEMBL3752625,8.03,7.1109214,6.371711,6.414238,7.0856647,7.101058634043934,7.072,6.995058615355267,7.092339352157069,7.198131313131311,7.196940552209229,7.1981313131313716,7.192188498537682,7.1975064,7.196736661047085,6.964564233163563,7.1152644
CHEMBL3752637,4.73,5.5393686,6.371711,6.16557,5.640059,5.887025885351559,6.311999999999999,5.737306011550115,5.577822953095179,5.1,5.681753416666661,5.027099999999988,5.763677868731205,5.5661798,5.633085687843712,6.368739985693844,5.554073
CHEMBL3752674,5.39,6.678539,6.371711,6.489576,6.655979,6.5938983780809295,5.572,6.078137306044621,6.3779506103531105,5.516363636363637,5.510230377677278,5.516363636363623,5.832524933339665,5.5109773,5.524253599078559,6.773523489932888,5.685721
CHEMBL3752674,6.64,6.678539,6.371711,6.489576,6.655979,6.5938983780809295,5.572,6.078137306044621,6.3779506103531105,5.516363636363637,5.510230377677278,5.516363636363623,5.832524933339665,5.5109773,5.524253599078559,6.773523489932888,5.685721
CHEMBL3752689,5.36,6.308686,6.4514365,6.6298985,6.3329997,6.43055534998053,5.2219999999999995,5.217519694362599,5.969464761604101,5.0,5.357320746031758,5.193679999999993,5.022475307460503,5.238698,4.249921730301397,6.198582214765096,5.32994
CHEMBL3752699,5.96,5.9298763,6.371711,6.254064,5.97351,5.877835676639166,5.5120000000000005,5.864769657233608,5.932912791380929,6.04,6.021185857142864,6.039999999999972,5.570915443964792,5.86824,5.757096480289558,6.410575533661722,5.9453692
CHEMBL3752818,6.4,6.68058,6.371711,6.489576,6.687183,6.740515552039755,6.622999999999999,6.299794276950663,6.45824176918299,6.735416666666667,6.735104961501846,6.735416666666741,6.6173383166988575,6.7640166,6.8179883485326656,6.679547733654224,6.796492
CHEMBL3752818,7.26,6.68058,6.371711,6.489576,6.687183,6.740515552039755,6.622999999999999,6.299794276950663,6.45824176918299,6.735416666666667,6.735104961501846,6.735416666666741,6.6173383166988575,6.7640166,6.8179883485326656,6.679547733654224,6.796492
CHEMBL3752861,5.3,5.4461684,6.371711,6.3257437,5.4792995,5.279141343384962,5.3,5.314816792387619,5.628121373217851,5.3,5.2755763730158804,5.300000000000017,5.241374717403061,5.216372,5.205130666864895,6.410575533661722,5.1876225
CHEMBL3752897,8.47,5.9243546,6.371711,6.254064,5.765559,5.777119933641277,7.438000000000001,6.405109766809416,6.099037027263506,8.47,8.073419936507868,8.469999999999924,7.914882712882473,8.442956,8.188703191397197,6.564715824665681,7.699452
CHEMBL3752976,4.82,6.473545,6.371711,6.414238,6.4581423,6.383062189540482,5.576,6.048400082564425,6.280979586483397,5.495,5.520260218253968,5.4949999999999335,5.993319746875328,5.4137344,5.328806503443457,6.536718501824429,5.937761
CHEMBL3752976,6.17,6.473545,6.371711,6.414238,6.4581423,6.383062189540482,5.576,6.048400082564425,6.280979586483397,5.495,5.520260218253968,5.4949999999999335,5.993319746875328,5.4137344,5.328806503443457,6.536718501824429,5.937761
CHEMBL3752994,6.44,6.8683157,6.371711,6.414238,6.812491,6.815166952159364,6.7490000000000006,6.765480946334777,6.854194477391502,6.989199999999999,6.991272612839097,6.989199999999984,7.046714796829298,7.0045877,6.9557488461931705,6.964564233163563,6.9158235
CHEMBL3752994,7.77,6.8683157,6.371711,6.414238,6.812491,6.815166952159364,6.7490000000000006,6.765480946334777,6.854194477391502,6.989199999999999,6.991272612839097,6.989199999999984,7.046714796829298,7.0045877,6.9557488461931705,6.964564233163563,6.9158235
CHEMBL3753034,4.21,5.466531,6.371711,6.151334,5.50321,5.512268051110389,5.496,4.99122914627759,5.553543007241345,5.7325,5.718897253246752,5.73250000000004,5.3332167373001615,5.6622114,5.6821622646789045,5.686725665266102,5.457484
CHEMBL3753034,7.0,5.466531,6.371711,6.151334,5.50321,5.512268051110389,5.496,4.99122914627759,5.553543007241345,5.7325,5.718897253246752,5.73250000000004,5.3332167373001615,5.6622114,5.6821622646789045,5.686725665266102,5.457484
CHEMBL3753063,6.32,6.68058,6.371711,6.489576,6.687183,6.740515552039755,6.622999999999999,6.299794276950663,6.45824176918299,6.735416666666667,6.735104961501846,6.735416666666741,6.6173383166988575,6.7640166,6.8179883485326656,6.679547733654224,6.796492
CHEMBL3753063,7.82,6.68058,6.371711,6.489576,6.687183,6.740515552039755,6.622999999999999,6.299794276950663,6.45824176918299,6.735416666666667,6.735104961501846,6.735416666666741,6.6173383166988575,6.7640166,6.8179883485326656,6.679547733654224,6.796492
CHEMBL3753089,6.47,6.7022896,6.371711,6.414238,6.666807,6.745500242220181,6.798,6.897780686971872,6.741791939782331,6.912711864406779,6.910600784134112,6.912711864406799,6.889215414047176,6.919274,6.892905160247029,6.603966219988835,6.933192
CHEMBL3753089,6.984999999999999,6.7022896,6.371711,6.414238,6.666807,6.745500242220181,6.798,6.897780686971872,6.741791939782331,6.912711864406779,6.910600784134112,6.912711864406799,6.889215414047176,6.919274,6.892905160247029,6.603966219988835,6.933192
CHEMBL3753281,6.8,6.9043674,6.371711,6.414238,6.816615,6.904538461676842,8.49,7.171717652110823,6.76988536587271,8.19875,8.206547747752245,8.198750000000016,7.621604906954606,8.185167,8.229412865091705,7.067346502479912,8.06943
CHEMBL3753281,7.92,6.9043674,6.371711,6.414238,6.816615,6.904538461676842,8.49,7.171717652110823,6.76988536587271,8.19875,8.206547747752245,8.198750000000016,7.621604906954606,8.185167,8.229412865091705,7.067346502479912,8.06943
CHEMBL3753373,7.505,7.007807,6.4021707,6.5053754,6.9622383,7.06980588102059,7.731,6.975990775443366,6.7325146347569955,7.300000000000001,7.307260000260659,7.300000000000062,7.152781057277328,7.2897496,7.287155453452693,6.410575533661722,7.4128013
CHEMBL3753373,8.15,7.007807,6.4021707,6.5053754,6.9622383,7.06980588102059,7.731,6.975990775443366,6.7325146347569955,7.300000000000001,7.307260000260659,7.300000000000062,7.152781057277328,7.2897496,7.287155453452693,6.410575533661722,7.4128013
CHEMBL3753375,6.16,6.495365,6.371711,6.414238,6.46445,6.3934847145026215,6.2299999999999995,6.394993965357317,6.386999318171547,6.3999999999999995,6.408128695165934,6.400000000000056,6.6609060067413814,6.4287105,6.3695180696038705,6.842379356568384,6.5773797
CHEMBL3753398,5.92,6.172074,6.371711,6.414238,6.220703,6.196212340943083,6.652000000000001,6.031769210837418,6.216479256550997,6.24,6.239943485569986,6.239999999999931,6.1307354164911185,6.214355,6.16809031529071,6.773523489932888,6.104478
CHEMBL3753398,6.77,6.172074,6.371711,6.414238,6.220703,6.196212340943083,6.652000000000001,6.031769210837418,6.216479256550997,6.24,6.239943485569986,6.239999999999931,6.1307354164911185,6.214355,6.16809031529071,6.773523489932888,6.104478
CHEMBL3753403,6.6,6.8683157,6.371711,6.414238,6.812491,6.815166952159364,6.7490000000000006,6.765480946334777,6.854194477391502,6.989199999999999,6.991272612839097,6.989199999999984,7.046714796829298,7.0045877,6.9557488461931705,6.964564233163563,6.9158235
CHEMBL3753403,7.66,6.8683157,6.371711,6.414238,6.812491,6.815166952159364,6.7490000000000006,6.765480946334777,6.854194477391502,6.989199999999999,6.991272612839097,6.989199999999984,7.046714796829298,7.0045877,6.9557488461931705,6.964564233163563,6.9158235
CHEMBL3753425,5.37,6.0543313,6.371711,6.302648,6.052299,6.137746797587188,5.606,5.47021704808409,5.961348556491316,6.1850000000000005,6.087760246753227,6.184999999999955,5.885173773795449,5.9814744,5.978602537404723,6.5365096153846425,5.830656
CHEMBL3753425,7.0,6.0543313,6.371711,6.302648,6.052299,6.137746797587188,5.606,5.47021704808409,5.961348556491316,6.1850000000000005,6.087760246753227,6.184999999999955,5.885173773795449,5.9814744,5.978602537404723,6.5365096153846425,5.8306565
CHEMBL3753620,5.66,6.6726546,6.371711,6.489576,6.7136555,6.738956254783088,6.167999999999999,6.200040446460727,6.454358461899943,6.172499999999999,6.15355548737373,6.172500000000014,6.22557422028394,6.198785,6.22503939826399,6.679547733654224,5.909571
CHEMBL3753620,7.35,6.6726546,6.371711,6.489576,6.7136555,6.738956254783088,6.167999999999999,6.200040446460727,6.454358461899943,6.172499999999999,6.15355548737373,6.172500000000014,6.22557422028394,6.198785,6.22503939826399,6.679547733654224,5.909571
CHEMBL3753645,5.55,5.6311607,6.371711,6.414238,5.7758536,5.777003280281764,4.858,5.191905439484921,5.725242662866037,4.365,4.488910427128422,4.364999999999995,4.813168848644081,4.359236,4.482348734921125,6.410575533661722,4.616531
CHEMBL3753667,6.52,6.699752,6.371711,6.414238,6.7433634,6.749078530890706,6.996,6.635851512610438,6.808608227844246,7.220999999999999,7.2488034835045445,7.221000000000003,6.7795731810173905,7.1555276,7.149675270767605,6.679547733654224,6.685869
CHEMBL3753667,8.09,6.699752,6.371711,6.414238,6.7433634,6.749078530890706,6.996,6.635851512610438,6.808608227844246,7.220999999999999,7.2488034835045445,7.221000000000003,6.7795731810173905,7.1555276,7.149675270767605,6.679547733654224,6.685869
CHEMBL3753773,7.0,5.7336564,6.371711,6.151334,5.7208204,5.712912528671217,5.952,5.317298392487211,5.669696477342228,6.183333333333334,6.1374888412698585,6.1833333333333655,5.568335511027942,6.1460323,6.145393986780439,5.686725665266102,5.941256
CHEMBL3753778,5.51,5.6205726,6.4514365,6.455489,6.2131367,6.293384805843216,5.11,5.347096876227016,5.916306837124864,5.04,5.210986240517636,5.039999999999973,5.504378439386533,5.209317,4.642731437532697,6.129395211442792,5.039751
CHEMBL3753803,7.0,7.1109214,6.371711,6.414238,7.0856647,7.101058634043934,7.072,6.995058615355267,7.092339352157012,7.198131313131311,7.196940552209229,7.1981313131313716,7.192188498537682,7.1975064,7.196736661047085,6.964564233163563,7.1152644
CHEMBL3753803,8.6,7.1109214,6.371711,6.414238,7.0856647,7.101058634043934,7.072,6.995058615355267,7.092339352157012,7.198131313131311,7.196940552209229,7.1981313131313716,7.192188498537682,7.1975064,7.196736661047085,6.964564233163563,7.1152644
CHEMBL3753920,6.5,6.4571466,6.371711,6.414238,6.4701896,6.463186849006137,6.809599999999999,6.3918254232089575,6.569734757337358,6.620821428571427,6.616712542147719,6.620821428571483,6.551548758761073,6.5686865,6.578286248945932,6.679547733654224,6.557009
CHEMBL3753920,8.29,6.4571466,6.371711,6.414238,6.4701896,6.463186849006137,6.809599999999999,6.3918254232089575,6.569734757337358,6.620821428571427,6.616712542147719,6.620821428571483,6.551548758761073,6.5686865,6.578286248945932,6.679547733654224,6.557009
CHEMBL3753997,5.4,6.2542777,6.371711,6.414238,6.326124,6.327670612258281,6.44,5.748302378979551,6.191132147080765,5.7,5.7750437801667225,5.699999999999972,5.963268519251587,5.7394223,5.649769274429662,6.679547733654224,5.6434283
CHEMBL3753997,6.0,6.2542777,6.371711,6.414238,6.326124,6.327670612258281,6.44,5.748302378979551,6.191132147080765,5.7,5.7750437801667225,5.699999999999972,5.963268519251587,5.7394223,5.649769274429662,6.679547733654224,5.6434283
CHEMBL3754054,6.76,6.7022896,6.371711,6.414238,6.666807,6.745500242220181,6.798,6.897780686971872,6.741791939782331,6.912711864406779,6.910600784134112,6.912711864406799,6.889215414047176,6.919274,6.892905160247029,6.603966219988835,6.933192
CHEMBL3754054,6.76,6.7022896,6.371711,6.414238,6.666807,6.745500242220181,6.798,6.897780686971872,6.741791939782331,6.912711864406779,6.910600784134112,6.912711864406799,6.889215414047176,6.919274,6.892905160247029,6.603966219988835,6.933192
CHEMBL3754186,6.37,7.1109214,6.371711,6.414238,7.0856647,7.101058634043934,7.072,6.995058615355267,7.092339352157069,7.198131313131311,7.196940552209229,7.1981313131313716,7.192188498537682,7.1975064,7.196736661047085,6.964564233163563,7.1152644
CHEMBL3754186,7.77,7.1109214,6.371711,6.414238,7.0856647,7.101058634043934,7.072,6.995058615355267,7.092339352157069,7.198131313131311,7.196940552209229,7.1981313131313716,7.192188498537682,7.1975064,7.196736661047085,6.964564233163563,7.1152644
CHEMBL3754220,6.14,6.8683157,6.371711,6.414238,6.812491,6.815166952159364,6.7490000000000006,6.765480946334777,6.854194477391502,6.989199999999999,6.991272612839097,6.989199999999984,7.046714796829298,7.0045877,6.9557488461931705,6.964564233163563,6.9158235
CHEMBL3754220,8.85,6.8683157,6.371711,6.414238,6.812491,6.815166952159364,6.7490000000000006,6.765480946334777,6.854194477391502,6.989199999999999,6.991272612839097,6.989199999999984,7.046714796829298,7.0045877,6.9557488461931705,6.964564233163563,6.9158235
CHEMBL3754222,6.52,5.9656725,6.371711,6.414238,6.104582,5.920855127184103,6.761999999999999,6.350884190698436,6.372745291015548,6.7799999999999985,6.729509429292917,6.780000000000064,6.390563792591775,6.731048,6.643440474605961,6.842379356568384,6.3445
CHEMBL3754222,7.6,5.9656725,6.371711,6.414238,6.104582,5.920855127184103,6.761999999999999,6.350884190698436,6.372745291015548,6.7799999999999985,6.729509429292917,6.780000000000064,6.390563792591775,6.731048,6.643440474605961,6.842379356568384,6.3445
CHEMBL3754227,7.44,6.414806,6.371711,6.414238,6.536898,6.363975782192066,6.506,6.788871465787628,6.710307214780897,7.14,6.854037899625514,7.139999999999971,6.298770655150921,6.964774,6.638588176985441,6.842379356568384,6.341257
CHEMBL3754259,7.295,6.7022896,6.371711,6.414238,6.666807,6.745500242220181,6.798,6.897780686971872,6.741791939782331,6.912711864406779,6.910600784134112,6.912711864406799,6.889215414047176,6.919274,6.892905160247029,6.603966219988835,6.933192
CHEMBL3754259,8.15,6.7022896,6.371711,6.414238,6.666807,6.745500242220181,6.798,6.897780686971872,6.741791939782331,6.912711864406779,6.910600784134112,6.912711864406799,6.889215414047176,6.919274,6.892905160247029,6.603966219988835,6.933192
CHEMBL3754260,5.85,6.5810723,6.371711,6.414238,6.5153303,6.6140312214135335,6.537999999999999,6.477525607842425,6.643110152044528,6.189333333333335,6.192274201811773,6.189333333333283,6.60796655330757,6.229549,6.228888817555306,6.603966219988835,6.3260026
CHEMBL3754260,5.85,6.5810723,6.371711,6.414238,6.5153303,6.6140312214135335,6.537999999999999,6.477525607842425,6.643110152044528,6.189333333333335,6.192274201811773,6.189333333333283,6.60796655330757,6.229549,6.228888817555306,6.603966219988835,6.3260026
CHEMBL3754296,6.96,6.681518,6.371711,6.489576,6.7612433,6.703141315793127,7.380000000000001,6.73639324356984,6.594371207973836,7.452500000000001,7.431056129870137,7.452499999999967,7.01930605616877,7.416968,7.193813750525421,6.964564233163563,6.765805
CHEMBL3754296,8.0,6.681518,6.371711,6.489576,6.7612433,6.703141315793127,7.380000000000001,6.73639324356984,6.594371207973836,7.452500000000001,7.431056129870137,7.452499999999967,7.01930605616877,7.416968,7.193813750525421,6.964564233163563,6.765805
CHEMBL3754305,4.94,6.193525,6.371711,6.377986,6.193027,6.309035800834643,5.968,5.38856578440989,5.847483072627526,4.58,5.062548238095208,4.579999999999968,5.846891075307305,4.931277,5.008249749152059,6.5365096153846425,5.3588643
CHEMBL3754305,7.0,6.193525,6.371711,6.377986,6.193027,6.309035800834643,5.968,5.38856578440989,5.847483072627526,4.58,5.062548238095208,4.579999999999968,5.846891075307305,4.931277,5.008249749152059,6.5365096153846425,5.3588643
CHEMBL3754457,4.72,5.466531,6.371711,6.151334,5.50321,5.512268051110389,5.496,4.99122914627759,5.553543007241345,5.7325,5.718897253246752,5.73250000000004,5.3332167373001615,5.6622114,5.6821622646789045,5.686725665266102,5.457484
CHEMBL3754457,7.0,5.466531,6.371711,6.151334,5.50321,5.512268051110389,5.496,4.99122914627759,5.553543007241345,5.7325,5.718897253246752,5.73250000000004,5.3332167373001615,5.6622114,5.6821622646789045,5.686725665266102,5.457484
CHEMBL3754473,5.66,6.4571466,6.371711,6.414238,6.4701896,6.463186849006137,6.809599999999999,6.3918254232089575,6.569734757337358,6.620821428571427,6.616712542147719,6.620821428571483,6.551548758761073,6.5686865,6.578286248945932,6.679547733654224,6.557009
CHEMBL3754473,7.77,6.4571466,6.371711,6.414238,6.4701896,6.463186849006137,6.809599999999999,6.3918254232089575,6.569734757337358,6.620821428571427,6.616712542147719,6.620821428571483,6.551548758761073,6.5686865,6.578286248945932,6.679547733654224,6.557009
CHEMBL3754489,5.78,6.8679075,6.371711,6.414238,6.6802683,6.609380581550774,7.103999999999999,7.0182956880497,6.519416612348863,5.78,6.111680404761948,5.780000000000042,6.717866144397195,5.84175,6.196743759981489,6.410575533661722,6.508658
CHEMBL3754530,6.97,6.197647,6.371711,6.239828,6.2504396,6.171490294192355,6.817333333333333,6.619449975167637,6.315772114596413,7.0,6.641820227560026,7.0,6.144013704476053,7.004257,6.5281980665081045,6.564715824665681,6.1191335
CHEMBL3754696,6.34,5.66817,6.371711,6.254064,5.757319,5.694891802891903,6.844166666666666,5.927408105151164,5.826249576609484,6.859999999999999,6.799175814814844,6.860000000000024,5.996920505162792,6.892714,6.975906317093001,6.295777467411543,6.3078
CHEMBL3754696,7.38,5.66817,6.371711,6.254064,5.757319,5.694891802891903,6.844166666666666,5.927408105151164,5.826249576609484,6.859999999999999,6.799175814814844,6.860000000000024,5.996920505162792,6.892714,6.975906317093001,6.295777467411543,6.3078
CHEMBL3754711,7.31,6.786112,6.371711,6.414238,6.7070694,6.683708680844166,8.656,7.1180565295693965,6.885324923993636,8.087,8.10537169538262,8.08699999999999,7.344304657653689,7.987873,7.946663089443655,7.193265811105518,7.6630826
CHEMBL3754711,8.28,6.786112,6.371711,6.414238,6.7070694,6.683708680844166,8.656,7.1180565295693965,6.885324923993636,8.087,8.10537169538262,8.08699999999999,7.344304657653689,7.987873,7.946663089443655,7.193265811105518,7.6630826
CHEMBL3754729,6.92,6.4543347,6.371711,6.414238,6.3853893,6.284687602996505,7.029999999999999,6.25972342992536,6.287507341264956,7.264374999999999,7.275321519213347,7.264375000000075,6.558608434463687,7.213551,7.226016066590178,6.882283304076444,6.899536
CHEMBL3754729,7.92,6.4543347,6.371711,6.414238,6.3853893,6.284687602996505,7.029999999999999,6.25972342992536,6.287507341264956,7.264374999999999,7.275321519213347,7.264375000000075,6.558608434463687,7.213551,7.226016066590178,6.882283304076444,6.899536
CHEMBL376371,5.4,6.1297274,6.4514365,6.5635014,6.2152915,6.283678759979944,6.291333333333333,6.139358923147632,6.381205884279169,5.52,5.780806666666662,5.579399999999981,5.618511955221339,5.5609107,5.183533621159073,6.637002355712608,5.8716955
CHEMBL376649,5.75,5.9046626,6.223867,6.238776,5.9105477,5.869917074082067,6.138,6.283277997880996,6.058197150282979,6.48,6.1750193333333225,6.4077600000000015,5.988496319585579,5.9922194,6.056863802575038,6.165837887067393,5.819299
CHEMBL376786,6.54,6.961955,6.422496,6.486847,6.9394836,6.954281433952039,6.45,6.867124380033255,6.890996054976071,6.99,7.007505055555546,7.633259999999945,6.748375357231938,7.0047626,6.979287124893307,6.603966219988835,6.716807
CHEMBL3805539,7.66,6.5856156,6.422496,6.486847,6.610645,6.727834962867006,7.782000000000001,7.503205180523458,6.987810916682363,7.85,7.551305999999953,7.9265799999999915,7.57870591827113,7.7080846,7.884329380450143,6.603966219988835,7.6001062
CHEMBL3805678,6.88,6.4181833,6.422496,6.411509,6.3476963,6.56433297666968,7.378,6.810865485513952,6.568310537938942,6.89,7.041778476190482,6.699319999999959,7.262392183498302,7.1140094,7.28478651136715,6.410575533661722,6.7088304
CHEMBL3805839,7.34,7.080199,6.422496,6.486847,6.956489,7.192290097708154,7.49,7.43905143860874,6.981917161793348,7.37,7.452812499999942,7.369999999999923,7.4149944702751345,7.478595,7.559685545079736,6.603966219988835,7.3371673
CHEMBL3806075,7.68,7.095442,6.422496,6.411509,6.974248,7.143968417558849,7.644,7.337128865065987,6.9886816589963985,7.29,7.348850285714265,7.28999999999997,7.519513580256884,7.3372846,7.410989364265573,6.603966219988835,7.3475165
CHEMBL381014,6.01,6.1144547,6.164466,6.0177436,6.134807,6.070859459983051,5.7715000000000005,5.9889326081609955,6.0664204824480805,5.74,6.02068178571425,5.7399999999999425,6.317606435353365,5.9361243,6.143382676545534,6.165837887067393,5.9578886
CHEMBL3818343,9.055,8.450704,6.5993843,7.003157,8.327562,8.304430767953491,8.996,8.630074891227041,8.291550580813563,9.96,8.83247833333331,9.230879999999962,9.0154372141252,9.338767,9.417113650418784,8.407040498442369,9.256392
CHEMBL3818720,7.1,6.343623,6.164466,6.0177436,6.220029,6.208084728113445,5.806,5.877775080492748,5.891543491113737,7.09,6.901120428571403,7.090000000000041,6.336762094110347,7.074454,6.988583810363574,5.686725665266102,6.7701125
CHEMBL3818720,7.08,6.343623,6.164466,6.0177436,6.220029,6.208084728113445,5.806,5.877775080492748,5.891543491113737,7.09,6.901120428571403,7.090000000000041,6.336762094110347,7.074454,6.988583810363574,5.686725665266102,6.7701125
CHEMBL382902,8.016666666666667,7.5124674,6.4514365,6.6388392,7.3434954,7.457338979025956,7.9433333333333325,8.108233772884274,7.3930223548226195,8.146666666666667,8.471551083333305,8.14446666666662,8.421863013602671,9.494571,9.12138899555004,6.773523489932888,8.956587
CHEMBL383806,5.6,5.7473574,6.3427696,6.2490892,5.767637,5.72971361939659,5.998,5.675204714965729,5.707024923191327,5.997999999999999,5.993040961482954,5.998000000000038,5.582286313403791,5.981426,5.904776750366102,6.564715824665681,5.6812415
CHEMBL38439,5.82,6.058592,6.194926,6.0750456,6.0766525,6.123274077214754,4.909999999999999,5.3835599361589885,5.808343558316309,5.30030303030303,5.299595437771098,5.300303030302995,5.415253728428606,5.304245,5.306418070793324,5.780882440476191,5.273373
CHEMBL38472,6.35,5.239965,6.164466,5.782232,5.1797028,5.168139988232257,5.666,5.485331971944116,5.265627056790237,5.856458333333333,5.860073068940861,5.856458333333316,5.537303920126016,5.7748294,5.750514990927722,5.686725665266102,5.597841
CHEMBL38472,6.875,5.239965,6.164466,5.782232,5.1797028,5.168139988232257,5.666,5.485331971944116,5.265627056790208,5.856458333333333,5.860073068940861,5.856458333333316,5.537303920126016,5.7748294,5.750514990927722,5.686725665266102,5.597841
CHEMBL387892,5.55,6.287816,6.422496,6.411509,6.2656918,6.2772516333950445,6.075999999999999,6.1090242808977555,6.246529848448816,6.97,6.501156499999975,6.9699999999999305,5.991899318568445,5.997128,5.719215969744484,6.368739985693844,6.0904107
CHEMBL388187,7.36,7.4664145,6.5993843,6.9278193,7.360915,7.479991019265173,6.968000000000001,7.430175684396167,7.1219072238759935,7.03,8.212834583333358,7.073920000000068,7.973021748968392,8.344481,8.331034978229118,7.375216178521619,7.9043307
CHEMBL388374,5.32,5.6708474,6.164466,5.805327,5.6321526,5.610261848897993,4.994000000000001,5.3491954582222245,5.507528959953319,5.39,5.256313047619044,5.22905,5.336705899405952,5.5266247,5.591893152129998,5.780882440476191,5.63479
CHEMBL388507,9.29,8.952984,6.5993843,7.003157,8.747245,8.837540320235092,8.565999999999999,8.893626759196398,8.678937757929631,8.54,8.523977690476197,8.569644999999968,8.853954617030702,8.894258,8.65261891477073,8.407040498442369,8.640856
CHEMBL3905734,7.21,7.1872706,6.223867,6.171299,7.0859804,7.175292127763695,6.3020000000000005,6.579288275121891,6.424727078642448,6.66,6.699000642857123,6.659999999999966,6.789233911322618,7.7320905,6.939054513466013,6.165837887067393,6.792252
CHEMBL39275,4.4,6.058592,6.194926,6.0750456,6.0766525,6.123274077214754,4.909999999999999,5.3835599361589885,5.808343558316409,5.30030303030303,5.299595437771098,5.300303030302995,5.415253728428606,5.304245,5.306418070793324,5.780882440476191,5.273373
CHEMBL39423,6.7,7.157292,6.4514365,6.6388392,7.0607104,7.087332428889264,7.178,7.069115900624027,6.9453152033057535,7.29,7.110654333333304,7.28999999999997,7.043148972326322,7.0583553,6.9559170862064175,6.773523489932888,6.801494
CHEMBL39434,5.92,6.8783555,6.371711,6.414238,6.9404173,7.022802176894536,7.388,7.171673216540253,7.0041153197204125,5.92,6.330808329725858,5.920000000000041,7.060618913627976,5.8983235,6.448392659736541,6.964564233163563,6.767401
CHEMBL3944017,7.87,6.3604035,6.1934066,6.0801616,6.291893,6.207169336006998,5.398,6.003376307927519,6.004530828126292,6.75,6.532364452380951,6.75,6.476945101195207,7.5405617,6.599913853293044,6.165837887067393,7.0290866
CHEMBL39513,4.68,6.058592,6.194926,6.0750456,6.0766525,6.123274077214754,4.909999999999999,5.3835599361589885,5.808343558316409,5.30030303030303,5.299595437771098,5.300303030302995,5.415253728428606,5.304245,5.306418070793324,5.780882440476191,5.273373
CHEMBL3983734,6.01,5.6526427,6.422496,6.4647503,5.80791,5.766610239653616,5.492,5.665285834137241,5.864259620403871,5.0,5.385537563492067,5.032399999999998,5.1355746699755525,5.0497484,5.463486493914383,6.368739985693844,5.302612
CHEMBL399910,6.05,5.2505503,6.164466,5.905074,5.2951746,5.301877688277303,6.666199999999999,5.83619164114955,5.431711133329145,5.66,5.870617333333317,5.659999999999985,5.931077817857721,6.104391,5.982921981085735,5.8498682336182295,6.0721574
CHEMBL40432,6.03,6.693879,6.371711,6.414238,6.8592005,6.785379545066365,6.644,6.640786490504663,6.885406536077696,6.548333333333335,6.555837882006885,6.54833333333329,6.595533421182467,6.54561,6.508099289478154,6.679547733654224,6.5360637
CHEMBL40432,7.52,6.693879,6.371711,6.414238,6.8592005,6.785379545066365,6.644,6.640786490504663,6.885406536077696,6.548333333333335,6.555837882006885,6.54833333333329,6.595533421182467,6.54561,6.508099289478154,6.679547733654224,6.5360637
CHEMBL405881,5.66,5.885285,6.223867,6.1403427,5.7813516,5.648235574805477,5.575999999999999,5.525943587999296,5.770193659035883,4.76,5.17728419047621,4.760000000000024,5.516155058684386,4.8631334,5.069792434686145,5.858371710526313,5.4613886
CHEMBL4071689,5.27,6.647996,6.37323,6.3400345,6.616134,6.8016201219037065,5.782,5.772096508986246,6.5327482372384935,5.21,5.548236666666684,5.2100000000000275,5.600103230142563,5.3403354,5.158477125830244,6.773523489932888,5.4664626
CHEMBL4077259,5.01,4.164675,6.213732,5.9996443,4.672078,4.145817408694991,5.077999999999999,5.106577569045829,5.2033767515705875,6.68,5.395268333333358,6.867589999999972,4.497882847434858,4.8265376,4.976870027716774,5.8045136904761865,4.961821
CHEMBL4080420,5.16,7.286773,6.37323,6.4153724,7.208219,7.403922121168455,5.656000000000001,5.730708386186689,6.745354380753454,5.34,5.707971166666673,5.213160000000005,5.068323957650079,5.6679487,5.327676380593085,6.88603402039008,5.627759
CHEMBL4098297,5.2,6.7322364,6.37323,6.3400345,6.692399,6.907659821689871,5.618,5.564615995145567,6.492855812950509,5.21,5.352833333333353,5.2100000000000275,5.588226411661466,5.319322,5.281758191197847,6.773523489932888,5.2663164
CHEMBL41066,5.5,5.239965,6.164466,5.782232,5.1797028,5.168139988232257,5.666,5.485331971944116,5.265627056790208,5.856458333333333,5.860073068940861,5.856458333333316,5.537303920126016,5.7748294,5.750514990927722,5.686725665266102,5.597841
CHEMBL4159524,5.4,5.2703485,6.4021707,6.242471,5.30892,5.235517306296739,5.228,5.344085951127831,5.356227210099334,5.64,5.431831238095247,5.639999999999997,5.34039664135457,5.359865,5.319008342775478,6.129395211442792,5.4132476
CHEMBL4160591,5.47,5.224476,6.371711,6.2266717,5.2527795,5.214207381523509,5.292,5.315610308195646,5.355529885854693,5.27,5.294164999999989,5.2699999999999845,5.471502923170967,5.273525,5.359570930432953,6.129395211442792,5.2037206
CHEMBL4161789,6.68,6.4553256,6.4514365,6.4565682,6.375298,6.542820145638318,6.646000000000001,6.961193256092294,6.485669543991364,7.23,6.718810761904758,7.230000000000016,7.069401802419502,7.1000266,7.200552927024079,6.564715824665681,6.7460265
CHEMBL4163649,5.5,5.584547,6.371711,6.2266717,5.589025,5.52318778545212,5.203999999999999,5.2016949296775605,5.471710501063669,5.27,5.300933333333318,5.2699999999999845,5.336554237786258,5.2526984,5.202609940224141,6.129395211442792,5.0084796
CHEMBL4167098,5.36,5.2871084,6.371711,6.2266717,5.340851,5.334001289085941,5.292,5.21488593260387,5.381524793665065,5.27,5.322969333333324,5.2699999999999845,5.293615119033651,5.232133,5.179273062195389,6.129395211442792,5.0177565
CHEMBL4170941,5.98,7.1644187,6.4514365,6.4786654,7.127634,7.139732036963178,6.556,6.828893648788629,7.008629191794114,5.11,6.144416999999986,5.10999999999999,6.8794903320670855,5.3812947,5.965197444509236,6.603966219988835,6.68517
CHEMBL4171198,5.57,5.5766215,6.371711,6.2266717,5.6154976,5.521628488195454,5.226,5.267925484098184,5.55122651144211,5.06,5.212332333333305,5.059999999999957,5.484016572747155,5.6075444,5.329619953762988,6.129395211442792,5.3770676
CHEMBL4173941,6.16,5.928932,6.371711,6.151334,5.878033,5.934440578742326,5.688,5.653636841552504,5.746132759008276,6.1,5.876508333333294,6.0999999999999455,5.4763773182938795,5.9669304,5.810969087756427,6.129395211442792,5.6926847
CHEMBL4174637,5.57,5.604485,6.4021707,6.317809,5.6201854,5.540763249035383,5.202,5.372335310127259,5.541743159467217,5.06,5.233524999999995,5.032059999999968,5.551730623786643,5.29034,5.311884051646365,6.129395211442792,5.5228343
CHEMBL4176600,7.26,6.1297717,6.4514365,6.4786654,6.1189747,6.174167870726501,6.944,6.749161491335138,6.268096696688772,7.85,6.8096916666666605,7.8499999999999375,6.261104024643708,6.9599023,6.985503794634985,6.603966219988835,6.6968694
CHEMBL421018,8.64,6.4660096,6.371711,6.414238,6.5177774,6.427371910016177,6.806,6.839724665006845,6.708773603045586,6.864285714285715,6.843970559848648,6.864285714285761,7.063057120804365,6.895565,6.9876618978644665,6.964564233163563,6.867889
CHEMBL4212655,5.16,7.0734625,6.4021707,6.416881,6.935713,7.024649589796327,6.282000000000001,5.692115595268282,6.428274180810234,6.8,6.316804904761893,5.9402999999999775,6.4097038995231514,5.6458697,5.327033092463712,6.603966219988835,5.6568327
CHEMBL4225257,5.49,6.7365947,6.3920355,6.354207,6.6623845,6.6568069607307025,6.5200000000000005,6.156420553571038,6.568040117519871,5.47,5.762812665223641,5.469999999999967,6.239380065047696,5.559599,5.555948872445273,6.844800766283492,5.9768505
CHEMBL4225998,5.74,6.1831636,6.3920355,6.2788687,6.1022077,6.119808583576741,6.739999999999999,5.635908905981879,6.060688412849771,5.52,5.679275285714288,5.599679999999986,5.904721392496785,5.471356,5.894252883306793,6.844800766283492,5.4368105
CHEMBL4227458,6.03,6.161015,6.3920355,6.2788687,6.082673,6.072057151025139,6.500000000000002,5.757553424792364,6.036171572002942,5.633333333333333,5.706201238095244,5.633333333333336,6.001392596449335,5.7532496,6.170408353272865,6.844800766283492,6.1519523
CHEMBL4228244,6.0,6.1831636,6.3920355,6.2788687,6.1022077,6.119808583576741,6.739999999999999,5.635908905981879,6.060688412849771,5.52,5.679275285714288,5.599679999999986,5.904721392496785,5.471356,5.894252883306793,6.844800766283492,5.4368105
CHEMBL437497,6.06,6.1379676,6.4021707,6.416881,6.0564575,5.922044978971845,5.732,6.068817510815122,5.920592288955632,5.095,6.046555429792432,5.092899999999991,5.939552472620614,5.917599,5.988509483540479,6.353941860465127,6.1220045
CHEMBL438549,5.8,6.152488,6.420976,6.4077654,6.154564,6.280424159866251,6.557,6.277592580891533,6.150270770415531,7.39,5.924870301587292,7.239069999999981,6.400708127742029,6.3940463,6.1622615774071425,6.564715824665681,6.096771
CHEMBL439950,5.14,6.468072,6.371711,6.254064,6.437986,6.48020575775816,6.2540000000000004,6.4502278182375665,6.505049365375015,6.339166666666665,6.328951926391801,6.339166666666645,6.507230056030869,6.263227,6.236875460084207,6.88603402039008,6.5085893
CHEMBL439950,6.08,6.468072,6.371711,6.254064,6.437986,6.48020575775816,6.2540000000000004,6.4502278182375665,6.505049365375015,6.339166666666665,6.328951926391801,6.339166666666645,6.507230056030869,6.263227,6.236875460084207,6.88603402039008,6.5085893
CHEMBL440691,5.64,6.01189,6.371711,6.217731,6.011642,6.1410325105477925,5.68,5.736632900340332,5.967868294181102,5.464285714285714,5.44353298651349,5.464285714285746,5.90878446474727,5.4989862,5.478701652371359,6.564715824665681,5.7153354
CHEMBL440691,6.77,6.01189,6.371711,6.217731,6.011642,6.1410325105477925,5.68,5.736632900340332,5.967868294181102,5.464285714285714,5.44353298651349,5.464285714285746,5.90878446474727,5.4989862,5.478701652371359,6.564715824665681,5.7153354
CHEMBL443530,4.36,6.012642,6.371711,6.231967,5.9474344,5.994160304921813,4.5520000000000005,5.460668680530966,5.762697691563659,4.36,4.562208007201932,4.359999999999967,5.352801353846312,4.296972,4.28178489563624,6.410575533661722,5.3180575
CHEMBL444068,4.09,5.4273877,6.3427696,6.1737514,5.4761815,5.389025683317561,5.753,5.630386831446201,5.6864169992855835,4.09,5.6678098017309555,4.089999999999964,5.569991025891727,5.03444,5.109467670669042,6.564715824665681,5.249439
CHEMBL4453517,7.01,6.378384,6.4514365,6.6388392,6.5183268,6.337077783779764,7.279999999999999,7.013952729869542,6.680113557902644,7.476666666666667,7.395522857142851,7.476666666666583,7.301095613448222,7.5149827,7.479602279584445,6.679547733654224,7.3895326
CHEMBL4453737,4.66,6.026215,6.371711,6.28341,6.1108828,5.962742929335167,6.018000000000001,6.005917727473172,6.231194686310033,5.775,6.142110616479927,5.775000000000053,5.772595232144146,6.5313735,5.996324782016071,6.343282828282845,5.490357
CHEMBL4454575,6.96,6.115992,6.371711,6.254064,6.1569376,6.061120723553715,6.556166666666667,6.380165631101507,6.14149346790785,6.28,6.383409931115223,6.2800000000000535,6.295483318802332,6.6881285,6.780128421551322,6.343282828282845,6.7179418
CHEMBL4460718,7.3,6.1358933,6.1934066,6.1554995,6.122648,6.1560906536484135,6.587999999999999,6.352649670009132,6.126437896884781,6.0,6.012475761904771,6.0,6.523551503423401,6.275181,6.589120668145453,6.376904761904763,6.4025607
CHEMBL446083,6.6850000000000005,5.959525,6.194926,6.0750456,5.967398,5.979535246975365,7.55,6.419801050884894,6.003576052971965,5.5,6.0391061153846195,5.5,6.646884346713538,6.440733,6.30402161748283,5.686725665266102,6.9528728
CHEMBL4460869,6.76,6.581412,6.371711,6.3257437,6.4706645,6.41928458773251,6.5985,6.4875682565478305,6.447621994828992,6.545416666666668,6.444949177583848,6.54541666666671,6.68245283056522,6.6364317,6.550722166415362,6.88603402039008,7.313933
CHEMBL4465348,8.555,8.430649,6.5993843,7.003157,8.392251,8.327010804568163,8.754,8.61026526273202,8.475853718394532,8.754,8.763568875180368,8.75399999999993,8.67382032269076,8.673049,8.59359508983786,8.420110192837468,8.667595
CHEMBL4465694,5.57,5.3820357,6.1934066,5.9430833,5.474186,5.257141964074792,4.95,5.082304628590356,5.473558040512515,5.34,5.212989,5.3597399999999995,5.160857127650572,5.37158,5.281865707071719,5.6280709851911075,4.943724
CHEMBL446706,6.926666666666667,7.7502975,6.4514365,6.6388392,7.6146045,7.69379698701042,8.366333333333333,8.146626162758409,7.630811836229498,8.146666666666667,8.088453333333302,8.140873333333296,8.69908274651406,8.797998,8.601043709299482,6.773523489932888,9.658728
CHEMBL4474808,4.68,5.7594566,6.194926,6.009617,5.918508,6.146818102298164,5.868,6.100774305626684,6.035678876249264,6.02,6.058297718518521,5.86895999999997,6.381720377325537,6.624475,6.165004213676371,5.876243386243387,5.974729
CHEMBL45068,5.58,5.249089,6.1934066,6.0570664,5.3774757,5.339407130740534,4.914,4.968172028397456,5.436870641826246,4.46,5.0413923142857175,4.536479999999985,5.162438506912548,5.025326,5.057708256275978,5.686725665266102,5.546861
CHEMBL4515706,5.28,5.259588,6.1934066,5.9430833,5.31959,5.145432199036831,4.95,5.120020355599023,5.284746199074917,5.22,5.174952666666645,5.219999999999976,5.142577397874164,5.2402782,5.208134305851868,5.6280709851911075,5.2032304
CHEMBL4516755,6.31,6.7780848,6.371711,6.3115077,6.628631,6.510369641010205,5.794,5.981708469826793,6.197497197179743,6.8,6.1631017698412744,6.770960000000023,6.196191723753574,5.585335,6.091830045897664,6.534618055555551,5.7768884
CHEMBL4517937,5.09,5.607723,6.164466,5.791091,5.607186,5.546995226781123,5.0520000000000005,5.017973883266087,5.343915178305764,5.02,5.096666333333324,5.0199999999999845,5.055009500803054,5.050252,5.131528498444453,5.686725665266102,4.8739686
CHEMBL4527809,6.18,6.2720995,6.3413544,6.4444795,6.281599,6.34971307678115,6.444,6.510764176836346,6.260732615765292,4.82,6.023565119047653,4.656520000000011,6.346670752293552,6.1458673,6.466457092840841,6.165837887067393,6.770456
CHEMBL453736,9.22,7.8925486,6.5993843,7.003157,7.929481,8.017199774791221,8.47,8.369979693922737,8.018237944810906,8.605,8.566526309523766,8.604999999999995,8.402017884669215,8.619186,8.681808720364337,7.754285714285713,8.863354
CHEMBL454580,4.6,5.327866,6.164466,5.767996,5.331308,5.125799586287511,5.756,5.2187648368172885,5.31914507807295,5.23,5.285995666666674,5.2300000000000155,5.324485710133132,5.327172,5.634981920933266,5.686725665266102,5.4941335
CHEMBL4545917,7.5,6.605743,6.4514365,6.5635014,6.515275,6.526959914820973,6.612,6.9415409338228535,6.452295382404003,7.1,6.9008209523809105,7.09999999999994,6.303561773530424,6.7914915,6.646859528864105,6.679547733654224,6.979956
CHEMBL4562457,6.9,6.018313,6.4514365,6.6388392,6.182081,6.028097379851152,7.258,6.896196919245983,6.460880204315899,7.033333333333334,6.986942230158717,7.033333333333309,6.979435557957093,7.070109,7.0796959056866475,6.679547733654224,6.862929
CHEMBL458187,4.62,5.5383534,6.164466,5.9281693,5.3913627,5.272993011383706,5.426,5.4508799715138725,5.558238178749718,4.665,5.387281603174597,6.053199999999989,5.237216185581058,5.094761,5.208531777080564,5.6280709851911075,5.7342143
CHEMBL459502,7.6,7.9389877,6.4514365,6.6388392,7.842808,7.912941050481815,7.331999999999999,7.507954282249759,7.6567173646346305,7.895,7.727016499999986,7.894999999999984,7.491338604784283,7.9032664,7.729627471006964,6.679547733654224,7.7885337
CHEMBL459502,8.19,7.9389877,6.4514365,6.6388392,7.842808,7.912941050481815,7.331999999999999,7.507954282249759,7.6567173646346305,7.895,7.727016499999986,7.894999999999984,7.491338604784283,7.9032664,7.729627471006964,6.679547733654224,7.7885337
CHEMBL464007,5.01,5.3919373,6.164466,5.791091,5.3589654,5.159396609576144,5.5920000000000005,5.205428973986851,5.392056685159915,7.0,5.915064492063489,7.0,5.445865723512662,6.4531384,5.878003494670878,5.686725665266102,5.69432
CHEMBL469266,5.05,6.9986877,6.4021707,6.416881,6.863995,6.908994080535391,5.964,5.7210468441922835,6.377275717651003,6.8,6.3493702380952275,5.876619999999982,6.211181141013375,5.4355197,5.2445972493099156,6.773523489932888,5.4192214
CHEMBL475943,5.0,6.6597247,6.4514365,6.5635014,6.66677,6.704086015094382,6.068,5.969376075941364,6.546329000722139,5.34,5.8500826666666566,5.433240000000008,6.02950777668501,5.983517,5.646019066246532,6.773523489932888,5.796206
CHEMBL478648,5.4,6.82666,6.4514365,6.6388392,6.8939233,6.940291987113937,6.17,6.34381882563981,6.977247613843915,6.5,6.194507000000001,6.5,6.390084388662556,5.9801693,6.108774922498359,6.637002355712608,6.0812125
CHEMBL479366,7.89,8.350223,6.5993843,6.9278193,8.142504,8.073991282744526,7.642,7.507031716914159,7.7581480664039475,8.14,8.04157099999999,8.13999999999996,7.6602165337583585,7.704804,7.351659105877601,8.22882697947214,7.5989184
CHEMBL479551,7.92,8.850159,6.5993843,7.003157,8.684459,8.599841332188383,8.346,8.243377073452777,8.367138583644106,8.26,8.208156047619036,8.260000000000106,8.433880787419879,8.087949,8.06194604568686,8.407040498442369,7.954345
CHEMBL479737,7.0,7.2393074,6.4514365,6.5492654,7.047023,6.9045969469676995,7.556,6.546011670158613,6.900987781495445,5.52,5.857806285714268,5.5199999999999845,6.156681725427024,5.5803404,5.621583651900011,6.410575533661722,6.222683
CHEMBL4797578,6.86,7.0053287,6.4514365,6.5492654,7.000988,7.077040660435,6.151999999999999,6.886556707188813,6.960233914427533,6.98,6.274244166666666,7.018639999999995,6.454856281949482,6.25809,6.232624210646103,6.534618055555551,5.746677
CHEMBL480321,7.84,8.4900875,6.5993843,7.003157,8.348213,8.29086092825977,8.752,8.389605310381718,8.230022606079402,8.49,8.458186666666586,8.48999999999989,8.509019252918824,8.543619,8.513454775018188,8.407040498442369,8.714469
CHEMBL480451,8.0,7.014342,6.4514365,6.6246033,7.0607896,7.0973915735000945,7.964,7.521939139415165,7.327131810227755,7.37,7.043510717948705,7.804239999999914,6.906243417183297,6.8062167,6.803408474094759,6.5365096153846425,6.7309647
CHEMBL480514,6.75,6.8744764,6.4514365,6.5492654,6.8550797,6.88052192798485,7.522,6.764005568026591,6.859666692963913,5.61,5.792059047619057,5.610000000000002,6.245163088276103,5.740377,5.716129648342526,6.564715824665681,5.9556804
CHEMBL481092,8.49,7.1412864,6.5704436,6.734324,7.0497913,7.16081601335566,8.211,8.040901798183043,7.136426603225814,8.115,8.095375849206352,8.114999999999897,7.930629676427665,8.120558,8.014616709138568,6.823635802469133,7.612121
CHEMBL4847316,5.1,6.6534805,6.3413544,6.4587154,6.90419,6.506090803141085,6.076,6.43414001953234,6.552064207207351,5.99,7.2435530476190335,6.769653333333292,7.5305379126604,6.9856787,7.875468735892302,6.522101449275361,6.199843
CHEMBL4858552,6.09,5.467242,6.4514365,6.5404058,5.8120546,5.965339713784299,6.112,5.741513775351877,5.939550887712102,7.09,5.903176111111103,7.011980000000014,6.372227293341562,6.1013136,5.814550653658147,6.564715824665681,5.6294
CHEMBL487113,6.57,6.8683157,6.371711,6.414238,6.812491,6.815166952159364,6.7490000000000006,6.765480946334777,6.854194477391502,6.989199999999999,6.991272612839097,6.989199999999984,7.046714796829298,7.0045877,6.9557488461931705,6.964564233163563,6.9158235
CHEMBL4874326,6.07,5.7252955,6.4514365,6.593647,6.1872544,6.112930127742762,5.840000000000001,6.227398099233874,6.530093119743128,5.155,6.369722333333333,5.182300000000014,6.50990592809927,6.2093873,6.277483561278627,6.410575533661722,6.1300426
CHEMBL4875917,5.14,5.5641546,6.1934066,6.0570664,5.609867,5.608226222522007,5.672,5.156812581627869,5.645560060009657,5.43,5.420167142857133,5.4191999999999805,4.973621861061385,5.0698123,5.015810514726525,5.8498682336182295,5.1419473
CHEMBL489188,5.96,7.065977,6.4514365,6.6388392,6.985991,6.967334061777532,6.508,6.864055198084252,7.020049060602787,5.91,6.225444476190442,5.90999999999998,7.364152509903233,6.184786,6.360706283630624,6.637002355712608,6.5281034
CHEMBL489189,5.86,6.7138314,6.4514365,6.6388392,6.623273,6.659912955105586,6.794,6.769574596963096,6.703333379514419,6.58,6.66318066666664,6.579999999999956,6.877089201963718,6.503538,6.582917214214427,6.637002355712608,6.4283686
CHEMBL489986,6.34,6.4936733,6.4514365,6.6388392,6.5030594,6.624099832554798,6.214,6.559991477221856,6.652828713322094,6.46,6.4024234285714465,6.460000000000029,6.382699557386893,6.5894938,6.536047568553652,6.637002355712608,6.49947
CHEMBL490187,5.66,6.4963007,6.4514365,6.5635014,6.4332952,6.5802261593055285,6.106,5.711738407542695,6.297389112356953,5.67,5.831006666666685,6.1285400000000045,5.774679381442471,5.467749,5.492390310260515,6.679547733654224,5.316312
CHEMBL490584,5.78,6.924986,6.4514365,6.5635014,6.8270864,6.891836256791701,7.378,6.603077834587483,6.712311259775589,6.140000000000001,6.737871666666695,6.505399999999988,6.83068843673499,6.6369104,6.584671807143445,6.679547733654224,6.666595
CHEMBL490794,5.92,6.345883,6.4514365,6.5635014,6.3238215,6.405670889782886,6.05,5.718442514585628,6.242135737672882,5.67,5.965500666666675,6.247719999999994,5.764545813558041,5.480265,5.416007159547779,6.679547733654224,5.36241
CHEMBL491825,5.82,7.2081213,6.4514365,6.6388392,7.289546,7.329236457790226,5.894,6.5352327258197995,7.1431312771673845,6.5,6.120423357142868,6.5,6.572710082923559,6.4495864,6.487808153735788,6.637002355712608,6.77984
CHEMBL492763,5.9,5.705723,6.37323,6.2842946,5.7652607,5.851151447759772,5.958,5.611202384863939,5.944819327605828,6.5,5.836424047619039,6.693639999999993,5.8262249898201715,5.3286414,5.323022153217143,6.368739985693844,5.4848666
CHEMBL492818,5.55,5.2193146,6.1934066,6.0570664,5.33733,5.25807725191119,4.914,4.908582680748661,5.399203943720238,4.62,5.138573151515144,4.619999999999941,5.155908274225749,5.2417083,5.099798842487047,5.686725665266102,5.8526444
CHEMBL496777,6.72,6.3383665,6.4514365,6.5635014,6.374916,6.306557018367314,7.37,6.820110169923317,6.481642526720833,7.0,6.942632666666666,7.0,6.80927544753168,6.9678516,6.937733015155438,6.603966219988835,6.6629176
CHEMBL496777,7.28,6.3383665,6.4514365,6.5635014,6.374916,6.306557018367314,7.37,6.820110169923317,6.4816425267208615,7.0,6.942632666666666,7.0,6.80927544753168,6.9678516,6.937733015155438,6.603966219988835,6.6629176
CHEMBL497614,5.25,6.4212193,6.164466,6.0513864,6.531556,5.973349148321953,6.566,6.59289143582648,6.4916885275249285,5.62,6.6440578095238,6.080359999999974,5.43167300010423,6.6932964,6.632412720634179,6.165837887067393,6.613033
CHEMBL5080066,7.64,6.011694,6.164466,5.9281693,6.054827,5.992511851359401,5.48,5.737531178029643,5.9781399777627655,5.9,5.988552454545472,5.900000000000054,5.76499320736382,5.856343,5.9284955619580995,5.876243386243387,6.061315
CHEMBL5081446,7.2,5.770703,6.420976,6.256451,5.8090153,5.829990134608371,5.986,5.9029196886367705,5.941773505746397,7.28,6.0100368888889015,6.965600000000053,5.860461906055108,6.156614,6.408288779425036,6.368739985693844,6.1306806
CHEMBL5082681,6.22,6.6096344,6.420976,6.416625,6.6109824,6.714723776062391,6.982000000000001,6.49031919955519,6.536156153299288,6.02,6.240297368131867,6.164719999999987,6.348786148009034,6.6204767,6.193621788068828,6.564715824665681,6.4610085
CHEMBL5092560,6.05,5.892577,6.164466,5.9281693,5.880848,5.787229769169944,5.58,5.832822151722765,5.990051516933988,5.9,5.945299779942283,5.948380000000042,6.060402728407847,6.1978893,6.142211829056615,5.8498682336182295,6.0454493
CHEMBL514514,5.6,7.1596613,6.4514365,6.6388392,7.208726,7.229936064538238,6.082,6.367970292356728,7.146667148407715,6.5,6.314005999999994,6.5,6.412129606285642,6.32273,6.180123438699329,6.679547733654224,6.293444
CHEMBL516643,8.64,6.430038,6.422496,6.411509,6.440694,6.347976463652122,7.212000000000001,6.919730027608914,6.550990550754804,7.83,7.626564476190452,7.829999999999951,6.896740315797246,7.7448688,7.643079432527905,6.410575533661722,7.531177
CHEMBL5175340,9.41,7.398152,6.4514365,6.6388392,7.251886,7.386375880338475,7.550333333333333,7.998083030352374,7.310125126980054,8.146666666666667,7.813304666666632,8.143073333333296,8.045941325729304,8.657443,8.06565261030461,6.773523489932888,8.784391
CHEMBL5177928,7.38,4.3784547,6.420976,6.270687,4.9102535,4.821247087320504,5.862,5.674836428083914,5.584360535783674,6.7,5.829574305194797,6.247660000000013,5.625343771815851,6.2234616,5.703906029616235,6.564715824665681,4.88967
CHEMBL517816,5.04,6.238248,6.4514365,6.5635014,6.4857326,6.318398545023899,6.088500000000001,5.904668631836702,6.374038060114231,5.416666666666667,5.777409999999982,5.431946666666653,5.941939204342358,6.26551,6.040705451005628,6.842379356568384,5.736941
CHEMBL5178202,8.25,7.7937565,6.4514365,6.6388392,7.688959,7.7759856033728205,8.077000000000002,7.828986040995331,7.623502840385285,7.52,7.351766666666638,7.519999999999984,7.925585396570283,7.6052837,7.676300525910246,6.773523489932888,9.138895
CHEMBL518586,6.06,7.4333143,6.4514365,6.6388392,7.3471603,7.276897514799132,6.784000000000001,6.878067694223155,7.215029602794587,5.97,6.863819190476165,5.969999999999954,7.0257388138164965,7.122582,7.1893985656275,6.773523489932888,6.332788
CHEMBL518761,8.52,8.4900875,6.5993843,7.003157,8.348213,8.29086092825977,8.752,8.389605310381718,8.230022606079402,8.49,8.458186666666586,8.48999999999989,8.509019252918824,8.543619,8.513454775018188,8.407040498442369,8.714469
CHEMBL5204674,7.68,7.4704247,6.4514365,6.616742,7.318778,7.3707449493594845,9.092,8.026758230524731,7.299004073753196,7.52,7.656645666666636,8.070739999999955,8.377735031819222,7.362239,8.317925163397764,6.773523489932888,8.709135
CHEMBL521600,6.29,6.4929867,6.4514365,6.5635014,6.467698,6.471415754733768,7.188,6.513272193473744,6.535826182114505,6.140000000000001,6.629442857142868,6.505399999999988,6.583549335202945,6.12418,6.414935388448369,6.637002355712608,6.679014
CHEMBL522917,7.31,6.961955,6.422496,6.486847,6.9394836,6.954281433952039,6.45,6.867124380033255,6.890996054976071,6.99,7.007505055555546,7.633259999999945,6.748375357231938,7.0047626,6.979287124893307,6.603966219988835,6.7168064
CHEMBL523231,4.53,5.4894133,6.164466,5.9281693,5.5058155,5.35535097017591,5.994000000000001,5.337007996474854,5.49456284311708,6.07,5.6940550833333266,6.121300000000031,5.360197477477445,5.4528127,5.427138224414022,5.876243386243387,6.069482
CHEMBL5265808,5.18,4.5724993,6.4021707,6.4583836,4.901985,4.7172797929080765,5.218,5.154866776618971,5.207477487640659,5.17,5.2626020760869725,5.173560000000038,5.294250314092514,5.181051,5.165934361659612,6.603966219988835,5.0454965
CHEMBL5266626,6.55,6.423119,6.371711,6.254064,6.4019403,6.494929123599551,6.335333333333333,6.649794387513868,6.454651391201352,6.063777777777777,6.073664750408326,6.063777777777848,6.5348055587747975,6.153819,6.125229380661172,6.842379356568384,6.3932285
CHEMBL5266698,4.82,5.1554956,6.371711,6.3257437,5.2863774,5.117489534654152,5.148000000000001,5.425737697176213,5.653425465451818,5.046666666666667,5.162136341269845,5.046666666666635,5.626232597461886,5.1095014,5.280142086146967,6.410575533661722,5.381604
CHEMBL5266953,7.32,7.076894,6.371711,6.254064,7.017415,7.132800908637349,7.5,7.332608732630567,6.980282000094547,7.226666666666667,7.25396843182339,7.226666666666587,7.707336337803703,7.294799,7.390113678897802,7.1320883311603955,7.563766
CHEMBL5267848,5.0,6.476737,6.371711,6.392141,6.4950795,6.4452582930715785,6.578,6.49130538623042,6.414300860947833,5.0,5.68817533230848,5.0,6.256105084257926,5.0752387,5.606842723418158,6.842379356568384,5.731365
CHEMBL5267936,5.14,6.123424,6.371711,6.16557,6.038638,6.143676354865196,6.335333333333333,6.437278815068073,6.24779112136585,4.52,6.169660020260818,4.520999999999988,5.914395149743854,5.8078065,6.260902090287594,6.564715824665681,6.2369304
CHEMBL5268650,5.68,6.2027397,6.371711,6.414238,6.3090873,6.315033828486813,5.808,5.899708802219374,6.263103167291945,5.925,5.854604476190468,5.9250000000000345,6.047852334798757,5.862833,5.867543025797018,6.679547733654224,5.63661
CHEMBL5268721,5.74,7.1109214,6.371711,6.414238,7.0856647,7.101058634043934,7.072,6.995058615355267,7.092339352157069,7.198131313131311,7.196940552209229,7.1981313131313716,7.192188498537682,7.1975064,7.196736661047085,6.964564233163563,7.1152644
CHEMBL5268832,5.41,5.1563888,6.371711,6.151334,5.185517,4.996663065432436,5.795,5.310079287542501,5.360785016698941,5.41,5.395804300366293,5.409999999999992,5.4551740694396695,5.4070706,5.2679883574584565,6.129395211442792,5.255342
CHEMBL5269029,4.41,7.1134586,6.371711,6.414238,7.0091085,7.097480345373408,6.398000000000001,7.217051197128703,7.0157119468988185,5.2,5.904785607363836,5.199999999999986,7.206548010434535,5.8797116,7.0025502731573015,6.88603402039008,7.1778197
CHEMBL5269817,5.8,6.423119,6.371711,6.254064,6.4019403,6.494929123599551,6.335333333333333,6.649794387513868,6.454651391201352,6.063777777777777,6.073664750408326,6.063777777777848,6.5348055587747975,6.153819,6.125229380661172,6.842379356568384,6.3932285
CHEMBL5269979,6.53,7.1109214,6.371711,6.414238,7.0856647,7.101058634043934,7.072,6.995058615355267,7.092339352157069,7.198131313131311,7.196940552209229,7.1981313131313716,7.192188498537682,7.1975064,7.196736661047085,6.964564233163563,7.1152644
CHEMBL5270578,6.1,6.495365,6.371711,6.414238,6.46445,6.3934847145026215,6.2299999999999995,6.394993965357317,6.386999318171547,6.3999999999999995,6.408128695165934,6.400000000000056,6.6609060067413814,6.4287105,6.3695180696038705,6.842379356568384,6.5773797
CHEMBL5270927,4.8,5.9984393,6.371711,6.414238,6.0073915,5.886847714109581,6.406000000000001,6.311652449389439,6.144397923228468,6.640000000000001,6.611025023809543,6.639999999999978,6.3348157575765285,6.549163,6.605814064302057,6.410575533661722,6.2772136
CHEMBL5271678,5.85,6.557826,6.371711,6.392141,6.559748,6.465774363306462,6.5200000000000005,6.199586192773122,6.43305031127467,6.34,6.337132264482293,6.340000000000028,6.244606153182554,6.316673,6.263374750020836,6.842379356568384,6.2843885
CHEMBL5271963,5.4,6.4168024,6.371711,6.414238,6.4689903,6.498120017729336,6.074,6.0537538047720565,6.31370246051091,6.901190476190476,6.036007874116624,6.901190476190522,6.286245536882265,6.147114,5.628322270311474,6.679547733654224,5.929232
CHEMBL5272287,6.82,6.4551015,6.371711,6.414238,6.476166,6.45698838605272,6.706,6.089857160290765,6.371183601644248,6.485833333333335,6.479402769521498,6.485833333333292,6.372200750812885,6.459385,6.415312311354892,6.762144168962346,6.3260355
CHEMBL5273164,4.22,5.724249,6.371711,6.231967,5.7963204,5.7695574565301,4.779999999999999,5.341851592296145,5.728061830208389,4.8500000000000005,4.851373094007296,4.849999999999954,5.245922510322204,4.9061327,4.926242667957632,6.295777467411543,5.2391086
CHEMBL5273549,5.54,5.6283402,6.371711,6.2409077,5.680821,5.530305367096389,5.898000000000001,5.539663647855864,5.523004476453707,6.5,6.058011786223039,6.5,5.8756580317266245,6.317655,7.040237393237321,6.343282828282845,6.702771
CHEMBL5274139,5.89,6.1329436,6.4514365,6.5414042,6.130217,6.085052385115514,6.959999999999999,6.206987946774061,6.1883050133795905,7.38,7.373131666666706,7.380000000000077,6.6620655336367856,7.409409,7.3729968254374425,6.603966219988835,7.154617
CHEMBL5274299,4.96,6.1780677,6.371711,6.3911424,6.243919,6.262980472574576,6.336166666666667,5.9475321888046615,6.132887668002866,5.25,5.969714599206345,5.576399999999986,5.936702019848046,5.9561205,6.156800505288918,6.343282828282845,6.130898
CHEMBL5274335,8.0,6.2866864,6.3427696,6.226992,6.232134,6.221672714825845,8.463333333333333,7.711474452778244,6.544933018888244,8.31,8.257200333333312,8.203979999999971,7.834488223655116,8.218921,7.986800052256942,6.704272717755465,7.9701414
CHEMBL5275215,5.85,6.4660096,6.371711,6.414238,6.5177774,6.427371910016177,6.806,6.839724665006845,6.708773603045586,6.864285714285715,6.843970559848648,6.864285714285761,7.063057120804365,6.895565,6.9876618978644665,6.964564233163563,6.8678885
CHEMBL5275417,6.28,6.4551015,6.371711,6.414238,6.476166,6.45698838605272,6.706,6.089857160290765,6.371183601644248,6.485833333333335,6.479402769521498,6.485833333333292,6.372200750812885,6.459385,6.415312311354892,6.762144168962346,6.326035
CHEMBL5275668,4.96,5.872569,6.371711,6.414238,5.980729,5.8506303663878985,5.063,5.54478038739049,6.0802066300595925,4.943333333333333,4.945745188436256,4.943333333333334,5.482137335410797,4.981037,4.967114221928371,6.410575533661722,5.2780185
CHEMBL5275798,5.75,6.423119,6.371711,6.254064,6.4019403,6.494929123599551,6.335333333333333,6.649794387513868,6.454651391201352,6.063777777777777,6.073664750408326,6.063777777777848,6.5348055587747975,6.153819,6.125229380661172,6.842379356568384,6.3932285
CHEMBL5276018,5.46,5.6551933,6.4021707,6.4583836,5.68922,5.615740399033223,5.5329999999999995,5.280333848791831,5.746522938195966,5.47,5.535269523809517,5.476059999999995,5.343560064296554,5.21692,5.226190184146685,6.842379356568384,4.6276045
CHEMBL5277126,6.43,6.420186,6.4514365,6.5414042,6.470186,6.526643772017769,6.959999999999999,6.195787116731458,6.445186557792809,8.7,7.899010333333297,8.69999999999992,6.883861271387349,8.391078,7.759346202030409,6.603966219988835,7.4694285
CHEMBL5277162,5.82,6.557826,6.371711,6.392141,6.559748,6.465774363306462,6.5200000000000005,6.199586192773122,6.433050311274712,6.34,6.337132264482293,6.340000000000028,6.244606153182554,6.316673,6.263374750020836,6.842379356568384,6.2843885
CHEMBL5277888,4.3,5.8729997,6.371711,6.414238,5.958251,5.890594179110118,5.1,5.520209994098901,5.874226247697877,6.027500000000001,5.285990673834602,5.257609999999975,5.421942318054708,4.977542,5.139223796060484,6.536718501824429,5.363911
CHEMBL5278107,6.02,6.557826,6.371711,6.392141,6.559748,6.465774363306462,6.5200000000000005,6.199586192773122,6.43305031127467,6.34,6.337132264482293,6.340000000000028,6.244606153182554,6.316673,6.263374750020836,6.842379356568384,6.284388
CHEMBL5278253,4.29,5.63073,6.371711,6.414238,5.7983317,5.737039467559544,5.063,5.317674241386391,5.946211309101926,5.25,4.940779646622075,5.285299999999998,5.2991849031402865,4.5519094,4.678303715290533,6.343282828282845,4.8424225
CHEMBL5279139,5.29,5.817353,6.371711,6.231967,5.9201736,5.839782217326303,4.676,5.983541582482405,5.99697116526157,7.226666666666667,5.764713371434137,7.443233333333373,6.026711676510435,5.806141,5.3249147931176655,6.603966219988835,5.8543944
CHEMBL5281055,4.75,6.468072,6.371711,6.254064,6.437986,6.48020575775816,6.2540000000000004,6.4502278182375665,6.505049365375015,6.339166666666665,6.328951926391801,6.339166666666645,6.507230056030869,6.263227,6.236875460084207,6.88603402039008,6.5085893
CHEMBL5281249,4.64,5.9984393,6.371711,6.414238,6.0073915,5.886847714109581,6.406000000000001,6.311652449389439,6.144397923228468,6.640000000000001,6.611025023809543,6.639999999999978,6.3348157575765285,6.549163,6.605814064302057,6.410575533661722,6.2772136
CHEMBL5281469,7.0,6.7022896,6.371711,6.414238,6.666807,6.745500242220181,6.798,6.897780686971872,6.741791939782331,6.912711864406779,6.910600784134112,6.912711864406799,6.889215414047176,6.919274,6.892905160247029,6.603966219988835,6.9331913
CHEMBL5281516,6.5,7.0287175,6.371711,6.414238,6.9802437,6.969600362728736,7.786000000000001,7.269896924314677,7.107405904869779,7.190526315789474,7.1684918034182505,7.190526315789512,7.384130724820195,7.196682,7.196824280414209,7.193265811105518,7.530754
CHEMBL5281632,4.12,5.3285613,6.3427696,6.13642,5.3705673,5.150051008150229,4.915,5.31295336032443,5.428619897260489,5.095,4.890811460317459,5.094999999999979,5.214425981536202,4.1801577,4.5386226027278465,5.86555393586006,4.9809885
CHEMBL5281823,5.24,5.370193,6.4021707,6.4583836,5.5792146,5.573770995045785,5.282,5.269166606802601,5.640263545866162,5.24,5.393821999999993,5.2399999999999585,5.516398774860731,5.235588,4.86594031570312,6.603966219988835,4.7959313
CHEMBL5282027,6.88,7.007807,6.4021707,6.5053754,6.9622383,7.06980588102059,7.731,6.975990775443366,6.7325146347569955,7.300000000000001,7.307260000260659,7.300000000000062,7.152781057277328,7.2897496,7.287155453452693,6.410575533661722,7.4128013
CHEMBL5282922,5.85,6.2027397,6.371711,6.414238,6.3090873,6.315033828486813,5.808,5.899708802219374,6.263103167291945,5.925,5.854604476190468,5.9250000000000345,6.047852334798757,5.862833,5.867543025797018,6.679547733654224,5.6366096
CHEMBL5282986,5.14,6.465591,6.371711,6.414238,6.424304,6.312154835673277,5.808,6.210164998446354,6.293734090042307,5.808,5.820396880896878,5.807999999999994,6.209699717836487,5.8374157,5.8082086901420205,6.842379356568384,5.579215
CHEMBL5283276,8.05,6.531377,6.4514365,6.5414042,6.510764,6.489239568931798,6.544,6.452905073862881,6.496444034763471,5.85,6.339640666666634,5.849999999999947,6.8866554326211045,5.979199,6.57174596503909,6.603966219988835,6.5696263
CHEMBL5283697,4.32,5.48241,6.371711,6.231967,5.613923,5.655966557701745,4.779999999999999,5.212160532085803,5.598061650107951,4.8500000000000005,4.9476485927307925,4.849999999999954,5.017420436862991,5.122937,5.245130747325049,6.23667602996256,4.977632
CHEMBL5283822,9.08,6.2073627,6.3427696,6.226992,6.1770706,6.145224343918837,8.745999999999999,7.6169047264698415,6.5229745576093165,8.0,8.483401333333344,8.106019999999985,7.902189356537568,8.6901045,8.570978546432412,6.704272717755465,8.5386
CHEMBL5284085,5.39,6.2653723,6.371711,6.414238,6.397159,6.434827736049246,5.284,6.027099606151092,6.417598316840184,5.266666666666667,5.297014912698413,5.266666666666704,6.263538567453555,5.5950594,5.699612311079737,6.679547733654224,5.977938
CHEMBL5284111,4.0,6.699752,6.371711,6.414238,6.7433634,6.749078530890706,6.996,6.635851512610438,6.808608227844246,7.220999999999999,7.2488034835045445,7.221000000000003,6.7795731810173905,7.1555276,7.149675270767605,6.679547733654224,6.685869
CHEMBL5284198,5.59,6.7022896,6.371711,6.414238,6.666807,6.745500242220181,6.798,6.897780686971872,6.741791939782331,6.912711864406779,6.910600784134112,6.912711864406799,6.889215414047176,6.919274,6.892905160247029,6.603966219988835,6.9331913
CHEMBL5284524,5.3,6.212496,6.371711,6.414238,6.202992,6.171096704168151,5.418,5.869968808962351,6.133559384542963,5.185,5.170155920079917,5.184999999999957,5.940627775993481,5.2651033,5.354233262856591,6.762144168962346,5.6342173
CHEMBL5284742,5.85,6.223003,6.371711,6.3257437,6.1547003,6.201538892965593,6.276000000000001,5.547987551438471,6.04595913636237,4.92,5.360632993695608,4.920000000000035,5.8203331187558485,5.249537,5.285338082107271,6.564715824665681,6.099874
CHEMBL5284938,6.24,6.7022896,6.371711,6.414238,6.666807,6.745500242220181,6.798,6.897780686971872,6.741791939782331,6.912711864406779,6.910600784134112,6.912711864406799,6.889215414047176,6.919274,6.892905160247029,6.603966219988835,6.9331913
CHEMBL5285355,4.23,5.725923,6.371711,6.3257437,5.743319,5.709057665999076,5.712,4.92483853673635,5.61930589411169,4.31,4.672110357142832,4.309999999999959,5.577683582414194,4.532245,4.596864458106751,6.129395211442792,4.9251475
CHEMBL5285636,7.89,6.6836977,6.4514365,6.5635014,6.7027926,6.734186392484749,6.668000000000001,6.551089034573523,6.692791321547077,6.62,6.582325333333286,6.619999999999926,6.4544613389582395,6.727928,6.774345150898506,6.603966219988835,6.25955
CHEMBL5285647,7.12,7.1109214,6.371711,6.414238,7.0856647,7.101058634043934,7.072,6.995058615355267,7.092339352157069,7.198131313131311,7.196940552209229,7.1981313131313716,7.192188498537682,7.1975064,7.196736661047085,6.964564233163563,7.1152644
CHEMBL5286151,5.52,5.1662817,6.371711,6.254064,5.324485,5.105566208472168,5.475,5.587818061758353,5.609017352266008,8.47,6.210828676034967,8.469999999999924,5.44177941709362,5.2967463,5.496951053933186,6.679547733654224,5.283275
CHEMBL5287052,4.85,7.1218467,6.371711,6.254064,7.053461,7.118077542795957,7.684,7.239042284969804,7.020884283965103,7.996666666666666,7.9899883473584365,7.996666666666559,7.802817912988797,7.9864316,7.950044723682467,7.235668960244649,7.9231796
CHEMBL5288289,5.05,6.3729057,6.371711,6.414238,6.393924,6.357147149219973,5.882000000000001,6.047204092257888,6.412553306461149,5.778124999999999,5.758529873790723,5.77812499999997,6.095302255424912,5.804158,5.797499265965933,6.679547733654224,5.9614587
CHEMBL5288360,5.49,6.021248,6.4021707,6.4583836,6.1667867,5.965935199338275,5.597,5.662233449823688,6.263752400317657,5.48,5.524940999999985,5.472979999999981,5.642636173549777,5.5648947,5.681811351374653,6.842379356568384,5.493319
CHEMBL5288725,5.37,5.3615656,6.4021707,6.4583836,5.6616554,5.438904583370592,5.378,5.434082961420593,5.939648551214631,5.31,5.467696738095259,5.471444999999966,5.32588786107848,5.4027977,5.191998541533677,6.603966219988835,5.4676666
CHEMBL5288881,6.62,7.1109214,6.371711,6.414238,7.0856647,7.101058634043934,7.072,6.995058615355267,7.092339352157069,7.198131313131311,7.196940552209229,7.1981313131313716,7.192188498537682,7.1975064,7.196736661047085,6.964564233163563,7.1152644
CHEMBL5289646,6.36,6.495365,6.371711,6.414238,6.46445,6.3934847145026215,6.2299999999999995,6.394993965357317,6.386999318171547,6.3999999999999995,6.408128695165934,6.400000000000056,6.6609060067413814,6.4287105,6.3695180696038705,6.842379356568384,6.5773797
CHEMBL5289932,5.74,6.6726546,6.371711,6.489576,6.7136555,6.738956254783088,6.167999999999999,6.200040446460727,6.454358461899943,6.172499999999999,6.15355548737373,6.172500000000014,6.22557422028394,6.198785,6.22503939826399,6.679547733654224,5.909571
CHEMBL5290103,4.38,6.423119,6.371711,6.254064,6.4019403,6.494929123599551,6.335333333333333,6.649794387513868,6.454651391201352,6.063777777777777,6.073664750408326,6.063777777777848,6.5348055587747975,6.153819,6.125229380661172,6.842379356568384,6.3932285
CHEMBL5290344,6.5,6.7022896,6.371711,6.414238,6.666807,6.745500242220181,6.798,6.897780686971872,6.741791939782331,6.912711864406779,6.910600784134112,6.912711864406799,6.889215414047176,6.919274,6.892905160247029,6.603966219988835,6.9331913
CHEMBL5290446,5.75,6.4551015,6.371711,6.414238,6.476166,6.45698838605272,6.706,6.089857160290765,6.371183601644248,6.485833333333335,6.479402769521498,6.485833333333292,6.372200750812885,6.459385,6.415312311354892,6.762144168962346,6.3260355
CHEMBL5290731,5.48,6.3214006,6.4514365,6.5149174,6.4120417,6.62790093786555,6.476666666666667,6.509275738101021,6.378065307006594,8.47,6.696124635466316,8.469999999999924,6.442249469331092,6.943055,6.995878026916119,6.603966219988835,6.1989946
CHEMBL5290784,5.4,5.408249,6.371711,6.3257437,5.50675,5.318975412154174,5.978,5.275556017551756,5.737289978319865,5.763333333333333,5.425843375652128,5.763333333333322,5.57850950453127,5.529044,5.185693920813911,6.410575533661722,5.3902125
CHEMBL53290,6.66,6.60255,6.422496,6.411509,6.508011,6.581575879686502,6.156666666666667,6.517112250231693,6.4703939770814,6.376666666666667,6.417033111111116,6.376666666666662,6.692188745775094,6.408667,6.393301049725976,6.603966219988835,6.4509544
CHEMBL5393912,6.76,6.136858,6.4514365,6.6388392,6.350565,6.260875286151208,6.465999999999999,6.196095507519904,6.55855238215446,6.38,6.278214952380977,6.388450000000069,6.402740662159874,6.453159,6.736959299688688,6.637002355712608,6.040272
CHEMBL5394007,7.05,6.792281,6.4021707,6.4583836,6.7773967,6.811924804135302,6.746,6.973130311199178,6.812107174972766,7.42,7.110973285714309,7.400920000000045,6.970602579221393,6.92388,7.518779757351187,6.773523489932888,7.1180825
CHEMBL5394126,4.5,6.585772,6.422496,6.411509,6.592674,6.707122620060983,5.664666666666666,5.677048151428901,6.3881563135267925,5.43,5.394310444444446,5.431719999999986,5.224305905508108,4.586476,4.822537640982175,6.564715824665681,5.12209
CHEMBL5394223,5.42,5.6684046,6.371711,6.151334,5.6089387,5.6840116480428,5.206,5.597304744377915,5.668095005751326,5.775,5.282434238095238,5.775000000000053,5.418902889356014,5.1595187,5.1695734057419465,6.368739985693844,5.3125854
CHEMBL5394799,8.0,7.0639505,6.5993843,6.9278193,7.1122537,7.08929505395888,8.690000000000001,7.590439684963904,7.253793078253722,8.26,8.385082666666724,8.260000000000106,8.27558705451792,8.154781,8.89943957742098,8.407040498442369,7.4142337
CHEMBL5395012,5.66,6.2854247,6.420976,6.4831038,6.2265882,6.304461545906882,5.692,5.969892572308628,6.019355208401279,6.2,5.937405666666649,6.199999999999959,5.956505132794493,5.7798514,5.901951331968424,6.603966219988835,5.655067
CHEMBL5395351,6.4,6.042638,6.4021707,6.4583836,6.1342397,6.249535950424317,6.2775,6.019816553729185,6.234988458785011,5.92,5.869989744949516,5.920000000000041,6.0924674580194615,5.7919908,5.7477418062860695,6.564715824665681,5.7676783
CHEMBL5395602,6.85,7.6990337,6.5993843,7.003157,7.6855097,7.833325465137024,6.980000000000001,7.661134496608576,7.467280675366524,7.35,7.0999690476190676,7.349999999999939,7.375062565546017,7.158293,6.917200741460058,6.882283304076444,7.412765
CHEMBL5396706,5.76,5.208904,6.371711,6.151334,5.185919,5.140254537484246,5.242,5.897618248840623,5.537847555815773,5.195,5.377599308302807,5.195000000000018,5.700090959802027,5.4606595,5.764181986077593,6.410575533661722,6.2051225
CHEMBL5397257,5.66,6.0339746,6.4514365,6.6388392,6.099868,5.938539301419564,5.54,5.909698307095585,6.154901584267975,6.72,5.854443333333322,6.718759999999946,5.939395134378007,5.7379904,5.719656300245096,6.773523489932888,5.3932385
CHEMBL5398069,4.7,5.6283016,6.420976,6.270687,5.619571,5.664948193084465,5.1659999999999995,5.058515160098283,5.485392171853903,5.005,5.042582611111132,5.005000000000063,5.162006365487684,5.014907,4.999860139313866,6.564715824665681,4.825938
CHEMBL5398138,8.7,8.646698,6.5993843,6.9278193,8.469336,8.573167351113856,8.690000000000001,8.4038078183713,8.140578411378982,8.7,8.843826000000025,9.041359999999996,8.694036862228891,8.936766,8.873417441022829,8.407040498442369,9.418978
CHEMBL5400514,7.3,7.9691067,6.5993843,6.9278193,7.898856,8.074969812787305,7.1049999999999995,7.372914322028739,7.456613141988484,7.3,7.208321583333347,7.526746666666734,7.44586553758799,7.4839945,7.1323670270700354,7.057732240437158,7.891412
CHEMBL5400890,6.1,6.042638,6.4021707,6.4583836,6.1342397,6.249535950424317,6.2775,6.019816553729185,6.234988458785153,5.92,5.869989744949516,5.920000000000041,6.0924674580194615,5.7919908,5.7477418062860695,6.564715824665681,5.767678
CHEMBL5401146,6.96,7.5104904,6.4514365,6.6388392,7.5654755,7.657343587441151,7.7540000000000004,7.159942124139453,7.431830501525198,7.26,7.4105672380953065,7.26000000000009,7.401937836062954,7.3332696,7.293147103888722,6.842379356568384,7.4676695
CHEMBL5401315,9.51,8.875845,6.5993843,6.9278193,8.575359,8.739221659891177,9.224,9.222474486471896,8.223378468942315,9.55,9.469242000000078,9.55000000000009,9.196639529069882,9.456273,9.44413584283867,8.407040498442369,9.400807
CHEMBL5401807,4.31,5.266684,6.420976,6.430861,5.472274,5.154979692825353,5.048,5.276268022750539,5.661612820815904,4.35,4.627491079365047,4.34999999999996,5.309104273811474,4.5382614,5.007991207990846,6.679547733654224,5.0220532
CHEMBL5401856,4.85,5.6283016,6.420976,6.270687,5.619571,5.664948193084465,5.1659999999999995,5.058515160098283,5.485392171853903,5.005,5.042582611111132,5.005000000000063,5.162006365487684,5.014907,4.999860139313866,6.564715824665681,4.825938
CHEMBL5402457,9.44,8.36108,6.5993843,7.003157,8.249724,8.251918489979357,9.350000000000001,9.320984391839886,8.42757555390699,9.44,9.350262333333337,9.439999999999987,9.43939407385561,9.510982,9.487308400313612,8.407040498442369,9.697919
CHEMBL5403263,5.42,6.28788,6.420976,6.4831038,6.141691,6.237944520596811,5.806,5.799893936369935,5.90844565706422,5.07,5.385407571428587,5.0700000000000145,5.75036729831023,5.57928,5.676648624157823,6.603966219988835,5.387614
CHEMBL5404073,9.6,8.228846,6.5993843,6.904724,8.009983,8.099995207769371,8.581999999999999,8.28916674946586,7.748735100039838,8.845,8.795674190476213,8.964749999999984,8.676481685391911,9.135305,9.208178095176018,8.407040498442369,8.597549
CHEMBL5404624,8.4,8.459495,6.5993843,7.003157,8.4126425,8.362801017211419,8.658,8.730474646329121,8.493568523623196,8.649999999999999,8.673534844155817,8.650000000000041,8.850847205293599,8.686937,8.716072595592777,8.420110192837468,8.779619
CHEMBL5405284,5.13,5.423125,6.164466,5.942405,5.484118,5.3332723727392315,5.1979999999999995,5.287568000144301,5.516313942079279,4.98,5.321591515873014,4.987380000000022,5.5753760157407095,5.8811374,5.951791621712051,5.686725665266102,5.3935533
CHEMBL5406056,5.37,6.8703523,6.3427696,6.2490892,6.8444686,6.905265388384002,6.391333333333334,6.81460785831235,6.79021371729192,6.17,6.779254869047611,7.035800000000019,7.22676932637123,6.035899,6.2781789870030105,6.773523489932888,6.5466623
CHEMBL5406734,9.68,7.8531647,6.5993843,7.003157,7.90883,8.030769614484942,8.634,8.260280912991385,8.006780954478955,9.96,8.761935087301568,9.287919999999996,8.573648473550197,9.28495,9.38854813031101,7.754285714285713,9.099283
CHEMBL5408847,8.4,8.424099,6.5993843,6.9278193,8.300427,8.30467905832808,8.315999999999999,7.9016783674456885,7.92641210693408,8.82,8.330401999999994,8.679799999999965,8.591141174299285,8.347373,8.246765905843937,8.407040498442369,8.072328
CHEMBL5409215,7.05,6.7612476,6.4514365,6.6388392,6.624094,6.642390072413289,7.124,6.94997905816016,6.464919508710111,7.05,6.973375000000037,7.0500000000000576,6.851485751469325,7.0481367,7.054841362552054,6.603966219988835,6.953937
CHEMBL5410011,8.64,7.5089703,6.4514365,6.6388392,7.477411,7.423307576694738,8.268,7.8071058367240935,7.625868306029332,8.74,7.834809391025584,8.739999999999888,7.695071636738976,8.228025,8.19257286560214,6.637002355712608,8.178488
CHEMBL5410574,7.72,6.4944344,6.371711,6.4010816,6.5499024,6.372150217967795,6.952000000000001,6.845287615899156,6.617300986437925,8.02,7.385387158730147,8.019999999999984,6.112840489876628,7.5032783,7.55763811084126,6.773523489932888,7.0016017
CHEMBL5410657,9.42,8.90277,6.5993843,6.9278193,8.585636,8.666886606215456,8.992,8.793426696705382,8.24861536458576,7.64,8.306173619047634,7.639999999999964,8.778149071553754,8.285468,8.139724412790203,8.407040498442369,8.45763
CHEMBL5411125,5.8,6.0746603,6.5689244,6.635005,6.134077,6.167431918238322,5.61,5.968313621498485,5.95263227272423,6.07,6.24057750000003,6.070000000000039,5.887150875516932,6.2149267,6.306673001750269,6.823635802469133,5.864834
CHEMBL5411570,5.79,6.3039656,6.5993843,6.9278193,6.4870768,6.3973509937366835,5.772,6.300488822794123,6.434300883724802,7.03,6.75618328571432,7.03000000000007,6.057380299367071,6.8311586,6.483824027286502,6.773523489932888,6.662402
CHEMBL5412224,5.3,6.4200764,6.4514365,6.6388392,6.429654,6.42535013208487,6.046,6.262552699006136,6.47592973709601,6.085,6.0490635714285785,6.085000000000028,5.957886034544242,5.916181,5.904770670275219,6.603966219988835,5.7393937
CHEMBL5412353,8.77,8.90277,6.5993843,6.9278193,8.585636,8.666886606215456,8.992,8.793426696705382,8.24861536458576,7.64,8.306173619047634,7.639999999999964,8.778149071553754,8.285468,8.139724412790203,8.407040498442369,8.45763
CHEMBL5412410,4.66,5.6741962,6.3427696,6.036673,5.804506,5.686671847631614,5.264,5.17198801823757,5.703220908888838,4.66,4.900634809523814,4.6600000000000135,5.144990962979069,4.8755765,5.022188752661732,6.410575533661722,5.220853
CHEMBL5413419,5.77,6.7507987,6.4514365,6.5635014,6.7583733,6.767214459194959,6.535000000000001,6.572250678794304,6.740519794620539,4.61,6.493699854497349,4.609999999999975,6.51824959486669,6.5094233,6.602273338750642,6.773523489932888,6.4921985
CHEMBL5413472,7.1,7.6078625,6.4514365,6.6388392,7.5825872,7.615571084212597,8.466000000000001,7.3904560078666535,7.5772689457639615,7.52,7.378263821428533,7.544159999999973,7.112322328145321,7.5997014,7.745680908553271,6.679547733654224,7.891401
CHEMBL5413476,6.21,7.2318864,6.4514365,6.6388392,7.222156,7.178974209522168,6.958,6.883105339022588,7.168988173041413,6.93,6.745219333333319,6.9299999999999455,7.001318743409506,6.7961535,6.734013577514466,6.637002355712608,6.338753
CHEMBL5413924,5.37,5.531201,6.1934066,5.9430833,5.5421333,5.340352976694529,4.95,5.010121874918747,5.375882033716707,5.11,5.0895666666666575,5.10999999999999,5.033417808033955,5.089856,4.938328772919479,5.6280709851911075,4.892935
CHEMBL5414572,6.82,7.3278785,6.4514365,6.5635014,7.3139195,7.336340195439403,6.622,6.667136515146241,6.918120373166076,6.54,6.715462666666662,6.513959999999968,6.791120792831498,7.060416,6.83267968568434,6.773523489932888,6.810781
CHEMBL5416291,5.73,6.08838,6.4514365,6.6388392,6.2875752,6.1390530414824065,5.47,5.6023617679680004,6.415678209776971,4.76,5.084910500000022,4.760000000000024,5.412416526522912,4.8363595,5.264250682116401,6.637002355712608,5.277785
CHEMBL5417452,7.69,7.4374743,6.4514365,6.5635014,7.4579554,7.554570153930175,7.146000000000001,6.984110464456061,7.267884958484842,6.06,6.545556619047573,6.059999999999955,7.190991856611405,6.8417397,6.783752137125286,6.842379356568384,6.73857
CHEMBL5419258,7.8,7.5054874,6.5993843,6.7534094,7.3770475,7.2909104153468,7.647999999999999,7.46430686600809,7.240691463387094,8.55,8.296006666666694,8.550000000000079,8.37438558761591,7.9476366,8.35158698085283,7.384047619047624,6.875995
CHEMBL5419730,6.06,7.1134157,6.4514365,6.6388392,7.00149,6.961692588576576,5.856,6.443478728861647,6.8610419563860034,8.06,6.093556666666656,7.77203999999997,6.288460347227679,5.726034,5.936227201968931,6.637002355712608,6.1130457
CHEMBL5421289,6.92,5.2576046,6.164466,5.942405,5.2680507,5.149484636374831,5.888,5.4748976564309055,5.434424628128909,6.0975,6.00559185520363,6.097499999999976,5.443148097959102,5.576015,5.818440920984973,5.686725665266102,5.4137936
CHEMBL5421435,9.43,8.417146,6.5993843,6.9278193,8.253222,8.266479265098951,8.636,8.027458520024071,7.984336866964654,8.28,8.543071333333364,8.293280000000076,8.492491294726978,8.575631,8.438677280407981,8.407040498442369,8.833216
CHEMBL5421450,8.42,6.440638,6.4514365,6.5635014,6.5806875,6.539412886791172,7.949,6.233304748893375,6.610874018079556,6.62,5.775860726190485,6.3061999999999365,6.305145191351051,6.0889735,6.106362192705861,6.773523489932888,6.4764256
CHEMBL5421772,6.7,7.189059,6.4514365,6.6388392,7.0392456,7.020592348838282,5.9799999999999995,6.702581848388656,6.8639441851911585,8.06,6.549503333333311,7.77203999999997,6.594584611883266,6.6659417,6.454146612622769,6.773523489932888,7.047335
CHEMBL5421931,4.3,5.2843127,6.420976,6.430861,5.430499,5.1796900421805505,5.196,5.096530424493055,5.509290959603533,4.92,5.007374666666678,4.920000000000035,5.09935950215753,5.121959,5.131207970768155,6.603966219988835,4.829264
CHEMBL5423258,7.66,6.905601,6.4514365,6.5635014,6.7651033,6.671860809637364,6.936,6.769903148670252,6.558164908271095,7.0,6.7214886666666755,6.9077600000000166,6.544360338389282,6.475012,6.808150109629499,6.773523489932888,6.854917
CHEMBL5423400,8.52,7.9158907,6.5993843,6.905722,7.852612,7.967674843969564,8.032,7.073126143432425,7.515296231517553,6.12,7.283795333333311,6.119999999999929,7.339038417893377,6.7724614,6.751814671735827,8.407040498442369,6.8302264
CHEMBL5423575,7.17,5.7042637,6.4514365,6.5414042,5.9396896,5.725894079878162,6.208,5.618114168122558,6.08019392120255,4.73,5.076910666666681,4.81024000000003,5.580939712526858,5.406741,5.676110799908644,6.603966219988835,5.05975
CHEMBL5423576,5.55,6.1184864,6.1934066,6.0943975,6.1790657,6.031732201488843,5.476,5.490291187439729,5.99571834305695,5.55,5.509604174603192,5.550000000000024,5.401636987802928,5.125111,5.187633408295849,5.8045136904761865,5.482569
CHEMBL5423824,8.82,8.451569,6.5993843,7.003157,8.439116,8.361241719954753,8.824000000000002,9.060198703706162,8.613812037927815,8.96,8.970380714285739,8.960000000000031,9.311068683879801,9.046781,9.273908170613723,8.420110192837468,9.53722
CHEMBL5425135,7.02,5.8138714,6.164466,5.942405,5.797279,5.764063287948018,5.888,5.426838794791248,5.669807638209164,6.0975,6.057375174603175,6.097499999999976,5.666072895058352,6.034757,5.981747536375197,5.686725665266102,5.693238
CHEMBL5425230,7.51,8.105076,6.5993843,6.905722,8.007372,8.119999113478265,8.032,7.4330354227365945,7.6726684278474835,8.36,7.805202190476194,8.299040000000073,7.978881811656156,8.001694,7.545171389277684,8.407040498442369,7.4601264
CHEMBL5425445,5.47,5.112062,6.420976,6.270687,5.183918,5.138487991240368,5.048,5.063307560684699,5.316712189254375,4.48,4.857095610389615,4.4733400000000145,4.966679373541906,4.6368895,4.795259978189089,6.564715824665681,4.674765
CHEMBL5425529,5.26,6.2760186,6.4021707,6.5258617,6.5489607,6.24330015052134,8.302000000000001,7.20225819727195,7.043919955596465,4.85,6.380991095238094,5.0407199999999746,6.9444515656118275,6.3221035,6.322191721469924,6.536718501824429,8.001352
CHEMBL5425929,7.53,7.090693,6.4514365,6.6388392,7.0471344,7.032146655331079,7.699,7.335475849959823,7.068346953280951,7.82,7.5611903809524055,7.820000000000067,7.503411897998128,7.679933,7.647848429983259,6.679547733654224,7.6090546
CHEMBL5426057,5.37,6.785282,6.213732,6.089218,6.8191423,6.858669569656379,6.242,6.49016399691984,6.636042932740509,5.75,5.988961666666669,5.832599999999995,6.458343360396471,6.0787683,6.109634785815959,6.494893617021276,6.2419963
CHEMBL5428001,6.82,7.315455,6.4514365,6.6388392,7.233439,7.239433267040541,6.797999999999999,7.18132513419587,7.109108128123594,7.215,6.987845999999988,7.082390000000027,7.174951688057114,6.9403553,6.833656118179659,6.679547733654224,6.854547
CHEMBL5429338,8.6,8.106509,6.4514365,6.6388392,7.896143,7.696968730163286,8.416,7.902716991406779,7.819980870823912,8.85,8.132073095238038,8.849999999999968,7.9041905491671205,8.278198,8.300577012896246,6.637002355712608,7.864144
CHEMBL5430729,6.36,5.5899124,6.3427696,6.1737514,5.6190476,5.559475088788616,6.336999999999999,5.869623729600857,5.7891460401508255,5.966666666666666,5.958628166666673,5.96666666666669,5.8907174472754,5.940142,5.916488277078079,6.564715824665681,5.7727056
CHEMBL5431850,7.915000000000001,8.311705,6.5993843,6.9278193,8.233405,8.14437207443951,7.616,8.257666087710676,8.12686046937624,8.68,8.619101999999971,8.679999999999948,8.37645519722415,8.456819,8.347553404815317,8.407040498442369,8.150071
CHEMBL5432856,7.21,6.82388,6.4514365,6.6388392,6.712166,6.762183979975722,7.124,7.040065135149757,6.538484779276942,7.21,7.153083000000009,7.210000000000029,6.9447715816670454,7.113903,7.179986036156261,6.603966219988835,6.9126534
CHEMBL5432975,4.72,5.617077,6.420976,6.346025,5.6508265,5.661681926809277,5.444000000000001,5.461325632322948,5.621102479660934,5.3325000000000005,5.3340594706959745,5.3324999999999845,5.314511315185024,5.322655,5.414508307789696,6.564715824665681,5.3969293
CHEMBL5433174,6.32,6.0746603,6.5689244,6.635005,6.134077,6.167431918238322,5.61,5.968313621498485,5.95263227272423,6.07,6.24057750000003,6.070000000000039,5.887150875516932,6.2149267,6.306673001750269,6.823635802469133,5.864834
CHEMBL5433928,5.35,5.497438,6.420976,6.430861,5.6561823,5.347649471245944,5.202,5.3017686383960285,5.746012490077973,4.6,4.973099079365058,4.599999999999957,5.121765950105697,4.894273,4.977019599338135,6.679547733654224,5.02558
CHEMBL5434606,8.49,8.252348,6.5993843,6.9278193,8.085617,8.187617543015444,8.636,8.538554037010295,7.909359481524717,9.55,8.959898523809564,9.206710000000047,8.86845829237521,9.25137,9.036040964590073,7.883272727272712,8.787738
CHEMBL5435238,8.77,8.438305,6.5993843,6.9278193,8.342073,8.452718904150345,8.69,8.456574289019049,8.129772349417806,9.38,9.110885666666722,9.380000000000084,8.641420549964263,9.141632,9.058814754865958,8.407040498442369,9.171085
CHEMBL5436300,6.3,6.5064874,6.5689244,6.7103434,6.4783325,6.565209068235453,5.680000000000001,6.02763794766622,6.141298073665126,6.3,6.257386666666687,6.3000000000000425,5.920179131754618,6.676158,6.413903709724113,6.823635802469133,6.0741167
CHEMBL5436915,4.5,5.4418554,6.420976,6.270687,5.4290953,5.292659779236137,5.446000000000001,5.284053477677463,5.489585547406804,5.28,5.320691182539694,5.280000000000026,4.96504794079079,5.1015935,4.867848506961403,6.564715824665681,5.146214
CHEMBL5437093,6.38,6.61835,6.4514365,6.6388392,6.6672554,6.714718666500456,6.692,6.491345073185919,6.667995725089483,6.21,6.511775142857144,6.347279999999997,6.2992396703539955,6.6387496,6.563806506849881,6.637002355712608,6.2554145
CHEMBL5438005,5.79,5.310621,6.164466,5.942405,5.34694,5.318399844751835,6.016,5.739263783493101,5.53335282522265,6.92,6.402560706959738,6.920000000000045,5.8887629484188455,6.664926,6.381766794603372,5.6280709851911075,6.350934
CHEMBL5438093,10.7,7.8820105,6.5993843,7.003157,7.929221,8.066559827128199,8.73,8.475192195353085,7.998775777267312,9.96,9.380072174603201,9.960000000000031,8.844039616040197,9.943181,9.678251610843597,7.754285714285713,9.751851
CHEMBL5438618,4.46,5.1066885,6.420976,6.430861,5.3416557,5.054535133592673,5.266,5.058995200848878,5.517589567663322,4.92,5.121666031746049,4.920000000000035,5.100019450678905,5.0820675,5.0516607037053305,6.603966219988835,4.6582975
CHEMBL5438740,5.46,5.736234,6.4514365,6.6388392,5.924857,5.831631934810461,5.739999999999999,5.740595917552166,6.156616047347612,5.49,5.474415999999994,5.4899999999999505,5.3747780293171035,5.0537643,4.981071479865724,6.637002355712608,5.495597
CHEMBL5438840,7.26,7.370162,6.4514365,6.6388392,7.3479834,7.357667877346307,6.967999999999999,7.029500520325083,7.222779891879597,6.77,6.809440666666652,6.769999999999984,7.069396156974268,6.755023,6.754799167572861,6.679547733654224,6.5782943
CHEMBL5439843,6.16,6.2854247,6.420976,6.4831038,6.2265882,6.304461545906882,5.692,5.969892572308628,6.01935520840118,6.2,5.937405666666649,6.199999999999959,5.956505132794493,5.7798514,5.901951331968424,6.603966219988835,5.655067
CHEMBL5439983,6.85,7.6403046,6.5993843,7.003157,7.3962536,7.561558001909633,6.711999999999999,7.105517613663514,7.15006723402368,6.82,7.144047000000027,6.820000000000053,7.716123009555005,6.818545,7.254054059146058,7.146193880688809,6.94948
CHEMBL5440379,9.38,9.053469,6.5993843,6.9278193,8.664202,8.864376568479054,9.302,8.989746364871209,8.14344191629118,9.22,9.185771999999975,9.21999999999995,9.287036027981971,9.210818,9.26311010248865,8.407040498442369,9.144247
CHEMBL5440818,6.1,6.2854247,6.420976,6.4831038,6.2265882,6.304461545906882,5.692,5.969892572308628,6.01935520840118,6.2,5.937405666666649,6.199999999999959,5.956505132794493,5.7798514,5.901951331968424,6.603966219988835,5.655067
CHEMBL55083,5.62,6.865597,6.4514365,6.5635014,6.81694,6.928388799780597,5.924666666666667,5.990396319942265,6.550276432500482,5.42,5.6667341111111345,5.420000000000038,5.982551812630736,5.5232825,5.577427367852256,6.603966219988835,5.7629957
CHEMBL5555317,5.58,5.7669716,6.4514365,6.3669944,5.723564,5.738631236626601,5.804,5.6348938711342464,5.552488473187694,6.033333333333334,6.01719847619048,6.03333333333331,5.814944147752664,6.035364,5.9982096514709875,6.129395211442792,5.6583138
CHEMBL5558656,6.5,5.8439255,6.4514365,6.3669944,5.840486,5.854847212792479,5.5600000000000005,5.526545150486648,5.655221369306844,5.3999999999999995,5.4493986666666725,5.40000000000005,5.637541769298504,5.3967996,5.422377100154394,6.129395211442792,5.55456
CHEMBL5559176,5.51,5.806171,6.1934066,6.0801616,5.697274,5.591030563408956,5.948,5.628141175925529,5.671630630526607,6.16,6.0188942857142855,6.159999999999975,5.601276346166857,6.064298,5.840604518191967,5.968677248677247,5.8079104
CHEMBL5560527,6.5,5.687894,6.1934066,6.0801616,5.676087,5.625904804803819,6.7299999999999995,5.9977570400948235,5.676049919465186,6.05,5.918737416666686,6.059600000000031,5.913973574271195,5.866976,5.960324742669674,5.6280709851911075,5.6087356
CHEMBL5561326,6.46,5.9454284,6.1934066,6.124543,5.9082913,5.9122241441303895,6.174000000000001,6.252140960426901,5.944678767420285,5.42,5.847654000000025,5.420000000000038,5.991861538190444,5.8229265,5.962813136531109,5.686725665266102,6.1529665
CHEMBL556429,6.3,5.4600253,6.164466,5.767996,5.3830457,5.342920467787961,5.376,5.3055905302519,5.295751820331887,5.75,5.533006666666658,5.652800000000005,5.280480209318246,5.6560435,5.526654648750498,5.686725665266102,5.553864
CHEMBL5567374,5.34,5.8439255,6.4514365,6.3669944,5.840486,5.854847212792479,5.5600000000000005,5.526545150486648,5.655221369306844,5.3999999999999995,5.4493986666666725,5.40000000000005,5.637541769298504,5.3967996,5.422377100154394,6.129395211442792,5.55456
CHEMBL5567762,6.66,6.1018987,6.422496,6.2380977,5.702402,6.009471558724266,6.382000000000001,6.144156862097058,5.6681493377831345,6.29,6.254414285714258,6.289999999999972,6.060419738107806,6.2770705,6.362967987461136,6.129395211442792,6.064564
CHEMBL572637,6.17,7.325407,6.342874,6.473199,7.346942,7.418630889476658,5.9399999999999995,6.3199195832774775,6.971801950549519,6.295,6.358367142857174,6.295000000000043,6.378714726620926,6.293451,6.2391272268509095,6.165837887067393,6.2096815
CHEMBL572637,6.42,7.325407,6.342874,6.473199,7.346942,7.418630889476658,5.9399999999999995,6.3199195832774775,6.971801950549519,6.295,6.358367142857174,6.295000000000043,6.378714726620926,6.293451,6.2391272268509095,6.165837887067393,6.2096815
CHEMBL57513,6.17,6.928193,6.4514365,6.5635014,6.826409,6.8286859717249175,6.136666666666667,6.228945532362056,6.6479967374424405,5.41,5.649515904761899,5.409999999999992,6.186500419666453,5.4170804,5.760117675642685,6.603966219988835,5.5829115
CHEMBL583076,6.56,6.8683157,6.371711,6.414238,6.812491,6.815166952159364,6.7490000000000006,6.765480946334777,6.854194477391502,6.989199999999999,6.991272612839097,6.989199999999984,7.046714796829298,7.0045877,6.9557488461931705,6.964564233163563,6.9158235
CHEMBL583076,6.58,6.8683157,6.371711,6.414238,6.812491,6.815166952159364,6.7490000000000006,6.765480946334777,6.854194477391502,6.989199999999999,6.991272612839097,6.989199999999984,7.046714796829298,7.0045877,6.9557488461931705,6.964564233163563,6.9158235
CHEMBL583989,4.81,6.5967355,6.371711,6.3257437,6.4699564,6.313857738397805,7.128,6.252757529222295,6.412966482264991,8.58,6.762958795812372,7.919859999999947,6.498748533236452,5.6405888,6.818217794635516,6.842379356568384,8.109123
CHEMBL5916153,5.07,4.713116,6.164466,5.882977,4.7197633,4.826200360552275,5.497999999999999,5.210868638865115,5.191184491929519,5.23,5.318666198412703,5.218560000000017,5.291345973656886,5.219605,5.227790062845071,5.8789513916369796,5.275636
CHEMBL592852,9.7,7.0861773,6.5993843,6.9278193,7.0359626,7.115541336143794,8.014,7.548515438094297,6.9898962271556115,8.42,8.38012214285715,8.42000000000005,7.831077814017201,8.279562,8.35235571783299,7.519703579418343,8.029426
CHEMBL597416,10.0,8.250973,6.5993843,7.003157,8.34269,8.47181719836651,7.986,7.980340086860817,8.191982207447069,8.62,8.710200975108235,8.619999999999918,8.54789375037147,9.245627,8.944513541539537,7.754285714285713,8.937995
CHEMBL597606,9.7,7.682953,6.5993843,6.9278193,7.6901226,7.802351588586284,7.2700000000000005,7.7953381924614185,7.621648795545269,6.9399999999999995,7.051380325396819,6.940000000000047,7.939460630265518,7.167889,7.150923473305927,7.754285714285713,7.477921
CHEMBL597808,9.82,8.258533,6.5993843,7.003157,8.2698345,8.387101398291847,7.986,8.111541075354777,8.213200022087847,7.9860000000000015,8.000813643578642,7.985999999999964,8.256632874905774,8.004694,8.023363347182608,7.754285714285713,8.040633
CHEMBL598212,8.72,8.856071,6.5993843,7.003157,8.688567,8.660762551760397,8.315999999999999,8.461167049988191,8.430224058353133,7.925,8.00303605411255,7.925000000000071,8.412128945596214,8.039357,8.089107816229983,8.407040498442369,8.417466
CHEMBL598627,6.55,8.356134,6.5993843,6.9278193,8.14661,8.13491250231654,7.194,7.7199265987734424,7.830131458317567,7.333333333333333,7.597123317460324,7.653873333333354,7.783037802517073,7.3548565,7.47168043357828,8.22882697947214,7.5354676
CHEMBL598628,7.1,8.856071,6.5993843,7.003157,8.688567,8.660762551760397,8.315999999999999,8.461167049988191,8.430224058353133,7.925,8.00303605411255,7.925000000000071,8.412128945596214,8.039357,8.089107816229983,8.407040498442369,8.417466
CHEMBL599239,9.46,8.856071,6.5993843,7.003157,8.688567,8.660762551760397,8.315999999999999,8.461167049988191,8.430224058353133,7.925,8.00303605411255,7.925000000000071,8.412128945596214,8.039357,8.089107816229983,8.407040498442369,8.417466
CHEMBL599442,6.84,8.856071,6.5993843,7.003157,8.688567,8.660762551760397,8.315999999999999,8.461167049988191,8.430224058353133,7.925,8.00303605411255,7.925000000000071,8.412128945596214,8.039357,8.089107816229983,8.407040498442369,8.417466
CHEMBL605418,8.22,7.7510366,6.5993843,6.9278193,7.8007345,7.945967148922654,7.734,7.410528873629091,7.535475374478182,9.3,8.458915166666703,9.300000000000088,8.17410478285285,8.105394,7.807148029382163,7.375216178521619,7.74596
CHEMBL65549,4.28,6.0315795,6.4514365,6.6388392,6.210597,6.010249591439944,5.644,5.712822580192118,6.479366977195596,5.52,5.202529999999992,5.5199999999999845,5.891554936335046,4.9435635,5.158431984975188,6.637002355712608,5.1866107
CHEMBL68674,4.52,6.468072,6.371711,6.254064,6.437986,6.48020575775816,6.2540000000000004,6.4502278182375665,6.505049365375015,6.339166666666665,6.328951926391801,6.339166666666645,6.507230056030869,6.263227,6.236875460084207,6.88603402039008,6.5085883
CHEMBL68674,5.52,6.468072,6.371711,6.254064,6.437986,6.48020575775816,6.2540000000000004,6.4502278182375665,6.505049365375015,6.339166666666665,6.328951926391801,6.339166666666645,6.507230056030869,6.263227,6.236875460084207,6.88603402039008,6.5085883
CHEMBL69891,7.85,7.1218467,6.371711,6.254064,7.053461,7.118077542795957,7.684,7.239042284969804,7.020884283965103,7.996666666666666,7.9899883473584365,7.996666666666559,7.802817912988797,7.9864316,7.950044723682467,7.235668960244649,7.92318
CHEMBL69891,8.54,7.1218467,6.371711,6.254064,7.053461,7.118077542795957,7.684,7.239042284969804,7.020884283965103,7.996666666666666,7.9899883473584365,7.996666666666559,7.802817912988797,7.9864316,7.950044723682467,7.235668960244649,7.92318
CHEMBL70959,8.43,6.879241,6.371711,6.254064,6.780287,6.8321858609113875,7.42,6.934891022381217,6.7918423694174095,7.465,7.510680215728732,7.465000000000046,7.369214021108601,7.526977,7.5739280563476745,7.235668960244649,7.450785
CHEMBL70959,9.42,6.879241,6.371711,6.254064,6.780287,6.8321858609113875,7.42,6.934891022381217,6.7918423694174095,7.465,7.510680215728732,7.465000000000046,7.369214021108601,7.526977,7.5739280563476745,7.235668960244649,7.4507856
CHEMBL71169,4.22,5.872569,6.371711,6.414238,5.980729,5.8506303663878985,5.063,5.54478038739049,6.0802066300595925,4.943333333333333,4.945745188436256,4.943333333333334,5.482137335410797,4.981037,4.967114221928371,6.410575533661722,5.278018
CHEMBL71169,4.795,5.872569,6.371711,6.414238,5.980729,5.8506303663878985,5.063,5.54478038739049,6.0802066300595925,4.943333333333333,4.945745188436256,4.943333333333334,5.482137335410797,4.981037,4.967114221928371,6.410575533661722,5.278018
CHEMBL71363,4.26,6.678539,6.371711,6.489576,6.655979,6.5938983780809295,5.572,6.078137306044621,6.3779506103531105,5.516363636363637,5.510230377677278,5.516363636363623,5.832524933339665,5.5109773,5.524253599078559,6.773523489932888,5.685721
CHEMBL71363,4.96,6.678539,6.371711,6.489576,6.655979,6.5938983780809295,5.572,6.078137306044621,6.3779506103531105,5.516363636363637,5.510230377677278,5.516363636363623,5.832524933339665,5.5109773,5.524253599078559,6.773523489932888,5.685721
CHEMBL72415,7.92,7.0287175,6.371711,6.414238,6.9802437,6.969600362728736,7.786000000000001,7.269896924314677,7.107405904869779,7.190526315789474,7.1684918034182505,7.190526315789512,7.384130724820195,7.196682,7.196824280414209,7.193265811105518,7.530754
CHEMBL72415,5.92,7.0287175,6.371711,6.414238,6.9802437,6.969600362728736,7.786000000000001,7.269896924314677,7.107405904869779,7.190526315789474,7.1684918034182505,7.190526315789512,7.384130724820195,7.196682,7.196824280414209,7.193265811105518,7.530754
CHEMBL73219,7.0,7.1218467,6.371711,6.254064,7.053461,7.118077542795957,7.684,7.239042284969804,7.020884283965103,7.996666666666666,7.9899883473584365,7.996666666666559,7.802817912988797,7.9864316,7.950044723682467,7.235668960244649,7.92318
CHEMBL73279,9.44,6.468072,6.371711,6.254064,6.437986,6.48020575775816,6.2540000000000004,6.4502278182375665,6.505049365375015,6.339166666666665,6.328951926391801,6.339166666666645,6.507230056030869,6.263227,6.236875460084207,6.88603402039008,6.5085883
CHEMBL73279,10.35,6.468072,6.371711,6.254064,6.437986,6.48020575775816,6.2540000000000004,6.4502278182375665,6.505049365375015,6.339166666666665,6.328951926391801,6.339166666666645,6.507230056030869,6.263227,6.236875460084207,6.88603402039008,6.5085883
CHEMBL73367,8.8,6.879241,6.371711,6.254064,6.780287,6.8321858609113875,7.42,6.934891022381217,6.7918423694174095,7.465,7.510680215728732,7.465000000000046,7.369214021108601,7.526977,7.5739280563476745,7.235668960244649,7.450785
CHEMBL73367,9.85,6.879241,6.371711,6.254064,6.780287,6.8321858609113875,7.42,6.934891022381217,6.7918423694174095,7.465,7.510680215728732,7.465000000000046,7.369214021108601,7.526977,7.5739280563476745,7.235668960244649,7.450785
CHEMBL8145,4.0,5.455137,6.164466,5.9281693,5.447572,5.3373383004628545,4.776000000000001,5.493966053670851,5.479512555837772,4.0,4.599940520634925,4.0,5.796231840377117,5.1460686,5.225942964018501,5.8498682336182295,5.5845456
CHEMBL82981,4.21,6.3080034,6.371711,6.254064,6.330117,6.37701524430006,5.371333333333334,6.327806675177264,6.321525027941192,4.510000000000001,4.573167290558606,4.510000000000013,6.121687322633541,4.736383,4.8411222415738955,6.679547733654224,5.839133
CHEMBL82981,5.11,6.3080034,6.371711,6.254064,6.330117,6.37701524430006,5.371333333333334,6.327806675177264,6.321525027941192,4.510000000000001,4.573167290558606,4.510000000000013,6.121687322633541,4.736383,4.8411222415738955,6.679547733654224,5.839133
CHEMBL8333,6.57,7.1109214,6.371711,6.414238,7.0856647,7.101058634043934,7.072,6.995058615355267,7.092339352157069,7.198131313131311,7.196940552209229,7.1981313131313716,7.192188498537682,7.1975064,7.196736661047085,6.964564233163563,7.1152644
CHEMBL8333,7.065,7.1109214,6.371711,6.414238,7.0856647,7.101058634043934,7.072,6.995058615355267,7.092339352157069,7.198131313131311,7.196940552209229,7.1981313131313716,7.192188498537682,7.1975064,7.196736661047085,6.964564233163563,7.1152644
CHEMBL83422,5.39,6.678539,6.371711,6.489576,6.655979,6.5938983780809295,5.572,6.078137306044621,6.3779506103531105,5.516363636363637,5.510230377677278,5.516363636363623,5.832524933339665,5.5109773,5.524253599078559,6.773523489932888,5.685721
CHEMBL83422,6.64,6.678539,6.371711,6.489576,6.655979,6.5938983780809295,5.572,6.078137306044621,6.3779506103531105,5.516363636363637,5.510230377677278,5.516363636363623,5.832524933339665,5.5109773,5.524253599078559,6.773523489932888,5.685721
CHEMBL83835,5.92,6.172074,6.371711,6.414238,6.220703,6.196212340943083,6.652000000000001,6.031769210837418,6.216479256550997,6.24,6.239943485569986,6.239999999999931,6.1307354164911185,6.214355,6.16809031529071,6.773523489932888,6.104478
CHEMBL83835,6.35,6.172074,6.371711,6.414238,6.220703,6.196212340943083,6.652000000000001,6.031769210837418,6.216479256550997,6.24,6.239943485569986,6.239999999999931,6.1307354164911185,6.214355,6.16809031529071,6.773523489932888,6.104478
CHEMBL8417,6.75,7.1109214,6.371711,6.414238,7.0856647,7.101058634043934,7.072,6.995058615355267,7.092339352157069,7.198131313131311,7.196940552209229,7.1981313131313716,7.192188498537682,7.1975064,7.196736661047085,6.964564233163563,7.1152644
CHEMBL8417,7.85,7.1109214,6.371711,6.414238,7.0856647,7.101058634043934,7.072,6.995058615355267,7.092339352157069,7.198131313131311,7.196940552209229,7.1981313131313716,7.192188498537682,7.1975064,7.196736661047085,6.964564233163563,7.1152644
CHEMBL87477,6.05,5.75096,6.1934066,6.0943975,5.962121,5.911770617611593,5.3660000000000005,5.498614822103429,5.851155031267012,5.29,5.286954238095235,5.2899999999999725,5.365222422233052,5.2920823,5.296672111253905,5.858371710526313,5.1439624
CHEMBL89102,5.6,5.239965,6.164466,5.782232,5.1797028,5.168139988232257,5.666,5.485331971944116,5.265627056790208,5.856458333333333,5.860073068940861,5.856458333333316,5.537303920126016,5.7748294,5.750514990927722,5.686725665266102,5.597841
CHEMBL90077,5.31,6.090209,6.164466,5.942405,6.089288,6.02499870451676,5.569000000000001,5.733272077412679,5.965231240145727,5.52,5.4956547023809605,5.411499999999999,5.770786122194634,5.783495,5.9288492459599205,5.786146188850965,5.8410134
CHEMBL90585,5.08,5.5480647,6.164466,5.942405,5.6259193,5.468869885617368,4.92,5.091032898987977,5.600781455227619,4.98,5.001681666666672,4.9800000000000155,5.236495473916275,4.9173346,4.989089435711408,5.686725665266102,4.8781
CHEMBL90856,5.0,6.058592,6.194926,6.0750456,6.0766525,6.123274077214754,4.909999999999999,5.3835599361589885,5.808343558316409,5.30030303030303,5.299595437771098,5.300303030302995,5.415253728428606,5.304245,5.306418070793324,5.780882440476191,5.2733736
CHEMBL91,6.22,6.754581,6.4514365,6.616742,6.7083406,6.675717304248998,6.337999999999999,6.242450963138136,6.623235336569394,7.52,6.661142095238086,7.519999999999984,6.664934415945678,6.4872417,7.097806616529567,6.637002355712608,6.6465554
CHEMBL9298,7.5675,6.962429,6.5704436,6.734324,6.860671,7.006657948716748,7.699,7.667413350486584,6.867837425075365,7.661249999999999,7.6820136910173265,7.661250000000079,7.441824675036223,7.672257,7.50222845349084,6.823635802469133,7.5632606
CHEMBL9298,9.285,6.962429,6.5704436,6.734324,6.860671,7.006657948716748,7.699,7.667413350486584,6.867837425075365,7.661249999999999,7.6820136910173265,7.661250000000079,7.441824675036223,7.672257,7.50222845349084,6.823635802469133,7.5632606
CHEMBL9352,6.091428571428572,5.2505503,6.164466,5.905074,5.2951746,5.301877688277303,6.666199999999999,5.83619164114955,5.431711133329145,5.66,5.870617333333317,5.659999999999985,5.931077817857721,6.104391,5.982921981085735,5.8498682336182295,6.0721574
CHEMBL95109,6.882499999999999,6.3183193,6.422496,6.411509,6.422135,6.688363784708822,6.435,6.815128696278184,6.528077869266141,7.04,7.0606703333333165,7.039999999999971,6.429183355927575,6.875694,6.5865900969910545,6.637002355712608,6.615766
CHEMBL97542,5.52,5.7032113,6.164466,5.942405,5.726679,5.68280996821569,6.5649999999999995,5.770942752103651,5.676165831580363,6.205,6.175050238095226,6.204999999999957,5.918372908666307,6.227374,6.176859101086179,5.8498682336182295,6.1151624
CHEMBL98998,9.0,6.2542777,6.371711,6.414238,6.326124,6.327670612258281,6.44,5.748302378979551,6.19113214708068,5.7,5.7750437801667225,5.699999999999972,5.963268519251587,5.7394223,5.649769274429662,6.679547733654224,5.643429
