Split,Fingerprint,Model,Acc_train,BalAcc_train,F1_train,MCC_train,Acc_CV,BalAcc_CV,F1_CV,MCC_CV,Acc_test,BalAcc_test,F1_test,MCC_test,Time_s
Random,MACCS,Ridge Classifier,0.6021229868228404,0.5937637574441416,0.6034304137929294,0.39645426583031285,0.5618594436310396,0.5508073388943097,0.5614663830373139,0.3346420863074259,0.5395778364116095,0.535775619600868,0.5384441730174961,0.3064331948413079,0.15245389938354492
Random,MACCS,Logistic Reg (L1),0.6112737920937042,0.6052700324327701,0.6141636333314706,0.41300183648034033,0.5655197657393851,0.5587370459193154,0.5686628286049376,0.3440957998792948,0.5593667546174143,0.5554863151005757,0.5590961300394109,0.3354789141019702,30.71456742286682
Random,MACCS,Logistic Reg (EN),0.6105417276720352,0.6042137643607952,0.6134349974298513,0.41167923433426334,0.5666178623718887,0.5596096462683555,0.5697123591849383,0.34557550669574355,0.554089709762533,0.5497391886637941,0.5533116882183742,0.3274499607902992,19.98934817314148
Random,MACCS,Naive Bayes,0.4816983894582723,0.47890842200176764,0.4895719575124822,0.22736861187630136,0.4663250366032211,0.4623833351148003,0.47389579881715654,0.20243228744321456,0.4313984168865435,0.4330464197793245,0.4361798308850732,0.15283161454866737,0.05249190330505371
Random,MACCS,LDA,0.6226207906295754,0.601383690660201,0.6185039376637235,0.4193614457902177,0.578696925329429,0.5572101054698781,0.574785092482132,0.3519865788790574,0.5633245382585752,0.5502100406250027,0.5560412806029751,0.33633811274241926,0.2404632568359375
Random,MACCS,KNN,0.7174231332357247,0.7033539360669546,0.7150572148034652,0.56996968847394,0.5984626647144948,0.5824961605147699,0.5953733143398243,0.3899028220913263,0.6174142480211082,0.6080089110188468,0.6141311967283263,0.42254464268684977,0.27741575241088867
Random,MACCS,SVC (RBF),0.30234260614934116,0.3443817276250882,0.22113976180270073,0.01687459153923028,0.30783308931185943,0.3560799370690047,0.2219414792142349,0.03645286694458218,0.31266490765171506,0.3414315569487983,0.2348793438095624,0.013662948758060862,1.517185926437378
Random,MACCS,SVC (Linear),0.36346998535871156,0.3863932040491192,0.3414736079720372,0.08605980231763925,0.369692532942899,0.38810531189746117,0.3557565280156269,0.08579723260215448,0.35356200527704484,0.37279018792753454,0.3235141444563415,0.0639464964733548,0.9256629943847656
Random,MACCS,Decision Tree,0.8565153733528551,0.8517786627273104,0.857780440813964,0.7830441941730385,0.6035871156661786,0.5953343680875353,0.6070564342483394,0.40197154538471647,0.6121372031662269,0.6077910903305409,0.6141334685196429,0.4167692163300338,0.17612481117248535
Random,MACCS,Random Forest,0.8561493411420205,0.8489731003972927,0.8562040073582897,0.7821437028451432,0.6475109809663251,0.6304227403636025,0.6441046574437562,0.46276511612159327,0.6464379947229552,0.6399933626993827,0.6459369527606534,0.4669339450168641,5.645248174667358
Random,MACCS,Extra Trees,0.8565153733528551,0.8517786627273104,0.857780440813964,0.7830441941730385,0.6456808199121523,0.6302739317754373,0.6449764513566563,0.4608257946289805,0.633245382585752,0.6280304927879445,0.6353451837657632,0.44772893313102097,7.192529678344727
Random,MACCS,Gradient Boosting,0.736090775988287,0.7158221550633996,0.7294129628991989,0.5964121186371224,0.6167642752562226,0.5926862606256579,0.6077495494666941,0.4113046470703874,0.6306068601583114,0.615676047441097,0.6163904464562443,0.44202672050871883,27.128052234649658
Random,MACCS,XGBoost,0.8363836017569546,0.823276569227794,0.8335481468746694,0.7517433615449561,0.633601756954612,0.6154175769236941,0.6304959848709888,0.4399605069788906,0.6477572559366754,0.6371530703208085,0.6405059248032866,0.4670808657150881,4.337523460388184
Random,MACCS,Hist Gradient Boosting,0.8568814055636896,0.8448306565524372,0.8549184653127336,0.782639162257692,0.6321376281112738,0.6143354274067998,0.6287560499714042,0.4383332028960077,0.6358839050131926,0.6247797335465366,0.630454076694399,0.4483177437421853,33.52433204650879
Random,MACCS,AdaBoost,0.5629575402635432,0.5315968933349504,0.5422366305534192,0.325548081593802,0.5538067349926794,0.5232792442053761,0.5317114003538396,0.31213721619483525,0.5303430079155673,0.5127563098632649,0.5085904753796344,0.2875188976570794,5.190019130706787
Random,MACCS,MLP,0.7800146412884333,0.7647739374742061,0.7799877807351583,0.6642462762560704,0.6295754026354319,0.5994485013826901,0.6177934259393406,0.42905887491618744,0.6424802110817942,0.6260404200643827,0.6358848831397066,0.4579196089839296,10.501113653182983
Random,PubChem,Ridge Classifier,0.678623718887262,0.6693128189954276,0.6822901843747595,0.5142333637023951,0.5918740849194729,0.5791453252593148,0.5954587780607885,0.38290516109647965,0.6094986807387863,0.6034268754169397,0.6072894685234534,0.4114549673899267,0.1474611759185791
Random,PubChem,Logistic Reg (L1),0.6885065885797951,0.6828093935762872,0.693810525505106,0.5324855854674788,0.5896778916544656,0.5783124329973475,0.5949108424705652,0.38138326459607574,0.6147757255936676,0.6110088106581385,0.6156067009277724,0.420961725084187,53.232208490371704
Random,PubChem,Logistic Reg (EN),0.6888726207906296,0.6832188939857876,0.6941415431060814,0.5330236674679399,0.5896778916544656,0.5783124329973475,0.5948827623945967,0.38132717415843764,0.6121372031662269,0.6084483053799242,0.6126562806867615,0.41702909869415417,54.5047173500061
Random,PubChem,Naive Bayes,0.4816983894582723,0.4734206447645397,0.48827010112783087,0.22041601222826993,0.4802342606149341,0.47171580756747455,0.4866586784505699,0.21781992963706165,0.4683377308707124,0.4655866926761141,0.4732662202134998,0.20338078754038086,0.09687972068786621
Random,PubChem,LDA,0.674597364568082,0.6590910664643134,0.6759379236211743,0.5042183329293106,0.5918740849194729,0.573005896229725,0.5932652454587494,0.37766241522553307,0.5857519788918206,0.574340929542566,0.5841004457741905,0.372750763521949,0.5072906017303467
Random,PubChem,KNN,0.7258418740849195,0.7113705650517631,0.7217800216186582,0.5840444718393041,0.595900439238653,0.5756757656562338,0.5862911504390348,0.3859901331102689,0.6226912928759895,0.6141997119057317,0.61179800795183,0.4335436968986623,0.3756585121154785
Random,PubChem,SVC (RBF),0.28330893118594436,0.3341300556326463,0.12674659827245904,0.013028992379298268,0.3301610541727672,0.36861408071022045,0.2836628616944413,0.059888805392833255,0.30606860158311344,0.3333333333333333,0.14345033447935823,0.0,3.387669563293457
Random,PubChem,SVC (Linear),0.34699853587115664,0.3599386922095329,0.3454918433140639,0.040016738472702464,0.38396778916544655,0.395668988750127,0.38157610791569707,0.09439970897123172,0.3258575197889182,0.3335598196206028,0.32143314961013136,-8.485175505828271e-05,2.1818573474884033
Random,PubChem,Decision Tree,0.87298682284041,0.8701632904220865,0.8747202967642143,0.8086962626493922,0.6039531478770132,0.5925708355651659,0.6092467745181843,0.4027031730552905,0.6253298153034301,0.6249888675516962,0.6279410125920737,0.4387150128843753,0.41600871086120605
Random,PubChem,Random Forest,0.87298682284041,0.8689463237383915,0.8742242067969832,0.8082624774680006,0.6464128843338214,0.6293802637561963,0.6454672755026376,0.4618819566416661,0.6490765171503958,0.6425911869804329,0.6470128173614487,0.47123509043530215,9.32133436203003
Random,PubChem,Extra Trees,0.87298682284041,0.8701632904220865,0.8747202967642143,0.8086962626493922,0.6416544655929722,0.6279354629665238,0.6435786390806576,0.45622101607338933,0.6490765171503958,0.6434681624629023,0.6503131590641276,0.4714286692317771,10.439162731170654
Random,PubChem,Gradient Boosting,0.7518301610541728,0.7333499104923025,0.7465981151104809,0.6209911116360275,0.6409224011713031,0.6179571726461561,0.6345906308711444,0.4493316482897203,0.633245382585752,0.6201149003603709,0.6202542133659348,0.44585582539537333,64.94538187980652
Random,PubChem,XGBoost,0.8469985358711567,0.8365923884194236,0.8462967557141219,0.7667242110716611,0.6493411420204978,0.6298753401200299,0.6467274357945179,0.46431111681749937,0.6503957783641161,0.6403396914793759,0.645569208703768,0.4716907685047752,7.285495758056641
Random,PubChem,Hist Gradient Boosting,0.8726207906295754,0.8634862645862835,0.8721749594139745,0.8061573918820497,0.6500732064421669,0.6333716717163533,0.6495328567091633,0.46672371246375266,0.6490765171503958,0.639203528142745,0.6439437205051682,0.4690963608149637,77.11784076690674
Random,PubChem,AdaBoost,0.5823572474377745,0.5522432860414034,0.5725902696412352,0.3548205232930588,0.5413616398243045,0.5090755168611013,0.5258874426042485,0.2898047019851314,0.5448548812664907,0.528148332283341,0.5364322562233683,0.3072311204221922,10.815457820892334
Random,PubChem,MLP,0.7635431918008785,0.7454525010814516,0.75702910955587,0.6403323278622693,0.6240849194729137,0.5969602482705051,0.6096490281381398,0.423159230669695,0.6345646437994723,0.6209815445934673,0.6185406456025268,0.4485741498782166,10.26090693473816
Random,Substructure,Ridge Classifier,0.5274524158125915,0.5157312861786182,0.526022631289565,0.2843702112593215,0.49633967789165445,0.4838517205863868,0.4962221609760012,0.23763378739804655,0.4762532981530343,0.47096899950494336,0.475886480085506,0.21333885017309948,0.05124855041503906
Random,Substructure,Logistic Reg (L1),0.5252562225475842,0.5155511565801016,0.5259115821255578,0.28217269739934336,0.5021961932650073,0.49247340772718523,0.5044313770488078,0.24868181551249166,0.47757255936675463,0.47517354390527977,0.4790823364036249,0.21687491125870115,7.933967590332031
Random,Substructure,Logistic Reg (EN),0.5252562225475842,0.5155511565801016,0.5259115821255578,0.28217269739934336,0.5021961932650073,0.49249568624687307,0.5045264158093608,0.24874606629125687,0.47757255936675463,0.47517354390527977,0.4790823364036249,0.21687491125870115,6.8431031703948975
Random,Substructure,Naive Bayes,0.4718155197657394,0.4633950757706285,0.4753450462942998,0.20228921058047894,0.45717423133235724,0.44907527720917845,0.46075600630412467,0.18056377465371679,0.43535620052770446,0.430863405702681,0.43662514533756525,0.14911664310433034,0.03471112251281738
Random,Substructure,LDA,0.5325768667642753,0.5053217668102512,0.523392881035857,0.27851715282223094,0.5183016105417276,0.49092245209625784,0.508962264721925,0.25701971096659243,0.5,0.48477730464872487,0.4911341344509969,0.2393391553088522,0.07311773300170898
Random,Substructure,KNN,0.640190336749634,0.6262356450553287,0.6322948395161492,0.4596947525187621,0.5435578330893118,0.5268440535985229,0.5324859316218419,0.3081242262696961,0.5593667546174143,0.5522603719418447,0.5430476741244081,0.3435152815251396,0.17260098457336426
Random,Substructure,SVC (RBF),0.2939238653001464,0.328972497786756,0.24218458576484686,-0.008049014595464069,0.28038067349926793,0.3306981027188281,0.12553014591313907,-0.021435179461234365,0.3007915567282322,0.32530774472621343,0.24704004269296267,-0.01435812233689201,1.1294059753417969
Random,Substructure,SVC (Linear),0.287701317715959,0.31731911013982467,0.2564798236683243,-0.018487257273924904,0.3089311859443631,0.3346845302736033,0.2854220131314674,-0.0006566584810075796,0.2796833773087071,0.2996592796125233,0.24270113604210727,-0.050277884438629156,0.6531496047973633
Random,Substructure,Decision Tree,0.7335285505124451,0.7326616295772359,0.7390470463690179,0.6039546913506706,0.5541727672035139,0.5494249801685441,0.5629307624012031,0.3353066707211115,0.5620052770448549,0.5604890855621423,0.5673578266099852,0.34590017191409583,0.07376956939697266
Random,Substructure,Random Forest,0.7316983894582724,0.7306135720941894,0.7369131655155561,0.6007753077286022,0.5812591508052709,0.5718012805810869,0.586517304870345,0.36917332189950886,0.5857519788918206,0.5818045614363557,0.5879780261440566,0.3783451440932879,5.453293323516846
Random,Substructure,Extra Trees,0.7335285505124451,0.7326616295772359,0.7390470463690179,0.6039546913506706,0.578696925329429,0.5712562076124456,0.5860648967555209,0.36866576694635783,0.5804749340369393,0.5769406303158494,0.584868312616704,0.37154470437321346,4.294947385787964
Random,Substructure,Gradient Boosting,0.6486090775988287,0.6252439148907153,0.6376875872418699,0.4630469283253053,0.5728404099560761,0.5498399238463801,0.5622529424598284,0.3459759790412566,0.5620052770448549,0.548872776356704,0.5460023092671544,0.3385892328351348,12.122811317443848
Random,Substructure,XGBoost,0.7148609077598829,0.702274178625805,0.7131934489116728,0.5688554714986245,0.5812591508052709,0.5638127344174058,0.578060309898088,0.36179199341311313,0.5897097625329816,0.5806664583549447,0.5799172569884278,0.38288723417432613,2.3363170623779297
Random,Substructure,Hist Gradient Boosting,0.7331625183016105,0.7221576972750237,0.7333886624579955,0.5949279332473602,0.5816251830161054,0.5650454291842676,0.5798973088953517,0.3642997853144905,0.5857519788918206,0.5759559779138973,0.5816025976032528,0.3740543220765816,18.855058670043945
Random,Substructure,AdaBoost,0.5347730600292826,0.5079107740787474,0.520592207115446,0.2828425535857883,0.5161054172767203,0.485949643221162,0.4967953892656371,0.2531847102107706,0.49868073878627966,0.48340894121139594,0.4845385278760866,0.2386799776358659,3.4523558616638184
Random,Substructure,MLP,0.6702049780380673,0.6581977891014051,0.6734844976448048,0.5025798176257424,0.5735724743777453,0.5500796831534971,0.5597294685222859,0.3489800997161745,0.5659630606860159,0.5551008540780604,0.5678535470290348,0.34500827878871404,10.391460657119751
Random,SubstructureCount,Ridge Classifier,0.5420937042459737,0.5261723802062352,0.5401813096860462,0.30222067048807943,0.5157393850658858,0.4990977838277298,0.5156593422979014,0.2630922157366948,0.5013192612137203,0.493690157819322,0.49808642465702424,0.24654724803559505,0.05141401290893555
Random,SubstructureCount,Logistic Reg (L1),0.5420937042459737,0.5304816176421852,0.5436637431551522,0.3057560312150916,0.5117130307467057,0.49946505447278583,0.5134661719714764,0.2606124423231042,0.48284960422163586,0.4788163424341098,0.4809628997837564,0.22227976659394885,7.326889991760254
Random,SubstructureCount,Logistic Reg (EN),0.5420937042459737,0.5304593391224973,0.5436020403167111,0.30569781196453033,0.5117130307467057,0.49946505447278583,0.5134661719714764,0.2606124423231042,0.48284960422163586,0.4788163424341098,0.4809628997837564,0.22227976659394885,8.476623296737671
Random,SubstructureCount,Naive Bayes,0.4363103953147877,0.43125273732522196,0.425374157653606,0.15984924185523441,0.43228404099560763,0.42753411116675094,0.42170683556836236,0.15419712232478935,0.4261213720316623,0.42479276357125567,0.40943099179694753,0.14503436718178073,0.03383684158325195
Random,SubstructureCount,LDA,0.5464860907759883,0.5163680189722563,0.5356912163765231,0.2982351978880115,0.523792093704246,0.49239424520193853,0.5123141382070435,0.2628513504226953,0.4973614775725594,0.4781532659820211,0.484137757757262,0.23301478594784605,0.0698244571685791
Random,SubstructureCount,KNN,0.7177891654465594,0.7031775093720677,0.714895680283085,0.5710393021707454,0.5863836017569546,0.5675946931881067,0.5797734295697349,0.3714280247300446,0.6029023746701847,0.5912340403281373,0.5986292850038623,0.4000393541481973,0.18826007843017578
Random,SubstructureCount,SVC (RBF),0.27781844802342603,0.3270964087026263,0.14057622031395664,-0.021466641212648765,0.2840409956076135,0.33060194756882494,0.16566125437460333,-0.011180508612410997,0.2955145118733509,0.3218701796288003,0.15152275880320992,-0.045374206329806425,1.2026927471160889
Random,SubstructureCount,SVC (Linear),0.3008784773060029,0.3269687862775783,0.2800635933374576,-0.013890865199718947,0.3279648609077599,0.3369442623911875,0.326825505287627,0.0036566902042741538,0.29023746701846964,0.30580666816786045,0.2689555818228616,-0.044321311104499196,0.6027119159698486
Random,SubstructureCount,Decision Tree,0.8722547584187409,0.8705317367390449,0.8743273704467952,0.8092507278417196,0.5893118594436311,0.5770875346940779,0.5935732669160542,0.37919740137349495,0.6424802110817942,0.6398667943524753,0.6486473488920531,0.4669861655677832,0.12148141860961914
Random,SubstructureCount,Random Forest,0.8726207906295754,0.8673727655837089,0.8734958134737099,0.8067411041185775,0.6314055636896047,0.6121602140645626,0.6297359899837985,0.4375482012211032,0.6530343007915568,0.6434392349646587,0.6527882447356061,0.47546261920461996,6.157031536102295
Random,SubstructureCount,Extra Trees,0.8722547584187409,0.8705317367390449,0.8743273704467952,0.8092507278417196,0.6277452415812591,0.6110466435589187,0.6291991028369112,0.4336202609462138,0.6556728232189973,0.6483860269219708,0.6601214974122382,0.48300998140952295,4.9214301109313965
Random,SubstructureCount,Gradient Boosting,0.7298682284040996,0.7040690796964024,0.7178948939543496,0.5884938961782158,0.6134699853587116,0.584788430046548,0.6008116064262302,0.40585100854842426,0.6147757255936676,0.5978147720842052,0.5952942280675814,0.41869043053568844,16.765238046646118
Random,SubstructureCount,XGBoost,0.8195461200585652,0.8032899747016883,0.8162620048500238,0.7244616584802089,0.6288433382137628,0.6045767748152253,0.6233527623406399,0.43116758526590887,0.6345646437994723,0.6186906216713347,0.6249999197169268,0.4461158140811687,4.180848121643066
Random,SubstructureCount,Hist Gradient Boosting,0.8704245973645681,0.8596128996394846,0.8694186576473582,0.8021687648861777,0.6314055636896047,0.6112111450526664,0.6296227619508826,0.4368465709158128,0.6517150395778364,0.6376942801986636,0.6451254588893856,0.4724083873780379,17.787563800811768
Random,SubstructureCount,AdaBoost,0.5406295754026355,0.507299650566612,0.5219242356950647,0.28799874824797855,0.5395314787701317,0.5057146930231052,0.5191166689933479,0.2868115983962474,0.5,0.4808381679363562,0.4793469039143007,0.23812818283848808,4.054299831390381
Random,SubstructureCount,MLP,0.5618594436310396,0.5252554616551036,0.5040075067748273,0.33885373969149557,0.575402635431918,0.5435922496864363,0.5550716884397746,0.34619073832121394,0.5263852242744064,0.5073865481229597,0.467652513472602,0.2987309834356537,8.759737253189087
Random,KR,Ridge Classifier,0.6431185944363104,0.631405322504799,0.6441696170107748,0.45931486049051484,0.5717423133235725,0.5575780019056475,0.5728259919440114,0.35221393015274266,0.5738786279683378,0.5688610872859851,0.5732876638362008,0.3593315822215623,0.07464218139648438
Random,KR,Logistic Reg (L1),0.6489751098096632,0.6414951702028174,0.6522254200624352,0.4710891587838478,0.5757686676427526,0.5655312334774126,0.5793643880277453,0.36118060041014316,0.579155672823219,0.5746144335565727,0.5798308733445856,0.3678780249267032,28.976925373077393
Random,KR,Logistic Reg (EN),0.6486090775988287,0.6410633912736291,0.6519002248133962,0.47059183250132347,0.5761346998535871,0.5658221002604259,0.579859042506039,0.3617326811989607,0.579155672823219,0.5746144335565727,0.5798308733445856,0.3678780249267032,30.142346143722534
Random,KR,Naive Bayes,0.4835285505124451,0.4811993214592027,0.4882890423369664,0.22934727665174448,0.4732796486090776,0.4695316924449117,0.4763699943847441,0.21382582109108525,0.44854881266490765,0.4514923805981666,0.4517132900664037,0.18040383900930726,0.06317615509033203
Random,KR,LDA,0.6511713030746705,0.6318576729151018,0.6487520632348736,0.4657036199951309,0.5841874084919473,0.5641535274500579,0.5832411870893575,0.3649242802420382,0.5712401055408971,0.5606717589183984,0.5688963044398533,0.35061037194579436,0.3199789524078369
Random,KR,KNN,0.718887262079063,0.7032558794759375,0.7137586682385513,0.5727745828937577,0.5849194729136163,0.5651106632375112,0.5754306489703488,0.36855131402808633,0.6055408970976254,0.5942071208874248,0.5965735431306336,0.4061170358614924,0.2519083023071289
Random,KR,SVC (RBF),0.3814055636896047,0.4060237273621968,0.36688868960313986,0.12095905922724234,0.28513909224011713,0.33536884537888256,0.14102698423146792,0.007877622010605973,0.36147757255936674,0.3797896093775696,0.3398387816970865,0.07883652344248825,2.5109071731567383
Random,KR,SVC (Linear),0.3411420204978038,0.33204546900529325,0.3141113842023282,-0.005923775541197601,0.37298682284040996,0.38175040349985423,0.3688718892270623,0.07935475586434831,0.36147757255936674,0.35490462359252545,0.32313595894327146,0.03519175439827814,1.450920820236206
Random,KR,Decision Tree,0.8715226939970717,0.8692081264308159,0.873687650353099,0.8076092719997665,0.5830893118594437,0.5723722701722321,0.5888207164799703,0.3718353873757065,0.6424802110817942,0.6393153164777946,0.6477963068960468,0.4648220677502695,0.21090197563171387
Random,KR,Random Forest,0.8718887262079063,0.8671541739251909,0.8729061305649987,0.8060801244231997,0.6306734992679356,0.6122680037377701,0.6296660660540306,0.4361233968337196,0.6398416886543535,0.6325150562146471,0.6380689922780702,0.45635014701845067,7.638707399368286
Random,KR,Extra Trees,0.8715226939970717,0.8692081264308159,0.873687650353099,0.8076092719997665,0.6303074670571011,0.6154035855023294,0.6321250687048979,0.4378035480280935,0.6306068601583114,0.6244872748525583,0.6344658670864441,0.4442476728988043,7.244839668273926
Random,KR,Gradient Boosting,0.7390190336749634,0.7186314202970471,0.7329704706260686,0.6005396583424686,0.6185944363103953,0.5925989128319378,0.6108410397454453,0.4135606915937164,0.6081794195250659,0.5926792134419253,0.599777414104466,0.4053277439835468,33.71537160873413
Random,KR,XGBoost,0.8257686676427526,0.8118165527627589,0.8233909216116699,0.7338835611613552,0.6321376281112738,0.6114514597953276,0.628632708981921,0.4367289674787787,0.6398416886543535,0.6275372283408519,0.6343829932441258,0.4539180316549834,4.466174602508545
Random,KR,Hist Gradient Boosting,0.8682284040995608,0.8587126163829092,0.867329549004503,0.7996222007687273,0.6390922401171303,0.6207229620882877,0.6377313121389124,0.44856077345459955,0.6306068601583114,0.6224451452826673,0.6264441318401689,0.44240710810919553,47.917508363723755
Random,KR,AdaBoost,0.5746705710102489,0.5429971449354027,0.5585561786259815,0.3427996548430536,0.5523426061493412,0.5189505406050451,0.5330787451231224,0.30759577694118695,0.5448548812664907,0.5266949995909669,0.5259122472632332,0.30937479048420935,6.532529354095459
Random,KR,MLP,0.6793557833089312,0.6575845086479055,0.6766833115633931,0.5080522164755898,0.6072474377745242,0.5839446290304875,0.5988679169213029,0.39777127895705555,0.5765171503957783,0.5605081034946611,0.5717748981622923,0.35695564765438126,7.994194030761719
Random,KR_Count,Ridge Classifier,0.6365300146412884,0.6201478141363663,0.6349711836939639,0.4469601737154383,0.5651537335285505,0.5457791234722033,0.562102269142616,0.3375810417932501,0.58311345646438,0.57713972825019,0.5783932994645989,0.3726132275682412,0.07348513603210449
Random,KR_Count,Logistic Reg (L1),0.5863836017569546,0.5768809682150973,0.5886998960850988,0.37490611652132727,0.5486822840409956,0.5367843669392648,0.5509362193822464,0.3177054246007728,0.5554089709762533,0.552440641701308,0.5542050141231544,0.33207829026548674,31.298237562179565
Random,KR_Count,Logistic Reg (EN),0.58601756954612,0.5764714678055969,0.5883771778677162,0.3743517281209743,0.5486822840409956,0.5367843669392648,0.5509362193822464,0.3177054246007728,0.554089709762533,0.5509976402583066,0.553070487429757,0.33004891738408887,30.5601544380188
Random,KR_Count,Naive Bayes,0.47840409956076135,0.4745924545384708,0.4581537789236506,0.2398977641327362,0.4637628111273792,0.46147514060462,0.44646664427794197,0.21653228384343876,0.44063324538258575,0.44447845323064494,0.4132516083128279,0.18212953132990947,0.06276249885559082
Random,KR_Count,LDA,0.6361639824304539,0.6109287949480012,0.6289366648554895,0.44067263330621276,0.5746705710102489,0.5482771744673923,0.5668618231235788,0.3459863356146043,0.5844327176781002,0.5733105033806378,0.5757928364999332,0.370833448966229,0.2956254482269287
Random,KR_Count,KNN,0.732796486090776,0.7188842860315612,0.7277178134714993,0.5937152016688917,0.5775988286969254,0.5572832415194675,0.5645723430328443,0.3570729214387469,0.6160949868073878,0.603885224457989,0.6034173500491478,0.4218717265152524,0.2739739418029785
Random,KR_Count,SVC (RBF),0.4037335285505124,0.35985872615419856,0.33068715006852745,0.05571731633187401,0.38616398243045386,0.3667699532387702,0.3742090769577874,0.05332596518607313,0.35883905013192613,0.3331252535372933,0.29518255613113725,0.002421106548810235,2.407083511352539
Random,KR_Count,SVC (Linear),0.34516837481698387,0.3411727765280108,0.34092298493924317,0.009868483365209972,0.29941434846266474,0.3353177323486305,0.2523962302986802,0.007433078747373083,0.33773087071240104,0.33901271629208507,0.3334760273576423,0.0058339485434435135,1.2410032749176025
Random,KR_Count,Decision Tree,0.9070278184480234,0.9054686787711773,0.9083981187909902,0.8615557483181201,0.5922401171303074,0.5812608089145539,0.5963407318934819,0.3832615391939873,0.6503957783641161,0.6466402355356183,0.6548447659139726,0.47655029770340784,0.3563966751098633
Random,KR_Count,Random Forest,0.9070278184480234,0.9027974781508133,0.9076685433339557,0.8588776132477325,0.6412884333821376,0.6232985981717772,0.6403939917996662,0.45267865650744665,0.6530343007915568,0.6447412253958132,0.6506248439556981,0.4759017286611763,8.471391677856445
Random,KR_Count,Extra Trees,0.9070278184480234,0.9054686787711773,0.9083981187909902,0.8615557483181201,0.6398243045387995,0.6236188845241282,0.6412540427171899,0.45146213473956215,0.6662269129287599,0.6593350217546594,0.6687083797793382,0.4967676274622606,8.958115100860596
Random,KR_Count,Gradient Boosting,0.75,0.7288473074288119,0.7421035904451145,0.6186806648895066,0.6204245973645681,0.5924508596361132,0.6094642711549229,0.4158970627228643,0.6358839050131926,0.6214293937116848,0.6226674205731028,0.44997715823275286,46.58392405509949
Random,KR_Count,XGBoost,0.8323572474377745,0.8156948314626745,0.8285746984183621,0.7447582126264024,0.6409224011713031,0.6164294175579205,0.63315488835782,0.4490516168163549,0.6728232189973615,0.6607760834528806,0.6653654680919637,0.5048474645015875,7.602880477905273
Random,KR_Count,Hist Gradient Boosting,0.904099560761347,0.8959541141810625,0.9037930924811626,0.8536071124923144,0.6398243045387995,0.6213486972581458,0.6375909580557835,0.4498033311428228,0.6451187335092349,0.6345303667045338,0.6416856538185316,0.4626259808111135,46.755138874053955
Random,KR_Count,AdaBoost,0.5940702781844802,0.5605557307399263,0.5766423576911536,0.3728999631590409,0.568814055636896,0.5355467565678347,0.5496980641032185,0.33405095472060625,0.558047493403694,0.5417697894027526,0.5380824567816075,0.33048284469829686,7.587050199508667
Random,KR_Count,MLP,0.6621522693997072,0.6366604148322945,0.6557728686310328,0.4803582679142664,0.6017569546120058,0.5742854493905684,0.5836937167591694,0.39006175878551524,0.5672823218997362,0.5520345814325942,0.5603987046882469,0.3425009004654199,8.76254653930664
Random,AtomPairs2D,Ridge Classifier,0.7426793557833089,0.7367357659588353,0.7438403284367189,0.6097807067353304,0.571376281112738,0.5601276565658194,0.5743281517945453,0.35152534179323064,0.6029023746701847,0.5962554070385747,0.598023582984005,0.4007528173544198,0.6066751480102539
Random,AtomPairs2D,Logistic Reg (L1),0.7741581259150805,0.7701526845655104,0.7759912593597565,0.6583627197598527,0.5655197657393851,0.5552142422649434,0.5690128502606537,0.34393641483115384,0.6015831134564644,0.5966285548985725,0.6004350674595841,0.40007641971182467,90.70825290679932
Random,AtomPairs2D,Logistic Reg (EN),0.7730600292825769,0.769065095483184,0.7749596229404213,0.6567616409410015,0.5644216691068814,0.5541489317023051,0.567902688320718,0.34221405132047894,0.6015831134564644,0.5966285548985725,0.6004350674595841,0.40007641971182467,92.48196959495544
Random,AtomPairs2D,Naive Bayes,0.4802342606149341,0.4837974915627304,0.4879255796440486,0.233371926044231,0.4663250366032211,0.47025269221644983,0.47397923575168244,0.21261339883925617,0.44063324538258575,0.44643557137712603,0.4433897005883538,0.17318489141964544,0.17403936386108398
Random,AtomPairs2D,LDA,0.7485358711566618,0.7345896463304161,0.7477123529570763,0.6151685949100285,0.5816251830161054,0.565201934257627,0.582008631497768,0.361772471824961,0.6134564643799473,0.6018637573868433,0.6070566348021967,0.4139631920790113,3.7890219688415527
Random,AtomPairs2D,KNN,0.7562225475841874,0.7406661074837838,0.7508882304871306,0.6300399427077086,0.6211566617862372,0.6054674008991346,0.6146601721059319,0.42783917963414253,0.6503957783641161,0.6407025080900008,0.6403688498110442,0.4743146354129183,0.57710862159729
Random,AtomPairs2D,SVC (RBF),0.28257686676427524,0.3333333333333333,0.12465676636686886,-0.0005141644871431852,0.28550512445095166,0.3358306992913509,0.13296368129619063,0.02130686068713851,0.30606860158311344,0.3333333333333333,0.14345033447935823,0.0,5.737093448638916
Random,AtomPairs2D,SVC (Linear),0.4773060029282577,0.4796520909493267,0.45429838752766294,0.24880290732954355,0.45497803806734993,0.46139401368899785,0.4528464278257044,0.20071187190177914,0.4551451187335092,0.4631067922271896,0.4278570034527141,0.2176694250349502,3.9349923133850098
Random,AtomPairs2D,Decision Tree,0.9205710102489019,0.9192043868684402,0.9216264698568236,0.8816662157684846,0.5794289897510981,0.5689673447520068,0.5842033583511799,0.3650426127160075,0.6134564643799473,0.6138180038676825,0.6178330204845696,0.42288736177682956,1.2872388362884521
Random,AtomPairs2D,Random Forest,0.9205710102489019,0.917252784470591,0.9212201004513952,0.8795531137728603,0.6530014641288433,0.6292021652003205,0.6472138280715164,0.4678071422840384,0.6952506596306068,0.6858150470219435,0.69327402708661,0.5387146957086123,10.146376371383667
Random,AtomPairs2D,Extra Trees,0.9205710102489019,0.9192043868684402,0.9216264698568236,0.8816662157684846,0.6562957540263543,0.6350687420730553,0.6539386005509955,0.47356344364487224,0.6899736147757256,0.6821971278283376,0.6908594614511167,0.53150471573832,13.937535285949707
Random,AtomPairs2D,Gradient Boosting,0.8462664714494875,0.8323101784770667,0.8441087964766847,0.7650424001119647,0.6500732064421669,0.6275352346277122,0.6437075662240663,0.4626981733995467,0.6596306068601583,0.6442293014473026,0.6480393730833485,0.4852679953188355,119.33671712875366
Random,AtomPairs2D,XGBoost,0.9202049780380673,0.9116963702116837,0.9197202522574233,0.8781562991280467,0.6555636896046853,0.6354655970666604,0.6525251578283812,0.4723798182057656,0.6912928759894459,0.6775344663129585,0.6822770944883276,0.5333548353766921,14.507972955703735
Random,AtomPairs2D,Hist Gradient Boosting,0.9205710102489019,0.9125286070597087,0.9201828150410368,0.8787151379004176,0.6562957540263543,0.6367296128438739,0.6542699083862549,0.474179722382451,0.6965699208443272,0.6835884308561105,0.6893626647244085,0.540923685382003,136.45720291137695
Random,AtomPairs2D,AdaBoost,0.6211566617862372,0.5956887563308636,0.6141607393893208,0.41674153339156184,0.5735724743777453,0.5481910078999301,0.5667082084548445,0.3437041252131385,0.5897097625329816,0.5728213503491119,0.5792252549020602,0.3768485360810945,17.398627996444702
Random,AtomPairs2D,MLP,0.8092972181551976,0.7893465837000004,0.8044714029828366,0.7087519836963361,0.6453147877013177,0.6279590523140967,0.6442971636562527,0.4588238871169475,0.662269129287599,0.6471153043333056,0.6501318573009336,0.48971959056371767,13.091962337493896
Random,AP2D_Count,Ridge Classifier,0.7386530014641288,0.7285079511227681,0.7386253601230023,0.6019063069240116,0.5874816983894583,0.5726361742624663,0.5879163234754573,0.3728667396909419,0.6081794195250659,0.5995727079596161,0.6020857122341112,0.40907328224800055,0.3137633800506592
Random,AP2D_Count,Logistic Reg (L1),0.6943631039531479,0.6850003646249204,0.6950638592815765,0.5352094495404515,0.5944363103953147,0.5800167795596817,0.5953439714450326,0.3835640153179291,0.6240105540897097,0.6174402031503142,0.6201088636861957,0.4320851705722879,89.40193676948547
Random,AP2D_Count,Logistic Reg (EN),0.6943631039531479,0.6850003646249204,0.6950638592815765,0.5352094495404515,0.5937042459736457,0.579175500220993,0.5946231693792001,0.38245044920741106,0.6240105540897097,0.6174402031503142,0.6201088636861957,0.4320851705722879,89.63422083854675
Random,AP2D_Count,Naive Bayes,0.4128843338213763,0.42247272513393014,0.35767719109117957,0.18734057889533315,0.40043923865300146,0.41125600610043,0.3442717164598162,0.161748673286722,0.391820580474934,0.4043913291721591,0.32034668734121924,0.1483817804453968,0.10982155799865723
Random,AP2D_Count,LDA,0.7397510980966325,0.721906077567581,0.7381991167252453,0.601281132501334,0.5889458272327965,0.5701292400014696,0.5881699933566547,0.3717143932270774,0.6187335092348285,0.6060704734579662,0.6135488742182148,0.4218845577134488,1.1724131107330322
Random,AP2D_Count,KNN,0.7496339677891655,0.7337323186073966,0.7439211442863509,0.6195847123045342,0.6134699853587116,0.5968974118473617,0.6063231034765246,0.4140506836758876,0.633245382585752,0.6241411147460241,0.6240179482032598,0.4488119974933249,0.5270998477935791
Random,AP2D_Count,SVC (RBF),0.2829428989751098,0.33262890775844145,0.15351052866872922,-0.0026109286523023586,0.2796486090775988,0.3278818315915134,0.1636097253887587,-0.013058237463483547,0.3007915567282322,0.3276421854008061,0.16158079786775484,-0.019544729969076007,5.4272990226745605
Random,AP2D_Count,SVC (Linear),0.3685944363103953,0.3974825376434035,0.3444903514223251,0.09899077874446162,0.37079062957540265,0.39248176999445206,0.36267771692855355,0.08901086135389732,0.37994722955145116,0.3996536923041891,0.35469079282411525,0.10557304033450296,3.070894956588745
Random,AP2D_Count,Decision Tree,0.9205710102489019,0.9192043868684402,0.9216264698568236,0.8816662157684846,0.6153001464128843,0.6040795674303528,0.6191328200257988,0.41720895725420337,0.6451187335092349,0.643716850394232,0.6504430680720336,0.4697605163401109,1.1301765441894531
Random,AP2D_Count,Random Forest,0.9205710102489019,0.9170377957373047,0.9211836885430287,0.8794915187650622,0.6606881405563689,0.6394859339614244,0.6577648525232747,0.4804131801407435,0.6886543535620053,0.6801839890092375,0.6869130400252703,0.5287584388214148,12.301379203796387
Random,AP2D_Count,Extra Trees,0.9205710102489019,0.9192043868684402,0.9216264698568236,0.8816662157684846,0.6683748169838946,0.6494655999104905,0.6677852488289784,0.4932574855392621,0.6952506596306068,0.6882510923714897,0.6971835007089907,0.5401038548401148,13.35570216178894
Random,AP2D_Count,Gradient Boosting,0.8502928257686676,0.8348123933873873,0.8474009355939114,0.7716834636279699,0.657393850658858,0.634509942440659,0.6516844526917396,0.4737157862403384,0.6701846965699209,0.6551223177757368,0.6590867468092051,0.5015394360868329,148.95159339904785
Random,AP2D_Count,XGBoost,0.9143484626647145,0.9037569652820717,0.9132883256380785,0.8694869117039407,0.6661786237188873,0.6448871187972726,0.6627302676210179,0.48880119117114523,0.6899736147757256,0.6767362402517283,0.680485357297713,0.5315561472366324,18.12824821472168
Random,AP2D_Count,Hist Gradient Boosting,0.9205710102489019,0.9132259267625352,0.9203928922028726,0.8787207247047335,0.6614202049780381,0.6417586132815495,0.6600352449341567,0.4824229217099302,0.6939313984168866,0.6819297803955898,0.6895660202338422,0.5363711395700491,118.20868134498596
Random,AP2D_Count,AdaBoost,0.626281112737921,0.5990273664499853,0.6203577530991413,0.42482301176434006,0.5841874084919473,0.556307559739185,0.5769210858826427,0.35924799891992654,0.5817941952506597,0.5670057424879167,0.5724669899697571,0.3648572360861719,20.629518032073975
Random,AP2D_Count,MLP,0.883601756954612,0.8735261453027233,0.8833710241006841,0.8225326419189082,0.6453147877013177,0.6219076264921694,0.6391188208131612,0.4552243702395423,0.683377308707124,0.6706615077889188,0.6804423192626385,0.5202373338870447,12.004250049591064
Random,CDK_FP,Ridge Classifier,0.8356515373352855,0.8311278413481165,0.8369315526635471,0.7514197342558759,0.5790629575402635,0.5707004906473209,0.5844237602239076,0.36682064788629526,0.6160949868073878,0.6118319160545928,0.6173419579668342,0.4223425842538715,0.7426886558532715
Random,CDK_FP,Logistic Reg (L1),0.8817715959004392,0.8770989807394874,0.882696394586612,0.8207442111358203,0.6138360175695461,0.6014841448813182,0.6166752377828322,0.41547712389734665,0.6398416886543535,0.6349759808994174,0.6405564424297542,0.4569409055480476,210.33197617530823
Random,CDK_FP,Logistic Reg (EN),0.8817715959004392,0.8768171564471378,0.8826155387510835,0.8206333885805327,0.612371888726208,0.5999647768698035,0.6154262862327945,0.4134779274666441,0.6411609498680739,0.6364127625086129,0.6418616390249914,0.458930858186038,215.55786418914795
Random,CDK_FP,Naive Bayes,0.5501464128843339,0.5196738121079602,0.5295083773280379,0.3034831674818472,0.5281844802342606,0.4967579727162506,0.5138030823558927,0.26793631327592965,0.5013192612137203,0.4863695821030713,0.48136464714159355,0.2409231145637691,0.19217514991760254
Random,CDK_FP,LDA,0.8422401171303074,0.8326490404454759,0.8430134371280795,0.7597990886641667,0.5775988286969254,0.5653620126329889,0.5814229037829696,0.36098587424561085,0.6385224274406333,0.629763844506685,0.6394664523259315,0.45346172262603407,4.585611581802368
Random,CDK_FP,KNN,0.7448755490483162,0.730811560796912,0.740608216406744,0.6120271714413394,0.6134699853587116,0.5954142137985016,0.6049001643137545,0.4122470764363006,0.6596306068601583,0.65261966749401,0.65302335256257,0.4871420181166503,0.9617583751678467
Random,CDK_FP,SVC (RBF),0.29099560761347,0.34100185790227294,0.14580016561260958,0.036971013236141284,0.284407027818448,0.33434989331823556,0.13496143201647387,0.006680243999014911,0.3100263852242744,0.3364225455692434,0.1576092571906745,0.020745663320994586,10.320200204849243
Random,CDK_FP,SVC (Linear),0.5274524158125915,0.5275205722402099,0.5279918156370735,0.3066328259522286,0.4912152269399707,0.4857341009037832,0.49349159440519846,0.23905907004672233,0.4841688654353562,0.48528071058754874,0.4822540332379049,0.23775239771135062,7.183473110198975
Random,CDK_FP,Decision Tree,0.9084919472913616,0.9066093119479984,0.9096717105585019,0.8624600419485483,0.5977306002928258,0.5861356611770305,0.6018229435992033,0.3912657720469521,0.6411609498680739,0.6403581190547877,0.6457085975268837,0.46288977606431103,2.3859472274780273
Random,CDK_FP,Random Forest,0.9084919472913616,0.9047395826008527,0.9091990100819586,0.8612629659622411,0.6475109809663251,0.6256033187170099,0.6435572252332296,0.4601632953751987,0.6728232189973615,0.6651215756125165,0.6700100059814532,0.5063288336607621,16.654254913330078
Random,CDK_FP,Extra Trees,0.9084919472913616,0.9066093119479984,0.9096717105585019,0.8624600419485483,0.6471449487554904,0.6284865957369552,0.6457441255223372,0.4609015709500458,0.6662269129287599,0.6594096597603318,0.6674641699542877,0.4963671881203361,22.20017099380493
Random,CDK_FP,Gradient Boosting,0.8341874084919473,0.8207460456192246,0.8320599853423772,0.7468482076812293,0.6453147877013177,0.6235829793190834,0.638904482135801,0.45723604840368826,0.6662269129287599,0.6532915571343391,0.6573132873765254,0.495802417648595,298.25245809555054
Random,CDK_FP,XGBoost,0.9088579795021962,0.8989110771317863,0.9076487105660895,0.8624030254398395,0.6486090775988287,0.6289299092109498,0.6441639128073732,0.463164429019467,0.6767810026385225,0.6657934020002986,0.6660798869086291,0.5128592320114435,37.76603722572327
Random,CDK_FP,Hist Gradient Boosting,0.9092240117130308,0.9003442785758388,0.9084514567742585,0.8624044270638361,0.6478770131771596,0.6294983067695543,0.6463022684058024,0.46232092135576575,0.6781002638522428,0.6662910097889643,0.6677440760808008,0.5142463084958541,276.2855339050293
Random,CDK_FP,AdaBoost,0.6405563689604685,0.6182527884030746,0.6342637716307941,0.4475643681442189,0.5867496339677891,0.5645721703286198,0.5819606185285409,0.36622625475352827,0.5725593667546174,0.5612813237155726,0.5630231683817727,0.3521347453307602,38.11671018600464
Random,CDK_FP,MLP,0.7686676427525623,0.7596886806731367,0.7720132243837067,0.6523431710833061,0.6405563689604685,0.6170792678876665,0.6298686548765008,0.4509661034757184,0.6437994722955145,0.6363817265921298,0.6473437701325063,0.4634675873779517,18.795982599258423
Random,CDK_Extended,Ridge Classifier,0.8202781844802343,0.8160124313584424,0.8220554321371865,0.7283944912145153,0.5834553440702782,0.5733158996186966,0.5872553149423361,0.3713125443430499,0.6292875989445911,0.6228058534750528,0.630514652490045,0.4408160634305877,0.7608168125152588
Random,CDK_Extended,Logistic Reg (L1),0.8707906295754027,0.8660370652951288,0.8716439313683466,0.80398771762097,0.5977306002928258,0.5854823430780353,0.5993876802070642,0.39007140189237893,0.6556728232189973,0.6500819331327806,0.6549262075832539,0.48101831416016705,174.54210782051086
Random,CDK_Extended,Logistic Reg (EN),0.8711566617862372,0.8665874778508043,0.8720512938700554,0.8046270178567805,0.5995607613469985,0.5873816919513146,0.6012474229707925,0.3928007641418994,0.658311345646438,0.6526486582448009,0.6575655704768919,0.48487985851431586,180.23802161216736
Random,CDK_Extended,Naive Bayes,0.47218155197657397,0.45629114032391027,0.4244762507627431,0.21665418622565033,0.4608345534407028,0.4431883732469685,0.41155962831277515,0.1953053074949529,0.4261213720316623,0.42122266330331787,0.378743931876666,0.1502244675715524,0.17565584182739258
Random,CDK_Extended,LDA,0.8235724743777453,0.8145738551497713,0.8243177953470252,0.7314443636721447,0.5797950219619327,0.5660913087601095,0.5816795306158482,0.3620723099399196,0.6385224274406333,0.6297949436757152,0.6380461344543931,0.4532801862054996,5.953294992446899
Random,CDK_Extended,KNN,0.7382869692532943,0.7213641872446094,0.7335832198112955,0.6009529388325145,0.6116398243045388,0.5922176914974572,0.6038764486760483,0.4080230933471491,0.662269129287599,0.652356431476829,0.656527124225761,0.48957061838464383,0.7890474796295166
Random,CDK_Extended,SVC (RBF),0.284407027818448,0.3353808353808354,0.1284553965117539,0.027124601999155475,0.2840409956076135,0.33494905645164713,0.1282936930114596,0.02154529070103074,0.3073878627968338,0.3347763347763348,0.14622252980400638,0.03162895507471787,8.235675811767578
Random,CDK_Extended,SVC (Linear),0.5263543191800878,0.5293191725115335,0.5299156005718162,0.29994541388566454,0.47291361639824303,0.4658294146059656,0.4782699879810669,0.2133481810057072,0.49340369393139843,0.500585528829246,0.4889049711929427,0.24946979768591981,6.464266061782837
Random,CDK_Extended,Decision Tree,0.9121522693997072,0.9106452769475313,0.9132676442167614,0.868169712149542,0.5695461200585652,0.5572870351442362,0.573554669205901,0.3485856274564115,0.5949868073878628,0.5930334066219514,0.5999061774244558,0.3928824017362735,1.3277184963226318
Random,CDK_Extended,Random Forest,0.9121522693997072,0.9088719027071847,0.9128253989965949,0.8668095736348155,0.6475109809663251,0.6232596102994606,0.6406814396938936,0.45903850067830715,0.6807387862796834,0.6730850502183056,0.6802282620067901,0.5171439719806346,14.50343656539917
Random,CDK_Extended,Extra Trees,0.9121522693997072,0.9106452769475313,0.9132676442167614,0.868169712149542,0.6486090775988287,0.6271804797969245,0.6445726518401529,0.46150367966771616,0.6754617414248021,0.6682148992639934,0.6770734133238071,0.5098366837695494,19.81552767753601
Random,CDK_Extended,Gradient Boosting,0.8356515373352855,0.8203667201714024,0.8324683221558257,0.7495381408704708,0.6354319180087847,0.6122958866021014,0.6269353354758759,0.44089716975505033,0.6649076517150396,0.6521678334653203,0.655526956345162,0.49309973239774585,210.64913415908813
Random,CDK_Extended,XGBoost,0.9070278184480234,0.8965750651994311,0.9060182119677502,0.8583012330917289,0.6467789165446559,0.6253992091145877,0.6408417011210745,0.45911449826295025,0.6886543535620053,0.6755751975798732,0.6811378121890976,0.5288156368204361,25.264365673065186
Random,CDK_Extended,Hist Gradient Boosting,0.9125183016105417,0.9043940350399402,0.9120900798463603,0.8665215295365875,0.6489751098096632,0.6275749427147849,0.6448473501868883,0.46239498593896783,0.6781002638522428,0.6653082971317922,0.6701269112109556,0.5128773985931266,231.01045656204224
Random,CDK_Extended,AdaBoost,0.609809663250366,0.5809540825952947,0.6000849848319411,0.3981018660592539,0.5761346998535871,0.5457613328717146,0.5599369478765381,0.34587316458901324,0.5725593667546174,0.5537990323203649,0.560253130880098,0.35026071436693024,28.48015785217285
Random,CDK_Extended,MLP,0.7609809663250366,0.7492963168572859,0.7561965924772629,0.6428150475466479,0.6054172767203514,0.573054200607574,0.5678570288500241,0.4022450912073549,0.6437994722955145,0.6375696937649012,0.6342994753364368,0.4677978976190975,19.698719024658203
Random,CDK_GraphOnly,Ridge Classifier,0.45095168374816985,0.4420926025990725,0.4555855790905332,0.1723785244834228,0.45058565153733526,0.4411690299301183,0.45484328864804424,0.17200033110703322,0.42480211081794195,0.42457918080361096,0.4301828026119782,0.1410452753015532,0.05269289016723633
Random,CDK_GraphOnly,Logistic Reg (L1),0.4491215226939971,0.4536890784686678,0.45812583753542613,0.19063964053394425,0.43448023426061494,0.43571336057026316,0.4447686157341683,0.16589483084538162,0.43007915567282323,0.4371576034200231,0.4347899572698103,0.1628823026909393,5.390854120254517
Random,CDK_GraphOnly,Logistic Reg (EN),0.4491215226939971,0.4536890784686678,0.45812583753542613,0.19063964053394425,0.43448023426061494,0.43571336057026316,0.4447686157341683,0.16589483084538162,0.43007915567282323,0.4371576034200231,0.4347899572698103,0.1628823026909393,6.871354818344116
Random,CDK_GraphOnly,Naive Bayes,0.4377745241581259,0.4331892874198167,0.3677259523598819,0.20158703185546625,0.4377745241581259,0.4329074631274669,0.36676165999248206,0.2013978463951521,0.4076517150395778,0.4123778066209393,0.329923666967428,0.16122366254304402,0.0311582088470459
Random,CDK_GraphOnly,LDA,0.479502196193265,0.4167080021798845,0.39574909017363513,0.18195429620816989,0.4670571010248902,0.4140050510123483,0.4137342815951817,0.15527020980322032,0.4577836411609499,0.4183686029536409,0.36662141691791283,0.18144375071418276,0.05848193168640137
Random,CDK_GraphOnly,KNN,0.4128843338213763,0.39312788409443594,0.3966098652462868,0.09137052334255559,0.40300146412884336,0.3978229029906864,0.40118280987483107,0.09869480243625764,0.4261213720316623,0.4104667363288053,0.40157224611571846,0.12338872492052164,0.16659164428710938
Random,CDK_GraphOnly,SVC (RBF),0.28257686676427524,0.3333333333333333,0.1245144641221578,0.0,0.2829428989751098,0.3337428337428337,0.1252811753992271,0.01645645944680102,0.30606860158311344,0.3333333333333333,0.14345033447935823,0.0,0.7689173221588135
Random,CDK_GraphOnly,SVC (Linear),0.3052708638360176,0.3476482477648959,0.23950403058578612,0.022338636899857198,0.31112737920937045,0.3368307443260649,0.2892529484624612,0.0003170903479590742,0.3179419525065963,0.345690097940244,0.2485521876435821,0.01959628458992175,0.4107627868652344
Random,CDK_GraphOnly,Decision Tree,0.48243045387994143,0.48285700958435135,0.49209008465031495,0.23511811294448418,0.45534407027818447,0.4574680897280794,0.46467163965689606,0.19810960431588423,0.44063324538258575,0.4440430648642221,0.4481438854399815,0.17364648324226262,0.04254746437072754
Random,CDK_GraphOnly,Random Forest,0.48243045387994143,0.48285700958435135,0.49209008465031495,0.23511811294448418,0.4564421669106881,0.45817749941125685,0.4656368082729592,0.1990708901323548,0.4419525065963061,0.44517300836704693,0.44944152456911757,0.1753802757269188,3.318223237991333
Random,CDK_GraphOnly,Extra Trees,0.48243045387994143,0.48285700958435135,0.49209008465031495,0.23511811294448418,0.4546120058565154,0.45679000105525347,0.4639662530785065,0.19703867644708697,0.4419525065963061,0.44517300836704693,0.44944152456911757,0.1753802757269188,3.048335313796997
Random,CDK_GraphOnly,Gradient Boosting,0.4937774524158126,0.4342809052612921,0.42162463750046136,0.20906127939092528,0.4816983894582723,0.4217159053241304,0.4053505447327472,0.1847813155676171,0.4683377308707124,0.43112752725552256,0.38930787374448905,0.1980621637829128,9.594683408737183
Random,CDK_GraphOnly,XGBoost,0.4974377745241581,0.4389768739523236,0.42957954944619203,0.2154746227945504,0.48462664714494874,0.4289519307491258,0.41813352499025164,0.18953211661364489,0.4656992084432718,0.42886142041606684,0.38965376390827416,0.19120945841606404,1.8188397884368896
Random,CDK_GraphOnly,Hist Gradient Boosting,0.4974377745241581,0.4389768739523236,0.42957954944619203,0.2154746227945504,0.48755490483162517,0.42852801308434335,0.41690627098789784,0.19591931456373463,0.4656992084432718,0.42886142041606684,0.38965376390827416,0.19120945841606404,12.63846230506897
Random,CDK_GraphOnly,AdaBoost,0.4765739385065886,0.4108064661939821,0.3807707060687909,0.17758018612801932,0.4751098096632504,0.4104439148996022,0.3828712489676616,0.17362955398165267,0.46174142480211083,0.4208379191430039,0.3617286527228494,0.1932296482856532,4.225906610488892
Random,CDK_GraphOnly,MLP,0.4740117130307467,0.4504631551128038,0.4085062520968598,0.2148993334845972,0.47986822840409954,0.4271785268855502,0.3989290414363479,0.1839844734008228,0.4340369393139842,0.42746328611319845,0.360768687507384,0.1722551292829837,3.4555742740631104
Random,EState,Ridge Classifier,0.5014641288433382,0.48584860023836773,0.500621593662594,0.23927977952716178,0.486090775988287,0.47095597544557205,0.48754976366566183,0.21790715543690878,0.4788918205804749,0.4720264134203351,0.47458540651922376,0.21437727021039693,0.047215938568115234
Random,EState,Logistic Reg (L1),0.5003660322108345,0.4919180110632244,0.5055344963597991,0.2475603968162193,0.4743777452415813,0.4650228888692931,0.4792704035063448,0.20695565005629607,0.49076517150395776,0.48771277102662264,0.4927867641244107,0.23689854453907128,2.1199288368225098
Random,EState,Logistic Reg (EN),0.5003660322108345,0.4919180110632244,0.5055156751599162,0.24754883258435265,0.4740117130307467,0.46445019779392993,0.47875612719295535,0.20603945506637936,0.49076517150395776,0.48771277102662264,0.4927867641244107,0.23689854453907128,3.746940851211548
Random,EState,Naive Bayes,0.4838945827232797,0.4709841489878383,0.4852314224165799,0.21441781572384502,0.47218155197657397,0.45667041022817817,0.47208978627027215,0.1933372168123753,0.45910290237467016,0.453688192773523,0.4620253747485321,0.1832186286054019,0.0462954044342041
Random,EState,LDA,0.5263543191800878,0.49090806446420476,0.5090094474991966,0.2627668968329756,0.5029282576866764,0.4694153083323796,0.48724575263900927,0.22599255399673665,0.5026385224274407,0.48052517324872673,0.48439622595742354,0.24061528546865613,0.13283586502075195
Random,EState,KNN,0.6057833089311859,0.5847845623637068,0.5981261983042104,0.3926271024219238,0.5212298682284041,0.502116833363612,0.5115903645445607,0.2654519715781063,0.525065963060686,0.5130961868834457,0.5162033119321201,0.2778550755851286,0.2200484275817871
Random,EState,SVC (RBF),0.2939238653001464,0.3460055675081582,0.14804880249794458,0.08924067442323304,0.32430453879941434,0.3666815241971903,0.248896825010129,0.07997365072322549,0.31398416886543534,0.341991341991342,0.15975537798863512,0.07773193682215034,1.2640564441680908
Random,EState,SVC (Linear),0.33125915080527085,0.3729092211920522,0.27750067698394265,0.067972046472603,0.31295754026354317,0.33999328322904815,0.2925845759255515,0.0066662069239883425,0.3496042216358839,0.37473891456942304,0.2937871552256603,0.07473855212988839,0.7679076194763184
Random,EState,Decision Tree,0.7013177159590044,0.7014867950494459,0.7049073443657233,0.5572031822152801,0.5563689604685212,0.5543493439554531,0.560594359268507,0.3388680910507894,0.5659630606860159,0.5680170874647789,0.5652940444373646,0.35364586722711466,0.08554601669311523
Random,EState,Random Forest,0.7020497803806734,0.6998729733721459,0.704283651267412,0.5567479680434994,0.5633235724743777,0.5559085496556674,0.5664001048051487,0.3429599034698876,0.5738786279683378,0.5717408070856347,0.5697346452681352,0.3628926179118929,4.08530330657959
Random,EState,Extra Trees,0.7013177159590044,0.7014867950494459,0.7049073443657233,0.5572031822152801,0.5625915080527086,0.557603133512582,0.5655805111190056,0.34466647183094923,0.5620052770448549,0.5618408346637452,0.5613397838713877,0.34594083061966524,3.7317888736724854
Random,EState,Gradient Boosting,0.6240849194729137,0.5951807438731997,0.605719732416333,0.4236408908449399,0.5545387994143485,0.5244764244235258,0.5327260139771086,0.31345508853416487,0.5554089709762533,0.5374242339905694,0.5234102699689732,0.32903545143074564,9.44318675994873
Random,EState,XGBoost,0.6928989751098097,0.6703756115835979,0.6820431931122464,0.5324052755512658,0.5728404099560761,0.5487566282808124,0.5580907772510342,0.34459129494583174,0.579155672823219,0.56394351800547,0.5539229043639607,0.36635317317059857,1.9383494853973389
Random,EState,Hist Gradient Boosting,0.7093704245973645,0.6918809187072757,0.7005947625776103,0.5605630132413614,0.5743045387994143,0.5531827978590315,0.561223786324104,0.34878238498169484,0.5765171503957783,0.5657347247206977,0.5542264453154534,0.3646418697475716,14.275035619735718
Random,EState,AdaBoost,0.513909224011713,0.4792418869881366,0.47604025222820406,0.25007192740007206,0.4974377745241581,0.46141588859219,0.4690258082582202,0.21844003775162543,0.5052770448548812,0.4889321957995249,0.463011717695635,0.25803233800421865,3.353874683380127
Random,EState,MLP,0.6716691068814056,0.6549579057988574,0.6613171149822263,0.5036499367121929,0.5614934114202049,0.5263681416124245,0.5263826278412189,0.32546041648052004,0.5870712401055409,0.5763644417794038,0.5600204064589595,0.3836335615684709,9.044735431671143
Kennard-Stone,MACCS,Ridge Classifier,0.6103896103896104,0.6002699496061054,0.6115914703398554,0.40548228785115187,0.5631313131313131,0.5491894011057817,0.5629781362232311,0.3322891936239406,0.5263157894736842,0.5143195191928135,0.523039161957917,0.280948514937591,0.06089663505554199
Kennard-Stone,MACCS,Logistic Reg (L1),0.6150793650793651,0.6096648762083768,0.6181607304823468,0.4170039521883769,0.5703463203463204,0.5613232777615653,0.572845474781509,0.3470185238791323,0.5263157894736842,0.5125381441170915,0.5227142513844206,0.28142222570374625,19.725212812423706
Kennard-Stone,MACCS,Logistic Reg (EN),0.6143578643578643,0.6086500470089738,0.6173241415689057,0.4156251141336066,0.5696248196248196,0.5604320881820318,0.5719965812400115,0.3458387880737767,0.5263157894736842,0.5125381441170915,0.5227142513844206,0.28142222570374625,18.844816207885742
Kennard-Stone,MACCS,Naive Bayes,0.5115440115440115,0.49793383368998984,0.5119262731259386,0.25616431372170223,0.49206349206349204,0.4766808450893724,0.4898496311470396,0.22408271745382274,0.44611528822055135,0.4729389627050445,0.40354440712002015,0.21546138611433657,0.05171012878417969
Kennard-Stone,MACCS,LDA,0.6237373737373737,0.5951989051277611,0.6170861491277126,0.4142719948474661,0.5786435786435786,0.5486659746448318,0.5704941395164035,0.3435901814055563,0.5413533834586466,0.5418692382630005,0.5305768397127414,0.3154760773253297,0.1817018985748291
Kennard-Stone,MACCS,KNN,0.7352092352092352,0.7190934242851875,0.7321597378403818,0.5945151422323741,0.6078643578643579,0.5849928084891386,0.601005877886186,0.39837560521141535,0.6040100250626567,0.602397836803295,0.6084501113778107,0.40430695176145376,0.2335987091064453
Kennard-Stone,MACCS,SVC (RBF),0.2763347763347763,0.33047209560398766,0.1763907052350748,-0.004705373549449391,0.2925685425685426,0.346758251476556,0.20293165047355052,0.02836898379516161,0.32205513784461154,0.3143097246411087,0.2708802561758525,-0.03495468234848215,1.6671390533447266
Kennard-Stone,MACCS,SVC (Linear),0.40295815295815296,0.41987500337534156,0.37117573797307346,0.14639072879921178,0.3484848484848485,0.358647469639729,0.34672169596516467,0.037202626355721545,0.4598997493734336,0.43493245978626094,0.4055540973738751,0.17965924062702382,1.327540397644043
Kennard-Stone,MACCS,Decision Tree,0.8802308802308803,0.8815938422491693,0.8823269566215692,0.820460500215294,0.5927128427128427,0.581637252666086,0.5967970105829772,0.3820732593130836,0.6177944862155389,0.6075325295598201,0.6192917215331347,0.4221045048203242,0.2803020477294922
Kennard-Stone,MACCS,Random Forest,0.8805916305916306,0.878509868125089,0.8815921990607201,0.8186990953291949,0.6439393939393939,0.6226595869623,0.640588594041662,0.4526686675777537,0.6165413533834586,0.6029978973448759,0.6138291551821501,0.4193102376872297,6.531687021255493
Kennard-Stone,MACCS,Extra Trees,0.8802308802308803,0.8815938422491693,0.8823269566215692,0.820460500215294,0.6356421356421357,0.6170290238165185,0.6357040877323296,0.4420824356500153,0.6228070175438597,0.6121288104718904,0.6243594698663453,0.42993571649405843,6.817119121551514
Kennard-Stone,MACCS,Gradient Boosting,0.7467532467532467,0.7217242730381838,0.7394828609471509,0.608713821986609,0.6320346320346321,0.6004075352155214,0.6201763226411829,0.42819523727312636,0.6115288220551378,0.6011389159537307,0.5937991811139364,0.415356899031606,27.533919095993042
Kennard-Stone,MACCS,XGBoost,0.8575036075036075,0.844860324480305,0.8563664738503624,0.7804704083039254,0.6522366522366523,0.6287855743378176,0.6475672095493241,0.46283139457185457,0.6416040100250626,0.6304320363774555,0.6317577443162181,0.4581509131096916,4.09975266456604
Kennard-Stone,MACCS,Hist Gradient Boosting,0.8813131313131313,0.8721149613681991,0.8806878311703012,0.8176112259964436,0.6446608946608947,0.622517996128307,0.6407458156226146,0.4521951873632363,0.6453634085213033,0.6351484592225333,0.6351486965663294,0.4641395979290909,33.929523229599
Kennard-Stone,MACCS,AdaBoost,0.5782828282828283,0.5328897041039129,0.5472018988890708,0.34003879836035356,0.5559163059163059,0.5121369384113942,0.5308625091081506,0.3030455087834341,0.4849624060150376,0.486239556414995,0.4382603359535812,0.25009864881345106,5.257969617843628
Kennard-Stone,MACCS,MLP,0.7774170274170275,0.7610063390631542,0.777318937609653,0.6572360430001042,0.6226551226551227,0.5941969392782288,0.6108680730874709,0.4159122289008389,0.6052631578947368,0.5972202478050431,0.5953346973152913,0.40336319308508106,9.106829404830933
Kennard-Stone,PubChem,Ridge Classifier,0.6843434343434344,0.6731083130930321,0.6863510286401265,0.5190101930753196,0.6067821067821068,0.5929564547140137,0.6091719149604997,0.40164384699850786,0.556390977443609,0.5532102725085181,0.5622178197174058,0.33138722992859654,0.1616673469543457
Kennard-Stone,PubChem,Logistic Reg (L1),0.6937229437229437,0.6860602984391155,0.6979184900218096,0.5364338668813969,0.6017316017316018,0.5912776673629901,0.6078105860170804,0.3977267083883312,0.5538847117794486,0.549063762026725,0.5588586572885592,0.32632139928535614,53.088911294937134
Kennard-Stone,PubChem,Logistic Reg (EN),0.693001443001443,0.6853485161709316,0.6970806497186077,0.5352980966413527,0.6020923520923521,0.5917139675375102,0.6081200274340024,0.3982123025041344,0.5538847117794486,0.549063762026725,0.5588586572885592,0.32632139928535614,53.967008113861084
Kennard-Stone,PubChem,Naive Bayes,0.5111832611832612,0.48580796206112464,0.5021513296819475,0.24119258642714583,0.4989177489177489,0.47060283726783386,0.486550680673519,0.22009190544519977,0.39849624060150374,0.42292383812851647,0.34704578443830925,0.151927305585611,0.08294272422790527
Kennard-Stone,PubChem,LDA,0.6962481962481962,0.6765286573999217,0.6962796069632678,0.5320397238192704,0.6222943722943723,0.6022057527243029,0.6234045128875042,0.4193390435765709,0.5576441102756893,0.5633347953036062,0.5629226912790685,0.34289056573094423,0.5161054134368896
Kennard-Stone,PubChem,KNN,0.7348484848484849,0.7184833360426436,0.730072227088478,0.5949987667126164,0.6107503607503607,0.587573203341384,0.6001924115401182,0.40467519296272636,0.600250626566416,0.5891722889773573,0.5888419739162383,0.39548303448401345,0.4086878299713135
Kennard-Stone,PubChem,SVC (RBF),0.26731601731601734,0.3200517989766218,0.17607303441922048,-0.023046979113917294,0.2875180375180375,0.3438300979396698,0.1852775248240519,0.02267557737595124,0.3583959899749373,0.3378551273288115,0.29654240369265306,0.016186970075142873,5.177680253982544
Kennard-Stone,PubChem,SVC (Linear),0.38095238095238093,0.3965734635002402,0.366732520142267,0.10342709545551457,0.386002886002886,0.39093503630566184,0.39026940214470934,0.09051586484422108,0.38847117794486213,0.36580905196889607,0.3606290456218864,0.05509427165435798,2.410346746444702
Kennard-Stone,PubChem,Decision Tree,0.902958152958153,0.9017881719139266,0.9043465560173387,0.8534494368544315,0.6154401154401155,0.602697925420188,0.6199253860088179,0.4159534292953704,0.6403508771929824,0.6341621702245485,0.6416902896221922,0.45614812021184076,0.42540502548217773
Kennard-Stone,PubChem,Random Forest,0.902958152958153,0.900148431887704,0.9038706597181341,0.8522531654127335,0.6479076479076479,0.6257949403819791,0.6437094099427024,0.45859689547854454,0.6416040100250626,0.633729619597066,0.6411423865071882,0.4572349766396975,7.8804779052734375
Kennard-Stone,PubChem,Extra Trees,0.902958152958153,0.9017881719139266,0.9043465560173387,0.8534494368544315,0.6457431457431457,0.6276372478945188,0.6459253715366836,0.4575072243054848,0.6403508771929824,0.6341621702245485,0.6416902896221922,0.45614812021184076,10.220051050186157
Kennard-Stone,PubChem,Gradient Boosting,0.7514430014430015,0.726790947194765,0.7467864114011671,0.6151641968603802,0.6414141414141414,0.6124875582289345,0.6344632971673901,0.44384504860843843,0.575187969924812,0.5763466913564379,0.5722330537869559,0.3625844407938396,66.81851267814636
Kennard-Stone,PubChem,XGBoost,0.8650793650793651,0.8546408262445738,0.8645705346539186,0.7924439128960632,0.6623376623376623,0.6376247995264003,0.6576940461980333,0.4787445667877808,0.6303258145363408,0.6251244063134902,0.6285845798405681,0.4401490543272021,8.945765018463135
Kennard-Stone,PubChem,Hist Gradient Boosting,0.8982683982683982,0.8909757103010941,0.8982584897107266,0.8437475500170833,0.6432178932178932,0.621756293145857,0.6408911824706884,0.4512653212908681,0.6303258145363408,0.6231423979961992,0.6278746096460864,0.43990211355351344,74.55413222312927
Kennard-Stone,PubChem,AdaBoost,0.5811688311688312,0.5376303374361943,0.5580536762271462,0.34324096840602814,0.5533910533910534,0.5125966264947702,0.533950844375125,0.2988738513434387,0.48370927318295737,0.4869630045068641,0.4680145338156826,0.23868892015723014,11.066062450408936
Kennard-Stone,PubChem,MLP,0.8051948051948052,0.781777937986761,0.8008142848206213,0.6992761365721506,0.6331168831168831,0.5995207502985754,0.6199716897309068,0.42962839601241953,0.5864661654135338,0.5858856146380512,0.5766469127394009,0.3784817547311084,9.284674406051636
Kennard-Stone,Substructure,Ridge Classifier,0.522005772005772,0.5110979549605267,0.5189286561499452,0.2759822358288428,0.5061327561327561,0.4940851942354986,0.5047246618342944,0.25021722499483046,0.47619047619047616,0.4682234233891154,0.477381206059734,0.20598153599048957,0.0878763198852539
Kennard-Stone,Substructure,Logistic Reg (L1),0.5158730158730159,0.507553455921401,0.5157836151861078,0.26770640955351654,0.5036075036075036,0.49334479883090826,0.5040950956748378,0.24725793274516267,0.4774436090225564,0.4703747808036307,0.4794240414296971,0.20870602998328733,6.316774845123291
Kennard-Stone,Substructure,Logistic Reg (EN),0.516955266955267,0.5088065887534812,0.5166867954694417,0.26939101193992526,0.5036075036075036,0.49334479883090826,0.5040950956748378,0.24725793274516267,0.4774436090225564,0.4703747808036307,0.4794240414296971,0.20870602998328733,7.785337448120117
Kennard-Stone,Substructure,Naive Bayes,0.4592352092352092,0.4397494807938456,0.4506997162605942,0.16680287264157653,0.4556277056277056,0.4389058875969871,0.4495672477462461,0.16455929781966194,0.37844611528822053,0.39843648518112457,0.33750006406071725,0.11553035514156323,0.031006336212158203
Kennard-Stone,Substructure,LDA,0.5407647907647908,0.5028375985902477,0.5229070367266281,0.2797661951676598,0.5274170274170275,0.4892433729528847,0.5096835593430059,0.2573408808794704,0.41604010025062654,0.4308832096356463,0.3986506860866022,0.14928428085616094,0.06423783302307129
Kennard-Stone,Substructure,KNN,0.6626984126984127,0.6450489025991919,0.6561163992904059,0.48696028809705116,0.5616883116883117,0.5396367398672066,0.5490964408925303,0.3310403084030817,0.5100250626566416,0.49922346803438417,0.4869332016893797,0.26111911571637547,0.16323137283325195
Kennard-Stone,Substructure,SVC (RBF),0.2756132756132756,0.3333333333333333,0.11909985439397204,0.0,0.288961038961039,0.3475198170957083,0.16090806881887595,0.046926838431522004,0.30952380952380953,0.3333333333333333,0.14632034632034632,0.0,1.1705577373504639
Kennard-Stone,Substructure,SVC (Linear),0.29834054834054835,0.33408422618573175,0.2707091312481547,-0.0027575487779226745,0.30483405483405485,0.350885076912783,0.25357941996172145,0.028004380054937654,0.2644110275689223,0.2630967148511008,0.26658909090568517,-0.10075531253888662,0.6416852474212646
Kennard-Stone,Substructure,Decision Tree,0.7510822510822511,0.7518940284089711,0.7573704117584054,0.6312708531999064,0.5678210678210678,0.5584874938127774,0.5772378100099527,0.3506353783537159,0.5639097744360902,0.570305984536004,0.5707274941672303,0.35959303714268787,0.06670141220092773
Kennard-Stone,Substructure,Random Forest,0.7518037518037518,0.7500011621657955,0.757076431703172,0.628510740347291,0.5887445887445888,0.5729363848517636,0.5937817770723702,0.3747397375218661,0.556390977443609,0.5611619266590027,0.563944405400113,0.34383069871045,4.310702085494995
Kennard-Stone,Substructure,Extra Trees,0.7510822510822511,0.7518940284089711,0.7573704117584054,0.6312708531999064,0.5793650793650794,0.5674386646668016,0.5879693546295193,0.36510415576323246,0.5639097744360902,0.570305984536004,0.5707274941672303,0.35959303714268787,5.291131019592285
Kennard-Stone,Substructure,Gradient Boosting,0.6536796536796536,0.6255964287277697,0.6459971800203359,0.4621971729837597,0.5833333333333334,0.5555370946513009,0.575115299101205,0.35335011078928025,0.5451127819548872,0.5470764885969565,0.5397298459633805,0.3168174766622219,11.347345352172852
Kennard-Stone,Substructure,XGBoost,0.7297979797979798,0.7082643326762669,0.7259772157431205,0.5821356867060273,0.5873015873015873,0.5598725315589466,0.5816196793280367,0.36031287788531785,0.5451127819548872,0.5505955130711467,0.5411603873188477,0.3246051329672632,3.3110227584838867
Kennard-Stone,Substructure,Hist Gradient Boosting,0.7521645021645021,0.7323756888362715,0.7479709029437043,0.6176114466089372,0.588023088023088,0.5642087727648488,0.5862772700907727,0.3652623809362419,0.5213032581453634,0.520321927729335,0.5113106540393385,0.28802388477630175,17.418846368789673
Kennard-Stone,Substructure,AdaBoost,0.5346320346320347,0.489513024336041,0.5017027495010818,0.2682641525395364,0.5295815295815296,0.4898868278249024,0.5042081423731853,0.26174879625851327,0.4323308270676692,0.4433251933251934,0.40658403289777845,0.17673712541728231,3.4201266765594482
Kennard-Stone,Substructure,MLP,0.6482683982683982,0.6206601069185301,0.6406926569558893,0.4545035072048754,0.5746753246753247,0.5411133103698048,0.558755511982427,0.33795102485772877,0.5238095238095238,0.5293245488177262,0.5219285879875515,0.28944142149804997,8.093042612075806
Kennard-Stone,SubstructureCount,Ridge Classifier,0.5371572871572872,0.520399892032448,0.5371780927022222,0.29207725531379586,0.5158730158730159,0.4969226048549178,0.5153151263374884,0.25945133042935936,0.41102756892230574,0.4193849793264998,0.4132583571041495,0.1326599483714217,0.05500531196594238
Kennard-Stone,SubstructureCount,Logistic Reg (L1),0.5313852813852814,0.5171429793238956,0.53360884128059,0.2864825142240165,0.5082972582972582,0.4919043928312698,0.5094144786331567,0.2509653775487958,0.41353383458646614,0.4197903208624456,0.41665682495642004,0.13223124946968456,8.585581541061401
Kennard-Stone,SubstructureCount,Logistic Reg (EN),0.5313852813852814,0.5171429793238956,0.5335878847407002,0.28648214805126987,0.5093795093795094,0.4930338860434805,0.51046214513388,0.2525472195989538,0.41478696741854637,0.4211620629749285,0.41780910407275146,0.13411950311422963,7.103041648864746
Kennard-Stone,SubstructureCount,Naive Bayes,0.44696969696969696,0.4473779262313544,0.4460384557832411,0.18084773674466892,0.42568542568542567,0.42341169981767196,0.4210313355954683,0.14376811875633275,0.45614035087719296,0.4658068449491452,0.45281370165096346,0.1901975499640377,0.03162550926208496
Kennard-Stone,SubstructureCount,LDA,0.5472582972582972,0.5036958480894952,0.524130404724398,0.28732495863520263,0.5328282828282829,0.48862541885413197,0.5090057039934752,0.2642462870246635,0.37593984962406013,0.3949133856541264,0.3351182277907297,0.103980194891458,0.08512043952941895
Kennard-Stone,SubstructureCount,KNN,0.7236652236652237,0.7081558030191513,0.7191335785067438,0.5805047796720687,0.5930735930735931,0.5699248698672532,0.5835400084419753,0.3776891422444481,0.6115288220551378,0.6017630301256033,0.5998355255736232,0.41313134550810693,0.1754779815673828
Kennard-Stone,SubstructureCount,SVC (RBF),0.2756132756132756,0.3333333333333333,0.11909985439397204,0.0,0.2748917748917749,0.3276297055650246,0.14337949310350084,-0.020636107631337098,0.30952380952380953,0.3333333333333333,0.14632034632034632,0.0,1.23140287399292
Kennard-Stone,SubstructureCount,SVC (Linear),0.2619047619047619,0.2739910024148106,0.26007979559342176,-0.09010154338653165,0.32215007215007213,0.34835193322755637,0.30516468884002096,0.021846303061924182,0.38220551378446116,0.3537158819809892,0.33896913281655816,0.031701885830493395,0.5627214908599854
Kennard-Stone,SubstructureCount,Decision Tree,0.8953823953823954,0.895088287910002,0.8971387589902711,0.8433027289683142,0.5905483405483406,0.5727185844986892,0.5963157280194894,0.37693408060840367,0.6378446115288221,0.641596707386181,0.6431941316991275,0.4625952988040064,0.13006806373596191
Kennard-Stone,SubstructureCount,Random Forest,0.8953823953823954,0.8917967036206472,0.8962470707572101,0.8405047300433787,0.6349206349206349,0.6107452421601073,0.6332928030532624,0.43866288973117934,0.6453634085213033,0.6452612437017895,0.649234028687296,0.46715280826167144,6.112873315811157
Kennard-Stone,SubstructureCount,Extra Trees,0.8953823953823954,0.895088287910002,0.8971387589902711,0.8433027289683142,0.6280663780663781,0.6056662812180235,0.6294330759712494,0.42979626281871125,0.6441102756892231,0.6486116222958328,0.6490838569398478,0.4733885047612199,5.031807899475098
Kennard-Stone,SubstructureCount,Gradient Boosting,0.7380952380952381,0.7095091441843615,0.72859786770273,0.5955549029855277,0.6165223665223665,0.581307268069211,0.6019860299642549,0.402916636362695,0.5776942355889725,0.5740341349503143,0.5679453146834632,0.3652270420816774,18.026618480682373
Kennard-Stone,SubstructureCount,XGBoost,0.829004329004329,0.810906624153449,0.8261421431601582,0.7365181035217774,0.6363636363636364,0.607164856959441,0.630250909027877,0.4378912941595522,0.6328320802005013,0.6318541216202035,0.6319528712728227,0.44576231653869214,2.2984485626220703
Kennard-Stone,SubstructureCount,Hist Gradient Boosting,0.8935786435786436,0.8847284076372981,0.893099585432644,0.8366417826037696,0.6352813852813853,0.612839005841085,0.633186842201287,0.43890785208066563,0.6616541353383458,0.655342870255151,0.6576944691056426,0.4881606339763816,17.514785289764404
Kennard-Stone,SubstructureCount,AdaBoost,0.5627705627705628,0.5154905639186307,0.5315067765922789,0.3139345187313224,0.5461760461760462,0.501711250274591,0.5170329851445264,0.2874083406578059,0.44110275689223055,0.4471812931851919,0.4101019213061999,0.18491006939236213,4.683120489120483
Kennard-Stone,SubstructureCount,MLP,0.6313131313131313,0.5767264388597589,0.5982825108201237,0.42994289547667414,0.556998556998557,0.5102165073306635,0.5226569197511178,0.3059619993457911,0.525062656641604,0.5281776197955536,0.5032313944831649,0.30194617950630176,5.160547256469727
Kennard-Stone,KR,Ridge Classifier,0.6406926406926406,0.6276094390563691,0.6415836182300966,0.4523680219708447,0.588023088023088,0.5731207733900687,0.5892754660643179,0.37226428144205287,0.5513784461152882,0.5520656695120633,0.5549630490300663,0.3264876115463147,0.07678341865539551
Kennard-Stone,KR,Logistic Reg (L1),0.6374458874458875,0.6298188987822998,0.6419184715589562,0.4520514100633674,0.5782828282828283,0.5679527992236227,0.5824076817086782,0.3612792035612344,0.5614035087719298,0.5622606943269711,0.5657076131873576,0.3419808861996185,28.568055391311646
Kennard-Stone,KR,Logistic Reg (EN),0.6381673881673882,0.6305306810504837,0.6425651436929014,0.45301369470334946,0.5768398268398268,0.5664241842978786,0.5812093669884261,0.35943859743441897,0.5614035087719298,0.5622606943269711,0.5657076131873576,0.3419808861996185,30.319795846939087
Kennard-Stone,KR,Naive Bayes,0.4834054834054834,0.48431809985205615,0.48399032336050607,0.23445430635135486,0.47005772005772006,0.4698268376579457,0.47052042403655625,0.21371228063593783,0.4849624060150376,0.5052197098980725,0.4697859807971625,0.2643551879173735,0.061359405517578125
Kennard-Stone,KR,LDA,0.6486291486291487,0.6227426321128569,0.6454499126230897,0.4560093370641304,0.5883838383838383,0.5618627486171764,0.5854046148412273,0.36306433337428495,0.5375939849624061,0.5460173715534339,0.534731991843081,0.3140967800952566,0.31131482124328613
Kennard-Stone,KR,KNN,0.7164502164502164,0.6983654598975625,0.7081886061408599,0.5699783422253505,0.5808080808080808,0.5555359397151527,0.5674148196586817,0.3563990274954569,0.6102756892230576,0.5922174893909787,0.5859288222487569,0.4171550881311433,0.2666008472442627
Kennard-Stone,KR,SVC (RBF),0.2774170274170274,0.3331081822364169,0.13986866543046114,0.0014721409302458164,0.2813852813852814,0.33890957110226133,0.13510572732861845,0.03480183893866279,0.30952380952380953,0.3333333333333333,0.14716531463403454,-0.00578006035719102,2.5239486694335938
Kennard-Stone,KR,SVC (Linear),0.3676046176046176,0.3703494074056964,0.3730607272991491,0.06028721278978111,0.3759018759018759,0.39074021177155016,0.37079021882519897,0.08730614965068736,0.33709273182957394,0.3534799977295104,0.2998845274607147,0.03593728435356495,1.561220407485962
Kennard-Stone,KR,Decision Tree,0.9044011544011544,0.9038986722282897,0.9058649439681339,0.856423532951862,0.586940836940837,0.5727339836473332,0.5918027380123271,0.37162593256586013,0.631578947368421,0.632354722023338,0.6384821381827912,0.4498596785067083,0.23004770278930664
Kennard-Stone,KR,Random Forest,0.9047619047619048,0.9014951488886207,0.9055539020576686,0.8547432196520995,0.6233766233766234,0.5997155404918625,0.6212327186970383,0.4194258179529859,0.6328320802005013,0.631699323707121,0.6379692308242161,0.4483640692914993,7.659134149551392
Kennard-Stone,KR,Extra Trees,0.9044011544011544,0.9038986722282897,0.9058649439681339,0.856423532951862,0.623015873015873,0.6014563365273554,0.6227173468077567,0.4204638124795168,0.6340852130325815,0.6353210539370383,0.6408057712799944,0.45454916545234836,7.19798731803894
Kennard-Stone,KR,Gradient Boosting,0.7478354978354979,0.7256006436121168,0.7437706648795818,0.6097557719999708,0.6194083694083694,0.5902283057534942,0.6116056844526274,0.4089150593118268,0.5952380952380952,0.5935065043252178,0.590308993283968,0.39150434822588126,32.938846826553345
Kennard-Stone,KR,XGBoost,0.841991341991342,0.8290814693404939,0.8410282440122033,0.7563265010601353,0.6341991341991342,0.6074668555918087,0.6292608561168326,0.43373470358074034,0.6177944862155389,0.6147691020985367,0.6152765904096028,0.42286850918003255,4.210267782211304
Kennard-Stone,KR,Hist Gradient Boosting,0.9007936507936508,0.892563859564536,0.9004937815405142,0.8474319716131505,0.6331168831168831,0.6094793670747477,0.6310240312843867,0.433697094098564,0.6378446115288221,0.6329313780580837,0.6345322450670485,0.45256910570395575,45.946250200271606
Kennard-Stone,KR,AdaBoost,0.5912698412698413,0.5487638134610754,0.56757292733706,0.36104515038248913,0.5667388167388168,0.5251014382768685,0.5415007289700844,0.3214514637407102,0.5037593984962406,0.5005815785542881,0.4781121864524621,0.2594370727332961,5.8130762577056885
Kennard-Stone,KR,MLP,0.7882395382395382,0.7733042238816431,0.7892625949210726,0.6754983333890259,0.623015873015873,0.5946954921378128,0.6137291583341922,0.4165309885074926,0.5764411027568922,0.5879200757368399,0.5810680409960226,0.3843621079402735,8.995380401611328
Kennard-Stone,KR_Count,Ridge Classifier,0.6396103896103896,0.623541556934177,0.6379062766276059,0.4489188622225492,0.5905483405483406,0.5727419272222499,0.5896949101005364,0.3737567313382269,0.5601503759398496,0.552647807033772,0.5564154288447987,0.33345836148156144,0.06948709487915039
Kennard-Stone,KR_Count,Logistic Reg (L1),0.5768398268398268,0.5701044109270769,0.5814329738507688,0.3623958613916492,0.5418470418470418,0.5328810556383893,0.5463249639415676,0.30783300320954227,0.5325814536340853,0.5261433029464219,0.5305331759128192,0.29192846857156823,29.90557098388672
Kennard-Stone,KR_Count,Logistic Reg (EN),0.5768398268398268,0.570265229007933,0.5814909443229509,0.3625490891613046,0.5414862914862915,0.5326055735447253,0.5459903656086214,0.30736113811498034,0.5325814536340853,0.5261433029464219,0.5305331759128192,0.29192846857156823,31.20610785484314
Kennard-Stone,KR_Count,Naive Bayes,0.4624819624819625,0.46828739272062,0.4509533901274758,0.2227824212110163,0.4509379509379509,0.4549141575181807,0.4408128085302657,0.20109852759771912,0.48370927318295737,0.4757172832221565,0.47402586197631036,0.21730991952017145,0.06276631355285645
Kennard-Stone,KR_Count,LDA,0.6464646464646465,0.6166417352281227,0.6383472943844389,0.4509992526658818,0.59992784992785,0.5684509309562542,0.5919993124799998,0.3781329627888319,0.550125313283208,0.5465278710892746,0.5428826488592462,0.3222898837612915,0.24804019927978516
Kennard-Stone,KR_Count,KNN,0.7297979797979798,0.7140568055796394,0.7228163701091286,0.5890718487446029,0.5851370851370852,0.5607157741179135,0.5712404762798532,0.36237343383867904,0.6328320802005013,0.6212081904089701,0.6208523946512987,0.44646662526847414,0.28454160690307617
Kennard-Stone,KR_Count,SVC (RBF),0.2756132756132756,0.3333333333333333,0.11909985439397204,0.0,0.2763347763347763,0.3325977528738119,0.12601518398974368,-0.00491524066512079,0.30952380952380953,0.3333333333333333,0.14632034632034632,0.0,2.505013942718506
Kennard-Stone,KR_Count,SVC (Linear),0.2842712842712843,0.33695808145694167,0.20519268486321618,0.005327074235001967,0.31277056277056275,0.35095563826994974,0.27645178469207426,0.03328879050996502,0.36466165413533835,0.3242897453423769,0.2595380150781813,-0.02444037232696493,1.3123304843902588
Kennard-Stone,KR_Count,Decision Tree,0.9375901875901876,0.9376046992996315,0.9383489210987473,0.9062376956774939,0.5829725829725829,0.5667039047722432,0.5864054124142659,0.36295366214559494,0.6578947368421053,0.6630558633482609,0.6623602875472446,0.4974532785845945,0.3416152000427246
Kennard-Stone,KR_Count,Random Forest,0.937950937950938,0.9350338728855224,0.9382082941144,0.9050008845351871,0.6327561327561327,0.6071309734101887,0.6265742557049017,0.4322242636318557,0.6679197994987469,0.6625146927291177,0.6695729731713437,0.4980830799981844,8.206745147705078
Kennard-Stone,KR_Count,Extra Trees,0.9375901875901876,0.9376046992996315,0.9383489210987473,0.9062376956774939,0.6345598845598845,0.6113166481750364,0.631414784642731,0.43647846607060814,0.6654135338345865,0.6684802635095033,0.6704954541150463,0.5060145513979043,7.325870752334595
Kennard-Stone,KR_Count,Gradient Boosting,0.7593795093795094,0.7343166394633114,0.7530882737156132,0.6280602321548954,0.6201298701298701,0.5851320478803631,0.6073504234466622,0.40884434070473596,0.6428571428571429,0.6331616726353569,0.6262787203171375,0.4659874385704675,45.57539510726929
Kennard-Stone,KR_Count,XGBoost,0.8427128427128427,0.8235334506921972,0.8394159417060661,0.7579654040555055,0.6381673881673882,0.6068169319929134,0.6295174594934888,0.4382084072910018,0.6754385964912281,0.6653759928613731,0.6622011085364979,0.5126059179565465,5.752734899520874
Kennard-Stone,KR_Count,Hist Gradient Boosting,0.9329004329004329,0.9254927230527822,0.9324757818357393,0.8969939926166869,0.6341991341991342,0.608994194484813,0.6303869856017796,0.4347055615327457,0.6741854636591479,0.6687041570082505,0.6701307921821639,0.5073509649283973,47.503862142562866
Kennard-Stone,KR_Count,AdaBoost,0.5833333333333334,0.5404201950508221,0.5569356695468618,0.34908499639253127,0.5703463203463204,0.5274667511234058,0.5456014261233219,0.32732213738057203,0.5075187969924813,0.50269258212728,0.4860911134904759,0.26297334156670354,8.838979721069336
Kennard-Stone,KR_Count,MLP,0.7817460317460317,0.755197798268767,0.7694259173993467,0.6687291679143385,0.6222943722943723,0.5900618232440172,0.6059270715925529,0.41426384620623474,0.6102756892230576,0.5907908422528305,0.5573480233879401,0.43013907518600575,11.66530990600586
Kennard-Stone,AtomPairs2D,Ridge Classifier,0.7507215007215007,0.7451469131195577,0.7519072919419763,0.6199294090796525,0.5703463203463204,0.5548970395209029,0.5722227877754956,0.34485183673198755,0.6140350877192983,0.6070473999323903,0.6155745370149093,0.4166121272778468,0.9522013664245605
Kennard-Stone,AtomPairs2D,Logistic Reg (L1),0.7716450216450217,0.7704021747935674,0.7738519461411085,0.6541763666641421,0.5631313131313131,0.5502658449738788,0.5668314466260024,0.3360703708134434,0.6303258145363408,0.6232986023434367,0.6301472023907243,0.44043167970577646,93.92542362213135
Kennard-Stone,AtomPairs2D,Logistic Reg (EN),0.7727272727272727,0.7714080283859087,0.7749143316294475,0.6557302175858183,0.562049062049062,0.5496002167737432,0.565945540693529,0.33477812198295775,0.6265664160401002,0.6203191256797495,0.6270869516660049,0.43501507158754116,93.96223855018616
Kennard-Stone,AtomPairs2D,Naive Bayes,0.474025974025974,0.48740037139420894,0.47733323265796096,0.22794416721246485,0.4574314574314574,0.4686050037762255,0.4625199608340839,0.20335938541848242,0.41102756892230574,0.4335291269989126,0.37464518923182255,0.16884974603861888,0.19057464599609375
Kennard-Stone,AtomPairs2D,LDA,0.7604617604617605,0.7438393663474452,0.7585245732656225,0.6299236469051583,0.5822510822510822,0.558873329242076,0.580658961192279,0.3553105429732973,0.62531328320802,0.6218422938695843,0.6251666060586921,0.43471435364988104,2.2859930992126465
Kennard-Stone,AtomPairs2D,KNN,0.7619047619047619,0.7435786616527617,0.7559773219602051,0.6361457392943832,0.6284271284271284,0.6061371626027555,0.6203100321714903,0.4328483426996952,0.6390977443609023,0.6318754164758064,0.6314015827584667,0.4545527425751653,0.6098191738128662
Kennard-Stone,AtomPairs2D,SVC (RBF),0.28823953823953824,0.34434172742371844,0.1479752230906119,0.05495648546226295,0.2792207792207792,0.33661340621685315,0.13319333107825454,0.018767146747074855,0.3132832080200501,0.3368695776103183,0.15421780061215032,0.050714897526342055,6.2197585105896
Kennard-Stone,AtomPairs2D,SVC (Linear),0.487012987012987,0.49596157869035445,0.49049669887610836,0.24877772713266966,0.4509379509379509,0.44883074192049865,0.44988414156598705,0.18375697030540275,0.462406015037594,0.44173092808570397,0.442855002292742,0.17746229302160688,4.318584203720093
Kennard-Stone,AtomPairs2D,Decision Tree,0.9559884559884559,0.9559341215745434,0.9564449540347383,0.9340104800852667,0.5714285714285714,0.5556370246430117,0.574780709758607,0.3457782123971502,0.6528822055137845,0.6581478769587931,0.6571828121257768,0.4905951182806369,1.2028605937957764
Kennard-Stone,AtomPairs2D,Random Forest,0.9559884559884559,0.9545044823270731,0.956292363661826,0.9328165016471979,0.6554834054834054,0.6240038910684468,0.6459260699564394,0.4655093558809565,0.6779448621553885,0.6744022348310846,0.6810355836078037,0.5146564457344693,9.40478801727295
Kennard-Stone,AtomPairs2D,Extra Trees,0.9559884559884559,0.9559341215745434,0.9564449540347383,0.9340104800852667,0.6688311688311688,0.6406908387030635,0.6617231472460444,0.48748459366900654,0.6679197994987469,0.671691657559104,0.6724538737656225,0.5116525825936383,13.079229593276978
Kennard-Stone,AtomPairs2D,Gradient Boosting,0.8538961038961039,0.8360501841626119,0.8511057153043945,0.7753420622700904,0.658008658008658,0.6281902038496643,0.6500769248538897,0.4689290235906103,0.6691729323308271,0.6654657702415988,0.6617628040627805,0.5019742636140876,126.49064636230469
Kennard-Stone,AtomPairs2D,XGBoost,0.9545454545454546,0.948596600757226,0.9543676752351294,0.9300852070493569,0.663059163059163,0.6357699774944695,0.6576618916451348,0.4789129751334676,0.6854636591478697,0.6815843891867283,0.6814021926337569,0.5251086283511301,17.982385873794556
Kennard-Stone,AtomPairs2D,Hist Gradient Boosting,0.9559884559884559,0.95012521568297,0.9558154188797897,0.9323225557182909,0.6663059163059163,0.6419602364340459,0.662331275507181,0.48468433273904193,0.6766917293233082,0.6753005856319696,0.6747713026409649,0.5132350924700553,138.41900944709778
Kennard-Stone,AtomPairs2D,AdaBoost,0.6291486291486291,0.5970239157092535,0.6195099807801934,0.422487120011269,0.5804473304473304,0.5470686834924415,0.5701190971549522,0.3454381969092533,0.5601503759398496,0.5652528288980531,0.556668099011869,0.34579720589580404,18.10897159576416
Kennard-Stone,AtomPairs2D,MLP,0.7640692640692641,0.7294527930603484,0.7442315741569405,0.6439778038501706,0.6244588744588745,0.5955194478053268,0.6171829026927963,0.41840622307873165,0.631578947368421,0.6209923027661819,0.5918789854851504,0.4608979417384355,10.347086191177368
Kennard-Stone,AP2D_Count,Ridge Classifier,0.7308802308802309,0.721973083155728,0.7317167374388582,0.5886119849508508,0.5901875901875901,0.5739937840215904,0.5910198229601028,0.373557212075349,0.5852130325814536,0.5779229253888123,0.5831371888131047,0.3718710678946798,0.4218258857727051
Kennard-Stone,AP2D_Count,Logistic Reg (L1),0.6966089466089466,0.6860991632153234,0.6984989930651622,0.5366445182522259,0.6017316017316018,0.5835026317904145,0.6030185700941845,0.3898424669053423,0.5902255639097744,0.5829426872311863,0.5899584202904616,0.3794434996195411,90.70039916038513
Kennard-Stone,AP2D_Count,Logistic Reg (EN),0.6962481962481962,0.6856814522712966,0.6981420447850892,0.5360927658290591,0.6020923520923521,0.5837781138840784,0.6033691571432098,0.39034125723631613,0.5902255639097744,0.5829426872311863,0.5899584202904616,0.3794434996195411,90.64058804512024
Kennard-Stone,AP2D_Count,Naive Bayes,0.41883116883116883,0.4290560950860558,0.3681599703674012,0.1939977416838061,0.39826839826839827,0.40982858795554505,0.3458162874784826,0.1523612385171142,0.4473684210526316,0.4116611314467065,0.36446083700960535,0.16414277922419745,0.10701322555541992
Kennard-Stone,AP2D_Count,LDA,0.7474747474747475,0.7276258973483353,0.7452756564776453,0.60945941487148,0.601010101010101,0.5754368812574179,0.5981571170397771,0.38310769914159404,0.5927318295739349,0.5895384126378279,0.590430604950298,0.38592558619086137,1.2470755577087402
Kennard-Stone,AP2D_Count,KNN,0.7568542568542569,0.7364869614938504,0.7490923403455897,0.6283891288264073,0.6176046176046176,0.5924057507939869,0.608031788821581,0.4124709932930282,0.6378446115288221,0.6264056678286698,0.6244389315037114,0.4548431976750872,0.4931905269622803
Kennard-Stone,AP2D_Count,SVC (RBF),0.3225108225108225,0.3777143014749167,0.24162498176817082,0.06768714427267135,0.29148629148629146,0.34340713284950364,0.21299657429782262,0.021054165707367685,0.33208020050125314,0.34214500393837627,0.24370664182701923,0.021666977864672875,5.788929462432861
Kennard-Stone,AP2D_Count,SVC (Linear),0.39141414141414144,0.40490397636743986,0.3951850505164119,0.11259432441492154,0.37265512265512263,0.40684054763565775,0.35101191859016256,0.11097279603764246,0.38095238095238093,0.3752576569340702,0.35883630173289816,0.0699769905510748,3.1598706245422363
Kennard-Stone,AP2D_Count,Decision Tree,0.9559884559884559,0.9559341215745434,0.9564449540347383,0.9340104800852667,0.5927128427128427,0.5795038199106437,0.595663784270067,0.3796160553422996,0.656641604010025,0.6613946302055463,0.6593944315912812,0.49403992616362963,1.1954939365386963
Kennard-Stone,AP2D_Count,Random Forest,0.9559884559884559,0.9546467111774359,0.9563045429898764,0.9328420967199895,0.6742424242424242,0.6461282039853647,0.6674829210339929,0.4958196350081736,0.6741854636591479,0.6705542850767022,0.6774852934094748,0.5093086066809333,11.644800901412964
Kennard-Stone,AP2D_Count,Extra Trees,0.9559884559884559,0.9559341215745434,0.9564449540347383,0.9340104800852667,0.6756854256854257,0.6509038739956348,0.6711104929939236,0.4992018088635198,0.6641604010025063,0.66686345926112,0.6694180803518002,0.5033413009550417,12.157463788986206
Kennard-Stone,AP2D_Count,Gradient Boosting,0.8535353535353535,0.8347298174185122,0.8508767025737943,0.7748106400303836,0.6681096681096681,0.6379943375233839,0.6602053000665437,0.4850123511602979,0.6716791979949874,0.6665833805210024,0.6627145397736252,0.5055193067753222,150.36273002624512
Kennard-Stone,AP2D_Count,XGBoost,0.9440836940836941,0.9358453303003517,0.9436583609194882,0.9140382929501447,0.6774891774891775,0.6513786286638813,0.6730506832426258,0.5015300937251926,0.6879699248120301,0.6840383823814623,0.6843898587837896,0.5284779926982275,18.656496047973633
Kennard-Stone,AP2D_Count,Hist Gradient Boosting,0.9559884559884559,0.9514303495603128,0.955965586334879,0.9323441301185992,0.6645021645021645,0.6423332356246507,0.6622198593879169,0.4833160810617128,0.6691729323308271,0.6656226778059137,0.668248073732901,0.4996079063918165,114.9928650856018
Kennard-Stone,AP2D_Count,AdaBoost,0.6291486291486291,0.5896319032331959,0.61178723192054,0.4220707947181328,0.5948773448773449,0.5579020749340647,0.5821286210968227,0.367147296457084,0.5401002506265664,0.5378913736613541,0.5255661935145624,0.3105285894125339,20.63480281829834
Kennard-Stone,AP2D_Count,MLP,0.7932900432900433,0.7808839975264484,0.7955099891324495,0.6842680188851333,0.6522366522366523,0.620243626821948,0.6389587185538242,0.4618661783825339,0.6140350877192983,0.6155099863676862,0.6201741363908306,0.4229484784680557,8.36143445968628
Kennard-Stone,CDK_FP,Ridge Classifier,0.8423520923520924,0.8410521421318284,0.8441538608772317,0.7615742702722904,0.577922077922078,0.5669354794107418,0.584113062585086,0.362037532614266,0.6428571428571429,0.6354130671869463,0.6443933938712552,0.4597913090920073,2.075559139251709
Kennard-Stone,CDK_FP,Logistic Reg (L1),0.9033189033189033,0.9037509452311928,0.9043764920420166,0.8537358268836068,0.6103896103896104,0.5953896394889406,0.614010532975058,0.4065944385041451,0.6604010025062657,0.6467782812812052,0.6549533029572037,0.4873143327725105,210.9754695892334
Kennard-Stone,CDK_FP,Logistic Reg (EN),0.9036796536796536,0.90404501655535,0.9047567100253722,0.8542644459842326,0.6107503607503607,0.5953806638818789,0.6143302372641064,0.4069627299199728,0.6604010025062657,0.647067772311437,0.6550487723352058,0.48715624990765805,218.83582425117493
Kennard-Stone,CDK_FP,Naive Bayes,0.5544733044733045,0.541187967322139,0.558573146937209,0.3180258989563603,0.5353535353535354,0.5190233473143867,0.5388149060523787,0.2882326773308506,0.43107769423558895,0.4500662322299749,0.40772383709984483,0.2029572023160574,0.19361114501953125
Kennard-Stone,CDK_FP,LDA,0.8477633477633477,0.8382328833492441,0.8483629694839264,0.76636253886416,0.586940836940837,0.5732536163508883,0.5911598409941125,0.3714465922399676,0.6390977443609023,0.6393598640187335,0.6431483605627377,0.45890918541215714,4.608105659484863
Kennard-Stone,CDK_FP,KNN,0.7615440115440115,0.7455853261584867,0.7562187399897227,0.6360493804073272,0.6233766233766234,0.6017357063638283,0.6128677719572858,0.4246746790234955,0.6265664160401002,0.6135476500973577,0.6133315692142979,0.43683955810440556,0.9863677024841309
Kennard-Stone,CDK_FP,SVC (RBF),0.2875180375180375,0.3454975094407445,0.14631734326590362,0.04900528797550638,0.2904040404040404,0.3483558770001316,0.1637527491861206,0.04824586053361291,0.33208020050125314,0.3546174423367406,0.19910233938342425,0.08345609293202806,10.551114082336426
Kennard-Stone,CDK_FP,SVC (Linear),0.5548340548340548,0.5535196109784651,0.5530111086502056,0.34527134404747883,0.5115440115440115,0.5031024892506893,0.5105955164040058,0.26310689092516043,0.4473684210526316,0.4385887197778036,0.450385817790931,0.16230063915209367,7.471504211425781
Kennard-Stone,CDK_FP,Decision Tree,0.9487734487734488,0.9475418584827637,0.9492326233803754,0.9221913685287776,0.5992063492063492,0.5799911505502827,0.6006428006203858,0.3856757293640996,0.6541353383458647,0.6466681286369395,0.655090074860448,0.4769702369354228,1.8976807594299316
Kennard-Stone,CDK_FP,Random Forest,0.9487734487734488,0.9464031619296028,0.9490666332602151,0.9216735458558563,0.6612554112554112,0.6342559574191128,0.6539108158190289,0.4765625031588807,0.6704260651629073,0.6592670198908016,0.6671572085506909,0.501753243683509,14.274122476577759
Kennard-Stone,CDK_FP,Extra Trees,0.9487734487734488,0.9475418584827637,0.9492326233803754,0.9221913685287776,0.6572871572871573,0.6337122825236254,0.6534197167095022,0.4715426551679999,0.656641604010025,0.6496788894449713,0.6579139695650984,0.480812131262417,18.85694670677185
Kennard-Stone,CDK_FP,Gradient Boosting,0.8466810966810967,0.8330699681284616,0.8450008203757546,0.7639823496721432,0.6572871572871573,0.6334092355924065,0.6526726251140353,0.47118488302395883,0.6491228070175439,0.6421370846322113,0.6428606011412205,0.46944536472126264,300.81881523132324
Kennard-Stone,CDK_FP,XGBoost,0.9476911976911977,0.9409250955406921,0.9473715957749808,0.9198269198492979,0.6612554112554112,0.6376331371170921,0.6572143395596055,0.47787579465550384,0.6716791979949874,0.6584547140102696,0.6565684261095012,0.5085488174010598,38.259658098220825
Kennard-Stone,CDK_FP,Hist Gradient Boosting,0.9487734487734488,0.9424998645344846,0.9485203192897332,0.9215507351033926,0.6601731601731602,0.6386249724234142,0.657456434769161,0.4770758602958238,0.6654135338345865,0.6516626467893524,0.6493864830750988,0.4992943588298154,268.300359249115
Kennard-Stone,CDK_FP,AdaBoost,0.6414141414141414,0.6136764032302497,0.6368885893848241,0.4436164992396757,0.5836940836940837,0.5527328247348788,0.5751275212945266,0.3523225152450783,0.5238095238095238,0.5367638642492444,0.5194408185305188,0.3012008504316928,39.3720338344574
Kennard-Stone,CDK_FP,MLP,0.7691197691197691,0.7450419115303005,0.7563046478915445,0.6514302416800886,0.6421356421356421,0.6103798377139392,0.6358173182722523,0.4439211881464551,0.6190476190476191,0.5980104654568592,0.5691717690817294,0.4435756383162492,18.805413007736206
Kennard-Stone,CDK_Extended,Ridge Classifier,0.8286435786435786,0.8281845213469251,0.8308310529876545,0.7412361202234502,0.5721500721500722,0.5597631650701618,0.5765856516524043,0.3511360148887165,0.650375939849624,0.6405701907651226,0.648806692392552,0.4706312057004903,0.752082109451294
Kennard-Stone,CDK_Extended,Logistic Reg (L1),0.8856421356421357,0.8845873771009671,0.8868934776731268,0.8264110905799321,0.5847763347763347,0.5694599402896204,0.58634213951185,0.36702114293616134,0.6516290726817042,0.6422314239078372,0.6504582145729123,0.47252277961662553,176.70028710365295
Kennard-Stone,CDK_Extended,Logistic Reg (EN),0.8849206349206349,0.884178641764002,0.8861842121996112,0.8254077591368731,0.5833333333333334,0.5679499145943696,0.5850863004099084,0.3648167567866438,0.6516290726817042,0.6422314239078372,0.6504582145729123,0.47252277961662553,183.63252067565918
Kennard-Stone,CDK_Extended,Naive Bayes,0.4733044733044733,0.4624742213371688,0.44446213070184076,0.21636891452906903,0.4668109668109668,0.45571023205107225,0.4428888400395761,0.20372977195302722,0.449874686716792,0.4316443068879716,0.43847774161097725,0.15964868359379927,0.20926642417907715
Kennard-Stone,CDK_Extended,LDA,0.8333333333333334,0.824925833759973,0.8345805428839851,0.7448648259519236,0.577922077922078,0.5600704503820815,0.5796760946698094,0.35408122632031774,0.6453634085213033,0.6412076660614673,0.64790046487654,0.46491093654699356,5.868968486785889
Kennard-Stone,CDK_Extended,KNN,0.76010101010101,0.7400362592113389,0.7524543900657191,0.6334920922921035,0.6147186147186147,0.5904547925277402,0.6033457269957592,0.4107819189296989,0.6265664160401002,0.6185363441698725,0.6179166647561616,0.4356606240426179,0.8913881778717041
Kennard-Stone,CDK_Extended,SVC (RBF),0.2824675324675325,0.3412698412698412,0.1331684173789437,0.06835822884284742,0.27886002886002886,0.336430870275656,0.12924788124450642,0.023707564869361587,0.3132832080200501,0.3365800865800866,0.15418788251618487,0.049287189596322015,10.236868381500244
Kennard-Stone,CDK_Extended,SVC (Linear),0.5191197691197691,0.5194942558102958,0.5197569052212122,0.29042494422275594,0.5068542568542569,0.5003309316806649,0.5040385624769355,0.26127794278395833,0.424812030075188,0.41719213210441275,0.42496078458524245,0.12878678435240098,6.346222400665283
Kennard-Stone,CDK_Extended,Decision Tree,0.9512987012987013,0.9509547743271033,0.9517737563780547,0.9263850668515112,0.586940836940837,0.5712429574650572,0.5886995371782381,0.36830158293508847,0.6616541353383458,0.657438060459503,0.6647143428656335,0.49026124150055517,1.369579792022705
Kennard-Stone,CDK_Extended,Random Forest,0.9512987012987013,0.9495130308427234,0.951594903826056,0.9255772948842351,0.6551226551226551,0.6235239274393561,0.6432939442945974,0.46534622186236224,0.6741854636591479,0.666856841808109,0.6742056960014632,0.50701239124107,13.043102741241455
Kennard-Stone,CDK_Extended,Extra Trees,0.9512987012987013,0.9509547743271033,0.9517737563780547,0.9263850668515112,0.6522366522366523,0.6232563726539028,0.644294229086229,0.46164778896140796,0.6629072681704261,0.6590548647078861,0.6663025340051478,0.4926646532766826,18.067688465118408
Kennard-Stone,CDK_Extended,Gradient Boosting,0.8546176046176046,0.8393350557244942,0.8528483020276693,0.7759793255822192,0.6453823953823954,0.6172367117005009,0.6378110075956476,0.45126496265202687,0.6541353383458647,0.6440605997136212,0.6444411033068737,0.47761394871982854,213.28892707824707
Kennard-Stone,CDK_Extended,XGBoost,0.9473304473304474,0.9404831761228465,0.9470902831062532,0.9189723689710501,0.6551226551226551,0.6291525602693216,0.6490051261764799,0.4668633774416244,0.6704260651629073,0.662495146900605,0.6629352683609304,0.5025308848799054,26.054088354110718
Kennard-Stone,CDK_Extended,Hist Gradient Boosting,0.9512987012987013,0.9461851338426402,0.9511954044338718,0.9251582920128804,0.6605339105339105,0.6377626237141756,0.6561713550670499,0.47655175634320285,0.6691729323308271,0.6596981640841291,0.6614228878522581,0.500514850226128,225.90644598007202
Kennard-Stone,CDK_Extended,AdaBoost,0.6356421356421357,0.6019138557165562,0.623155338581886,0.43241488952655605,0.577922077922078,0.5386760263848868,0.559004474125322,0.3396273343676571,0.5363408521303258,0.5422394369762791,0.5269246047919603,0.31001149787938476,28.31032419204712
Kennard-Stone,CDK_Extended,MLP,0.670995670995671,0.6181189907397978,0.6005351396065381,0.5142354443176104,0.6147186147186147,0.5766084455943922,0.5960760224100656,0.3995782790926634,0.5789473684210527,0.5632430344905978,0.4861296581482024,0.40255803826999564,18.780051469802856
Kennard-Stone,CDK_GraphOnly,Ridge Classifier,0.4574314574314574,0.46196606750603597,0.46051471354222406,0.20422625483171136,0.4523809523809524,0.45435646614408604,0.4593990401296388,0.1916164682696677,0.37719298245614036,0.39270719533877435,0.3402876119223817,0.10535694978455816,0.051392555236816406
Kennard-Stone,CDK_GraphOnly,Logistic Reg (L1),0.45670995670995673,0.4637482641165098,0.46390297028966815,0.2047400271654638,0.4458874458874459,0.45238157232320414,0.4576675522440417,0.19028799133335716,0.37593984962406013,0.3932286037549195,0.3331077777355628,0.11076450885236465,5.66797947883606
Kennard-Stone,CDK_GraphOnly,Logistic Reg (EN),0.45670995670995673,0.4637482641165098,0.46390297028966815,0.2047400271654638,0.4458874458874459,0.45238157232320414,0.45763590760056033,0.19020185078834273,0.37593984962406013,0.3932286037549195,0.3331077777355628,0.11076450885236465,6.8980748653411865
Kennard-Stone,CDK_GraphOnly,Naive Bayes,0.43975468975468973,0.4329549769741157,0.3698698576938074,0.19652108553600794,0.43975468975468973,0.4329549769741157,0.3698698576938074,0.19652108553600794,0.4323308270676692,0.39045659416029793,0.32388265295876434,0.1470388831867524,0.029627084732055664
Kennard-Stone,CDK_GraphOnly,LDA,0.503968253968254,0.43283537511223574,0.4146876289221243,0.2107560724992194,0.4981962481962482,0.4281803823738742,0.4112455925554461,0.19887164693150208,0.34461152882205515,0.365627225276348,0.23236161860742047,0.09928814146376046,0.05781412124633789
Kennard-Stone,CDK_GraphOnly,KNN,0.4310966810966811,0.4211047229948004,0.41867492596163236,0.13278719043120754,0.4227994227994228,0.42134098967436473,0.40170985937220666,0.1427007765714282,0.3157894736842105,0.3300694143774066,0.2529480205943716,-1.6363712356910316e-05,0.17010831832885742
Kennard-Stone,CDK_GraphOnly,SVC (RBF),0.2756132756132756,0.3333333333333333,0.11909985439397204,0.0,0.2756132756132756,0.33331474410283995,0.11973097557350529,-0.0002889221144406689,0.30952380952380953,0.3333333333333333,0.14632034632034632,0.0,0.8165864944458008
Kennard-Stone,CDK_GraphOnly,SVC (Linear),0.2694805194805195,0.31731763314217787,0.19915030282599222,-0.02662017472988825,0.32611832611832614,0.3344812115385025,0.32779142074230905,0.004084223815072671,0.3333333333333333,0.3429377639903956,0.24421936693241866,0.02346752562311436,0.42944908142089844
Kennard-Stone,CDK_GraphOnly,Decision Tree,0.49098124098124096,0.49238061692532,0.4984969989045639,0.2468742223972522,0.46320346320346323,0.46747703059734924,0.4736832239773347,0.21157085377539633,0.37092731829573933,0.38738550093325924,0.32295662889679705,0.10458752269409193,0.042197465896606445
Kennard-Stone,CDK_GraphOnly,Random Forest,0.49098124098124096,0.4922197988444638,0.4984780684832569,0.2466878921616943,0.4653679653679654,0.4689876943089699,0.475977209812449,0.21409056381213382,0.37092731829573933,0.38738550093325924,0.32295662889679705,0.10458752269409193,3.273139715194702
Kennard-Stone,CDK_GraphOnly,Extra Trees,0.49098124098124096,0.49238061692532,0.4984969989045639,0.2468742223972522,0.46356421356421357,0.46761028384065034,0.4740061944790691,0.21173044329617005,0.37092731829573933,0.38738550093325924,0.32295662889679705,0.10458752269409193,2.947042226791382
Kennard-Stone,CDK_GraphOnly,Gradient Boosting,0.5252525252525253,0.47643566786957153,0.4662986985316275,0.2583090473382745,0.5075757575757576,0.45117484840423794,0.4433021902763424,0.2207715053355382,0.33709273182957394,0.35472470998786787,0.24371688126380547,0.056329788942337256,10.162646293640137
Kennard-Stone,CDK_GraphOnly,XGBoost,0.5270562770562771,0.4789573941343776,0.47117574902539777,0.26116517833445835,0.5093795093795094,0.4558728051287986,0.4441785412793013,0.22698103574971676,0.33709273182957394,0.35472470998786787,0.24371688126380547,0.056329788942337256,1.9860990047454834
Kennard-Stone,CDK_GraphOnly,Hist Gradient Boosting,0.5270562770562771,0.4791182122152337,0.47166600554767135,0.2611576790614183,0.51010101010101,0.4566896377863587,0.44444225264358966,0.22848598600289238,0.33709273182957394,0.35472470998786787,0.24371688126380547,0.056329788942337256,13.820924520492554
Kennard-Stone,CDK_GraphOnly,AdaBoost,0.5032467532467533,0.43043543587019123,0.41153196099463457,0.20976933205213433,0.5021645021645021,0.4296275788196928,0.41163657740108556,0.20725183572273892,0.3508771929824561,0.37279764131615983,0.23128839131204595,0.12993519502823095,4.255722761154175
Kennard-Stone,CDK_GraphOnly,MLP,0.5093795093795094,0.4370912461370639,0.4172612674727766,0.2225090149438028,0.5025252525252525,0.4428588562835412,0.42902084668472695,0.2103661075543702,0.3508771929824561,0.37279764131615983,0.23128839131204595,0.12993519502823095,4.137185096740723
Kennard-Stone,EState,Ridge Classifier,0.5122655122655123,0.4974157047530629,0.5139080369599315,0.25383145542567076,0.5021645021645021,0.4853787071778504,0.502292375091197,0.23653603663561856,0.40476190476190477,0.4245752262321463,0.3802111677583126,0.13589953613151523,0.04967045783996582
Kennard-Stone,EState,Logistic Reg (L1),0.503968253968254,0.4939622378172943,0.5084666179524665,0.2463237126296848,0.49386724386724384,0.4815106579279029,0.49638301068688573,0.22829258328233082,0.40225563909774437,0.4224780706262188,0.37487009412554617,0.13608033694843683,2.3417763710021973
Kennard-Stone,EState,Logistic Reg (EN),0.5036075036075036,0.4936867557236304,0.5081343707204067,0.2458522125799382,0.49386724386724384,0.4815106579279029,0.49638301068688573,0.22829258328233082,0.40225563909774437,0.4224780706262188,0.37487009412554617,0.13608033694843683,4.8252272605896
Kennard-Stone,EState,Naive Bayes,0.5068542568542569,0.4670524026883154,0.4816376083930887,0.22235024975620146,0.5014430014430015,0.46127481201380843,0.47480943956481153,0.21383601828001275,0.3508771929824561,0.3721534223483542,0.279473592839502,0.08446480617973688,0.0403599739074707
Kennard-Stone,EState,LDA,0.5378787878787878,0.48347073639415633,0.4980664626982292,0.26910495213346164,0.5284992784992785,0.47659265965962033,0.4911088622825252,0.2529347417166591,0.3609022556390977,0.38219153959894697,0.27620393410222327,0.11749917026936813,0.34400153160095215
Kennard-Stone,EState,KNN,0.6323953823953824,0.6013829230743483,0.6202900385719038,0.4272771806955663,0.549062049062049,0.526254118775224,0.5374620113071583,0.3039786701938184,0.40601503759398494,0.4143394869515727,0.37786489121696154,0.14784533964855792,0.22787690162658691
Kennard-Stone,EState,SVC (RBF),0.2777777777777778,0.33583959899749377,0.12359898873365534,0.0403282832998552,0.27994227994227994,0.33834586466165417,0.12805856155372264,0.054808039680864555,0.3107769423558897,0.33441558441558444,0.14895865468081915,0.02842024589930204,0.8859109878540039
Kennard-Stone,EState,SVC (Linear),0.31926406926406925,0.3715361630389562,0.240614658168298,0.08228033429200016,0.3448773448773449,0.3889606521749111,0.3096329790987247,0.07899116532803573,0.3258145363408521,0.34637651353050963,0.2354393398751115,0.03192466467888066,0.4913804531097412
Kennard-Stone,EState,Decision Tree,0.7204184704184704,0.7243694057667353,0.7251252198386055,0.5849181647983525,0.5465367965367965,0.5418743699136495,0.5548524747458143,0.3199721871788022,0.5538847117794486,0.5342316697092525,0.5446049244308526,0.3248042032782657,0.05703449249267578
Kennard-Stone,EState,Random Forest,0.7207792207792207,0.7223432862802586,0.7239563160132726,0.5833071971380448,0.56998556998557,0.5565699636280061,0.5734830550504738,0.34566913539301214,0.5488721804511278,0.5282990058818519,0.5373669402700707,0.3168098745109284,4.092541933059692
Kennard-Stone,EState,Extra Trees,0.7204184704184704,0.7243694057667353,0.7251252198386055,0.5849181647983525,0.560966810966811,0.5521946136453013,0.5683883300979569,0.3374820191769956,0.5526315789473685,0.5331494186270015,0.5434497657735593,0.32270480871381835,3.9134209156036377
Kennard-Stone,EState,Gradient Boosting,0.63997113997114,0.6070491609144882,0.6229017004475952,0.4411607744184608,0.5656565656565656,0.5313194283358866,0.5494692753185005,0.32148739101951973,0.5325814536340853,0.5232455797757941,0.4836618295761988,0.30835271776316875,9.872198581695557
Kennard-Stone,EState,XGBoost,0.7124819624819625,0.6849217573233707,0.7026350953683365,0.5559159009657096,0.5854978354978355,0.553119386743726,0.5714906583647291,0.354934896354807,0.5338345864661654,0.5230358768370463,0.476154042673937,0.3137836334168989,1.9865381717681885
Kennard-Stone,EState,Hist Gradient Boosting,0.7305194805194806,0.7088070803694942,0.7219753064866267,0.586616349103447,0.579004329004329,0.5520073730111558,0.5686410200353725,0.34820406836387313,0.5513784461152882,0.5333556054803618,0.502466047218483,0.3332988489128794,14.681577205657959
Kennard-Stone,EState,AdaBoost,0.5270562770562771,0.47320209969199173,0.4848384160941333,0.2508218791978517,0.5209235209235209,0.46602017172798,0.47542400369750204,0.2400182487908489,0.35964912280701755,0.37857051258610713,0.2793560904395545,0.10310562727260145,3.888901948928833
Kennard-Stone,EState,MLP,0.658008658008658,0.6163372170636882,0.6235387889382381,0.4766770535032018,0.5696248196248196,0.5215707460565798,0.5286508907860115,0.32784925119004027,0.5338345864661654,0.5170009940965107,0.47314308889998347,0.31029318115311266,5.5742950439453125
