Split,Fingerprint,Model,Acc_train,BalAcc_train,F1_train,MCC_train,Acc_CV,BalAcc_CV,F1_CV,MCC_CV,Acc_test,BalAcc_test,F1_test,MCC_test,Time_s
Random,MACCS,Ridge Classifier,0.6028550512445096,0.5945755172350946,0.6043050679257559,0.39744449055037134,0.5618594436310396,0.5509187314927488,0.5617360918184411,0.3345187766246613,0.5382585751978892,0.5346456760980431,0.5374260840521665,0.30423050152731096,0.1652083396911621
Random,MACCS,Logistic Reg (L1),0.6087115666178624,0.6024776061533785,0.6113534551322038,0.4086476395930586,0.5633235724743777,0.5561463723441858,0.5658970507335098,0.3403663307202887,0.5514511873350924,0.5480991977046915,0.5508530825320815,0.32410862398019036,28.65868592262268
Random,MACCS,Logistic Reg (EN),0.6090775988286969,0.602768472936392,0.6117130460964875,0.4091955323013384,0.5622254758418741,0.5548955925959967,0.5646646924479973,0.3383996115850016,0.5514511873350924,0.5480991977046915,0.5508530825320815,0.32410862398019036,18.06714177131653
Random,MACCS,Naive Bayes,0.4908491947291362,0.4876181771510421,0.4975642307122394,0.23908351357966728,0.47767203513909223,0.4739878666512418,0.4846454701784355,0.21908888566384377,0.4313984168865435,0.4343110912076429,0.4351245960282706,0.15295827908105097,0.10816216468811035
Random,MACCS,LDA,0.6142020497803806,0.5915792053789504,0.6092312097085117,0.405700190092165,0.5783308931185944,0.5556955864106666,0.5734995570539067,0.3508101949483347,0.5686015831134564,0.5547235948024961,0.5608857652466425,0.3442302156203123,0.4768505096435547
Random,MACCS,KNN,0.7126647144948756,0.698771752050107,0.7103870517559406,0.5629298089427086,0.5969985358711567,0.5811917812365416,0.5938258595527369,0.3877669745230247,0.6279683377308707,0.6188957075134749,0.6254141819823117,0.43852395913062125,0.3745002746582031
Random,MACCS,SVC (RBF),0.29978038067349927,0.34061071278606475,0.22279157879921807,0.01165451104963923,0.31954612005856514,0.36255996843170973,0.25626741974841766,0.04871770472624864,0.3179419525065963,0.3459388912924857,0.2456928333022254,0.021883967379917248,1.7382206916809082
Random,MACCS,SVC (Linear),0.3484626647144949,0.3746976921704969,0.32182285056069,0.07446137484727795,0.3781112737920937,0.3905316783812837,0.3723494838882359,0.09189796712481256,0.3469656992084433,0.3678039052965996,0.3089334491588851,0.060913023996863574,0.9809839725494385
Random,MACCS,Decision Tree,0.8565153733528551,0.8517786627273104,0.857780440813964,0.7830441941730385,0.5984626647144948,0.5893340201182754,0.601820651957907,0.39399988923858115,0.6108179419525066,0.6069679849340867,0.613627197515114,0.41523650859429756,0.16477632522583008
Random,MACCS,Random Forest,0.8561493411420205,0.8492994817290181,0.8563734280210623,0.7821305599222109,0.6456808199121523,0.6285011129706353,0.6420786665466139,0.45973071740740257,0.6398416886543535,0.6340305872450817,0.639820705305882,0.45712849785172677,5.751481294631958
Random,MACCS,Extra Trees,0.8565153733528551,0.8517786627273104,0.857780440813964,0.7830441941730385,0.6390922401171303,0.6230360400870126,0.6378103125071859,0.450324989962722,0.6319261213720316,0.6262806532385726,0.6339852593898078,0.4457263485455198,7.344805955886841
Random,MACCS,Gradient Boosting,0.7342606149341142,0.7142714660415336,0.7279292528734573,0.59346219570141,0.6189604685212299,0.594831919242575,0.6099297566877252,0.41457732879450254,0.6226912928759895,0.6079634324374242,0.609320620174776,0.42930350293033304,26.537338495254517
Random,MACCS,XGBoost,0.8349194729136163,0.8212681846542358,0.832496385255676,0.7485564719528566,0.6387262079062958,0.6198751323130782,0.634797581574787,0.4476586301063053,0.6358839050131926,0.6257251272008724,0.6300271408280781,0.44876705146273677,3.9166460037231445
Random,MACCS,Hist Gradient Boosting,0.8572474377745242,0.8454774242149116,0.8553331557073988,0.7833508114160159,0.6273792093704246,0.6093082284317398,0.6238168740137794,0.431251180594188,0.637203166226913,0.6268488508698912,0.6320301369975402,0.45073255818048813,30.535267114639282
Random,MACCS,AdaBoost,0.5629575402635432,0.5315968933349504,0.5422366305534192,0.325548081593802,0.5538067349926794,0.5232792442053761,0.5317114003538396,0.31213721619483525,0.5303430079155673,0.5127563098632649,0.5085904753796344,0.2875188976570794,8.505107641220093
Random,MACCS,MLP,0.7968521229868228,0.7777645010168136,0.7892876123696033,0.6942428985137736,0.6160322108345534,0.5880999478712633,0.6025282309960743,0.40897695311888305,0.6385224274406333,0.6240583171617654,0.6199588231702825,0.45801413685705716,11.000701189041138
Random,PubChem,Ridge Classifier,0.6500732064421669,0.6380295690037165,0.6519577901541261,0.46938515967581734,0.5728404099560761,0.5574937367791991,0.5733170669788651,0.3519922790338385,0.5857519788918206,0.5781473834951333,0.582088290324993,0.3752918680360506,0.08501219749450684
Random,PubChem,Logistic Reg (L1),0.6665446559297218,0.6577041290982099,0.6699195946011497,0.4960950131844151,0.5699121522693997,0.5584083373126587,0.574734716761122,0.3506900076455472,0.5963060686015831,0.592127440388691,0.5949115672802797,0.39236315142572076,31.56774377822876
Random,PubChem,Logistic Reg (EN),0.6683748169838946,0.6595589209321135,0.6717445012803639,0.4988707188931873,0.5699121522693997,0.5585492494588336,0.5748021788194398,0.3508658238280611,0.5949868073878628,0.5909974968858663,0.5937035134409961,0.39048105907011,30.559468507766724
Random,PubChem,Naive Bayes,0.5087847730600292,0.5029990575591855,0.5153721444252531,0.26366788777857947,0.49633967789165445,0.4888443511046121,0.5027496712064988,0.24258386704112578,0.47757255936675463,0.4762454004856109,0.4833950796421391,0.22050917915106494,0.06217479705810547
Random,PubChem,LDA,0.6610541727672035,0.6436566161493595,0.6608201113486285,0.48175599925453944,0.5896778916544656,0.5698883346456795,0.5886342020765811,0.37220773872670504,0.5963060686015831,0.5856029823154313,0.5911063747660061,0.38828874580003636,0.3037571907043457
Random,PubChem,KNN,0.7232796486090776,0.7095717648236435,0.7194639835004637,0.5806245419186169,0.595900439238653,0.5765139975052354,0.588041182725851,0.38694322808328674,0.6134564643799473,0.6047310375188809,0.6032298277533263,0.4194662670071514,0.2734391689300537
Random,PubChem,SVC (RBF),0.3056368960468521,0.34843983598832634,0.2279107287949669,0.02404975542306556,0.27855051244509516,0.3276931797602931,0.13928100749103806,-0.019374691973826123,0.32189973614775724,0.35081315366236465,0.24669423766329512,0.0285665535227646,2.353712320327759
Random,PubChem,SVC (Linear),0.4081259150805271,0.416351616220048,0.41527199220299527,0.13389258784194272,0.38396778916544655,0.3901672848923479,0.38781613323901204,0.09187773323560378,0.3944591029023747,0.40346879077153774,0.39201875276025683,0.1084327663165707,1.4338610172271729
Random,PubChem,Decision Tree,0.8715226939970717,0.8687402775173712,0.8733144871408854,0.8065586350389086,0.6028550512445096,0.5916982352161257,0.6086502085537732,0.4019022955624056,0.6306068601583114,0.6307359939884779,0.6338477154519355,0.4479873231552965,0.2557671070098877
Random,PubChem,Random Forest,0.8715226939970717,0.8672414865413266,0.8727263271186795,0.8059778147048815,0.6464128843338214,0.6282902825981252,0.6450616747420417,0.4609981180446484,0.6556728232189973,0.6500943728003927,0.6544857483976835,0.4815557833693574,8.28934645652771
Random,PubChem,Extra Trees,0.8715226939970717,0.8687402775173712,0.8733144871408854,0.8065586350389086,0.6379941434846267,0.6225872870475859,0.6396274915549878,0.44998718356364187,0.6596306068601583,0.6546866763991254,0.6602388197650731,0.4872504242654657,7.78569483757019
Random,PubChem,Gradient Boosting,0.7448755490483162,0.7273193875613645,0.7404863346211386,0.6099538181127944,0.6317715959004392,0.607785942532165,0.6246344751092919,0.43493694682775763,0.6292875989445911,0.6170319079582668,0.6175893712606293,0.43989736286778836,36.54752731323242
Random,PubChem,XGBoost,0.8444363103953147,0.8336740874854973,0.8437899799018558,0.7625303955948072,0.6497071742313324,0.63087856409751,0.6488116115182286,0.46541148794570136,0.6437994722955145,0.634959493068786,0.6420917890146126,0.4616886378431795,6.060093879699707
Random,PubChem,Hist Gradient Boosting,0.8718887262079063,0.8624149590226686,0.8713335719567815,0.805205610884151,0.6438506588579795,0.6272923982076791,0.643342464238376,0.4575849868200123,0.6517150395778364,0.6414820746498129,0.6449444965642745,0.4735921039059798,47.048519134521484
Random,PubChem,AdaBoost,0.5724743777452416,0.5391839299551641,0.5585006802956148,0.3379358947071759,0.541727672035139,0.5096632454281046,0.527445206165741,0.2905453869915208,0.5316622691292876,0.5128102432018271,0.5198072543501866,0.28646544807916036,6.47920560836792
Random,PubChem,MLP,0.7683016105417276,0.753128066721643,0.7657686017381926,0.6469169418705605,0.6149341142020498,0.5957544865731936,0.607756311972483,0.4151395488688225,0.6385224274406333,0.6283602704847591,0.6285777342869451,0.45522174328970766,9.017457723617554
Random,Substructure,Ridge Classifier,0.5274524158125915,0.5157312861786182,0.526022631289565,0.2843702112593215,0.49633967789165445,0.4838517205863868,0.4962221609760012,0.23763378739804655,0.4762532981530343,0.47096899950494336,0.475886480085506,0.21333885017309948,0.04941129684448242
Random,Substructure,Logistic Reg (L1),0.5252562225475842,0.5155511565801016,0.5259115821255578,0.28217269739934336,0.5025622254758418,0.49290518665637345,0.5048451784039331,0.2493016629156845,0.47757255936675463,0.47517354390527977,0.4790823364036249,0.21687491125870115,5.940374851226807
Random,Substructure,Logistic Reg (EN),0.5252562225475842,0.5155511565801016,0.5259115821255578,0.28217269739934336,0.5021961932650073,0.49249568624687307,0.5045264158093608,0.24874606629125687,0.47757255936675463,0.47517354390527977,0.4790823364036249,0.21687491125870115,7.253316640853882
Random,Substructure,Naive Bayes,0.4732796486090776,0.46432072021416354,0.4762284856953754,0.2030826769373581,0.4630307467057101,0.4540404895774779,0.46627242923807044,0.18836425764267167,0.43535620052770446,0.42902859689826384,0.43575557347952976,0.1474737478232444,0.029924869537353516
Random,Substructure,LDA,0.5325768667642753,0.5053217668102512,0.523392881035857,0.27851715282223094,0.5183016105417276,0.49092245209625784,0.508962264721925,0.25701971096659243,0.5,0.48477730464872487,0.4911341344509969,0.2393391553088522,0.059140920639038086
Random,Substructure,KNN,0.6416544655929722,0.627562302853245,0.6338014368291205,0.4614553254416874,0.5424597364568082,0.5248814720914116,0.5312154433345709,0.30537165812185135,0.5646437994722955,0.5570869840595147,0.5480687816015903,0.3508734377394944,0.17187237739562988
Random,Substructure,SVC (RBF),0.2840409956076135,0.33497133497133497,0.127570704945053,0.03293101120036115,0.30783308931185943,0.3577753263074588,0.20266816194548243,0.060627325825100095,0.30606860158311344,0.3333333333333333,0.14345033447935823,0.0,0.9571342468261719
Random,Substructure,SVC (Linear),0.28587115666178625,0.3008155648947229,0.2702023090514312,-0.05235056919779864,0.2862371888726208,0.3051082336883818,0.2747375032313422,-0.0473667867880752,0.3179419525065963,0.32258600870523724,0.30528876554508333,-0.0157902377482274,0.5337491035461426
Random,Substructure,Decision Tree,0.7335285505124451,0.7326616295772359,0.7390470463690179,0.6039546913506706,0.5560029282576867,0.5506197683109492,0.5646624862274807,0.33751048787650206,0.5620052770448549,0.5604828657283362,0.5678341704993783,0.3461824399428843,0.06635093688964844
Random,Substructure,Random Forest,0.7316983894582724,0.7306581291335652,0.7369258299969139,0.6007651302175346,0.5812591508052709,0.5710744413305245,0.5866623529715914,0.3689075365167195,0.5870712401055409,0.5829220652715684,0.5898964269017942,0.3801586246558423,4.2874462604522705
Random,Substructure,Extra Trees,0.7335285505124451,0.7326616295772359,0.7390470463690179,0.6039546913506706,0.5783308931185944,0.5708021501635695,0.5855935440869618,0.36796734057811414,0.579155672823219,0.5764305828595718,0.5835278031095215,0.36990199541102314,5.154494285583496
Random,Substructure,Gradient Boosting,0.6486090775988287,0.6252439148907153,0.6376875872418699,0.4630469283253053,0.5728404099560761,0.5499585574728673,0.5622377633189352,0.34604523157762684,0.5620052770448549,0.548872776356704,0.5460023092671544,0.3385892328351348,11.227651119232178
Random,Substructure,XGBoost,0.7148609077598829,0.702274178625805,0.7131934489116728,0.5688554714986245,0.5812591508052709,0.5638127344174058,0.578060309898088,0.36179199341311313,0.5897097625329816,0.5806664583549447,0.5799172569884278,0.38288723417432613,2.0525598526000977
Random,Substructure,Hist Gradient Boosting,0.7331625183016105,0.7221576972750237,0.7333886624579955,0.5949279332473602,0.5816251830161054,0.5650454291842676,0.5798973088953517,0.3642997853144905,0.5857519788918206,0.5759559779138973,0.5816025976032528,0.3740543220765816,16.708322525024414
Random,Substructure,AdaBoost,0.5347730600292826,0.5079107740787474,0.520592207115446,0.2828425535857883,0.5161054172767203,0.485949643221162,0.4967953892656371,0.2531847102107706,0.49868073878627966,0.48340894121139594,0.4845385278760866,0.2386799776358659,3.4440934658050537
Random,Substructure,MLP,0.636896046852123,0.6184998942709926,0.6213404657809424,0.45596522481302665,0.5655197657393851,0.538527569920837,0.5507182843233339,0.3328808485626077,0.5857519788918206,0.5761301332604664,0.5645751558884412,0.3849168341611097,7.575721740722656
Random,SubstructureCount,Ridge Classifier,0.54099560761347,0.5248993219383583,0.5387339151068683,0.3001436020949964,0.5117130307467057,0.4954755127760581,0.511856484777504,0.2572436955490436,0.5013192612137203,0.493683937985516,0.49813641139389375,0.24627234781171994,0.04862546920776367
Random,SubstructureCount,Logistic Reg (L1),0.5439238653001464,0.5316830913770935,0.5439514956427953,0.3084616258996189,0.5150073206442167,0.5028096947704684,0.5170801095791643,0.2656871064793842,0.4868073878627968,0.482531670550373,0.48391160513233783,0.2279971556719317,7.3278584480285645
Random,SubstructureCount,Logistic Reg (EN),0.544289897510981,0.5322557824524566,0.5445175899668799,0.3093044280783262,0.5153733528550513,0.503196916660281,0.5173942906913531,0.26630008408054434,0.4841688654353562,0.4802717835447233,0.48137204264010325,0.22430183643208954,6.672039747238159
Random,SubstructureCount,Naive Bayes,0.44692532942898977,0.4418171491524176,0.4414465380863355,0.17248247373755082,0.43740849194729137,0.43240103180965295,0.4341731493581649,0.15881300356073397,0.43271767810026385,0.430674681186078,0.4236959655592293,0.14966025346947898,0.03136038780212402
Random,SubstructureCount,LDA,0.5497803806734992,0.5186811617717947,0.5372712775797062,0.3029939037855997,0.5241581259150805,0.49287782219855036,0.5125766285350023,0.26338228747254117,0.5052770448548812,0.4849640261680004,0.4890703526118321,0.24527799430361552,0.06220269203186035
Random,SubstructureCount,KNN,0.7174231332357247,0.703168466881404,0.7146847816174166,0.5704737755324998,0.5874816983894583,0.5686600037507452,0.5804603764711584,0.3731093437349255,0.6068601583113457,0.5955568248233356,0.6028906079341371,0.4063263635551329,0.16016316413879395
Random,SubstructureCount,SVC (RBF),0.28257686676427524,0.3333333333333333,0.1245144641221578,0.0,0.304904831625183,0.3554467257367184,0.20629139366782848,0.046599776609472496,0.30606860158311344,0.3333333333333333,0.14345033447935823,0.0,1.0422160625457764
Random,SubstructureCount,SVC (Linear),0.2683016105417277,0.2782126708489186,0.2465416558186857,-0.09716586087892265,0.3396778916544656,0.35475072982193945,0.3353185456884777,0.03184534661893697,0.24934036939313983,0.26003701960744624,0.22065324090778074,-0.13210312369993346,0.516474723815918
Random,SubstructureCount,Decision Tree,0.8722547584187409,0.8705317367390449,0.8743273704467952,0.8092507278417196,0.5896778916544656,0.5768815884514552,0.5937735574056743,0.3791384915715742,0.6477572559366754,0.6440610707559861,0.6537262463383771,0.4745197398322636,0.12138986587524414
Random,SubstructureCount,Random Forest,0.8726207906295754,0.8679809712077841,0.8737029077750365,0.8069898106747907,0.6343338213762811,0.6155548509670529,0.6327148096204557,0.4424140429263663,0.6543535620052771,0.6448635769062421,0.6543017989431871,0.47747216889802413,6.0182578563690186
Random,SubstructureCount,Extra Trees,0.8722547584187409,0.8705317367390449,0.8743273704467952,0.8092507278417196,0.6321376281112738,0.6148483887951647,0.6328502218482421,0.4397662910041375,0.6596306068601583,0.6523895336431864,0.6636762910038654,0.4888893495935365,4.841387748718262
Random,SubstructureCount,Gradient Boosting,0.7306002928257687,0.7056823107605735,0.7212592665781316,0.58793394591229,0.613103953147877,0.5850684528762818,0.6008206701226256,0.4056152252475333,0.6174142480211082,0.6003503980271953,0.6008721872293942,0.4214428007229591,16.042378187179565
Random,SubstructureCount,XGBoost,0.8155197657393851,0.7991636495963328,0.8124260104171251,0.7180880697253779,0.6284773060029283,0.603892691141423,0.6223359079683521,0.43053258389883164,0.6358839050131926,0.6207286398256592,0.6289898379389401,0.44773203536539224,3.9045400619506836
Random,SubstructureCount,Hist Gradient Boosting,0.8704245973645681,0.859702013718236,0.8695356910636016,0.8020891702695925,0.6281112737920937,0.6077924281678724,0.6259987481412549,0.4314685321499266,0.6556728232189973,0.6419984051924438,0.6505874840490355,0.47809277832547,16.597992181777954
Random,SubstructureCount,AdaBoost,0.5406295754026355,0.507299650566612,0.5219242356950647,0.28799874824797855,0.5395314787701317,0.5057146930231052,0.5191166689933479,0.2868115983962474,0.5,0.4808381679363562,0.4793469039143007,0.23812818283848808,3.779000759124756
Random,SubstructureCount,MLP,0.6830161054172768,0.6496078673193938,0.643640607202733,0.5304891472289864,0.5710102489019033,0.5387946566567405,0.5359006217342293,0.3449384874880557,0.6108179419525066,0.5921132929023051,0.563457178764921,0.4277313552973266,9.470519781112671
Random,KR,Ridge Classifier,0.62701317715959,0.6138763210488246,0.6278794769034651,0.4337274130692467,0.5625915080527086,0.5469990728447718,0.5629661323395491,0.3369250962630856,0.5738786279683378,0.5688362079507608,0.5737941435996528,0.3587248895289229,0.0640878677368164
Random,KR,Logistic Reg (L1),0.6332357247437774,0.6232405755233522,0.6353164968574663,0.44554512350429104,0.5655197657393851,0.5550360141074407,0.5684510013842747,0.3452817309652125,0.5738786279683378,0.5716537294123502,0.5736093688829872,0.36068621206925067,21.994173526763916
Random,KR,Logistic Reg (EN),0.6325036603221084,0.6226588419573256,0.6346457248603274,0.44454164678725777,0.5658857979502196,0.555467793036629,0.5687863845479117,0.3458387186890539,0.5712401055408971,0.5687739463601532,0.5709687643638086,0.3567487486633433,21.02848720550537
Random,KR,Naive Bayes,0.4904831625183016,0.4864640228216172,0.48887439577645586,0.23999824958290059,0.4838945827232797,0.4794038038551507,0.48121578105178636,0.2310734347100858,0.4788918205804749,0.48198828900173146,0.4732562748440868,0.22519940523530096,0.05341982841491699
Random,KR,LDA,0.6306734992679356,0.611090574807581,0.6291837139233518,0.43457222992387434,0.5702781844802343,0.5483546892005239,0.5681381956275068,0.3422721681061656,0.5738786279683378,0.5632136046951944,0.5717744794849728,0.3537938072502487,0.3257119655609131
Random,KR,KNN,0.7177891654465594,0.7019605426883727,0.7126125134620482,0.5715147349054439,0.5874816983894583,0.5676808597555688,0.5787518419451643,0.37278929363973246,0.600263852242744,0.587840098404096,0.5886361246880392,0.39657199735916415,0.34510064125061035
Random,KR,SVC (RBF),0.2847730600292826,0.3357680572706479,0.13049061153551378,0.01579545869878594,0.2840409956076135,0.33430353481624403,0.1374113931022514,0.004392566528185111,0.3087071240105541,0.33622555605314225,0.1518766041105896,0.02022994690406508,2.8418190479278564
Random,KR,SVC (Linear),0.34699853587115664,0.36730401562346876,0.32146028159881596,0.05543457645365444,0.3916544655929722,0.4070265903065729,0.3870631993489484,0.11741432231331618,0.34432717678100266,0.362776255499809,0.3109498970866605,0.04535077550054751,1.1266047954559326
Random,KR,Decision Tree,0.8707906295754027,0.868507759238302,0.8729939163220344,0.8065790939746738,0.5808931185944363,0.5703006881424265,0.5865905178969169,0.3685543364635118,0.6345646437994723,0.6312958633677511,0.6399134676441586,0.45257796372970965,0.18372225761413574
Random,KR,Random Forest,0.8711566617862372,0.8666392759182276,0.8722989924180583,0.8050441549933021,0.636896046852123,0.6184881893926193,0.6359523613956178,0.44597499890147796,0.6398416886543535,0.6328156744872115,0.6384868237799332,0.4565110161783299,5.653790235519409
Random,KR,Extra Trees,0.8707906295754027,0.868507759238302,0.8729939163220344,0.8065790939746738,0.6350658857979502,0.6191998911731434,0.6371471077183497,0.4448319350474941,0.6292875989445911,0.6227436551369924,0.6330521242011531,0.44168673214189064,7.338177919387817
Random,KR,Gradient Boosting,0.7306002928257687,0.7104287666911436,0.7247940258786708,0.5872972200116912,0.6156661786237189,0.5900714718906401,0.6077012026638736,0.40910363425007706,0.5936675461741425,0.5793231007579343,0.5858096069672898,0.38324475595433105,24.783246517181396
Random,KR,XGBoost,0.8279648609077599,0.8148967983354766,0.8260677978092936,0.7372390166108396,0.6339677891654466,0.6118080160887311,0.6292935569944832,0.439494057991039,0.633245382585752,0.6212613949463744,0.6285980751497112,0.44393591007773897,3.4348950386047363
Random,KR,Hist Gradient Boosting,0.8667642752562226,0.8565477267359913,0.8654267398231187,0.7978364364495497,0.6372620790629575,0.618000418857647,0.6355363534879674,0.44539795278268934,0.633245382585752,0.6250367497299116,0.6274421337111279,0.4469130104541562,36.49400353431702
Random,KR,AdaBoost,0.571376281112738,0.536855984798366,0.5480577614273511,0.337873443234958,0.5508784773060029,0.518847535083327,0.5327554523352753,0.30543089316380895,0.5369393139841688,0.517767471829424,0.5136803460936737,0.2982120597467622,5.044335603713989
Random,KR,MLP,0.7763543191800878,0.7664245900824583,0.7769488443599873,0.6597440413380546,0.6306734992679356,0.610287992663274,0.6280005184578554,0.43495211171216375,0.6253298153034301,0.6181513515382598,0.626530282304534,0.43484432669615924,11.791416883468628
Random,KR_Count,Ridge Classifier,0.623718887262079,0.6063037609303513,0.620576449080036,0.4272586264781629,0.5677159590043924,0.5482006113804937,0.5643083247330496,0.34190516155791695,0.5778364116094987,0.572306896298714,0.5735937883759714,0.364871301221681,0.06352853775024414
Random,KR_Count,Logistic Reg (L1),0.6248169838945827,0.6125755798734124,0.6255918786096232,0.43128960993384474,0.5644216691068814,0.5493061206649358,0.5652523273178928,0.33929621171756275,0.5923482849604221,0.5887002908773803,0.593017175356756,0.3875175495048867,21.963546991348267
Random,KR_Count,Logistic Reg (EN),0.6251830161054173,0.6129850802829128,0.6259230787639634,0.4319114064313348,0.5644216691068814,0.5491874870384487,0.5652004785660074,0.3391853164714717,0.5910290237467019,0.5872635092681849,0.5916647423596624,0.385710581745782,22.070324420928955
Random,KR_Count,Naive Bayes,0.48279648609077597,0.47909151947754336,0.4638866082199391,0.2463640697473611,0.47144948755490484,0.4697560643359954,0.4540564267523235,0.2293913996822433,0.44854881266490765,0.4527985246132528,0.4231383664371305,0.19463477569616974,0.05202817916870117
Random,KR_Count,LDA,0.6284773060029283,0.6035078261497707,0.6208746583844592,0.4289077088669711,0.5750366032210834,0.5494725532229262,0.5672933097299305,0.347145212677154,0.5817941952506597,0.5707126790995872,0.5750937170602667,0.36630391701575715,0.20115423202514648
Random,KR_Count,KNN,0.7331625183016105,0.7184410725359643,0.7282345100829153,0.5945156037713796,0.58199121522694,0.5625314242287901,0.5706478999423324,0.36446386121017493,0.6174142480211082,0.6065680179940847,0.605435569796451,0.42436852408858583,0.23191595077514648
Random,KR_Count,SVC (RBF),0.2986822840409956,0.3399313373542275,0.17961274496770724,0.03205661167601453,0.2972181551976574,0.3439877497876033,0.17959269835280758,0.04008467498682405,0.3232189973614776,0.3446473796999805,0.19814993623140512,0.0486220926650277,1.5452442169189453
Random,KR_Count,SVC (Linear),0.308199121522694,0.3410910312274824,0.2735182862092987,0.01857511254482826,0.3330893118594436,0.35138374620375545,0.3260261199370515,0.02928578850853564,0.33773087071240104,0.35830619799059304,0.30660440022109303,0.04562747907828936,0.7963669300079346
Random,KR_Count,Decision Tree,0.9070278184480234,0.9054686787711773,0.9083981187909902,0.8615557483181201,0.6021229868228404,0.5905528530653995,0.6062569811103915,0.39822169983380473,0.6411609498680739,0.6371840008163795,0.6454859007908464,0.46222781801716506,0.2533397674560547
Random,KR_Count,Random Forest,0.9070278184480234,0.9029829473363641,0.9077237736714648,0.8589337549023753,0.6460468521229868,0.62670892797985,0.6434982806461413,0.458959928392936,0.6688654353562006,0.6610620903870466,0.6672344350808362,0.49910530166040845,6.0643956661224365
Random,KR_Count,Extra Trees,0.9070278184480234,0.9054686787711773,0.9083981187909902,0.8615557483181201,0.6427525622254758,0.6256712355239333,0.6433520369080099,0.45509494963747993,0.6728232189973615,0.666230751195684,0.6752367069502807,0.5063819492615185,7.648292779922485
Random,KR_Count,Gradient Boosting,0.7496339677891655,0.7298246499613724,0.7427860894688958,0.6174916127338906,0.6215226939970717,0.5940352617440755,0.6113097970280228,0.41778871232478787,0.6306068601583114,0.6169033998665793,0.6189213512784373,0.4411169319465305,32.22183680534363
Random,KR_Count,XGBoost,0.8341874084919473,0.8189069466909036,0.831280733368504,0.7470658329179864,0.6390922401171303,0.6147823734292551,0.6313490166506369,0.4460241987826246,0.6675461741424802,0.6547096792421164,0.6591585787088917,0.49695535727908424,4.235886096954346
Random,KR_Count,Hist Gradient Boosting,0.9044655929721815,0.8962076649527481,0.9040381090893221,0.8542814634694958,0.6372620790629575,0.6189940449089189,0.6362472637241123,0.4461098269713462,0.6649076517150396,0.6567455257256544,0.6631412335744442,0.49336954342029504,36.19808340072632
Random,KR_Count,AdaBoost,0.5863836017569546,0.549655959891155,0.5598382213476927,0.36241323354514776,0.571376281112738,0.535698612645687,0.546462336807225,0.3385481992602254,0.558047493403694,0.5411809925252357,0.5337427173425626,0.33162224835027887,5.969442129135132
Random,KR_Count,MLP,0.8019765739385066,0.7929497496203949,0.8043352003318301,0.7008723217188345,0.612371888726208,0.5905982950987427,0.6078569898262198,0.40577650645263524,0.6385224274406333,0.6312358367004772,0.6419132431774863,0.4557102182146004,8.758030891418457
Random,AtomPairs2D,Ridge Classifier,0.7426793557833089,0.7367357659588353,0.7438403284367189,0.6097807067353304,0.571376281112738,0.5601276565658194,0.5743281517945453,0.35152534179323064,0.6029023746701847,0.5962554070385747,0.598023582984005,0.4007528173544198,0.2930467128753662
Random,AtomPairs2D,Logistic Reg (L1),0.7741581259150805,0.7701526845655104,0.7759912593597565,0.6583627197598527,0.5655197657393851,0.5552142422649434,0.5690128502606537,0.34393641483115384,0.6015831134564644,0.5966285548985725,0.6004350674595841,0.40007641971182467,92.24047064781189
Random,AtomPairs2D,Logistic Reg (EN),0.7730600292825769,0.769065095483184,0.7749596229404213,0.6567616409410015,0.5644216691068814,0.5541489317023051,0.567902688320718,0.34221405132047894,0.6015831134564644,0.5966285548985725,0.6004350674595841,0.40007641971182467,94.43357372283936
Random,AtomPairs2D,Naive Bayes,0.4802342606149341,0.4837974915627304,0.4879255796440486,0.233371926044231,0.4663250366032211,0.47025269221644983,0.47397923575168244,0.21261339883925617,0.44063324538258575,0.44643557137712603,0.4433897005883538,0.17318489141964544,0.10709357261657715
Random,AtomPairs2D,LDA,0.7485358711566618,0.7345896463304161,0.7477123529570763,0.6151685949100285,0.5816251830161054,0.565201934257627,0.582008631497768,0.361772471824961,0.6134564643799473,0.6018637573868433,0.6070566348021967,0.4139631920790113,1.329575777053833
Random,AtomPairs2D,KNN,0.7562225475841874,0.7406661074837838,0.7508882304871306,0.6300399427077086,0.6211566617862372,0.6054674008991346,0.6146601721059319,0.42783917963414253,0.6503957783641161,0.6407025080900008,0.6403688498110442,0.4743146354129183,0.5324583053588867
Random,AtomPairs2D,SVC (RBF),0.28257686676427524,0.3333333333333333,0.12465676636686886,-0.0005141644871431852,0.28550512445095166,0.3358306992913509,0.13296368129619063,0.02130686068713851,0.30606860158311344,0.3333333333333333,0.14345033447935823,0.0,5.618964910507202
Random,AtomPairs2D,SVC (Linear),0.4773060029282577,0.4796520909493267,0.45429838752766294,0.24880290732954355,0.45497803806734993,0.46139401368899785,0.4528464278257044,0.20071187190177914,0.4551451187335092,0.4631067922271896,0.4278570034527141,0.2176694250349502,4.273871898651123
Random,AtomPairs2D,Decision Tree,0.9205710102489019,0.9192043868684402,0.9216264698568236,0.8816662157684846,0.5794289897510981,0.5689673447520068,0.5842033583511799,0.3650426127160075,0.6134564643799473,0.6138180038676825,0.6178330204845696,0.42288736177682956,0.8832497596740723
Random,AtomPairs2D,Random Forest,0.9205710102489019,0.917252784470591,0.9212201004513952,0.8795531137728603,0.6530014641288433,0.6292021652003205,0.6472138280715164,0.4678071422840384,0.6952506596306068,0.6858150470219435,0.69327402708661,0.5387146957086123,10.023023843765259
Random,AtomPairs2D,Extra Trees,0.9205710102489019,0.9192043868684402,0.9216264698568236,0.8816662157684846,0.6562957540263543,0.6350687420730553,0.6539386005509955,0.47356344364487224,0.6899736147757256,0.6821971278283376,0.6908594614511167,0.53150471573832,14.05838394165039
Random,AtomPairs2D,Gradient Boosting,0.8462664714494875,0.8323101784770667,0.8441087964766847,0.7650424001119647,0.6500732064421669,0.6275352346277122,0.6437075662240663,0.4626981733995467,0.6596306068601583,0.6442293014473026,0.6480393730833485,0.4852679953188355,114.55194640159607
Random,AtomPairs2D,XGBoost,0.9202049780380673,0.9116963702116837,0.9197202522574233,0.8781562991280467,0.6555636896046853,0.6354655970666604,0.6525251578283812,0.4723798182057656,0.6912928759894459,0.6775344663129585,0.6822770944883276,0.5333548353766921,14.93508768081665
Random,AtomPairs2D,Hist Gradient Boosting,0.9205710102489019,0.9125286070597087,0.9201828150410368,0.8787151379004176,0.6562957540263543,0.6367296128438739,0.6542699083862549,0.474179722382451,0.6965699208443272,0.6835884308561105,0.6893626647244085,0.540923685382003,120.78865456581116
Random,AtomPairs2D,AdaBoost,0.6211566617862372,0.5956887563308636,0.6141607393893208,0.41674153339156184,0.5735724743777453,0.5481910078999301,0.5667082084548445,0.3437041252131385,0.5897097625329816,0.5728213503491119,0.5792252549020602,0.3768485360810945,17.570154190063477
Random,AtomPairs2D,MLP,0.8092972181551976,0.7893465837000004,0.8044714029828366,0.7087519836963361,0.6453147877013177,0.6279590523140967,0.6442971636562527,0.4588238871169475,0.662269129287599,0.6471153043333056,0.6501318573009336,0.48971959056371767,12.197579622268677
Random,AP2D_Count,Ridge Classifier,0.7386530014641288,0.7285079511227681,0.7386253601230023,0.6019063069240116,0.5874816983894583,0.5726361742624663,0.5879163234754573,0.3728667396909419,0.6081794195250659,0.5995727079596161,0.6020857122341112,0.40907328224800055,0.5671985149383545
Random,AP2D_Count,Logistic Reg (L1),0.6943631039531479,0.6850003646249204,0.6950638592815765,0.5352094495404515,0.5944363103953147,0.5800167795596817,0.5953439714450326,0.3835640153179291,0.6240105540897097,0.6174402031503142,0.6201088636861957,0.4320851705722879,86.91994023323059
Random,AP2D_Count,Logistic Reg (EN),0.6943631039531479,0.6850003646249204,0.6950638592815765,0.5352094495404515,0.5937042459736457,0.579175500220993,0.5946231693792001,0.38245044920741106,0.6240105540897097,0.6174402031503142,0.6201088636861957,0.4320851705722879,88.57859802246094
Random,AP2D_Count,Naive Bayes,0.4128843338213763,0.42247272513393014,0.35767719109117957,0.18734057889533315,0.40043923865300146,0.41125600610043,0.3442717164598162,0.161748673286722,0.391820580474934,0.4043913291721591,0.32034668734121924,0.1483817804453968,0.10729455947875977
Random,AP2D_Count,LDA,0.7397510980966325,0.721906077567581,0.7381991167252453,0.601281132501334,0.5889458272327965,0.5701292400014696,0.5881699933566547,0.3717143932270774,0.6187335092348285,0.6060704734579662,0.6135488742182148,0.4218845577134488,1.1324565410614014
Random,AP2D_Count,KNN,0.7496339677891655,0.7337323186073966,0.7439211442863509,0.6195847123045342,0.6134699853587116,0.5968974118473617,0.6063231034765246,0.4140506836758876,0.633245382585752,0.6241411147460241,0.6240179482032598,0.4488119974933249,0.4868803024291992
Random,AP2D_Count,SVC (RBF),0.2829428989751098,0.33262890775844145,0.15351052866872922,-0.0026109286523023586,0.2796486090775988,0.3278818315915134,0.1636097253887587,-0.013058237463483547,0.3007915567282322,0.3276421854008061,0.16158079786775484,-0.019544729969076007,4.4765918254852295
Random,AP2D_Count,SVC (Linear),0.3685944363103953,0.3974825376434035,0.3444903514223251,0.09899077874446162,0.37079062957540265,0.39248176999445206,0.36267771692855355,0.08901086135389732,0.37994722955145116,0.3996536923041891,0.35469079282411525,0.10557304033450296,3.034275531768799
Random,AP2D_Count,Decision Tree,0.9205710102489019,0.9192043868684402,0.9216264698568236,0.8816662157684846,0.6153001464128843,0.6040795674303528,0.6191328200257988,0.41720895725420337,0.6451187335092349,0.643716850394232,0.6504430680720336,0.4697605163401109,1.338430643081665
Random,AP2D_Count,Random Forest,0.9205710102489019,0.9170377957373047,0.9211836885430287,0.8794915187650622,0.6606881405563689,0.6394859339614244,0.6577648525232747,0.4804131801407435,0.6886543535620053,0.6801839890092375,0.6869130400252703,0.5287584388214148,11.604761838912964
Random,AP2D_Count,Extra Trees,0.9205710102489019,0.9192043868684402,0.9216264698568236,0.8816662157684846,0.6683748169838946,0.6494655999104905,0.6677852488289784,0.4932574855392621,0.6952506596306068,0.6882510923714897,0.6971835007089907,0.5401038548401148,12.62402892112732
Random,AP2D_Count,Gradient Boosting,0.8502928257686676,0.8348123933873873,0.8474009355939114,0.7716834636279699,0.657393850658858,0.634509942440659,0.6516844526917396,0.4737157862403384,0.6701846965699209,0.6551223177757368,0.6590867468092051,0.5015394360868329,143.80410027503967
Random,AP2D_Count,XGBoost,0.9143484626647145,0.9037569652820717,0.9132883256380785,0.8694869117039407,0.6661786237188873,0.6448871187972726,0.6627302676210179,0.48880119117114523,0.6899736147757256,0.6767362402517283,0.680485357297713,0.5315561472366324,17.599645853042603
Random,AP2D_Count,Hist Gradient Boosting,0.9205710102489019,0.9132259267625352,0.9203928922028726,0.8787207247047335,0.6614202049780381,0.6417586132815495,0.6600352449341567,0.4824229217099302,0.6939313984168866,0.6819297803955898,0.6895660202338422,0.5363711395700491,107.36462712287903
Random,AP2D_Count,AdaBoost,0.626281112737921,0.5990273664499853,0.6203577530991413,0.42482301176434006,0.5841874084919473,0.556307559739185,0.5769210858826427,0.35924799891992654,0.5817941952506597,0.5670057424879167,0.5724669899697571,0.3648572360861719,19.48539924621582
Random,AP2D_Count,MLP,0.883601756954612,0.8735261453027233,0.8833710241006841,0.8225326419189082,0.6453147877013177,0.6219076264921694,0.6391188208131612,0.4552243702395423,0.683377308707124,0.6706615077889188,0.6804423192626385,0.5202373338870447,11.630009174346924
Random,CDK_FP,Ridge Classifier,0.835285505124451,0.8308369745651031,0.8365865735744465,0.750900440484209,0.5797950219619327,0.5711635905868605,0.5848750462161256,0.3674655151268012,0.6160949868073878,0.6115188581144163,0.6173827652031306,0.4222111942036895,0.8977527618408203
Random,CDK_FP,Logistic Reg (L1),0.8817715959004392,0.8770989807394874,0.882696394586612,0.8207442111358203,0.6142020497803806,0.6020568359566814,0.6170617495875831,0.4160888246797746,0.6411609498680739,0.636418982342419,0.6417082119247527,0.4589334834533705,206.24172234535217
Random,CDK_FP,Logistic Reg (EN),0.8814055636896047,0.8765262896641243,0.8822582818024401,0.8201021204956269,0.6145680819912153,0.6023699812593826,0.617532844897539,0.41670462577991924,0.6411609498680739,0.6364127625086129,0.6418616390249914,0.458930858186038,211.6009819507599
Random,CDK_FP,Naive Bayes,0.5508784773060029,0.5206560035928237,0.5305416866001247,0.3047040963692396,0.5281844802342606,0.4967356941965628,0.5136815413603318,0.2679890202835472,0.5013192612137203,0.4863695821030713,0.48136464714159355,0.2409231145637691,0.17521262168884277
Random,CDK_FP,LDA,0.8404099560761347,0.8305792598782861,0.8412140188019284,0.7570519001017002,0.5757686676427526,0.5639522357572978,0.5797379459198901,0.3585102043960339,0.637203166226913,0.6289469589440366,0.6380839946272108,0.4515688556629696,6.874342918395996
Random,CDK_FP,KNN,0.7448755490483162,0.730811560796912,0.740608216406744,0.6120271714413394,0.6134699853587116,0.5953919352788137,0.6047882107107037,0.412274008779154,0.6596306068601583,0.65261966749401,0.65302335256257,0.4871420181166503,0.9142615795135498
Random,CDK_FP,SVC (RBF),0.2887994143484627,0.33884895825730804,0.13926551872598752,0.03274567576862673,0.28257686676427524,0.33249510148433187,0.1323600853172067,-0.0041431064349682235,0.3100263852242744,0.3364225455692434,0.15717141023977393,0.022061218767426467,10.258342742919922
Random,CDK_FP,SVC (Linear),0.5043923865300146,0.5057399968150585,0.5011987639949296,0.2732351457745049,0.48279648609077597,0.47624820049066585,0.4844651522688338,0.22616301235674904,0.4630606860158311,0.4647717890266108,0.455159210255173,0.20805626607798067,6.563719749450684
Random,CDK_FP,Decision Tree,0.9084919472913616,0.9066093119479984,0.9096717105585019,0.8624600419485483,0.5969985358711567,0.5851089126527914,0.6005286632918059,0.3896464453520928,0.6411609498680739,0.6397444428420466,0.6456697326960485,0.4628558855124045,1.7399277687072754
Random,CDK_FP,Random Forest,0.9084919472913616,0.9046877845334292,0.9092040139015246,0.8612206481628524,0.6449487554904831,0.6228554494769941,0.6413209707401158,0.4562712363548505,0.6715039577836411,0.6633655162293386,0.6686742202715648,0.5040165788996057,14.792726278305054
Random,CDK_FP,Extra Trees,0.9084919472913616,0.9066093119479984,0.9096717105585019,0.8624600419485483,0.6464128843338214,0.6274303276649803,0.6450338529270424,0.45974767083741575,0.6728232189973615,0.6662929495337443,0.6739935348095039,0.5062360483078614,20.32517957687378
Random,CDK_FP,Gradient Boosting,0.8341874084919473,0.8203233091807002,0.8318916638180583,0.746927937242114,0.6475109809663251,0.6261959314139007,0.6417461340358932,0.46027825060747246,0.6649076517150396,0.6518609953589498,0.6549619784943056,0.49398929741262854,284.818158864975
Random,CDK_FP,XGBoost,0.9092240117130308,0.900181087909976,0.9083828147311918,0.8624482401613732,0.6471449487554904,0.6273437056403717,0.642825416163697,0.46094725825681687,0.6767810026385225,0.666094020272863,0.6671871123185016,0.5124727961772567,35.837443828582764
Random,CDK_FP,Hist Gradient Boosting,0.9092240117130308,0.9003960766432622,0.9084050308230626,0.8625851737779724,0.6548316251830161,0.6364778987123886,0.6522368440162298,0.47271690888493595,0.6781002638522428,0.6665978478953347,0.6682357005824351,0.5141101676170483,254.96068596839905
Random,CDK_FP,AdaBoost,0.6405563689604685,0.6182527884030746,0.6342637716307941,0.4475643681442189,0.5867496339677891,0.5645721703286198,0.5819606185285409,0.36622625475352827,0.5725593667546174,0.5612813237155726,0.5630231683817727,0.3521347453307602,36.5686776638031
Random,CDK_FP,MLP,0.8389458272327965,0.8196856136321182,0.8355691796008056,0.7547564426903873,0.6321376281112738,0.6065930558307738,0.6206461903079536,0.43532096799291026,0.6530343007915568,0.6376155307774244,0.644728162066791,0.4741139946823655,16.55945134162903
Random,CDK_Extended,Ridge Classifier,0.821376281112738,0.8172854896263192,0.8232456506887986,0.730197742940732,0.5823572474377745,0.5726064899355191,0.5861351849245354,0.36966386620269487,0.6292875989445911,0.6231126915814234,0.6306108785213841,0.4408250005969325,1.7641148567199707
Random,CDK_Extended,Logistic Reg (L1),0.8704245973645681,0.8658648321386027,0.8713164140564134,0.8035140869912781,0.5977306002928258,0.5853859879712361,0.5995177910585772,0.3898777082527526,0.6596306068601583,0.6537786017476258,0.6587563437589324,0.4867844258061605,169.659024477005
Random,CDK_Extended,Logistic Reg (EN),0.8707906295754027,0.8662743325481029,0.8716662694950733,0.8040691779926785,0.599194729136164,0.5871131036879891,0.6010448029736486,0.39230842742024585,0.658311345646438,0.6529554963511713,0.6577514156497686,0.4850899746747929,175.61398315429688
Random,CDK_Extended,Naive Bayes,0.47218155197657397,0.45629114032391027,0.4244762507627431,0.21665418622565033,0.4615666178623719,0.44426691983863126,0.4123720909447009,0.19701752831903538,0.4261213720316623,0.42122266330331787,0.378743931876666,0.1502244675715524,0.18157601356506348
Random,CDK_Extended,LDA,0.8224743777452416,0.8139608005733932,0.8234513410336181,0.7300254124161654,0.5783308931185944,0.5646978154031297,0.5799365483660774,0.35996211995872146,0.6358839050131926,0.6275288368362594,0.6357158898388022,0.449299844265418,3.725564479827881
Random,CDK_Extended,KNN,0.7386530014641288,0.7217959661737976,0.7340139141643623,0.6015210585406049,0.612371888726208,0.5930812493558336,0.6047472146529463,0.4091039081567882,0.6609498680738787,0.6509134300338274,0.6552249724376944,0.48748241875679954,1.2920246124267578
Random,CDK_Extended,SVC (RBF),0.2829428989751098,0.33362420011634675,0.12535258649999292,0.00803378118536797,0.2847730600292826,0.33556030956540955,0.13277026117862217,0.014683649794030515,0.30606860158311344,0.3333333333333333,0.14345033447935823,0.0,8.848076820373535
Random,CDK_Extended,SVC (Linear),0.5318448023426061,0.5296636684478152,0.5365070370285583,0.3032722759468642,0.46669106881405564,0.4648357941090491,0.46425792480756894,0.20754481084141368,0.470976253298153,0.46797097635788454,0.4763224683540305,0.21177546985046442,6.5173420906066895
Random,CDK_Extended,Decision Tree,0.9121522693997072,0.9106452769475313,0.9132676442167614,0.868169712149542,0.5746705710102489,0.5648596952411075,0.579678872966501,0.3581924181260254,0.5923482849604221,0.591061698221254,0.5962689286844842,0.3888313786031944,1.2639708518981934
Random,CDK_Extended,Random Forest,0.9121522693997072,0.9087978261200734,0.9128231575087559,0.8667764629298087,0.6434846266471449,0.6192296403009042,0.636930178587834,0.4527548200177097,0.6741424802110818,0.6655818643983459,0.6729548336458451,0.5068035711782475,13.6111319065094
Random,CDK_Extended,Extra Trees,0.9121522693997072,0.9106452769475313,0.9132676442167614,0.868169712149542,0.6453147877013177,0.6239695106173689,0.6417299465492958,0.4564204235317338,0.6767810026385225,0.6696454610393827,0.6785903064943256,0.5117523414947365,17.622650384902954
Random,CDK_Extended,Gradient Boosting,0.8290629575402635,0.8142561256523767,0.8261350727318529,0.739246874435023,0.6383601756954612,0.6157055609962319,0.6304710156912317,0.4454148373411824,0.6635883905013192,0.6510254502948833,0.6552489781198232,0.49083622975172875,202.83438992500305
Random,CDK_Extended,XGBoost,0.907393850658858,0.896999047665027,0.9062403364300102,0.8593473766075163,0.6471449487554904,0.626201926414877,0.6422326703264284,0.4597115368218333,0.6873350923482849,0.6747831913524491,0.6784914325725416,0.5273892901635526,25.098640203475952
Random,CDK_Extended,Hist Gradient Boosting,0.9125183016105417,0.904549984677755,0.9121677998726446,0.8664206782389218,0.6497071742313324,0.6291057452927078,0.645628794089657,0.4638731851197264,0.679419525065963,0.667020817678328,0.6743292942714973,0.5143109094288774,208.79009199142456
Random,CDK_Extended,AdaBoost,0.609809663250366,0.5809540825952947,0.6000849848319411,0.3981018660592539,0.5761346998535871,0.5457613328717146,0.5599369478765381,0.34587316458901324,0.5725593667546174,0.5537990323203649,0.560253130880098,0.35026071436693024,26.801241636276245
Random,CDK_Extended,MLP,0.7609809663250366,0.7323768207445607,0.752868749884775,0.6362103602716456,0.6321376281112738,0.60460580372823,0.6190460844099892,0.4342535177429098,0.6266490765171504,0.6047852660359966,0.6105884742886374,0.43590969028888515,18.170960426330566
Random,CDK_GraphOnly,Ridge Classifier,0.4494875549048316,0.43816269061094487,0.45374669792408656,0.16725329068599185,0.44875549048316254,0.44504541274337545,0.45338538652986227,0.17922980842787972,0.42216358839050133,0.42077266359849647,0.42693365286933965,0.13540606070827324,0.04743671417236328
Random,CDK_GraphOnly,Logistic Reg (L1),0.4472913616398243,0.45018010145644904,0.45678056949721135,0.18607159458149095,0.4407027818448023,0.4368083554598488,0.4489840920690491,0.16751634369194424,0.43007915567282323,0.43623708910091147,0.4352521024659007,0.1615882353907889,0.41195082664489746
Random,CDK_GraphOnly,Logistic Reg (EN),0.4472913616398243,0.45018010145644904,0.45678056949721135,0.18607159458149095,0.4407027818448023,0.4368083554598488,0.4489840920690491,0.16751634369194424,0.43007915567282323,0.43623708910091147,0.4352521024659007,0.1615882353907889,1.692915678024292
Random,CDK_GraphOnly,Naive Bayes,0.4410688140556369,0.4349616155898879,0.36715368151168126,0.2067188521793404,0.4410688140556369,0.4349616155898879,0.36715368151168126,0.2067188521793404,0.4050131926121372,0.4095042434025485,0.32334285503071564,0.15567703553496887,0.024780750274658203
Random,CDK_GraphOnly,LDA,0.47986822840409954,0.41430650069393526,0.38223601925687967,0.18527997833667173,0.46925329428989754,0.42221717294283284,0.4314027042056226,0.16193003312368912,0.46174142480211083,0.4208379191430039,0.3613224429071137,0.19316838002405015,0.035741567611694336
Random,CDK_GraphOnly,KNN,0.3715226939970717,0.34580222810969086,0.35913687640403547,0.010335405506849625,0.38616398243045386,0.38266910129618,0.37620612116035557,0.07683001551071261,0.38258575197889183,0.36220913316179243,0.35973620804805034,0.042890530543212686,0.20225214958190918
Random,CDK_GraphOnly,SVC (RBF),0.28257686676427524,0.3333333333333333,0.1245144641221578,0.0,0.28257686676427524,0.3333333333333333,0.1245144641221578,0.0,0.30606860158311344,0.3333333333333333,0.14345033447935823,0.0,0.5113823413848877
Random,CDK_GraphOnly,SVC (Linear),0.28257686676427524,0.3333333333333333,0.1245144641221578,0.0,0.2931918008784773,0.33676526588118155,0.2164903947228789,0.0018093215564057269,0.30606860158311344,0.3333333333333333,0.14345033447935823,0.0,0.29438352584838867
Random,CDK_GraphOnly,Decision Tree,0.47584187408491946,0.47635319817453664,0.4852878869701001,0.2249213211003855,0.4472913616398243,0.44902217386822546,0.4563505630213591,0.1852087577553356,0.44327176781002636,0.4466097899762423,0.4504193595606515,0.17734709712489732,0.05187034606933594
Random,CDK_GraphOnly,Random Forest,0.47584187408491946,0.47635319817453664,0.4852878869701001,0.2249213211003855,0.44765739385065884,0.44903121635888915,0.4566334417331035,0.18522928161475324,0.44327176781002636,0.4466097899762423,0.45031775692368675,0.17730124253210733,3.532411575317383
Random,CDK_GraphOnly,Extra Trees,0.47584187408491946,0.47635319817453664,0.4852878869701001,0.2249213211003855,0.44692532942898977,0.4487313070852121,0.4559430419422242,0.1847288177332921,0.44327176781002636,0.4466097899762423,0.45031775692368675,0.17730124253210733,2.466986656188965
Random,CDK_GraphOnly,Gradient Boosting,0.49194729136163984,0.43104651151337525,0.413073109371383,0.20635836970305818,0.48279648609077597,0.4219285019816718,0.40387176818178216,0.18740914693624583,0.47229551451187335,0.4345235775978032,0.38996851834905305,0.20693254484570245,5.546865940093994
Random,CDK_GraphOnly,XGBoost,0.49267935578330896,0.4314132563461159,0.4136008654993137,0.20811578567109498,0.4816983894582723,0.42380675356152114,0.4065225512941919,0.18459635606928607,0.4656992084432718,0.4273272298842141,0.3795836210201103,0.19447557898859988,2.312056303024292
Random,CDK_GraphOnly,Hist Gradient Boosting,0.49231332357247437,0.4314042138554522,0.41446997567032595,0.20701017216479511,0.48535871156661786,0.42424639375511525,0.4066409085698283,0.19262710737339245,0.46701846965699206,0.4290708495997801,0.38375233067479697,0.19609733774843496,7.844771385192871
Random,CDK_GraphOnly,AdaBoost,0.479502196193265,0.41368201155114864,0.38218494029680355,0.18443055548087595,0.4787701317715959,0.41324119013129673,0.38253621400465576,0.18251940342007972,0.46437994722955145,0.42340464425502417,0.3648886882099382,0.19907097904935236,2.627791166305542
Random,CDK_GraphOnly,MLP,0.4820644216691069,0.41640760227147666,0.384132244595598,0.19017633271113568,0.4769399707174231,0.4288851359220021,0.39942987195828467,0.18209934662077482,0.46437994722955145,0.42341086408883016,0.36343462547805305,0.19900338042879082,5.457132339477539
Random,EState,Ridge Classifier,0.5010980966325037,0.4855282139076187,0.5003568719117164,0.2385252241140525,0.48718887262079064,0.47215495712633765,0.4886944445906151,0.21962580088022166,0.4841688654353562,0.4774604819169401,0.4806816223741813,0.22198637300429608,0.04592728614807129
Random,EState,Logistic Reg (L1),0.4985358711566618,0.4895441276839969,0.5038008756981384,0.24469416607253414,0.47584187408491946,0.4662531915604102,0.48053445646281595,0.20878999499366255,0.49340369393139843,0.4902857159724489,0.49514935584172953,0.2407587333019272,0.935755729675293
Random,EState,Logistic Reg (EN),0.5,0.4911821293219986,0.5051637686392677,0.24686701323206017,0.4751098096632504,0.4654341907414093,0.47984818782008,0.20772444165704682,0.4920844327176781,0.48915577246962405,0.4938827066811533,0.23892550811136787,2.528510332107544
Random,EState,Naive Bayes,0.4930453879941435,0.47290115700852753,0.489221679767885,0.2201279485681688,0.4740117130307467,0.4537564676118239,0.46987932230719837,0.1902777052793341,0.48548812664907653,0.4738447976466679,0.48162073256554,0.21679345209627196,0.03241372108459473
Random,EState,LDA,0.5245241581259151,0.4888678034447505,0.5068896006634793,0.25975185611443,0.5021961932650073,0.468692662620178,0.4864663053432345,0.2248032669305748,0.5026385224274407,0.4805313930825328,0.4841344899538715,0.24063333594841588,0.058836936950683594
Random,EState,KNN,0.6054172767203514,0.5843750619542063,0.5977245193044688,0.39200268349374834,0.5219619326500732,0.5026985669296388,0.5122472715029814,0.26661179326993484,0.5224274406332454,0.5105232419376194,0.5137556321380207,0.2737138752355221,0.15897798538208008
Random,EState,SVC (RBF),0.2866032210834553,0.3378378378378379,0.13285191871576937,0.054680103212031886,0.2829428989751098,0.3337428337428337,0.1252811753992271,0.01645645944680102,0.31266490765171506,0.34054834054834054,0.15709161640882638,0.07091209206017032,0.7609405517578125
Random,EState,SVC (Linear),0.3144216691068814,0.3634971677860211,0.22992455332959777,0.05561080816233183,0.32284040995607616,0.3532381085008381,0.2972018117189463,0.028643530150546343,0.3390501319261214,0.36811675239495223,0.25273924045445595,0.06690385968861419,0.43298768997192383
Random,EState,Decision Tree,0.7013177159590044,0.7014867950494459,0.7049073443657233,0.5572031822152801,0.5545387994143485,0.5528209334532749,0.5588105643217371,0.33631998671965624,0.5633245382585752,0.5651373044125819,0.5628085949794871,0.3496669214369223,0.050657033920288086
Random,EState,Random Forest,0.7020497803806734,0.6998729733721459,0.704283651267412,0.5567479680434994,0.5607613469985359,0.5525301962718884,0.5635022382673385,0.33824680364962995,0.5738786279683378,0.5717408070856347,0.5698298986179093,0.36280966105207074,3.772836923599243
Random,EState,Extra Trees,0.7013177159590044,0.7014867950494459,0.7049073443657233,0.5572031822152801,0.5644216691068814,0.5593838487593744,0.5676189743568288,0.3472897013967494,0.5620052770448549,0.5618532743313572,0.5605687590859316,0.34549103266621517,4.618667840957642
Random,EState,Gradient Boosting,0.6215226939970717,0.5922245714924009,0.5998332991831797,0.42107871832001037,0.5527086383601757,0.5230666475478346,0.5319179170140286,0.31062780389546374,0.5699208443271768,0.5511120641161553,0.5340786135935943,0.3536219538030629,8.181403875350952
Random,EState,XGBoost,0.6936310395314788,0.6705123301914123,0.682095712279895,0.5336825614524232,0.5746705710102489,0.5503741528617421,0.5600592219472846,0.3473567062066239,0.5778364116094987,0.5625005165624687,0.5529418480985046,0.36389566849783106,3.683511257171631
Random,EState,Hist Gradient Boosting,0.70900439238653,0.6924355248013115,0.701024925618078,0.5599456129159172,0.5801610541727672,0.5588230514104696,0.5675867354499342,0.357878888380322,0.579155672823219,0.5689151260454591,0.5588395993843728,0.3680985427547308,13.934432029724121
Random,EState,AdaBoost,0.513909224011713,0.4792418869881366,0.47604025222820406,0.25007192740007206,0.503294289897511,0.46764040294138226,0.46432409499340865,0.23114319920046403,0.5052770448548812,0.4889321957995249,0.463011717695635,0.25803233800421865,3.104627847671509
Random,EState,MLP,0.585285505124451,0.546689734127002,0.5352230556065999,0.3707439937330708,0.5468521229868228,0.5170766232738943,0.5164594951502589,0.3053048139965351,0.5527704485488126,0.5302984761196333,0.489085202565813,0.3384953322713856,7.533386468887329
Kennard-Stone,MACCS,Ridge Classifier,0.6060606060606061,0.5957891552182492,0.607422961177337,0.39929045675134905,0.5696248196248196,0.556380942693225,0.5699720232927579,0.34259375855472324,0.506265664160401,0.49508813690100234,0.5037942305037822,0.2509218114461316,0.21872901916503906
Kennard-Stone,MACCS,Logistic Reg (L1),0.6111111111111112,0.606300832779452,0.6147071059482108,0.41178592206210884,0.5728715728715729,0.564235150132843,0.575671028055504,0.3512969204676501,0.525062656641604,0.511411464140509,0.521736492460503,0.2797824631710668,17.03325080871582
Kennard-Stone,MACCS,Logistic Reg (EN),0.61002886002886,0.6048311141750357,0.6134962143400725,0.40977641545490184,0.5725108225108225,0.563959668039179,0.5753393763337372,0.35081763502617697,0.5238095238095238,0.5100619364751918,0.5200798834311644,0.2776999564416276,17.17804455757141
Kennard-Stone,MACCS,Naive Bayes,0.503968253968254,0.4920864570379839,0.5038527418662586,0.24713903242195207,0.49386724386724384,0.48162046181034635,0.4929052861701233,0.23149981120531898,0.4423558897243108,0.46735406676927144,0.4058952242639089,0.20536764760710682,0.05008125305175781
Kennard-Stone,MACCS,LDA,0.6237373737373737,0.5954647735979934,0.6171728087357026,0.4142719948474661,0.5854978354978355,0.555471136772021,0.5775119297796941,0.3541899392985228,0.5200501253132832,0.5193292376528243,0.5150025127174847,0.2808725710926728,0.16052699089050293
Kennard-Stone,MACCS,KNN,0.7373737373737373,0.7220449657309299,0.7342782314849562,0.5985125535830144,0.613997113997114,0.5915314641297256,0.6074850603764894,0.4082246571932283,0.6027568922305765,0.5996897117754818,0.6069028812894016,0.4013077096896535,0.2487339973449707
Kennard-Stone,MACCS,SVC (RBF),0.2709235209235209,0.3274569495291457,0.12625515151507777,-0.02263164507171823,0.29004329004329005,0.3465746672365075,0.1893166569907553,0.028295415837808112,0.3082706766917293,0.33198380566801616,0.1462879099766708,-0.020128757889464312,2.1019811630249023
Kennard-Stone,MACCS,SVC (Linear),0.32395382395382394,0.349983973679457,0.30940500121556436,0.019706071272456945,0.3874458874458874,0.39468916438905666,0.38765355974246996,0.09252745600210624,0.32706766917293234,0.33799371518669763,0.2543501913696374,0.009967132894855785,1.4402410984039307
Kennard-Stone,MACCS,Decision Tree,0.8802308802308803,0.8815938422491693,0.8823269566215692,0.820460500215294,0.5988455988455988,0.5877799152229874,0.6028415244279158,0.3913418902030668,0.6177944862155389,0.6075325295598201,0.6192917215331347,0.4221045048203242,0.27678871154785156
Kennard-Stone,MACCS,Random Forest,0.8805916305916306,0.8784419961966995,0.8816694092705839,0.8186245823964742,0.6417748917748918,0.6202955501485024,0.6387953715367929,0.4493819703531154,0.6127819548872181,0.6000406351283545,0.6101459937358905,0.4133054841383757,5.885586977005005
Kennard-Stone,MACCS,Extra Trees,0.8802308802308803,0.8815938422491693,0.8823269566215692,0.820460500215294,0.6374458874458875,0.6191733462281322,0.6375613408718799,0.4450637939487932,0.6203007518796992,0.6099643083073882,0.6217750809314289,0.4259983635032723,7.406823396682739
Kennard-Stone,MACCS,Gradient Boosting,0.7406204906204906,0.7152413850890765,0.7334806777369071,0.5989164678225735,0.6305916305916306,0.5989839706791534,0.6189603655725603,0.42573781615521267,0.6040100250626567,0.5918393569465694,0.5850457818175457,0.4034235072373041,24.473882913589478
Kennard-Stone,MACCS,XGBoost,0.8578643578643579,0.8456182608165372,0.8568735235595138,0.7810682379110344,0.6525974025974026,0.6292590529733243,0.6478830339760523,0.463409720539303,0.6453634085213033,0.6347256815093072,0.6368886473762259,0.4637825821065268,4.1781840324401855
Kennard-Stone,MACCS,Hist Gradient Boosting,0.8805916305916306,0.8710815429383029,0.8798837424034548,0.8164933826331376,0.6435786435786436,0.6216915498473152,0.639821430672151,0.450784169789422,0.6466165413533834,0.6359412192745526,0.6364338482462756,0.4660337522584622,30.308686017990112
Kennard-Stone,MACCS,AdaBoost,0.5782828282828283,0.5328897041039129,0.5472018988890708,0.34003879836035356,0.5573593073593074,0.5132202775555565,0.5317532775401488,0.30529673855655387,0.4849624060150376,0.486239556414995,0.4382603359535812,0.25009864881345106,5.837153434753418
Kennard-Stone,MACCS,MLP,0.7427849927849928,0.7222401842808166,0.7421492831949176,0.6030783678167084,0.6132756132756133,0.5847717132243297,0.6045709710618493,0.4002563671086515,0.5639097744360902,0.5750940453669499,0.5683636349869684,0.37166957949015206,5.7297022342681885
Kennard-Stone,PubChem,Ridge Classifier,0.6601731601731602,0.647884549184682,0.6611191316594696,0.4819058390178428,0.5912698412698413,0.575600112233044,0.5929349204440522,0.3759546469676998,0.5451127819548872,0.538614605378738,0.5472520574201947,0.31135252990969153,0.07940864562988281
Kennard-Stone,PubChem,Logistic Reg (L1),0.6645021645021645,0.6570169636804573,0.6681174367749018,0.4919537302313305,0.5887445887445888,0.5772469138172187,0.5931707233015917,0.3760140365891051,0.5476190476190477,0.541180374026378,0.5519055432901535,0.31603836034205435,31.138633012771606
Kennard-Stone,PubChem,Logistic Reg (EN),0.663059163059163,0.6554697595242197,0.666696579434847,0.4897558073769371,0.5887445887445888,0.5775499607484377,0.5930835068314465,0.37607147297735516,0.5488721804511278,0.542529901691695,0.5530891907453115,0.31794710498023065,30.29291558265686
Kennard-Stone,PubChem,Naive Bayes,0.5277777777777778,0.5037806500443341,0.5208829197044725,0.2679676251013093,0.5079365079365079,0.48391612785009414,0.5004144394499767,0.23743849205572692,0.4223057644110276,0.44159416137973645,0.3936557376872313,0.1785225517584357,0.0653986930847168
Kennard-Stone,PubChem,LDA,0.6691919191919192,0.6450991739513495,0.6653669097108244,0.48785754571989637,0.6017316017316018,0.5748443953985175,0.5980150390267628,0.3828970924743512,0.5350877192982456,0.5387982351919974,0.536899027267197,0.3056228697454657,0.31342434883117676
Kennard-Stone,PubChem,KNN,0.73989898989899,0.724801639264677,0.7357316593231739,0.6033522297144697,0.6168831168831169,0.594328444754307,0.6081025496226992,0.41579672453041683,0.5964912280701754,0.5852576958814776,0.5867886948844968,0.38970473245453513,0.30148768424987793
Kennard-Stone,PubChem,SVC (RBF),0.2795815295815296,0.337909564487134,0.12872268674901124,0.02553302323045842,0.2972582972582973,0.35180244865983484,0.18429523949378043,0.055927071078590705,0.3082706766917293,0.33198380566801616,0.1462879099766708,-0.020128757889464312,2.639772415161133
Kennard-Stone,PubChem,SVC (Linear),0.35533910533910534,0.35592718653541816,0.3542290442036249,0.03683176125165439,0.36832611832611833,0.38252984660459805,0.36177958823512674,0.08008637231042581,0.31203007518796994,0.29765071041874164,0.2749648114499499,-0.05418818543705412,1.7894694805145264
Kennard-Stone,PubChem,Decision Tree,0.9011544011544012,0.8998046675831691,0.9025844654608381,0.850715027712548,0.6103896103896104,0.5984823614861943,0.6149739056313961,0.4089402497197113,0.6428571428571429,0.6369056544495141,0.6442581360973837,0.45985474135240323,0.4226841926574707
Kennard-Stone,PubChem,Random Forest,0.9011544011544012,0.8978247021647409,0.902010357443363,0.8493559461402334,0.6475468975468975,0.6255445325123925,0.6442337757557707,0.45783576503759194,0.6491228070175439,0.6413588757643339,0.6489563015708787,0.4687546006933778,7.015229940414429
Kennard-Stone,PubChem,Extra Trees,0.9011544011544012,0.8998046675831691,0.9025844654608381,0.850715027712548,0.6457431457431457,0.6269818713341848,0.6461809999983312,0.4571909708666305,0.6428571428571429,0.6369056544495141,0.6441792576939497,0.4598491986539097,8.56263518333435
Kennard-Stone,PubChem,Gradient Boosting,0.759018759018759,0.7369488528122261,0.7555829711522011,0.6271320922822488,0.6403318903318903,0.6116118292500466,0.6334544305849421,0.44193733395531704,0.5877192982456141,0.5876371120035837,0.5864038581019477,0.37916899338396665,39.35081505775452
Kennard-Stone,PubChem,XGBoost,0.8683261183261183,0.8577262589499869,0.8677859805045349,0.7974140318755798,0.6562049062049062,0.631531419667395,0.6515123734940996,0.46960364823104384,0.6290726817042607,0.6241087985727362,0.626414191843094,0.4383541966536688,4.804582595825195
Kennard-Stone,PubChem,Hist Gradient Boosting,0.8979076479076479,0.8904278747436142,0.8977650951305775,0.8432539618375602,0.6479076479076479,0.6264753911663904,0.6450346533333996,0.45895638252321974,0.6328320802005013,0.6226341343300408,0.6267586448618854,0.44404791419758893,46.21595478057861
Kennard-Stone,PubChem,AdaBoost,0.5732323232323232,0.5266159300867084,0.5462747734172846,0.3297511593292523,0.5436507936507936,0.49912187981528405,0.5191268791111082,0.2816363684989129,0.424812030075188,0.44026115030013663,0.39394350371612635,0.18135422674935153,6.6519293785095215
Kennard-Stone,PubChem,MLP,0.7276334776334776,0.7040893650189975,0.7256354021665908,0.5787767204520187,0.6280663780663781,0.5943225543992096,0.6168945664294242,0.42160967279617056,0.5401002506265664,0.5477132606762236,0.5311055852440563,0.32071396162139215,8.770962476730347
Kennard-Stone,Substructure,Ridge Classifier,0.522005772005772,0.5110979549605267,0.5189286561499452,0.2759822358288428,0.5054112554112554,0.49321259388645844,0.5038628043188592,0.24897404020930092,0.47619047619047616,0.4682234233891154,0.477381206059734,0.20598153599048957,0.04828810691833496
Kennard-Stone,Substructure,Logistic Reg (L1),0.5158730158730159,0.507553455921401,0.5157836151861078,0.26770640955351654,0.5036075036075036,0.49334479883090826,0.5040950956748378,0.24725793274516267,0.4774436090225564,0.4703747808036307,0.4794240414296971,0.20870602998328733,5.175867080688477
Kennard-Stone,Substructure,Logistic Reg (EN),0.516955266955267,0.5088065887534812,0.5166867954694417,0.26939101193992526,0.5036075036075036,0.49334479883090826,0.5040950956748378,0.24725793274516267,0.4774436090225564,0.4703747808036307,0.4794240414296971,0.20870602998328733,7.255166053771973
Kennard-Stone,Substructure,Naive Bayes,0.4715007215007215,0.456810065635437,0.4675282653705483,0.1907270016411425,0.4588744588744589,0.44338291533862567,0.4540748228723048,0.17127542321058528,0.39473684210526316,0.4158033324699992,0.36232921299194276,0.13246646395364745,0.02942514419555664
Kennard-Stone,Substructure,LDA,0.5407647907647908,0.5028375985902477,0.5229070367266281,0.2797661951676598,0.5274170274170275,0.4892433729528847,0.5096835593430059,0.2573408808794704,0.41604010025062654,0.4308832096356463,0.3986506860866022,0.14928428085616094,0.06090569496154785
Kennard-Stone,Substructure,KNN,0.6648629148629148,0.6472028386342372,0.6583295783786702,0.48940996488595007,0.5645743145743146,0.5420692866257634,0.5512604422612943,0.3354150750773647,0.5125313283208021,0.5019225233650185,0.4904757505594285,0.26500798004479553,0.16202473640441895
Kennard-Stone,Substructure,SVC (RBF),0.27236652236652237,0.32910920407475935,0.13022711696879521,-0.014920199014328077,0.2748917748917749,0.33206473990060753,0.12302896721751867,-0.008348719122054836,0.3132832080200501,0.33390732074942603,0.1753442016229195,-0.0030639347391279927,1.0491306781768799
Kennard-Stone,Substructure,SVC (Linear),0.2846320346320346,0.3078280632277476,0.27072520281558615,-0.044513585560030024,0.30844155844155846,0.3469227169144502,0.27491716439127917,0.02395352324966963,0.37468671679197996,0.3327915496531481,0.2723356632393061,0.0033373293195646785,0.6009390354156494
Kennard-Stone,Substructure,Decision Tree,0.7510822510822511,0.7518940284089711,0.7573704117584054,0.6312708531999064,0.5663780663780664,0.5572247473572657,0.5756547316563687,0.34843928398706414,0.5639097744360902,0.570305984536004,0.5707274941672303,0.35959303714268787,0.0631563663482666
Kennard-Stone,Substructure,Random Forest,0.7518037518037518,0.7500383406267822,0.7571471873487857,0.6286431885939314,0.5905483405483406,0.574975656874001,0.5956595160030641,0.3775301003860856,0.556390977443609,0.5611619266590027,0.563944405400113,0.34383069871045,4.452532529830933
Kennard-Stone,Substructure,Extra Trees,0.7510822510822511,0.7518940284089711,0.7573704117584054,0.6312708531999064,0.5797258297258298,0.5686046983236291,0.5883347045059152,0.3662512180868692,0.5639097744360902,0.570305984536004,0.5707274941672303,0.35959303714268787,4.934931516647339
Kennard-Stone,Substructure,Gradient Boosting,0.6536796536796536,0.6255964287277697,0.6459971800203359,0.4621971729837597,0.5833333333333334,0.5555370946513009,0.575115299101205,0.35335011078928025,0.5451127819548872,0.5470764885969565,0.5397298459633805,0.3168174766622219,11.367933750152588
Kennard-Stone,Substructure,XGBoost,0.7297979797979798,0.7082643326762669,0.7259772157431205,0.5821356867060273,0.5873015873015873,0.5598725315589466,0.5816196793280367,0.36031287788531785,0.5451127819548872,0.5505955130711467,0.5411603873188477,0.3246051329672632,2.126002550125122
Kennard-Stone,Substructure,Hist Gradient Boosting,0.7521645021645021,0.7323756888362715,0.7479709029437043,0.6176114466089372,0.588023088023088,0.5642087727648488,0.5862772700907727,0.3652623809362419,0.5213032581453634,0.520321927729335,0.5113106540393385,0.28802388477630175,16.656464099884033
Kennard-Stone,Substructure,AdaBoost,0.5346320346320347,0.489513024336041,0.5017027495010818,0.2682641525395364,0.5295815295815296,0.4898868278249024,0.5042081423731853,0.26174879625851327,0.4323308270676692,0.4433251933251934,0.40658403289777845,0.17673712541728231,3.7145133018493652
Kennard-Stone,Substructure,MLP,0.6576479076479076,0.6428120135915922,0.6620281166973451,0.4800538279215719,0.5883838383838383,0.5552748265453995,0.5775490965986572,0.3576810700371452,0.531328320802005,0.5446833146638214,0.5310527492861762,0.3176860279937204,8.291033744812012
Kennard-Stone,SubstructureCount,Ridge Classifier,0.5371572871572872,0.5195958016281671,0.5367661400541974,0.2915673602602833,0.5144300144300145,0.49503517530647473,0.5135685078601324,0.25691243230832356,0.41228070175438597,0.4207345069918169,0.4146822826287018,0.13522212673675713,0.04722261428833008
Kennard-Stone,SubstructureCount,Logistic Reg (L1),0.536075036075036,0.5212745727124846,0.5377435757720539,0.29295543599739227,0.5097402597402597,0.49368677199033667,0.5109939027427008,0.25301630730564484,0.41854636591478694,0.42503222717647665,0.42114514992513435,0.13908990788127834,7.660248041152954
Kennard-Stone,SubstructureCount,Logistic Reg (EN),0.5364357864357865,0.5218345125068741,0.538112837753095,0.2937154151794291,0.509018759018759,0.4926533535604405,0.5100409953856244,0.25163447095559427,0.41478696741854637,0.4208947863918624,0.4179252642449348,0.13352921104670545,6.3630454540252686
Kennard-Stone,SubstructureCount,Naive Bayes,0.4531024531024531,0.45139450677665566,0.4561920703741242,0.18447346188660607,0.45165945165945165,0.4500323291750932,0.45303083488091467,0.18200991888945472,0.424812030075188,0.44474242817322746,0.4022686509182831,0.16757024270727616,0.029849529266357422
Kennard-Stone,SubstructureCount,LDA,0.5494227994227994,0.5061156525947729,0.526642786968566,0.290949105592285,0.534992784992785,0.49149049914099135,0.5117738363833031,0.26795637556741103,0.37969924812030076,0.39840520103678,0.3409062199228404,0.10969297937320906,0.061392784118652344
Kennard-Stone,SubstructureCount,KNN,0.7265512265512265,0.7116954871132081,0.7221427390648251,0.5855572377486504,0.5923520923520924,0.5691944983685759,0.5826724600221823,0.3764420858579002,0.62531328320802,0.6146924694682979,0.6145556255748922,0.434208749552729,0.16404223442077637
Kennard-Stone,SubstructureCount,SVC (RBF),0.27164502164502163,0.32849685295262593,0.12030560252719663,-0.02626995012021094,0.2730880230880231,0.32770527706773606,0.14241106576716722,-0.0179016162258241,0.30952380952380953,0.3327987801672012,0.15139274674700606,-0.007480941012707328,1.036546230316162
Kennard-Stone,SubstructureCount,SVC (Linear),0.34523809523809523,0.3882193458347671,0.3099092955204386,0.08127620745078747,0.3268398268398268,0.36262543844647604,0.2924508214199935,0.039995012025847994,0.33458646616541354,0.34290577662897354,0.26875419112441873,0.018353637943303233,0.5121431350708008
Kennard-Stone,SubstructureCount,Decision Tree,0.8953823953823954,0.895088287910002,0.8971387589902711,0.8433027289683142,0.5952380952380952,0.5784583586958395,0.601182121385607,0.3844803988503402,0.6353383458646616,0.6391427141914471,0.6409310087237596,0.4593659644687757,0.1359865665435791
Kennard-Stone,SubstructureCount,Random Forest,0.8953823953823954,0.8917781143901538,0.8962253925903363,0.8404894182924719,0.6367243867243867,0.6124749822575419,0.6346365817941896,0.44157625389683375,0.6428571428571429,0.6425621883711553,0.6467017269004293,0.46309134121938383,6.054904460906982
Kennard-Stone,SubstructureCount,Extra Trees,0.8953823953823954,0.895088287910002,0.8971387589902711,0.8433027289683142,0.6284271284271284,0.6056573056109619,0.6297188969960876,0.43015110973619053,0.6441102756892231,0.6483443457127667,0.64912225619529,0.4729180016706027,4.872668981552124
Kennard-Stone,SubstructureCount,Gradient Boosting,0.7326839826839827,0.7031812273388965,0.7223332036609108,0.5872191373008244,0.6222943722943723,0.5869085800622162,0.6072591897488205,0.4121166852116291,0.5789473684210527,0.5780786428934577,0.5717675969864817,0.36854246488054404,17.02694010734558
Kennard-Stone,SubstructureCount,XGBoost,0.8326118326118326,0.8145641008901611,0.8293644681285812,0.7424215542316805,0.6381673881673882,0.6096679939937536,0.6323069235843415,0.44050347192495015,0.6378446115288221,0.634155985520508,0.6322725618130459,0.4531148025321813,2.5931766033172607
Kennard-Stone,SubstructureCount,Hist Gradient Boosting,0.8943001443001443,0.8846611737252785,0.8937699046026009,0.8374098120297451,0.6345598845598845,0.6106677566082861,0.6321549278719995,0.43753026955650887,0.6428571428571429,0.6396658716346825,0.6404787884593566,0.46096850627008434,16.536202669143677
Kennard-Stone,SubstructureCount,AdaBoost,0.5627705627705628,0.5154905639186307,0.5315067765922789,0.3139345187313224,0.5461760461760462,0.501711250274591,0.5170329851445264,0.2874083406578059,0.44110275689223055,0.4471812931851919,0.4101019213061999,0.18491006939236213,3.7671546936035156
Kennard-Stone,SubstructureCount,MLP,0.597041847041847,0.5505102450066002,0.5597681715032186,0.37353970109456636,0.5725108225108225,0.5288658794520665,0.5465267174114848,0.330558798768153,0.5350877192982456,0.5245631200796893,0.469273202263238,0.3176064980315247,7.340597867965698
Kennard-Stone,KR,Ridge Classifier,0.6291486291486291,0.6155906204291686,0.6303192402126512,0.4346351294830204,0.5757575757575758,0.5612435455968611,0.5775768212926292,0.3539627454797524,0.5526315789473685,0.5517671087846526,0.5548318880383356,0.32609516011292655,0.06429243087768555
Kennard-Stone,KR,Logistic Reg (L1),0.6316738816738817,0.621947544426815,0.6345552193876097,0.44102155891101685,0.5725108225108225,0.5627846587752898,0.5770832351432053,0.352972891993506,0.5588972431077694,0.5563765344467099,0.5605895562363608,0.3343284413999334,22.495352268218994
Kennard-Stone,KR,Logistic Reg (EN),0.6313131313131313,0.6218514696445006,0.6343861974702,0.4406713696731558,0.5725108225108225,0.5628032480057832,0.5771675148198463,0.35305322511200293,0.5614035087719298,0.5590755897773442,0.5635788442625551,0.3386673280786354,21.610440254211426
Kennard-Stone,KR,Naive Bayes,0.4953102453102453,0.49128594892391586,0.48872354201693596,0.24983769224764277,0.47619047619047616,0.47087822356867176,0.47046259855455197,0.2193028531128689,0.4899749373433584,0.4909497224312039,0.48286289180116193,0.23651574727785324,0.0728306770324707
Kennard-Stone,KR,LDA,0.6367243867243867,0.6081225213380327,0.6314778267058747,0.4363289159292294,0.5873015873015873,0.559075791898508,0.5828918924911772,0.36003578541063513,0.5275689223057645,0.5346865970647647,0.5231501590825967,0.2988260619315892,0.9574775695800781
Kennard-Stone,KR,KNN,0.7168109668109668,0.6973729865748703,0.7075315669209749,0.569901971906721,0.586940836940837,0.5615921411131712,0.5736533567019929,0.36555156434594727,0.6115288220551378,0.5934108127090583,0.5836976009366143,0.4207433814863087,0.35692310333251953
Kennard-Stone,KR,SVC (RBF),0.2846320346320346,0.3435902146290683,0.14334234914549832,0.04166633303400727,0.2893217893217893,0.3479690872573961,0.1539587858904323,0.05844836104796479,0.31203007518796994,0.3354978354978355,0.15195626846669388,0.02231999795703461,2.7792294025421143
Kennard-Stone,KR,SVC (Linear),0.39574314574314573,0.4134142887543524,0.3745213041435457,0.13648820668348993,0.37842712842712845,0.39978089469559697,0.3696917452184288,0.10396114330081954,0.42857142857142855,0.39553984388292385,0.3749928234740469,0.11957983482721797,1.1649105548858643
Kennard-Stone,KR,Decision Tree,0.9040404040404041,0.9036231901346258,0.9055243749348563,0.8559210023817729,0.5764790764790765,0.5621291159330689,0.5816692467991573,0.3553951488749515,0.6303258145363408,0.6309829799108551,0.6373738182104645,0.4480235092150031,0.18916940689086914
Kennard-Stone,KR,Random Forest,0.9044011544011544,0.9010774379445939,0.9051809372895699,0.8541710539291213,0.6266233766233766,0.6037101139909327,0.6245802218304731,0.4246584136894925,0.6353383458646616,0.6333737015998224,0.6391254545309609,0.4504258372684703,5.8414130210876465
Kennard-Stone,KR,Extra Trees,0.9040404040404041,0.9036231901346258,0.9055243749348563,0.8559210023817729,0.6262626262626263,0.6054202165590227,0.6266878176238294,0.42589043199442256,0.6340852130325815,0.6353210539370383,0.6409372438822157,0.45474494840105395,7.8051252365112305
Kennard-Stone,KR,Gradient Boosting,0.7406204906204906,0.718953170935936,0.7369766413987372,0.598569999755597,0.6150793650793651,0.5863164267670894,0.6079185059797618,0.40252488047319346,0.5827067669172933,0.5798557265418864,0.5792324836397948,0.37172987235227994,25.944381713867188
Kennard-Stone,KR,XGBoost,0.8416305916305916,0.828558708007091,0.8408422984778098,0.75587012084862,0.6381673881673882,0.6118143967363637,0.6329915751369369,0.43991808529148996,0.6328320802005013,0.6290480691065486,0.6323190096431883,0.44517794530530674,3.488349199295044
Kennard-Stone,KR,Hist Gradient Boosting,0.9004329004329005,0.8923934278602482,0.9001113019713751,0.8469283837747987,0.6334776334776335,0.6101815357195001,0.6309689881124632,0.43427648606287184,0.6365914786967418,0.6318491269758327,0.6334562121679309,0.4506350425094205,36.81754517555237
Kennard-Stone,KR,AdaBoost,0.5822510822510822,0.5376081641080764,0.5500202816623194,0.3484672241675021,0.5642135642135642,0.5224990978303937,0.5396850456669334,0.31695337019845266,0.5037593984962406,0.4941225116663713,0.4593307157614647,0.2581456866395844,5.611857652664185
Kennard-Stone,KR,MLP,0.8398268398268398,0.8168444111591485,0.8336624870935111,0.756299142066382,0.6266233766233766,0.5990956723440003,0.6186048409978029,0.4223033673906045,0.62531328320802,0.6173853400948918,0.5958122253959329,0.44539203013071793,7.988021612167358
Kennard-Stone,KR_Count,Ridge Classifier,0.6248196248196248,0.6073859359575434,0.6235671927434269,0.4253792934509769,0.5862193362193362,0.568223954373407,0.5852107049094688,0.3670194475785219,0.5513784461152882,0.5451831216938429,0.5485869974646355,0.3208979279642287,0.0666658878326416
Kennard-Stone,KR_Count,Logistic Reg (L1),0.6165223665223665,0.6031655570784807,0.6184679433140168,0.4157016557979455,0.5746753246753247,0.5608009881626456,0.5780543732699325,0.35297511278701044,0.5401002506265664,0.5329270036872377,0.5431041523366776,0.304468718454694,22.360941171646118
Kennard-Stone,KR_Count,Logistic Reg (EN),0.6161616161616161,0.6028900749848168,0.6181204655032647,0.41515078937769906,0.5764790764790765,0.5626608528735336,0.5799974232417234,0.3558691583110569,0.5401002506265664,0.5329270036872377,0.5431041523366776,0.304468718454694,22.41887903213501
Kennard-Stone,KR_Count,Naive Bayes,0.4668109668109668,0.471067060147448,0.45266418575375716,0.227671311750301,0.4595959595959596,0.46164288239240014,0.4474972416446491,0.2131218750495777,0.487468671679198,0.47504374551158174,0.46406555465391475,0.22309280381365074,0.053232669830322266
Kennard-Stone,KR_Count,LDA,0.6334776334776335,0.6009357946956584,0.623799124434425,0.4295558415305303,0.6020923520923521,0.569602780045176,0.5932878148247409,0.38098710372347466,0.5238095238095238,0.5217068145918048,0.514477309127314,0.2854832644513142,0.19559264183044434
Kennard-Stone,KR_Count,KNN,0.7352092352092352,0.7190795885477616,0.7285562764237106,0.5981664679360077,0.5829725829725829,0.5584874811608947,0.5694228148620533,0.36074505120713096,0.6228070175438597,0.6100114058203726,0.6099911779166218,0.4312548739288005,0.23746156692504883
Kennard-Stone,KR_Count,SVC (RBF),0.2875180375180375,0.33999294097242444,0.2076931858289598,0.014911406815148067,0.2756132756132756,0.3332961548723467,0.12051809988070149,-0.000613672247706607,0.39348370927318294,0.36245578838171433,0.32449843038899345,0.060974450790165974,1.598895788192749
Kennard-Stone,KR_Count,SVC (Linear),0.29292929292929293,0.33629177186255266,0.24505842546477513,0.008783948586968716,0.3297258297258297,0.35311811251839814,0.32106602276296864,0.03454408233522777,0.3634085213032581,0.32572405574354896,0.27299684725273216,-0.018955976990700136,0.8776469230651855
Kennard-Stone,KR_Count,Decision Tree,0.9375901875901876,0.9376046992996315,0.9383489210987473,0.9062376956774939,0.588023088023088,0.5707893440927835,0.5905491612436015,0.3699407275236277,0.6553884711779449,0.6608913611837589,0.6598064228416155,0.4942410760047253,0.27637267112731934
Kennard-Stone,KR_Count,Random Forest,0.937950937950938,0.9352504586578586,0.9382553933378338,0.9050477291288112,0.636002886002886,0.6100620730283297,0.6310428303184835,0.4374831916480404,0.6679197994987469,0.6638288611972822,0.6704889081296116,0.498925466765366,6.549041509628296
Kennard-Stone,KR_Count,Extra Trees,0.9375901875901876,0.9376046992996315,0.9383489210987473,0.9062376956774939,0.6403318903318903,0.6165963240063292,0.6366759666818657,0.44476726228619146,0.6629072681704261,0.665781208178869,0.6680174014115298,0.5014840040418962,7.219870090484619
Kennard-Stone,KR_Count,Gradient Boosting,0.7525252525252525,0.7274436054077328,0.7465196598042919,0.6171026479422002,0.6266233766233766,0.5924100506266893,0.6144475515125541,0.4190711898731844,0.6390977443609023,0.6286451798147704,0.6187097444436183,0.4611211770173815,33.434874534606934
Kennard-Stone,KR_Count,XGBoost,0.8376623376623377,0.8202892802369243,0.8352195567683955,0.7496401054132658,0.6378066378066378,0.6078651730070853,0.6307606263212666,0.43804723876317675,0.6629072681704261,0.6543757664615364,0.6552276426548967,0.4906413205749002,3.6891183853149414
Kennard-Stone,KR_Count,Hist Gradient Boosting,0.933982683982684,0.927692175139506,0.9336704151394951,0.898693150727947,0.6374458874458875,0.6120675229533167,0.6340724320458823,0.43988237093911375,0.6704260651629073,0.6640099486103385,0.6670379820005135,0.5012737214170543,36.30164647102356
Kennard-Stone,KR_Count,AdaBoost,0.5847763347763347,0.5408230834105731,0.5553767168578296,0.3509310430825007,0.5721500721500722,0.5270072907739182,0.5443612372170469,0.3292820601251848,0.49624060150375937,0.48956658459582436,0.45961975129131866,0.25099496504713437,5.887484073638916
Kennard-Stone,KR_Count,MLP,0.7766955266955267,0.7486469172946789,0.7697308284412439,0.6554002779737,0.613997113997114,0.5856434478231116,0.6026994877331401,0.40332275616284213,0.6127819548872181,0.6124443205339891,0.6084758105820425,0.4189606652087724,8.615255117416382
Kennard-Stone,AtomPairs2D,Ridge Classifier,0.7507215007215007,0.7451469131195577,0.7519072919419763,0.6199294090796525,0.5703463203463204,0.5548970395209029,0.5722227877754956,0.34485183673198755,0.6140350877192983,0.6070473999323903,0.6155745370149093,0.4166121272778468,0.46926450729370117
Kennard-Stone,AtomPairs2D,Logistic Reg (L1),0.7716450216450217,0.7704021747935674,0.7738519461411085,0.6541763666641421,0.5631313131313131,0.5502658449738788,0.5668314466260024,0.3360703708134434,0.6303258145363408,0.6232986023434367,0.6301472023907243,0.44043167970577646,89.85008525848389
Kennard-Stone,AtomPairs2D,Logistic Reg (EN),0.7727272727272727,0.7714080283859087,0.7749143316294475,0.6557302175858183,0.562049062049062,0.5496002167737432,0.565945540693529,0.33477812198295775,0.6265664160401002,0.6203191256797495,0.6270869516660049,0.43501507158754116,90.98917150497437
Kennard-Stone,AtomPairs2D,Naive Bayes,0.474025974025974,0.48740037139420894,0.47733323265796096,0.22794416721246485,0.4574314574314574,0.4686050037762255,0.4625199608340839,0.20335938541848242,0.41102756892230574,0.4335291269989126,0.37464518923182255,0.16884974603861888,0.10569548606872559
Kennard-Stone,AtomPairs2D,LDA,0.7604617604617605,0.7438393663474452,0.7585245732656225,0.6299236469051583,0.5822510822510822,0.558873329242076,0.580658961192279,0.3553105429732973,0.62531328320802,0.6218422938695843,0.6251666060586921,0.43471435364988104,3.1255788803100586
Kennard-Stone,AtomPairs2D,KNN,0.7619047619047619,0.7435786616527617,0.7559773219602051,0.6361457392943832,0.6284271284271284,0.6061371626027555,0.6203100321714903,0.4328483426996952,0.6390977443609023,0.6318754164758064,0.6314015827584667,0.4545527425751653,0.8412458896636963
Kennard-Stone,AtomPairs2D,SVC (RBF),0.28823953823953824,0.34434172742371844,0.1479752230906119,0.05495648546226295,0.2792207792207792,0.33661340621685315,0.13319333107825454,0.018767146747074855,0.3132832080200501,0.3368695776103183,0.15421780061215032,0.050714897526342055,5.750685691833496
Kennard-Stone,AtomPairs2D,SVC (Linear),0.487012987012987,0.49596157869035445,0.49049669887610836,0.24877772713266966,0.4509379509379509,0.44883074192049865,0.44988414156598705,0.18375697030540275,0.462406015037594,0.44173092808570397,0.442855002292742,0.17746229302160688,3.8338634967803955
Kennard-Stone,AtomPairs2D,Decision Tree,0.9559884559884559,0.9559341215745434,0.9564449540347383,0.9340104800852667,0.5714285714285714,0.5556370246430117,0.574780709758607,0.3457782123971502,0.6528822055137845,0.6581478769587931,0.6571828121257768,0.4905951182806369,0.9107332229614258
Kennard-Stone,AtomPairs2D,Random Forest,0.9559884559884559,0.9545044823270731,0.956292363661826,0.9328165016471979,0.6554834054834054,0.6240038910684468,0.6459260699564394,0.4655093558809565,0.6779448621553885,0.6744022348310846,0.6810355836078037,0.5146564457344693,9.73108172416687
Kennard-Stone,AtomPairs2D,Extra Trees,0.9559884559884559,0.9559341215745434,0.9564449540347383,0.9340104800852667,0.6688311688311688,0.6406908387030635,0.6617231472460444,0.48748459366900654,0.6679197994987469,0.671691657559104,0.6724538737656225,0.5116525825936383,12.452082633972168
Kennard-Stone,AtomPairs2D,Gradient Boosting,0.8538961038961039,0.8360501841626119,0.8511057153043945,0.7753420622700904,0.658008658008658,0.6281902038496643,0.6500769248538897,0.4689290235906103,0.6691729323308271,0.6654657702415988,0.6617628040627805,0.5019742636140876,114.86248707771301
Kennard-Stone,AtomPairs2D,XGBoost,0.9545454545454546,0.948596600757226,0.9543676752351294,0.9300852070493569,0.663059163059163,0.6357699774944695,0.6576618916451348,0.4789129751334676,0.6854636591478697,0.6815843891867283,0.6814021926337569,0.5251086283511301,15.014496088027954
Kennard-Stone,AtomPairs2D,Hist Gradient Boosting,0.9559884559884559,0.95012521568297,0.9558154188797897,0.9323225557182909,0.6663059163059163,0.6419602364340459,0.662331275507181,0.48468433273904193,0.6766917293233082,0.6753005856319696,0.6747713026409649,0.5132350924700553,122.93944144248962
Kennard-Stone,AtomPairs2D,AdaBoost,0.6291486291486291,0.5970239157092535,0.6195099807801934,0.422487120011269,0.5804473304473304,0.5470686834924415,0.5701190971549522,0.3454381969092533,0.5601503759398496,0.5652528288980531,0.556668099011869,0.34579720589580404,17.445221662521362
Kennard-Stone,AtomPairs2D,MLP,0.7640692640692641,0.7294527930603484,0.7442315741569405,0.6439778038501706,0.6244588744588745,0.5955194478053268,0.6171829026927963,0.41840622307873165,0.631578947368421,0.6209923027661819,0.5918789854851504,0.4608979417384355,8.749949216842651
Kennard-Stone,AP2D_Count,Ridge Classifier,0.7308802308802309,0.721973083155728,0.7317167374388582,0.5886119849508508,0.5901875901875901,0.5739937840215904,0.5910198229601028,0.373557212075349,0.5852130325814536,0.5779229253888123,0.5831371888131047,0.3718710678946798,0.4935488700866699
Kennard-Stone,AP2D_Count,Logistic Reg (L1),0.6966089466089466,0.6860991632153234,0.6984989930651622,0.5366445182522259,0.6017316017316018,0.5835026317904145,0.6030185700941845,0.3898424669053423,0.5902255639097744,0.5829426872311863,0.5899584202904616,0.3794434996195411,87.91627478599548
Kennard-Stone,AP2D_Count,Logistic Reg (EN),0.6962481962481962,0.6856814522712966,0.6981420447850892,0.5360927658290591,0.6020923520923521,0.5837781138840784,0.6033691571432098,0.39034125723631613,0.5902255639097744,0.5829426872311863,0.5899584202904616,0.3794434996195411,88.76226353645325
Kennard-Stone,AP2D_Count,Naive Bayes,0.41883116883116883,0.4290560950860558,0.3681599703674012,0.1939977416838061,0.39826839826839827,0.40982858795554505,0.3458162874784826,0.1523612385171142,0.4473684210526316,0.4116611314467065,0.36446083700960535,0.16414277922419745,0.09724974632263184
Kennard-Stone,AP2D_Count,LDA,0.7474747474747475,0.7276258973483353,0.7452756564776453,0.60945941487148,0.601010101010101,0.5754368812574179,0.5981571170397771,0.38310769914159404,0.5927318295739349,0.5895384126378279,0.590430604950298,0.38592558619086137,1.0806729793548584
Kennard-Stone,AP2D_Count,KNN,0.7568542568542569,0.7364869614938504,0.7490923403455897,0.6283891288264073,0.6176046176046176,0.5924057507939869,0.608031788821581,0.4124709932930282,0.6378446115288221,0.6264056678286698,0.6244389315037114,0.4548431976750872,0.6021437644958496
Kennard-Stone,AP2D_Count,SVC (RBF),0.3225108225108225,0.3777143014749167,0.24162498176817082,0.06768714427267135,0.29148629148629146,0.34340713284950364,0.21299657429782262,0.021054165707367685,0.33208020050125314,0.34214500393837627,0.24370664182701923,0.021666977864672875,5.17201828956604
Kennard-Stone,AP2D_Count,SVC (Linear),0.39141414141414144,0.40490397636743986,0.3951850505164119,0.11259432441492154,0.37265512265512263,0.40684054763565775,0.35101191859016256,0.11097279603764246,0.38095238095238093,0.3752576569340702,0.35883630173289816,0.0699769905510748,3.0480220317840576
Kennard-Stone,AP2D_Count,Decision Tree,0.9559884559884559,0.9559341215745434,0.9564449540347383,0.9340104800852667,0.5927128427128427,0.5795038199106437,0.595663784270067,0.3796160553422996,0.656641604010025,0.6613946302055463,0.6593944315912812,0.49403992616362963,1.1496398448944092
Kennard-Stone,AP2D_Count,Random Forest,0.9559884559884559,0.9546467111774359,0.9563045429898764,0.9328420967199895,0.6742424242424242,0.6461282039853647,0.6674829210339929,0.4958196350081736,0.6741854636591479,0.6705542850767022,0.6774852934094748,0.5093086066809333,10.927615642547607
Kennard-Stone,AP2D_Count,Extra Trees,0.9559884559884559,0.9559341215745434,0.9564449540347383,0.9340104800852667,0.6756854256854257,0.6509038739956348,0.6711104929939236,0.4992018088635198,0.6641604010025063,0.66686345926112,0.6694180803518002,0.5033413009550417,11.51783537864685
Kennard-Stone,AP2D_Count,Gradient Boosting,0.8535353535353535,0.8347298174185122,0.8508767025737943,0.7748106400303836,0.6681096681096681,0.6379943375233839,0.6602053000665437,0.4850123511602979,0.6716791979949874,0.6665833805210024,0.6627145397736252,0.5055193067753222,143.3192777633667
Kennard-Stone,AP2D_Count,XGBoost,0.9440836940836941,0.9358453303003517,0.9436583609194882,0.9140382929501447,0.6774891774891775,0.6513786286638813,0.6730506832426258,0.5015300937251926,0.6879699248120301,0.6840383823814623,0.6843898587837896,0.5284779926982275,20.05984663963318
Kennard-Stone,AP2D_Count,Hist Gradient Boosting,0.9559884559884559,0.9514303495603128,0.955965586334879,0.9323441301185992,0.6645021645021645,0.6423332356246507,0.6622198593879169,0.4833160810617128,0.6691729323308271,0.6656226778059137,0.668248073732901,0.4996079063918165,109.27699518203735
Kennard-Stone,AP2D_Count,AdaBoost,0.6291486291486291,0.5896319032331959,0.61178723192054,0.4220707947181328,0.5948773448773449,0.5579020749340647,0.5821286210968227,0.367147296457084,0.5401002506265664,0.5378913736613541,0.5255661935145624,0.3105285894125339,20.13366460800171
Kennard-Stone,AP2D_Count,MLP,0.7932900432900433,0.7808839975264484,0.7955099891324495,0.6842680188851333,0.6522366522366523,0.620243626821948,0.6389587185538242,0.4618661783825339,0.6140350877192983,0.6155099863676862,0.6201741363908306,0.4229484784680557,10.611747741699219
Kennard-Stone,CDK_FP,Ridge Classifier,0.8427128427128427,0.841810078468061,0.8445937224259958,0.7623280731746728,0.5764790764790765,0.5655119148743738,0.5827169250387523,0.35997704039126005,0.6428571428571429,0.6353242093982834,0.6451432022325251,0.4602833651210242,0.8034892082214355
Kennard-Stone,CDK_FP,Logistic Reg (L1),0.9036796536796536,0.9038841984744937,0.9047160202952277,0.8541811111058343,0.6103896103896104,0.5950680033272283,0.6138678442535456,0.4063403410128525,0.6604010025062657,0.647067772311437,0.6550487723352058,0.48715624990765805,207.03970432281494
Kennard-Stone,CDK_FP,Logistic Reg (EN),0.902958152958153,0.9032095946672966,0.9040058081257273,0.8530647676739981,0.6103896103896104,0.5949443637073588,0.613881460271991,0.4063403410128525,0.6604010025062657,0.6473350488945031,0.6554010125412149,0.4870158664440969,215.5719735622406
Kennard-Stone,CDK_FP,Naive Bayes,0.5541125541125541,0.5410918925398246,0.5584054999652933,0.3178419071608794,0.5357142857142857,0.5194410582584134,0.5391996354918452,0.28884258645875766,0.43107769423558895,0.4500662322299749,0.40772383709984483,0.2029572023160574,0.21222496032714844
Kennard-Stone,CDK_FP,LDA,0.8477633477633477,0.8383937014301002,0.8484065524534357,0.7663983305583264,0.586940836940837,0.5728576232672027,0.5907627274866855,0.37105093588193777,0.6403508771929824,0.6407316061312163,0.6442853924470627,0.4607426598851279,4.79636812210083
Kennard-Stone,CDK_FP,KNN,0.7615440115440115,0.7455853261584867,0.7562187399897227,0.6360493804073272,0.623015873015873,0.6013179954198016,0.6125757125236209,0.4240815268877148,0.6265664160401002,0.6135476500973577,0.6133315692142979,0.43683955810440556,0.9331834316253662
Kennard-Stone,CDK_FP,SVC (RBF),0.2839105339105339,0.3420873119437713,0.13780004988732564,0.03576387055580794,0.29329004329004327,0.3518648676267855,0.16466613336887437,0.06417839448384446,0.32456140350877194,0.34805729250173695,0.17813381953760488,0.07860146280886891,10.623518943786621
Kennard-Stone,CDK_FP,SVC (Linear),0.5111832611832612,0.5096903046851693,0.5035831260949006,0.27722167946097287,0.5061327561327561,0.5000968501619821,0.5091611816947066,0.26030984966380216,0.45614035087719296,0.4417741669203658,0.4247628929752718,0.17583308686159155,7.147852659225464
Kennard-Stone,CDK_FP,Decision Tree,0.9487734487734488,0.9475418584827637,0.9492326233803754,0.9221913685287776,0.6020923520923521,0.5845329215904631,0.6034473545748191,0.39104551346212185,0.6541353383458647,0.6466681286369395,0.6551078920002518,0.47695971984552116,2.805006265640259
Kennard-Stone,CDK_FP,Random Forest,0.9487734487734488,0.9462981115402268,0.949062204972945,0.9216474132464573,0.661976911976912,0.6356296012412148,0.6553482977180862,0.4776120058938869,0.6679197994987469,0.6574586520980282,0.664349669317818,0.4976814410028319,14.124638795852661
Kennard-Stone,CDK_FP,Extra Trees,0.9487734487734488,0.9475418584827637,0.9492326233803754,0.9221913685287776,0.658008658008658,0.6343190144024333,0.65432165840102,0.47263930047797204,0.6578947368421053,0.6507611405272224,0.6590243108766936,0.4826856835086793,18.542301654815674
Kennard-Stone,CDK_FP,Gradient Boosting,0.8484848484848485,0.8348061932194802,0.8468872567924006,0.7666440605823943,0.6569264069264069,0.632898578495913,0.651909730291885,0.4704185010972508,0.650375939849624,0.644065594357992,0.6445870517460511,0.4712948514578215,290.9908752441406
Kennard-Stone,CDK_FP,XGBoost,0.946969696969697,0.9409123532874127,0.9467578087829525,0.9186083095836887,0.6648629148629148,0.6410312303771558,0.6610332379479986,0.48345857951351023,0.6716791979949874,0.6600361590615003,0.6599177151116806,0.5066686226046622,37.574692487716675
Kennard-Stone,CDK_FP,Hist Gradient Boosting,0.9487734487734488,0.9436813587919577,0.9486958995696397,0.921453033860691,0.6637806637806638,0.6412003860487039,0.660347425129651,0.4823116137709819,0.6666666666666666,0.6526560400829408,0.6525834421210366,0.5003835204246636,265.53956508636475
Kennard-Stone,CDK_FP,AdaBoost,0.6414141414141414,0.6136764032302497,0.6368885893848241,0.4436164992396757,0.5836940836940837,0.5527328247348788,0.5751275212945266,0.3523225152450783,0.5238095238095238,0.5367638642492444,0.5194408185305188,0.3012008504316928,38.581244230270386
Kennard-Stone,CDK_FP,MLP,0.8362193362193362,0.824926654324936,0.8357165289261363,0.7480542201360216,0.6385281385281385,0.6062018625234137,0.6296461109502799,0.4378330881551459,0.6441102756892231,0.6428426097042081,0.6482685897325438,0.4647854680782514,15.646259069442749
Kennard-Stone,CDK_Extended,Ridge Classifier,0.8282828282828283,0.8273029453908233,0.8304093151029638,0.7404579427125668,0.5717893217893217,0.5594876829764979,0.5761785892023455,0.3505194757391248,0.6491228070175439,0.63944351078854,0.6480839524582931,0.4688076176638111,0.6715924739837646
Kennard-Stone,CDK_Extended,Logistic Reg (L1),0.8849206349206349,0.8840364129136393,0.8861876262019417,0.8253783703331298,0.5851370851370852,0.5698776512336471,0.5867008979257502,0.3675082505272967,0.6516290726817042,0.6422314239078372,0.6504582145729123,0.47252277961662553,177.5140151977539
Kennard-Stone,CDK_Extended,Logistic Reg (EN),0.8845598845598845,0.8839031596703381,0.8858401899643806,0.8248980095681746,0.584054834054834,0.5688039257129164,0.5858233814525018,0.3659193751799202,0.6516290726817042,0.6422314239078372,0.6504582145729123,0.47252277961662553,179.50560069084167
Kennard-Stone,CDK_Extended,Naive Bayes,0.4725829725829726,0.4617624390689848,0.4436340900281726,0.2154115471859631,0.4671717171717172,0.45609076453411235,0.4425879053895053,0.20465968449494176,0.449874686716792,0.4313770303049056,0.4380820481538944,0.15950019547104205,0.15662932395935059
Kennard-Stone,CDK_Extended,LDA,0.8333333333333334,0.8242825614365482,0.8344367162748612,0.7446580592891109,0.5761183261183261,0.5583342252910629,0.5777529877068349,0.35158522927164665,0.6441102756892231,0.6396130762602498,0.6461024294005367,0.4627636716030378,3.189530611038208
Kennard-Stone,CDK_Extended,KNN,0.7604617604617605,0.7404539701553655,0.7527839593706747,0.6340541852017109,0.6150793650793651,0.5909096819327536,0.6038939633639633,0.41120991891642406,0.6290726817042607,0.6212798283948381,0.6201461104279263,0.43973347555314607,0.7512435913085938
Kennard-Stone,CDK_Extended,SVC (RBF),0.27705627705627706,0.3348619482590774,0.12217421990637153,0.025703322357081552,0.275974025974026,0.33339222965466114,0.1224891684558898,0.0025140334240284813,0.30952380952380953,0.3333333333333333,0.14632034632034632,0.0,9.440749645233154
Kennard-Stone,CDK_Extended,SVC (Linear),0.5815295815295816,0.5713953150512183,0.5800750805909146,0.37228405922025726,0.4862914862914863,0.48963888707244,0.48791638533631676,0.24218188926332201,0.4699248120300752,0.4671115109711601,0.4735905271968664,0.2004698068745226,6.101459264755249
Kennard-Stone,CDK_Extended,Decision Tree,0.9512987012987013,0.9509547743271033,0.9517737563780547,0.9263850668515112,0.5909090909090909,0.574910047825201,0.5920878544188319,0.3738669441302519,0.6604010025062657,0.6560663183470201,0.663462787163724,0.4884544326541258,1.3565750122070312
Kennard-Stone,CDK_Extended,Random Forest,0.9512987012987013,0.9494758523817368,0.9515845014605717,0.9255560587173464,0.6572871572871573,0.6251768200013397,0.6453003214546247,0.4686476439265727,0.6741854636591479,0.666834627360943,0.6743734429100332,0.5070938204241193,12.091594219207764
Kennard-Stone,CDK_Extended,Extra Trees,0.9512987012987013,0.9509547743271033,0.9517737563780547,0.9263850668515112,0.6558441558441559,0.6275636067076233,0.6484180212091765,0.46729494633608903,0.6666666666666666,0.6623016179546394,0.6697215386738469,0.49809077282872255,16.809900999069214
Kennard-Stone,CDK_Extended,Gradient Boosting,0.8528138528138528,0.8382421029569004,0.8511916803668896,0.7732288945818714,0.6471861471861472,0.617884388686513,0.6389510497202894,0.4536429443773888,0.6553884711779449,0.6459224660979047,0.6472265645069278,0.4791200478646304,205.31291580200195
Kennard-Stone,CDK_Extended,XGBoost,0.9484126984126984,0.9418971270357828,0.9481949064282337,0.9206488909009835,0.6533189033189033,0.6270825947796813,0.64727856809897,0.46410361573755676,0.6679197994987469,0.6594399571982418,0.6613216372516062,0.498163078653405,25.714444637298584
Kennard-Stone,CDK_Extended,Hist Gradient Boosting,0.9512987012987013,0.9456162184411889,0.9511469533396726,0.9251095093941261,0.6601731601731602,0.6367453039012948,0.6563026858409516,0.4754053668843957,0.6704260651629073,0.6627179945893397,0.6642505564112684,0.5019598124086896,214.233412027359
Kennard-Stone,CDK_Extended,AdaBoost,0.6356421356421357,0.6019138557165562,0.623155338581886,0.43241488952655605,0.577922077922078,0.5386760263848868,0.559004474125322,0.3396273343676571,0.5363408521303258,0.5422394369762791,0.5269246047919603,0.31001149787938476,27.332996129989624
Kennard-Stone,CDK_Extended,MLP,0.7514430014430015,0.7093119248295982,0.7355983974396527,0.6238375561881423,0.6143578643578643,0.5768089327497128,0.594492963883703,0.3998082896628867,0.6077694235588973,0.6034584324058009,0.5781994199833679,0.4288501870109654,15.471705913543701
Kennard-Stone,CDK_GraphOnly,Ridge Classifier,0.465007215007215,0.46161676167688337,0.46999627815182077,0.20293428160167212,0.4549062049062049,0.4553748342558182,0.45933314341789033,0.19388454978390346,0.37468671679197996,0.3921685671198342,0.3314750991750871,0.10985472446132079,0.05341362953186035
Kennard-Stone,CDK_GraphOnly,Logistic Reg (L1),0.4556277056277056,0.4609241289368547,0.46293420430738697,0.20066386083630794,0.4448051948051948,0.4471637551612,0.45681381418679823,0.18266765069643112,0.37844611528822053,0.39619493566861985,0.3338388265663148,0.11952880147648766,0.43689489364624023
Kennard-Stone,CDK_GraphOnly,Logistic Reg (EN),0.4556277056277056,0.4609241289368547,0.46293420430738697,0.20066386083630794,0.4448051948051948,0.4471637551612,0.45681381418679823,0.18266765069643112,0.37844611528822053,0.39619493566861985,0.3338388265663148,0.11952880147648766,1.773688793182373
Kennard-Stone,CDK_GraphOnly,Naive Bayes,0.43975468975468973,0.4329549769741157,0.3698698576938074,0.19652108553600794,0.43975468975468973,0.4329549769741157,0.3698698576938074,0.19652108553600794,0.4323308270676692,0.39045659416029793,0.32388265295876434,0.1470388831867524,0.031002283096313477
Kennard-Stone,CDK_GraphOnly,LDA,0.5082972582972582,0.4362647998560722,0.415845864789729,0.22057384353575823,0.5036075036075036,0.43181157030577105,0.41155635098646765,0.21074642298784305,0.3508771929824561,0.37279764131615983,0.23122237240282092,0.12865865225003423,0.03692364692687988
Kennard-Stone,CDK_GraphOnly,KNN,0.43542568542568544,0.4402130367385008,0.3862339312496853,0.2049662830998091,0.42063492063492064,0.4239234034056049,0.3915080178429889,0.15416004431932565,0.4323308270676692,0.38889806677331046,0.3274538332899164,0.14454731177808558,0.21426630020141602
Kennard-Stone,CDK_GraphOnly,SVC (RBF),0.2756132756132756,0.3333333333333333,0.11909985439397204,0.0,0.2763347763347763,0.3341687552213868,0.12063858339582888,0.018882660568324296,0.30952380952380953,0.3333333333333333,0.14632034632034632,0.0,0.5494120121002197
Kennard-Stone,CDK_GraphOnly,SVC (Linear),0.31024531024531027,0.36997598708813917,0.22284545773661182,0.06606393848205401,0.28354978354978355,0.330651398085452,0.19959231972024086,-0.006440175574385433,0.33709273182957394,0.35126277231540387,0.23280337835282644,0.06478655021091298,0.314194917678833
Kennard-Stone,CDK_GraphOnly,Decision Tree,0.48448773448773447,0.48615398382301356,0.49157565641639583,0.23707500968899764,0.46464646464646464,0.4696675070770113,0.474496835355028,0.2134536432728747,0.36967418546365916,0.3860137588207764,0.32118399800970043,0.1023014955687975,0.030279159545898438
Kennard-Stone,CDK_GraphOnly,Random Forest,0.48448773448773447,0.48599316574215745,0.4915579924070209,0.23688933389893457,0.4657287157287157,0.47063618220836584,0.47552246806904624,0.2149538340440661,0.36967418546365916,0.3860137588207764,0.32118399800970043,0.1023014955687975,3.5357348918914795
Kennard-Stone,CDK_GraphOnly,Extra Trees,0.48448773448773447,0.48615398382301356,0.49157565641639583,0.23707500968899764,0.4642857142857143,0.4693920249833474,0.47405681506945213,0.21297958933029187,0.36967418546365916,0.3860137588207764,0.32118399800970043,0.1023014955687975,2.464045763015747
Kennard-Stone,CDK_GraphOnly,Gradient Boosting,0.5216450216450217,0.470965528788871,0.45598948363080427,0.2523982129007524,0.5111832611832612,0.4522843100713288,0.4393911011154867,0.22768945301428895,0.33709273182957394,0.35472470998786787,0.24371688126380547,0.056329788942337256,5.622260332107544
Kennard-Stone,CDK_GraphOnly,XGBoost,0.5223665223665224,0.47137426412583605,0.456490524761586,0.25338553006023834,0.5108225108225108,0.45529219577291924,0.4378652899697638,0.22990397285150796,0.33709273182957394,0.35472470998786787,0.24371688126380547,0.056329788942337256,1.385455846786499
Kennard-Stone,CDK_GraphOnly,Hist Gradient Boosting,0.522005772005772,0.47109878203217215,0.45626030702093556,0.2527420019553517,0.5119047619047619,0.4566010962964795,0.4401233994208951,0.2318837136586709,0.33709273182957394,0.35472470998786787,0.24371688126380547,0.056329788942337256,8.900413036346436
Kennard-Stone,CDK_GraphOnly,AdaBoost,0.5068542568542569,0.43375917220828164,0.41405919937749835,0.21765180616293006,0.503968253968254,0.4315739046894636,0.41273292794945254,0.2113308184175461,0.3508771929824561,0.37279764131615983,0.23128839131204595,0.12993519502823095,2.6555352210998535
Kennard-Stone,CDK_GraphOnly,MLP,0.5119047619047619,0.44232244356871725,0.42971755293922637,0.22594509684720604,0.5119047619047619,0.45568547050923863,0.4343107787750867,0.2331325691476214,0.3483709273182957,0.369987513749697,0.23679460049975173,0.11373693366933452,5.377960681915283
Kennard-Stone,EState,Ridge Classifier,0.5140692640692641,0.4986322971405263,0.5154211160516872,0.2560961485955696,0.5025252525252525,0.48663768698714466,0.5033164273800491,0.23813123230921693,0.40977443609022557,0.4301066235764092,0.3846337463337222,0.14463489057674592,0.044907331466674805
Kennard-Stone,EState,Logistic Reg (L1),0.5028860028860029,0.4926905157547208,0.5074309960572033,0.24486351906441226,0.49242424242424243,0.48092836225680236,0.49550760619536344,0.22716721912097204,0.39974937343358397,0.4197790152955845,0.37297488724588185,0.13152660258213483,0.8477814197540283
Kennard-Stone,EState,Logistic Reg (EN),0.4989177489177489,0.49014266696698633,0.5038468483610203,0.23996376270070882,0.49206349206349204,0.48051065131277565,0.4951817257939508,0.2266235982428317,0.39849624060150374,0.4183850587359359,0.37172630896259634,0.12964040662845247,2.085665702819824
Kennard-Stone,EState,Naive Bayes,0.5010822510822511,0.4615310668606092,0.4741652085823951,0.21366247635916794,0.5,0.4595110220852348,0.47248946818673876,0.21151560663877017,0.3458646616541353,0.3647059568112199,0.2629185544713387,0.07360131979332935,0.026843547821044922
Kennard-Stone,EState,LDA,0.5367965367965368,0.48250206126280176,0.4970872311282259,0.26720137771031977,0.5277777777777778,0.4758994666219296,0.49051026746028814,0.2516243237933742,0.35964912280701755,0.38110928851669584,0.2742110957070612,0.11399226194289352,0.04777169227600098
Kennard-Stone,EState,KNN,0.6313131313131313,0.600129790242268,0.6192186133795196,0.4254681549290036,0.549062049062049,0.5263777583950935,0.5373534756903817,0.3043598583649537,0.40476190476190477,0.4132572358693216,0.376417572540425,0.14597633958353812,0.15498709678649902
Kennard-Stone,EState,SVC (RBF),0.275974025974026,0.3337510442773601,0.11985414372450502,0.016449092207179668,0.2766955266955267,0.3345864661654135,0.12145063957038081,0.019913746903361663,0.30952380952380953,0.3333333333333333,0.14632034632034632,0.0,0.7822573184967041
Kennard-Stone,EState,SVC (Linear),0.32792207792207795,0.38355760783552056,0.2583704529443681,0.07887114152366693,0.32431457431457433,0.36732909032565836,0.2854102413104304,0.05176492813259349,0.34461152882205515,0.35860253745244,0.2458544531340157,0.08377803383888432,0.4343256950378418
Kennard-Stone,EState,Decision Tree,0.7204184704184704,0.7243694057667353,0.7251252198386055,0.5849181647983525,0.549062049062049,0.5446932961324604,0.5574039429264792,0.3241727956682881,0.5538847117794486,0.5342316697092525,0.5446049244308526,0.3248042032782657,0.06485414505004883
Kennard-Stone,EState,Random Forest,0.7207792207792207,0.7225412828221015,0.7240911342825141,0.5834365923804556,0.5692640692640693,0.5561798175215344,0.5730246526398743,0.34480328249481795,0.550125313283208,0.529648533547169,0.5389161972353683,0.31886866482911336,3.8025007247924805
Kennard-Stone,EState,Extra Trees,0.7204184704184704,0.7243694057667353,0.7251252198386055,0.5849181647983525,0.5602453102453102,0.5511797844458982,0.5675420994642225,0.3361257893834876,0.5526315789473685,0.5331494186270015,0.5434497657735593,0.32270480871381835,4.693899869918823
Kennard-Stone,EState,Gradient Boosting,0.6341991341991342,0.5988440661603818,0.6149873941627211,0.4317720111571728,0.5703463203463204,0.5352837186500354,0.5510568343096552,0.3288554733943092,0.5238095238095238,0.514088377148806,0.46674515364863356,0.29896064759675384,8.384376287460327
Kennard-Stone,EState,XGBoost,0.7106782106782107,0.6837423433968938,0.7013217228118706,0.553036121860318,0.5883838383838383,0.5563932023675504,0.5746520340017731,0.35946178194125733,0.5375939849624061,0.5270844598329978,0.48300589392870735,0.31880949098500705,3.760699987411499
Kennard-Stone,EState,Hist Gradient Boosting,0.7308802308802309,0.7101525213376713,0.7228404574233506,0.5873024579733201,0.5836940836940837,0.5553599502195409,0.5727689000301682,0.35437529115019056,0.5601503759398496,0.5421788881827868,0.5196074998898704,0.3445008673045347,13.597156286239624
Kennard-Stone,EState,AdaBoost,0.5270562770562771,0.47320209969199173,0.4848384160941333,0.2508218791978517,0.5209235209235209,0.466323218659199,0.4758896916352999,0.24007937548600675,0.35964912280701755,0.37857051258610713,0.2793560904395545,0.10310562727260145,2.9321162700653076
Kennard-Stone,EState,MLP,0.674963924963925,0.6572784600215147,0.6670099692117978,0.503391571585996,0.5696248196248196,0.5250910203551803,0.5421948237500098,0.3247103615046919,0.550125313283208,0.5323851298510167,0.511123777723441,0.326368794742682,8.098392486572266
