molecule_chembl_id,SubFPC_0,SubFPC_1,SubFPC_2,SubFPC_3,SubFPC_4,SubFPC_11,SubFPC_13,SubFPC_17,SubFPC_22,SubFPC_48,SubFPC_84,SubFPC_87,SubFPC_132,SubFPC_134,SubFPC_136,SubFPC_168,SubFPC_170,SubFPC_171,SubFPC_176,SubFPC_178,SubFPC_179,SubFPC_180,SubFPC_181,SubFPC_183,SubFPC_210,SubFPC_213,SubFPC_273,SubFPC_274,SubFPC_278,SubFPC_286,SubFPC_287,SubFPC_288,SubFPC_289,SubFPC_294,SubFPC_295,SubFPC_296,SubFPC_297,SubFPC_299,SubFPC_300,SubFPC_301,SubFPC_302,SubFPC_304,SubFPC_306
CHEMBL10026,0,0,0,0,1,0,0,1,0,1,0,0,0,1,3,0,0,0,0,0,0,1,0,1,0,0,18,2,1,5,0,0,0,5,0,0,0,0,1,2,1,0,21
CHEMBL100615,2,7,3,2,1,0,0,0,0,2,0,1,0,0,2,0,0,0,0,0,0,0,0,0,0,0,6,0,5,1,0,0,0,7,0,0,0,4,1,5,1,2,18
CHEMBL10072,0,0,0,0,1,0,0,1,0,1,0,0,0,1,3,0,0,0,0,0,0,1,0,1,0,0,18,2,1,5,0,0,0,5,0,0,0,0,1,2,1,0,21
CHEMBL100749,0,0,0,0,0,0,0,0,0,0,0,0,0,0,0,0,1,0,0,0,2,4,0,6,0,0,20,6,1,0,0,0,0,8,0,0,0,0,2,3,0,0,17
CHEMBL101323,2,8,3,2,0,0,0,0,1,2,0,0,0,0,2,0,0,0,0,0,0,0,0,0,0,0,0,0,5,1,0,0,0,3,0,0,0,3,1,0,1,2,9
CHEMBL10137,0,0,0,0,1,0,0,2,0,1,0,0,0,1,3,0,0,0,0,0,0,1,0,1,0,0,18,2,1,5,0,0,0,7,0,0,0,0,1,3,1,0,21
CHEMBL101540,1,8,3,2,1,0,0,0,0,2,0,0,0,0,2,0,0,0,0,0,0,0,0,0,0,0,0,0,5,1,0,0,0,4,0,0,0,2,1,2,1,2,9
CHEMBL101595,2,10,3,2,1,0,0,0,0,2,0,0,0,0,2,0,0,0,0,0,0,0,0,0,0,0,0,0,5,1,0,0,0,2,0,0,0,2,1,2,1,2,9
CHEMBL101743,1,6,1,0,0,0,0,0,0,0,1,1,0,0,0,0,0,0,0,0,0,1,0,1,0,0,6,1,0,0,0,0,0,5,0,0,0,1,1,5,0,1,8
CHEMBL101893,2,7,3,2,1,0,0,0,0,1,1,1,0,0,2,0,0,0,0,0,0,0,0,0,0,0,0,0,5,1,0,0,0,4,0,0,0,2,1,3,1,1,11
CHEMBL101947,2,7,3,2,2,0,0,0,0,1,0,0,0,0,3,0,0,0,0,0,0,0,0,0,0,0,0,0,5,2,0,1,1,1,0,0,0,1,1,0,2,0,10
CHEMBL102409,0,6,0,0,0,0,0,0,0,0,1,1,0,0,0,0,0,0,0,0,0,1,0,1,0,0,6,1,0,0,0,0,0,5,0,0,0,1,1,4,0,1,7
CHEMBL102510,2,1,0,0,0,0,0,0,0,0,1,1,0,0,0,0,0,0,0,0,0,1,0,1,0,0,6,1,0,0,0,0,0,5,0,0,0,1,1,4,0,1,7
CHEMBL102536,3,4,1,2,0,0,0,0,0,0,1,1,0,0,0,0,0,0,0,0,0,1,0,1,0,0,6,1,0,0,0,0,0,5,0,0,0,1,1,4,0,1,10
CHEMBL102884,3,5,1,1,0,0,0,0,0,0,1,1,0,0,0,0,0,0,0,0,0,1,0,1,0,0,6,1,0,0,0,0,0,5,0,0,0,1,1,5,0,1,9
CHEMBL102981,1,5,1,0,0,0,0,0,0,0,1,1,0,0,0,0,0,0,0,0,0,1,0,1,0,0,6,1,0,0,0,0,0,5,0,0,0,1,1,4,0,1,8
CHEMBL103040,0,4,2,0,0,0,0,0,0,0,1,1,0,0,0,0,0,0,0,0,0,1,0,1,0,0,6,1,0,0,0,0,0,5,0,0,0,1,1,4,0,1,10
CHEMBL103685,2,5,0,1,0,0,0,0,0,0,1,1,0,0,0,0,0,0,0,0,0,1,0,1,0,0,6,1,0,0,0,0,0,5,0,0,0,0,0,4,0,0,8
CHEMBL104,0,0,0,0,0,0,0,0,0,0,0,0,0,0,0,0,1,0,0,0,1,1,0,2,0,0,23,2,0,0,0,0,0,5,0,0,0,0,0,4,0,0,23
CHEMBL104047,0,7,3,0,0,0,0,0,0,0,1,1,0,0,0,0,0,0,0,0,0,1,0,1,0,0,6,1,0,0,0,0,0,5,0,0,0,1,1,4,0,1,10
CHEMBL104126,3,2,1,0,0,0,0,0,0,0,1,1,0,0,0,0,0,0,0,0,0,1,0,1,0,0,6,1,0,0,0,0,0,5,0,0,0,1,1,6,0,1,8
CHEMBL104566,1,4,1,0,0,0,0,0,0,0,1,1,0,0,0,0,0,0,0,0,0,1,0,1,0,0,6,1,0,0,0,0,0,5,0,0,0,1,1,4,0,1,8
CHEMBL105044,1,6,0,0,0,0,0,0,0,0,1,1,0,0,0,0,0,0,0,0,0,1,0,1,0,0,6,1,0,0,0,0,0,5,0,0,0,1,1,4,0,1,7
CHEMBL105289,0,5,0,0,0,0,0,0,0,0,1,1,0,0,0,0,0,0,0,0,0,1,0,1,0,0,6,1,0,0,0,0,0,5,0,0,0,1,1,4,0,1,7
CHEMBL105298,3,4,3,0,0,0,0,0,0,0,1,1,0,0,0,0,0,0,0,0,0,1,0,1,0,0,6,1,0,0,0,0,0,5,0,0,0,1,1,5,0,1,10
CHEMBL106,0,0,0,0,0,1,0,0,0,0,0,0,0,0,0,0,0,2,0,0,2,4,0,6,0,0,16,6,0,0,0,0,0,11,0,0,0,0,2,5,0,0,13
CHEMBL1077603,2,8,3,2,1,1,1,0,0,1,0,0,0,0,0,0,0,0,0,0,0,0,0,0,0,0,0,0,5,0,0,0,0,2,0,0,0,1,0,0,0,1,9
CHEMBL1077603,2,8,3,2,1,1,1,0,0,1,0,0,0,0,0,0,0,0,0,0,0,0,0,0,0,0,0,0,5,0,0,0,0,2,0,0,0,1,0,0,0,1,9
CHEMBL1078534,2,6,3,2,2,0,0,0,0,2,0,0,0,0,3,0,0,0,0,0,0,0,0,0,0,0,0,0,5,2,0,1,1,2,0,0,0,2,1,0,2,1,11
CHEMBL1078534,2,6,3,2,2,0,0,0,0,2,0,0,0,0,3,0,0,0,0,0,0,0,0,0,0,0,0,0,5,2,0,1,1,2,0,0,0,2,1,0,2,1,11
CHEMBL1079595,1,6,3,1,0,0,0,0,0,1,0,0,0,0,0,1,1,0,0,0,0,0,0,0,0,0,6,0,5,0,0,0,0,2,0,0,0,1,0,0,0,1,11
CHEMBL1079595,1,6,3,1,0,0,0,0,0,1,0,0,0,0,0,1,1,0,0,0,0,0,0,0,0,0,6,0,5,0,0,0,0,2,0,0,0,1,0,0,0,1,11
CHEMBL1082760,0,0,0,0,0,0,0,0,0,0,0,0,0,0,0,0,0,0,0,0,1,1,0,2,0,0,17,2,0,0,0,0,0,7,0,0,0,0,1,4,0,0,16
CHEMBL1083353,0,0,0,0,0,0,0,0,0,0,0,0,0,2,4,0,0,0,1,0,1,1,0,3,0,0,19,3,2,4,0,0,0,8,0,0,0,0,1,2,0,0,17
CHEMBL1083354,0,0,0,0,0,0,0,0,0,0,0,0,0,2,4,0,0,0,1,0,1,1,1,3,0,0,19,3,2,4,0,0,0,8,0,0,0,0,1,2,0,0,17
CHEMBL1083652,0,0,0,0,0,0,0,0,0,0,0,0,0,2,5,0,0,0,1,0,1,1,1,3,0,0,19,3,2,4,0,0,0,8,0,0,0,0,2,2,0,0,17
CHEMBL1083653,0,0,0,0,0,0,0,0,0,0,0,0,0,0,0,0,0,0,0,0,1,1,0,2,0,0,17,2,0,2,0,0,0,8,2,1,1,0,1,5,0,0,17
CHEMBL1083663,0,0,0,0,0,0,0,0,0,0,0,0,0,2,4,0,0,0,1,0,1,1,1,3,0,0,19,3,2,6,0,0,0,9,2,1,1,0,1,3,0,0,18
CHEMBL1083664,0,0,0,0,0,0,0,0,0,0,0,0,0,2,4,0,0,0,1,0,1,1,1,3,0,0,19,3,2,6,0,0,0,9,2,1,1,0,2,3,0,0,18
CHEMBL1083665,0,0,0,0,0,0,0,0,0,0,0,0,0,3,4,0,0,0,1,0,1,1,0,3,0,0,19,3,2,6,0,0,0,9,2,1,1,0,1,3,0,0,18
CHEMBL1083970,0,0,0,0,0,0,0,0,0,0,0,0,0,4,3,0,0,0,1,0,1,2,1,4,0,0,19,4,2,6,0,0,0,11,2,1,1,0,1,3,0,0,17
CHEMBL1083971,0,0,0,0,0,0,0,0,0,0,0,0,0,2,4,0,0,0,1,0,1,1,1,3,0,0,19,3,2,4,0,0,0,8,0,0,0,0,1,2,0,0,17
CHEMBL108425,0,0,0,0,0,0,0,0,0,0,0,0,1,0,0,0,0,0,0,0,1,2,0,3,0,0,17,3,0,0,2,0,0,7,0,0,0,0,0,4,0,0,16
CHEMBL108483,0,0,0,0,0,0,0,0,0,0,0,0,1,0,0,0,0,0,0,0,1,2,0,3,0,0,17,3,0,0,2,0,0,8,0,0,0,3,0,6,0,0,17
CHEMBL1085936,0,0,0,0,0,0,0,0,0,0,0,0,0,0,0,0,0,0,0,0,1,1,0,2,0,0,17,2,0,2,0,0,0,8,2,1,1,0,1,5,0,0,17
CHEMBL108646,0,0,0,0,0,0,0,0,0,0,0,0,1,0,0,0,0,1,0,0,1,2,0,3,0,0,17,3,0,0,2,0,0,8,0,0,0,3,0,6,0,0,17
CHEMBL1088570,0,2,0,0,0,2,2,0,0,0,2,2,0,0,0,2,0,0,0,0,0,0,0,0,0,0,12,0,0,2,0,0,0,12,0,0,0,4,4,13,0,2,18
CHEMBL109211,1,8,5,1,1,0,0,0,0,2,0,0,0,0,2,0,0,0,0,0,0,0,0,0,0,0,0,0,5,1,0,0,0,2,0,0,0,2,1,1,1,2,10
CHEMBL109211,1,8,5,1,1,0,0,0,0,2,0,0,0,0,2,0,0,0,0,0,0,0,0,0,0,0,0,0,5,1,0,0,0,2,0,0,0,2,1,1,1,2,10
CHEMBL1093458,1,1,0,0,1,0,0,1,1,0,0,0,0,0,0,1,0,0,0,0,0,0,0,0,0,0,18,0,0,6,0,0,0,5,0,0,0,0,0,8,0,0,21
CHEMBL109347,0,6,3,1,0,0,0,0,0,0,0,1,0,0,0,0,0,0,0,0,0,1,0,1,0,0,6,1,0,0,0,0,0,5,0,0,0,2,0,4,0,0,11
CHEMBL1094149,1,0,0,0,0,0,0,1,0,1,0,1,0,2,9,1,0,0,0,0,0,0,0,0,0,0,12,0,0,8,0,0,0,9,0,0,0,0,1,6,0,0,16
CHEMBL1094154,0,2,2,0,0,0,0,0,0,0,0,1,0,0,0,1,0,0,0,0,0,0,0,0,0,0,12,1,0,0,0,0,0,4,0,0,0,1,0,4,0,1,15
CHEMBL1094331,0,0,0,0,1,0,0,5,0,0,0,1,0,0,2,0,0,0,0,0,0,0,0,0,0,0,12,1,0,5,0,0,0,13,0,0,0,0,1,7,1,0,15
CHEMBL1094426,0,0,0,0,0,0,0,0,0,0,0,0,0,0,0,0,0,1,0,0,2,1,0,3,0,0,20,3,1,0,0,0,0,8,0,0,0,0,1,3,0,0,19
CHEMBL1094427,0,0,0,0,0,0,0,1,0,0,0,0,0,3,2,0,0,0,1,0,0,1,1,2,0,0,34,2,1,3,0,0,0,9,0,0,0,0,1,8,0,0,32
CHEMBL1094428,1,0,0,0,0,0,0,0,0,0,0,0,0,0,0,0,0,0,0,0,2,1,0,3,0,0,20,3,1,0,0,0,0,8,0,0,0,0,1,4,0,0,20
CHEMBL1095413,0,0,0,0,1,0,0,0,0,1,0,0,0,0,2,0,0,0,0,0,1,1,0,2,0,0,17,2,1,5,0,0,0,8,0,0,0,0,1,4,1,0,21
CHEMBL1096024,0,1,0,0,1,0,0,1,2,1,0,0,0,1,4,0,0,0,0,0,0,0,0,0,0,0,6,1,1,6,0,1,1,6,0,0,0,2,3,3,1,0,14
CHEMBL1096024,0,1,0,0,1,0,0,1,2,1,0,0,0,1,4,0,0,0,0,0,0,0,0,0,0,0,6,1,1,6,0,1,1,6,0,0,0,2,3,3,1,0,14
CHEMBL1096439,0,0,0,0,1,0,0,3,0,0,0,1,0,0,2,0,0,0,0,0,0,0,0,0,0,0,12,1,0,5,0,0,0,9,0,0,0,0,1,5,1,0,15
CHEMBL1096744,0,0,1,0,0,0,0,0,0,1,0,0,0,1,2,0,0,0,0,0,0,1,0,1,0,0,24,2,1,2,0,0,0,9,0,0,0,1,0,6,0,1,26
CHEMBL1097041,0,0,0,0,0,0,0,0,0,0,0,0,0,0,0,0,0,0,1,0,2,1,0,4,0,0,20,4,1,2,0,0,0,11,0,0,0,0,1,3,0,0,19
CHEMBL1097042,0,0,0,0,0,0,0,0,0,0,0,0,0,2,3,1,0,0,1,0,0,0,1,1,0,0,20,1,3,3,0,0,0,4,0,0,0,0,0,1,0,0,19
CHEMBL1097043,2,0,0,0,0,0,0,0,0,0,0,0,0,0,0,0,0,1,0,0,2,1,0,3,0,0,20,3,1,0,0,0,0,8,0,0,0,0,1,4,0,0,20
CHEMBL1097371,3,3,4,0,1,1,0,0,0,0,0,1,0,0,0,0,0,0,0,0,0,0,0,0,0,0,0,1,3,0,0,0,0,4,0,0,0,1,0,0,0,1,9
CHEMBL1097763,1,0,0,0,0,0,0,0,0,1,0,1,0,2,9,2,0,0,0,0,0,0,0,0,0,0,12,0,0,8,0,0,0,6,0,0,0,2,1,4,0,0,15
CHEMBL1097764,2,3,2,0,2,0,0,0,0,0,0,1,0,0,0,0,0,0,0,0,0,0,0,0,0,0,0,2,5,1,0,0,0,5,0,0,0,0,0,0,1,0,9
CHEMBL1097980,0,0,0,0,0,0,0,0,0,0,0,0,0,0,0,0,1,0,0,0,1,1,1,3,0,0,20,3,1,0,0,0,0,7,0,0,0,0,1,3,0,0,19
CHEMBL1098382,0,0,0,0,1,0,0,4,0,0,0,1,0,0,2,0,0,0,0,0,0,0,0,0,0,0,12,1,0,5,0,0,0,11,0,0,0,0,1,6,1,0,15
CHEMBL1098424,0,0,0,0,0,0,0,0,0,0,0,0,0,0,0,0,0,1,0,0,1,1,0,2,0,0,15,2,1,0,0,0,0,5,0,0,0,0,1,2,0,0,14
CHEMBL1098425,0,1,0,0,0,0,0,0,0,0,0,0,0,0,0,0,0,0,0,0,1,1,0,2,0,0,11,2,0,2,0,0,0,6,2,1,1,0,1,4,0,0,11
CHEMBL1098426,2,2,1,0,1,0,0,1,0,1,0,0,0,2,2,3,0,0,0,0,0,0,0,0,0,0,12,1,1,2,0,1,1,6,0,0,0,1,1,4,0,1,17
CHEMBL1098737,0,0,1,0,1,0,0,0,0,1,0,0,0,0,2,0,1,0,0,0,1,1,0,2,0,0,17,2,1,5,0,0,0,6,0,0,0,0,1,2,1,0,20
CHEMBL1099308,1,4,3,0,2,0,0,0,0,0,0,1,0,0,0,0,0,0,0,0,0,0,0,0,0,0,0,1,3,1,0,0,0,3,0,0,0,0,0,0,1,0,8
CHEMBL110257,1,6,3,1,0,0,0,0,0,0,0,1,0,0,0,0,0,0,0,0,0,1,0,1,0,0,6,1,0,0,0,0,0,5,0,0,0,2,1,4,0,0,12
CHEMBL110524,1,6,3,1,0,0,0,0,0,0,1,1,0,0,0,0,0,0,0,0,0,1,0,1,0,0,6,1,0,0,0,0,0,5,0,0,0,0,1,4,0,0,11
CHEMBL111234,0,2,0,0,0,0,0,0,0,0,0,0,0,0,0,3,0,0,0,0,0,0,0,0,0,0,12,0,0,0,0,0,0,3,0,0,0,0,0,3,0,0,12
CHEMBL111868,0,0,0,0,0,0,0,0,0,0,0,0,0,0,0,0,0,1,0,0,2,1,0,3,0,0,20,3,1,0,0,0,0,8,0,0,0,0,1,3,0,0,20
CHEMBL111888,1,0,0,0,0,0,0,0,0,0,0,0,0,0,0,0,0,1,0,0,2,1,0,3,0,0,20,3,1,0,0,0,0,8,0,0,0,0,1,4,0,0,20
CHEMBL112021,0,0,0,0,0,0,0,0,0,0,0,0,0,0,0,0,1,0,0,0,2,1,0,3,0,0,20,3,1,0,0,0,0,8,0,0,0,0,1,4,0,0,19
CHEMBL112074,1,0,0,0,0,0,0,0,0,0,0,0,0,0,0,0,0,0,0,0,2,1,0,3,0,0,20,3,1,0,0,0,0,8,0,0,0,0,1,4,0,0,20
CHEMBL112292,1,6,3,1,0,0,0,0,0,0,1,1,0,0,0,0,0,0,0,0,0,1,0,1,0,0,6,1,0,0,0,0,0,5,0,0,0,0,1,4,0,0,11
CHEMBL112509,1,6,3,1,0,0,0,0,0,0,1,1,0,0,0,0,0,0,0,0,0,1,0,1,0,0,6,1,0,0,0,0,0,5,0,0,0,0,0,4,0,0,11
CHEMBL112532,1,2,0,0,0,0,0,1,0,0,0,0,0,0,0,0,0,0,0,0,1,1,0,2,0,0,11,2,0,0,0,0,0,7,0,0,0,0,0,5,0,0,10
CHEMBL112908,2,6,3,1,0,0,0,0,0,0,1,1,0,0,0,0,0,0,0,0,0,1,0,1,0,0,6,1,0,0,0,0,0,5,0,0,0,0,0,4,0,0,11
CHEMBL113082,2,8,4,2,1,0,0,0,0,2,0,0,0,0,2,0,0,0,0,0,0,0,0,0,0,0,0,0,5,1,0,0,0,2,0,0,0,2,1,1,1,2,10
CHEMBL113082,2,8,4,2,1,0,0,0,0,2,0,0,0,0,2,0,0,0,0,0,0,0,0,0,0,0,0,0,5,1,0,0,0,2,0,0,0,2,1,1,1,2,10
CHEMBL113121,2,8,4,2,1,0,0,0,0,2,0,0,0,0,2,0,0,0,0,0,0,0,0,0,0,0,0,0,5,1,0,0,0,2,0,0,0,2,1,1,1,2,10
CHEMBL113121,2,8,4,2,1,0,0,0,0,2,0,0,0,0,2,0,0,0,0,0,0,0,0,0,0,0,0,0,5,1,0,0,0,2,0,0,0,2,1,1,1,2,10
CHEMBL113242,0,6,3,1,0,0,0,0,0,0,1,1,0,0,0,0,0,0,0,0,0,1,0,1,0,0,6,1,0,0,0,0,0,5,0,0,0,0,1,4,0,0,10
CHEMBL113637,1,0,0,0,0,0,0,0,0,0,0,0,0,0,0,0,0,1,0,0,2,1,0,3,0,0,20,3,1,0,0,0,0,8,0,0,0,0,1,4,0,0,20
CHEMBL113647,0,6,3,1,0,0,0,0,0,0,1,1,0,0,0,0,0,0,0,0,0,1,0,1,0,0,6,1,0,0,0,0,0,5,0,0,0,0,0,4,0,0,10
CHEMBL113739,1,8,5,1,1,0,0,0,0,2,0,0,0,0,2,0,0,0,0,0,0,0,0,0,0,0,0,0,5,1,0,0,0,2,0,0,0,2,1,1,1,2,10
CHEMBL113739,1,8,5,1,1,0,0,0,0,2,0,0,0,0,2,0,0,0,0,0,0,0,0,0,0,0,0,0,5,1,0,0,0,2,0,0,0,2,1,1,1,2,10
CHEMBL114019,1,6,3,1,0,0,0,0,0,0,0,1,0,0,0,0,0,0,0,0,0,1,0,1,0,0,6,1,0,0,0,0,0,5,0,0,0,2,1,4,0,0,12
CHEMBL114447,0,6,3,1,0,0,0,0,0,0,0,1,0,0,0,0,0,0,0,0,0,1,0,1,0,0,6,1,0,0,0,0,0,5,0,0,0,2,1,4,0,0,11
CHEMBL115452,2,1,0,0,2,0,0,0,0,1,0,0,0,1,3,4,0,0,0,0,0,0,0,0,0,0,12,0,0,5,0,1,1,5,0,0,0,1,1,5,1,0,17
CHEMBL115899,1,0,0,0,0,0,0,0,0,0,0,0,0,0,0,0,0,0,0,0,2,1,0,3,0,0,14,3,1,0,0,0,0,8,0,0,0,0,1,3,0,0,13
CHEMBL1162951,2,2,0,0,1,0,0,2,0,1,0,0,0,1,2,0,0,0,0,0,0,0,0,0,0,0,12,1,1,2,0,0,0,5,0,0,0,1,0,4,0,1,16
CHEMBL1165711,0,0,1,0,0,0,0,2,0,1,0,0,0,1,2,0,0,0,0,0,0,0,0,0,0,0,12,1,1,2,0,0,0,5,0,0,0,1,0,2,0,1,14
CHEMBL116794,0,0,0,0,0,0,0,0,0,0,0,0,0,0,0,0,0,0,0,1,1,1,0,3,0,0,14,3,1,0,0,0,0,7,0,0,0,0,1,2,0,0,13
CHEMBL117,0,0,0,0,0,0,0,0,0,0,0,0,0,3,3,2,0,0,1,0,0,0,1,1,0,0,16,1,1,3,0,0,0,5,0,0,0,0,1,1,0,0,15
CHEMBL117,0,0,0,0,0,0,0,0,0,0,0,0,0,3,3,2,0,0,1,0,0,0,1,1,0,0,16,1,1,3,0,0,0,5,0,0,0,0,1,1,0,0,15
CHEMBL1170662,0,0,0,0,1,0,0,2,1,0,0,0,0,0,0,0,0,0,0,0,0,0,0,0,0,0,12,0,0,4,0,1,1,5,0,0,0,0,0,4,0,0,14
CHEMBL1170663,0,0,0,0,1,0,0,3,1,0,0,0,0,0,0,0,0,0,0,0,0,0,0,0,0,0,12,0,0,4,0,1,1,7,0,0,0,0,0,5,0,0,14
CHEMBL1170678,0,0,0,0,1,0,0,2,0,0,0,0,0,0,0,0,0,0,0,0,1,1,0,2,0,0,17,2,0,6,0,0,0,10,2,1,1,0,1,7,0,0,19
CHEMBL1170893,0,0,0,0,1,0,0,2,1,0,0,0,0,0,0,0,0,0,0,0,1,1,0,2,0,0,17,2,0,4,0,0,0,10,0,0,0,0,1,6,0,0,18
CHEMBL1171091,0,0,0,0,1,0,0,0,3,0,0,0,0,0,0,0,0,0,0,0,0,0,0,0,0,0,12,0,0,4,0,1,1,3,0,0,0,0,0,2,0,0,14
CHEMBL1171628,0,0,0,0,1,0,0,0,2,0,0,0,0,0,0,0,0,0,0,0,0,0,0,0,0,0,12,0,0,4,0,1,1,2,0,0,0,0,0,2,0,0,14
CHEMBL1171680,0,2,0,0,0,0,0,2,1,0,0,0,0,0,0,0,0,0,0,0,0,0,0,0,0,0,12,0,0,0,0,0,0,5,0,0,0,0,0,5,0,0,12
CHEMBL1171818,0,2,0,0,0,0,0,2,1,0,0,0,0,0,0,0,0,0,0,0,0,0,0,0,0,0,12,0,0,0,0,0,0,5,0,0,0,0,0,5,0,0,12
CHEMBL1171987,0,1,0,0,0,0,0,0,1,0,0,0,0,0,0,0,0,0,0,0,0,1,0,1,0,0,18,1,0,0,0,0,0,3,0,0,0,0,1,3,0,0,17
CHEMBL1171991,2,0,0,0,1,0,0,0,2,0,0,0,0,0,0,0,0,0,0,0,0,1,0,1,0,0,18,1,0,4,0,0,0,4,0,0,0,0,0,3,0,0,19
CHEMBL1172396,0,2,0,0,0,0,0,0,2,0,0,0,0,0,0,0,0,0,0,0,0,0,0,0,0,0,12,0,0,0,0,0,0,2,0,0,0,0,0,3,0,0,12
CHEMBL1172400,2,0,0,0,1,0,0,0,1,0,2,2,0,0,0,0,0,0,0,0,0,0,0,0,0,0,12,0,0,4,0,1,1,7,0,0,0,2,0,6,0,2,16
CHEMBL1172401,2,0,0,0,1,0,0,0,0,0,2,2,0,0,0,0,0,0,0,0,0,0,0,0,0,0,12,0,0,6,0,1,1,7,2,1,1,2,0,7,0,2,17
CHEMBL1172402,0,0,0,0,1,0,0,0,1,0,0,0,0,0,0,2,0,0,0,0,0,0,0,0,0,0,12,0,0,4,0,1,1,3,0,0,0,0,0,2,0,0,14
CHEMBL1172779,0,1,0,0,0,0,0,0,0,0,0,0,0,0,0,2,0,0,0,0,0,1,0,1,0,0,18,1,0,0,0,0,0,4,0,0,0,0,1,3,0,0,17
CHEMBL1172842,2,0,0,0,1,0,0,0,0,0,0,0,0,0,0,1,0,0,0,0,0,1,0,1,0,0,22,1,1,4,0,0,0,3,0,0,0,0,0,3,0,0,23
CHEMBL1172847,2,0,0,0,1,0,0,0,0,0,0,0,0,0,0,2,0,0,0,0,0,1,0,1,0,0,18,1,0,4,0,0,0,4,0,0,0,0,0,3,0,0,19
CHEMBL1172882,0,1,0,0,0,0,0,0,0,0,0,0,0,0,0,1,0,0,0,0,0,1,0,1,0,0,18,1,0,0,0,0,0,3,0,0,0,0,1,3,0,0,17
CHEMBL1172907,0,0,0,0,1,0,0,2,1,0,0,0,0,0,0,0,0,0,0,0,0,0,0,0,0,0,12,0,0,4,0,1,1,5,0,0,0,0,0,4,0,0,14
CHEMBL1172908,1,0,0,0,1,0,0,2,0,0,1,1,0,0,0,0,0,0,0,0,0,0,0,0,0,0,12,0,0,4,0,1,1,7,0,0,0,1,0,6,0,1,15
CHEMBL1172937,0,0,0,0,1,0,0,2,1,0,0,0,0,0,0,0,0,0,0,0,0,0,0,0,0,0,12,0,0,4,0,1,1,5,0,0,0,0,0,4,0,0,14
CHEMBL1172973,0,0,0,0,1,0,0,2,1,0,0,0,0,0,0,0,0,0,0,0,0,0,0,0,0,0,12,0,0,4,0,1,1,5,0,0,0,0,0,5,0,0,14
CHEMBL1172974,0,0,0,0,1,0,0,2,0,0,0,0,0,0,0,0,1,0,0,0,0,0,0,0,0,0,12,0,0,4,0,1,1,4,0,0,0,0,0,4,0,0,14
CHEMBL1173001,0,0,0,0,1,0,0,2,0,0,0,0,1,0,0,0,0,0,0,0,0,0,0,0,0,0,12,0,0,4,2,1,1,5,0,0,0,0,0,4,0,0,14
CHEMBL1173002,1,0,0,0,1,0,0,2,0,0,1,1,0,0,0,0,0,0,0,0,0,0,0,0,0,0,12,0,0,4,0,1,1,7,0,0,0,1,0,6,0,1,15
CHEMBL1173003,0,0,0,0,1,0,0,2,0,0,0,0,0,0,0,0,0,1,0,0,0,0,0,0,0,0,12,0,0,4,0,1,1,4,0,0,0,0,0,4,0,0,14
CHEMBL1173065,0,0,0,0,1,0,0,3,1,0,0,0,0,0,0,0,0,0,0,0,0,0,0,0,0,0,12,0,0,4,0,1,1,7,0,0,0,0,0,5,0,0,14
CHEMBL1173066,0,0,0,0,1,0,0,3,1,0,0,0,0,0,0,0,0,0,0,0,0,0,0,0,0,0,12,0,0,4,0,1,1,7,0,0,0,0,0,6,0,0,14
CHEMBL1173067,0,0,0,0,1,0,0,3,1,0,0,0,0,0,0,0,0,0,0,0,0,0,0,0,0,0,12,0,0,4,0,1,1,7,0,0,0,0,0,5,0,0,14
CHEMBL1173129,0,0,0,0,1,0,0,0,1,0,0,0,0,0,0,0,0,0,0,0,0,0,0,0,0,0,12,2,1,4,0,1,1,5,0,0,0,0,0,2,0,0,14
CHEMBL1173130,0,0,0,0,1,0,0,0,1,0,0,0,0,0,0,0,0,0,0,0,0,0,0,0,0,0,12,2,1,4,0,1,1,5,0,0,0,0,0,2,0,0,14
CHEMBL1173131,0,0,0,0,1,0,0,0,0,0,0,0,0,0,0,0,0,0,0,0,0,0,0,0,0,0,12,0,0,8,0,1,1,2,4,2,2,0,0,4,0,0,16
CHEMBL1173259,2,0,0,0,1,0,0,0,0,0,0,0,0,0,0,1,0,0,0,0,0,1,0,1,0,0,18,1,0,4,0,0,0,3,0,0,0,0,0,3,0,0,19
CHEMBL1173260,0,1,0,0,0,0,0,0,0,0,0,0,0,0,0,1,0,1,0,0,0,1,0,1,0,0,18,1,0,0,0,0,0,3,0,0,0,0,1,3,0,0,17
CHEMBL1173326,2,0,0,0,1,0,0,0,1,0,0,0,0,0,0,0,0,0,0,0,0,1,0,1,0,0,18,1,0,4,0,0,0,3,0,0,0,0,0,3,0,0,19
CHEMBL1173327,0,1,0,0,0,0,0,0,2,0,0,0,0,0,0,0,0,0,0,0,0,1,0,1,0,0,18,1,0,0,0,0,0,4,0,0,0,0,1,3,0,0,17
CHEMBL1173335,2,0,0,0,1,0,0,0,0,0,0,0,0,0,0,1,0,1,0,0,0,1,0,1,0,0,18,1,0,4,0,0,0,3,0,0,0,0,0,3,0,0,19
CHEMBL1173509,0,0,0,0,1,0,0,0,1,0,0,0,0,0,0,0,0,0,0,0,0,0,0,0,0,0,12,0,0,6,0,1,1,2,2,1,1,0,0,3,0,0,15
CHEMBL1173573,0,0,0,0,1,0,0,1,1,0,0,0,0,0,0,0,0,0,0,0,0,0,0,0,0,0,12,0,0,4,0,1,1,3,0,0,0,0,0,3,0,0,14
CHEMBL1173574,0,0,0,0,1,0,0,0,0,0,0,0,0,0,0,0,0,0,0,0,0,0,0,0,0,0,12,0,0,10,0,1,1,3,6,3,3,0,0,5,0,0,17
CHEMBL1173611,0,0,0,0,1,0,0,2,0,0,0,0,1,0,0,0,0,0,0,0,0,0,0,0,0,0,12,0,0,4,2,1,1,5,0,0,0,0,0,4,0,0,14
CHEMBL1173641,0,0,0,0,1,0,0,2,1,0,0,0,0,0,0,0,0,0,0,0,0,0,0,0,0,0,12,0,0,4,0,1,1,5,0,0,0,0,0,4,0,0,14
CHEMBL1173699,0,0,0,0,1,0,0,2,1,0,0,0,0,0,0,0,0,0,0,0,0,0,0,0,0,0,12,0,0,4,0,1,1,5,0,0,0,0,0,4,0,0,14
CHEMBL1173700,0,0,0,0,1,0,0,2,1,0,0,0,0,0,0,0,0,0,0,0,0,0,0,0,0,0,12,0,0,4,0,1,1,5,0,0,0,0,0,4,0,0,14
CHEMBL118266,0,0,0,0,0,0,0,0,0,0,0,0,0,0,0,0,0,0,0,0,0,3,0,4,0,0,17,4,0,0,0,0,0,8,0,0,0,0,0,2,0,0,13
CHEMBL1191848,0,0,0,0,0,1,1,0,1,0,0,0,0,0,0,0,0,0,0,0,1,1,0,2,0,0,11,2,0,0,0,0,0,7,0,0,0,0,1,3,0,0,11
CHEMBL1195457,0,0,1,0,0,0,0,0,0,0,0,0,0,0,0,0,2,0,0,0,0,1,0,1,0,0,18,1,0,0,0,0,0,2,0,0,0,0,1,3,0,0,18
CHEMBL1200374,2,5,3,2,3,0,0,0,0,2,0,0,0,0,3,0,0,0,0,0,0,0,0,0,0,0,0,0,5,3,0,1,1,2,0,0,0,2,0,0,2,1,12
CHEMBL1200374,2,5,3,2,3,0,0,0,0,2,0,0,0,0,3,0,0,0,0,0,0,0,0,0,0,0,0,0,5,3,0,1,1,2,0,0,0,2,0,0,2,1,12
CHEMBL1203757,1,3,0,0,0,0,0,0,0,0,0,0,0,0,0,0,0,0,0,0,1,1,0,2,0,0,11,2,1,0,0,0,0,5,0,0,0,0,1,1,0,0,11
CHEMBL1203760,1,3,0,0,0,0,0,0,0,0,1,1,0,0,2,0,0,0,0,0,1,1,0,2,0,0,11,2,1,2,0,0,0,8,0,0,0,0,1,4,0,0,12
CHEMBL1203762,0,2,0,0,0,0,0,0,0,0,0,0,1,0,0,0,0,0,0,0,1,1,0,2,0,0,11,2,1,0,2,0,0,6,0,0,0,0,1,1,0,0,11
CHEMBL1203766,0,3,0,0,0,0,0,0,0,0,0,0,0,0,0,0,0,0,0,0,1,1,0,2,0,0,11,2,1,0,0,0,0,5,0,0,0,0,1,1,0,0,11
CHEMBL1214660,0,1,0,0,0,0,0,0,0,0,0,0,0,0,0,0,0,2,0,0,0,1,0,1,0,0,18,1,0,0,0,0,0,2,0,0,0,0,1,3,0,0,17
CHEMBL1214735,0,1,0,0,0,0,0,0,0,0,0,0,0,0,0,0,0,0,0,0,0,1,0,2,0,0,17,2,0,0,0,0,0,4,0,0,0,0,1,3,0,0,15
CHEMBL1214736,0,1,0,0,0,0,0,0,0,0,0,0,0,0,0,0,0,0,0,0,0,1,0,2,0,0,17,2,0,0,0,0,0,4,0,0,0,0,1,3,0,0,15
CHEMBL1214737,0,1,0,0,0,0,0,0,0,0,0,0,0,0,0,0,0,0,0,1,0,1,0,2,0,0,21,2,1,0,0,0,0,4,0,0,0,0,1,3,0,0,20
CHEMBL1214739,0,1,0,0,0,0,0,0,0,0,0,0,0,0,0,1,0,0,0,0,0,1,0,1,0,0,22,1,1,0,0,0,0,3,0,0,0,0,1,3,0,0,21
CHEMBL1215664,0,0,0,0,0,1,1,0,0,0,0,0,0,0,0,1,0,0,0,0,0,1,0,1,0,0,18,1,0,0,0,0,0,4,0,0,0,0,1,3,0,0,18
CHEMBL1215665,0,1,0,0,0,0,0,0,1,0,0,0,0,0,0,0,0,0,0,0,0,1,0,1,0,0,18,1,0,0,0,0,0,3,0,0,0,0,1,3,0,0,17
CHEMBL1215730,1,1,0,0,0,0,0,0,0,0,0,1,0,0,0,0,0,0,0,0,0,1,0,1,0,0,18,1,0,0,0,0,0,5,0,0,0,2,1,5,0,0,19
CHEMBL1215732,0,1,0,0,0,0,0,0,0,0,0,0,0,0,0,0,0,1,0,0,0,1,0,1,0,0,18,1,0,0,0,0,0,2,0,0,0,0,1,3,0,0,17
CHEMBL1230438,2,9,4,2,0,0,0,0,0,2,0,0,0,0,0,0,0,0,0,0,0,0,0,0,0,0,0,0,5,0,0,0,0,2,0,0,0,2,0,0,0,3,8
CHEMBL123494,2,10,1,1,0,0,0,0,0,0,0,2,0,0,0,0,0,0,0,0,0,1,0,1,0,0,6,2,0,0,0,0,0,6,0,0,0,3,0,10,0,0,10
CHEMBL124118,2,2,1,1,0,0,0,0,0,0,0,2,0,0,0,0,0,0,0,0,0,1,0,1,0,0,6,2,0,0,0,0,0,6,0,0,0,3,0,2,0,0,10
CHEMBL124230,2,2,1,1,0,0,0,0,0,0,0,2,0,0,0,0,0,0,0,0,0,1,0,1,0,0,6,2,0,0,0,0,0,6,0,0,0,3,0,2,0,0,10
CHEMBL129795,0,0,0,0,1,0,0,0,0,1,0,0,0,1,3,3,0,0,0,0,0,0,0,0,0,0,12,0,0,5,0,1,1,4,0,0,0,1,1,3,1,0,15
CHEMBL129795,0,0,0,0,1,0,0,0,0,1,0,0,0,1,3,3,0,0,0,0,0,0,0,0,0,0,12,0,0,5,0,1,1,4,0,0,0,1,1,3,1,0,15
CHEMBL129883,2,7,3,2,0,0,0,0,0,2,0,0,0,0,2,0,0,0,0,0,1,1,0,2,0,0,11,2,7,4,0,0,0,6,2,1,1,2,1,3,0,2,18
CHEMBL1303900,3,1,0,0,0,0,0,0,0,0,0,0,0,0,0,0,0,0,0,0,1,1,0,2,1,1,11,2,0,4,0,0,0,7,0,0,0,3,3,6,0,0,12
CHEMBL130546,2,7,3,2,0,0,0,0,0,2,0,0,0,0,2,0,0,0,0,0,1,1,0,2,0,0,11,2,7,2,0,0,0,5,0,0,0,2,1,2,0,2,17
CHEMBL131414,2,7,3,2,1,0,0,0,0,2,0,0,0,0,2,0,0,0,0,0,1,1,0,2,0,0,11,2,7,4,0,1,1,5,0,0,0,2,1,3,0,2,19
CHEMBL131921,0,0,0,0,0,0,0,1,0,0,0,0,0,3,2,2,0,0,1,0,0,0,1,1,0,0,16,1,1,3,0,0,0,7,0,0,0,0,1,2,0,0,15
CHEMBL131921,0,0,0,0,0,0,0,1,0,0,0,0,0,3,2,2,0,0,1,0,0,0,1,1,0,0,16,1,1,3,0,0,0,7,0,0,0,0,1,2,0,0,15
CHEMBL131984,3,3,3,1,0,0,0,0,0,0,1,1,0,0,0,0,0,0,0,0,0,1,0,1,0,0,6,1,0,0,0,0,0,5,0,0,0,1,0,4,0,1,11
CHEMBL132066,4,2,4,1,0,0,0,0,0,0,1,1,0,0,0,0,0,0,0,0,0,1,0,1,0,0,6,1,0,0,0,0,0,5,0,0,0,1,0,4,0,1,12
CHEMBL132072,3,3,3,1,0,0,0,0,0,0,1,1,0,0,0,0,0,0,0,0,0,1,0,1,0,0,6,1,0,0,0,0,0,5,0,0,0,1,1,4,0,1,11
CHEMBL132380,5,4,3,2,0,0,0,0,0,0,1,1,0,0,0,0,0,0,0,0,0,1,0,1,0,0,6,1,0,0,0,0,0,5,0,0,0,0,0,6,0,0,12
CHEMBL132530,2,8,3,2,0,0,0,0,0,2,0,0,0,0,2,0,0,0,0,0,0,0,0,0,0,0,0,0,5,1,0,0,0,3,0,0,0,3,1,0,1,2,9
CHEMBL132530,2,8,3,2,0,0,0,0,0,2,0,0,0,0,2,0,0,0,0,0,0,0,0,0,0,0,0,0,5,1,0,0,0,3,0,0,0,3,1,0,1,2,9
CHEMBL132530,2,8,3,2,0,0,0,0,0,2,0,0,0,0,2,0,0,0,0,0,0,0,0,0,0,0,0,0,5,1,0,0,0,3,0,0,0,3,1,0,1,2,9
CHEMBL132563,2,7,3,2,0,0,0,0,0,2,0,0,0,0,2,0,0,0,0,1,0,1,0,2,0,0,5,2,7,2,0,0,0,4,0,0,0,2,2,0,0,2,11
CHEMBL132929,0,0,0,0,0,0,0,0,0,0,0,0,0,0,0,0,2,0,0,0,1,2,0,3,0,0,17,3,0,0,0,0,0,3,0,0,0,0,1,3,0,0,16
CHEMBL133026,1,0,0,1,0,0,0,0,0,0,0,0,0,0,0,0,2,0,0,0,0,1,0,1,0,0,18,1,0,0,0,0,0,2,0,0,0,0,0,3,0,0,18
CHEMBL133079,0,0,0,0,0,0,0,0,0,0,0,0,0,0,0,0,2,0,0,0,0,1,0,1,0,0,18,1,0,0,0,0,0,2,0,0,0,0,0,3,0,0,18
CHEMBL133081,0,2,0,0,0,0,0,1,0,1,0,0,0,2,2,4,0,0,0,0,0,0,0,0,0,0,12,0,0,2,0,0,0,7,0,0,0,1,1,5,0,1,13
CHEMBL133082,0,0,0,0,0,0,0,0,0,0,0,0,0,0,0,0,2,0,0,0,0,1,0,1,0,0,18,1,0,0,0,0,0,4,0,0,0,0,0,4,0,0,18
CHEMBL133145,0,0,0,0,0,0,0,0,0,0,0,0,0,0,0,0,2,0,0,0,1,1,0,2,0,0,17,2,0,0,0,0,0,5,0,0,0,0,1,3,0,0,17
CHEMBL133198,0,0,0,0,0,0,0,0,0,0,0,0,0,0,0,0,2,0,0,0,1,2,0,3,0,0,23,3,0,0,0,0,0,7,0,0,0,0,0,4,0,0,22
CHEMBL133240,2,7,3,2,0,0,0,0,0,2,0,0,0,0,2,0,0,0,0,0,1,1,0,2,0,0,11,2,7,2,0,0,0,5,0,0,0,2,1,2,0,2,17
CHEMBL133724,4,2,4,1,0,0,0,0,0,0,1,1,0,0,0,0,0,0,0,0,0,1,0,1,0,0,6,1,0,0,0,0,0,5,0,0,0,1,1,4,0,1,12
CHEMBL134169,2,6,3,1,0,0,0,0,0,0,1,1,0,0,0,0,0,0,0,0,0,1,0,1,0,0,6,1,0,0,0,0,0,5,0,0,0,0,0,4,0,0,11
CHEMBL134442,4,6,3,2,0,0,0,0,0,0,1,1,0,0,0,0,0,0,0,0,0,1,0,1,0,0,6,1,1,0,0,0,0,5,0,0,0,1,1,4,0,1,12
CHEMBL134509,1,6,4,0,0,0,0,0,0,0,1,1,0,0,0,0,0,0,0,0,0,1,0,1,0,0,6,1,0,0,0,0,0,5,0,0,0,1,0,4,0,1,11
CHEMBL134748,3,3,3,1,0,0,0,0,0,0,1,1,0,0,0,0,0,0,0,0,0,1,0,1,0,0,6,1,0,0,0,0,0,5,0,0,0,1,0,4,0,1,11
CHEMBL135037,0,7,3,0,0,0,0,0,0,0,1,1,0,0,0,0,0,0,0,0,0,1,0,1,0,0,6,1,0,0,0,0,0,5,0,0,0,1,0,4,0,1,10
CHEMBL135063,0,0,0,0,0,0,0,1,0,0,0,0,0,0,0,0,1,0,0,0,1,1,0,2,0,0,17,2,0,0,0,0,0,7,0,0,0,0,1,4,0,0,17
CHEMBL135070,5,2,3,2,0,0,0,0,0,0,1,1,0,0,0,0,0,0,0,0,0,1,0,1,0,0,6,1,0,0,0,0,0,5,0,0,0,0,0,4,0,0,12
CHEMBL135095,4,6,3,2,0,0,0,0,0,0,1,1,0,0,0,0,0,0,0,0,0,1,0,1,0,0,6,1,1,0,0,0,0,5,0,0,0,1,0,4,0,1,12
CHEMBL135115,0,0,0,0,0,1,0,0,0,0,0,0,0,0,0,0,2,0,0,0,0,1,0,1,0,0,18,1,0,0,0,0,0,3,0,0,0,0,0,3,0,0,18
CHEMBL1351273,0,1,0,0,0,0,0,1,0,0,0,0,0,0,0,0,2,0,0,0,1,1,0,2,1,1,11,2,0,4,0,0,0,9,0,0,0,3,1,7,0,0,12
CHEMBL135172,0,0,0,0,0,0,0,0,0,0,0,0,0,0,0,0,2,0,0,1,1,3,0,5,0,0,22,5,0,0,0,0,0,9,0,0,0,1,2,4,0,0,20
CHEMBL135340,0,0,0,0,0,0,0,0,0,0,0,0,0,0,0,0,2,0,0,0,1,3,0,4,0,0,17,4,0,0,0,0,0,3,0,0,0,0,1,3,0,0,15
CHEMBL135378,0,0,0,0,0,0,0,0,0,0,0,0,0,0,0,0,2,0,0,1,1,3,0,5,0,0,22,5,0,0,0,0,0,7,0,0,0,1,2,4,0,0,20
CHEMBL135381,2,0,0,0,0,0,0,0,0,0,0,0,0,0,0,0,0,0,0,0,1,1,0,2,0,0,17,2,0,0,0,0,0,5,0,0,0,0,1,3,0,0,17
CHEMBL135396,0,0,0,0,0,1,0,0,0,0,0,0,0,0,0,0,2,0,0,0,0,1,0,1,0,0,18,1,0,0,0,0,0,3,0,0,0,0,0,3,0,0,18
CHEMBL135494,0,0,0,0,0,0,0,2,0,0,0,0,0,0,0,0,0,0,0,0,1,1,0,2,0,0,17,2,0,0,0,0,0,9,0,0,0,0,1,5,0,0,17
CHEMBL135540,0,0,0,0,0,1,0,0,0,0,0,0,0,0,0,0,2,0,0,1,0,1,0,2,0,0,17,2,0,0,0,0,0,5,0,0,0,1,0,3,0,0,17
CHEMBL135563,0,0,0,0,0,0,0,0,0,0,0,0,0,0,0,0,2,0,0,0,1,2,0,3,0,0,17,3,0,0,0,0,0,5,0,0,0,0,2,3,0,0,16
CHEMBL135595,0,0,0,0,0,0,0,0,0,0,0,0,0,0,0,0,1,0,0,0,1,1,0,2,0,0,17,2,0,0,0,0,0,5,0,0,0,0,1,4,0,0,18
CHEMBL135606,0,0,0,0,0,0,0,0,0,0,0,0,0,0,0,0,0,0,0,0,1,1,0,2,0,0,17,2,0,4,0,0,0,7,4,2,2,0,1,5,0,0,19
CHEMBL135633,0,0,0,0,0,1,0,0,0,0,0,0,0,0,0,0,2,0,0,0,0,2,0,2,0,0,18,2,0,0,0,0,0,5,0,0,0,0,0,3,0,0,17
CHEMBL135709,0,0,0,0,0,1,0,0,0,0,0,0,0,0,0,0,2,1,0,0,0,1,0,1,0,0,18,1,0,0,0,0,0,3,0,0,0,0,0,3,0,0,18
CHEMBL1358,1,15,4,1,0,1,1,0,0,0,0,0,0,0,0,1,0,0,0,0,0,0,0,0,0,0,6,0,5,0,0,0,0,4,2,1,1,0,0,15,0,0,15
CHEMBL135921,0,0,0,0,0,1,0,0,0,0,0,0,0,0,0,0,2,0,0,1,0,1,0,2,0,0,17,2,0,0,0,0,0,5,0,0,0,1,0,3,0,0,17
CHEMBL137001,0,0,0,0,0,0,0,0,0,0,0,0,0,0,0,0,2,0,0,1,1,2,0,4,0,0,22,4,0,0,0,0,0,7,0,0,0,0,2,4,0,0,21
CHEMBL137002,0,0,0,0,0,0,0,1,0,0,0,0,0,0,0,0,0,0,0,0,1,1,0,2,0,0,17,2,0,0,0,0,0,7,0,0,0,0,1,4,0,0,17
CHEMBL137049,0,0,0,0,0,0,0,0,0,0,0,0,0,0,0,0,2,0,0,0,1,2,0,3,0,0,23,3,0,0,0,0,0,7,0,0,0,0,0,4,0,0,22
CHEMBL1371590,0,1,0,0,0,0,0,0,0,0,0,0,0,0,0,0,0,0,0,1,0,0,0,1,1,1,15,1,1,4,0,0,0,4,0,0,0,3,0,5,0,0,17
CHEMBL137373,0,0,0,0,0,0,0,0,0,0,0,0,0,0,0,0,0,2,0,0,1,1,0,2,0,0,17,2,0,0,0,0,0,5,0,0,0,0,1,3,0,0,17
CHEMBL137396,0,0,0,0,0,0,0,0,0,0,0,0,0,0,0,0,2,0,0,0,1,2,0,3,0,0,23,3,0,0,0,0,0,7,0,0,0,0,0,4,0,0,22
CHEMBL137589,0,0,0,0,0,1,0,0,0,0,0,0,0,0,0,0,2,0,0,1,0,1,0,2,0,0,17,2,0,0,0,0,0,3,0,0,0,0,2,3,0,0,17
CHEMBL137604,0,0,0,0,0,0,0,0,0,0,0,0,0,0,0,0,2,0,0,1,1,2,0,4,0,0,22,4,0,0,0,0,0,9,0,0,0,1,0,4,0,0,21
CHEMBL13784,0,0,0,0,0,0,0,0,0,0,0,0,0,0,0,0,0,0,0,0,1,1,0,2,0,0,11,2,0,2,0,0,0,6,2,1,1,0,1,3,0,0,11
CHEMBL138538,1,0,0,0,0,1,0,0,0,0,0,0,0,0,0,0,1,0,0,0,0,1,0,1,0,0,18,1,0,0,0,0,0,3,0,0,0,0,0,3,0,0,18
CHEMBL1389987,1,1,0,0,0,0,0,0,0,0,0,1,0,1,1,0,0,0,0,0,1,2,0,3,0,0,11,3,0,2,0,0,0,10,0,0,0,2,1,6,0,0,11
CHEMBL1394757,1,3,0,1,0,0,0,0,1,0,0,2,0,0,0,0,0,0,0,0,0,0,0,0,0,0,6,1,0,0,0,0,0,5,0,0,0,3,0,2,0,0,10
CHEMBL1397,2,2,1,0,0,1,1,1,2,0,0,0,0,0,0,0,0,2,1,0,3,3,0,6,0,0,28,9,0,2,0,0,0,23,0,0,0,0,1,12,0,0,31
CHEMBL1399,4,0,0,2,0,0,0,0,0,0,0,0,2,0,0,0,0,0,0,0,1,2,0,3,0,0,11,3,0,0,0,0,0,7,0,0,0,0,1,4,0,0,11
CHEMBL1399,4,0,0,2,0,0,0,0,0,0,0,0,2,0,0,0,0,0,0,0,1,2,0,3,0,0,11,3,0,0,0,0,0,7,0,0,0,0,1,4,0,0,11
CHEMBL1405,1,6,3,1,0,0,0,0,0,1,0,0,0,0,0,1,0,0,0,0,0,0,0,0,0,0,6,0,5,0,0,0,0,2,0,0,0,1,0,0,0,1,11
CHEMBL1405,1,6,3,1,0,0,0,0,0,1,0,0,0,0,0,1,0,0,0,0,0,0,0,0,0,0,6,0,5,0,0,0,0,2,0,0,0,1,0,0,0,1,11
CHEMBL14192,0,0,0,0,0,0,0,0,0,0,0,0,0,0,0,0,0,0,0,0,1,1,0,2,0,0,11,2,0,0,0,0,0,5,0,0,0,0,1,2,0,0,10
CHEMBL1424243,0,0,0,0,0,0,0,0,0,0,0,0,0,0,0,0,1,0,0,1,0,0,0,1,0,0,15,1,1,0,0,0,0,2,0,0,0,0,0,1,0,0,15
CHEMBL1430816,2,0,0,0,0,0,0,0,1,0,0,1,0,0,1,0,0,0,1,0,0,0,1,1,0,0,10,1,1,2,0,0,0,6,0,0,0,0,0,3,0,0,10
CHEMBL1444,0,0,0,0,0,0,0,0,0,0,0,0,2,0,0,0,0,0,0,0,1,2,0,3,0,0,17,3,0,0,4,0,0,7,0,0,0,0,1,3,0,0,16
CHEMBL1444,0,0,0,0,0,0,0,0,0,0,0,0,2,0,0,0,0,0,0,0,1,2,0,3,0,0,17,3,0,0,4,0,0,7,0,0,0,0,1,3,0,0,16
CHEMBL1454842,0,0,0,0,0,0,0,0,0,0,0,0,0,0,0,0,0,0,0,0,0,4,0,5,0,0,17,5,0,0,0,0,0,8,0,0,0,0,0,2,0,0,12
CHEMBL14563,2,1,0,0,0,0,0,0,0,0,0,0,0,0,0,0,1,0,0,0,0,2,0,2,0,0,18,3,1,0,0,0,0,12,0,0,0,2,0,5,0,0,19
CHEMBL1485809,0,0,0,0,0,0,0,2,0,0,1,1,0,0,2,0,0,0,0,0,1,1,0,2,0,0,17,2,0,2,0,0,0,12,0,0,0,0,1,9,0,0,18
CHEMBL148903,0,1,1,0,0,0,0,0,1,0,0,2,0,0,0,0,0,0,0,0,0,0,0,0,0,0,6,1,0,0,0,0,0,5,0,0,0,3,0,1,0,0,10
CHEMBL148903,0,1,1,0,0,0,0,0,1,0,0,2,0,0,0,0,0,0,0,0,0,0,0,0,0,0,6,1,0,0,0,0,0,5,0,0,0,3,0,1,0,0,10
CHEMBL149238,1,1,0,1,0,0,0,0,1,0,0,2,0,0,0,0,0,0,0,0,0,0,0,0,0,0,6,1,0,0,0,0,0,5,0,0,0,3,0,1,0,0,10
CHEMBL149238,1,1,0,1,0,0,0,0,1,0,0,2,0,0,0,0,0,0,0,0,0,0,0,0,0,0,6,1,0,0,0,0,0,5,0,0,0,3,0,1,0,0,10
CHEMBL149750,1,2,0,0,0,0,0,1,0,0,0,0,0,0,0,0,0,0,0,1,0,1,0,2,0,0,11,2,0,0,0,0,0,4,0,0,0,0,2,5,0,0,10
CHEMBL149791,1,1,0,0,1,0,0,0,0,0,0,0,0,0,0,2,0,0,0,0,0,0,0,0,0,0,18,0,0,6,0,0,0,2,0,0,0,0,0,4,0,0,20
CHEMBL149791,1,1,0,0,1,0,0,0,0,0,0,0,0,0,0,2,0,0,0,0,0,0,0,0,0,0,18,0,0,6,0,0,0,2,0,0,0,0,0,4,0,0,20
CHEMBL150146,1,2,0,0,0,0,0,1,0,0,0,0,0,0,0,0,0,0,0,0,0,2,0,2,0,0,12,2,0,0,0,0,0,6,0,0,0,0,0,5,0,0,10
CHEMBL150278,1,2,0,0,0,0,0,1,0,0,0,0,0,0,0,0,0,0,0,1,0,3,0,4,0,0,11,4,0,0,0,0,0,4,0,0,0,1,3,5,0,0,8
CHEMBL150653,1,2,0,0,0,0,0,1,0,0,0,0,0,0,0,0,0,0,0,0,0,1,0,1,0,0,12,1,0,0,0,0,0,4,0,0,0,0,0,5,0,0,11
CHEMBL150681,1,2,0,0,0,0,0,1,0,0,0,0,0,0,0,0,0,0,0,0,0,1,1,2,0,0,11,2,0,0,0,0,0,4,0,0,0,0,0,5,0,0,9
CHEMBL150799,1,2,0,0,0,0,0,1,0,0,0,0,0,0,0,0,0,0,0,0,0,1,1,2,0,0,11,2,0,0,0,0,0,4,0,0,0,0,0,5,0,0,9
CHEMBL150999,1,2,0,0,0,0,0,1,0,0,0,0,0,0,0,0,0,0,0,1,0,1,0,2,0,0,11,2,0,0,0,0,0,6,0,0,0,1,0,5,0,0,10
CHEMBL151,0,0,0,0,0,0,0,0,0,0,0,0,0,3,3,4,0,0,1,0,0,0,1,1,0,0,16,1,1,3,0,0,0,7,0,0,0,0,1,1,0,0,15
CHEMBL151037,1,2,0,0,0,0,0,1,0,0,0,0,0,0,0,0,0,0,0,0,1,1,0,2,0,0,11,2,0,0,0,0,0,5,0,0,0,0,0,5,0,0,10
CHEMBL151038,2,2,0,0,0,0,0,1,0,0,0,0,0,0,0,0,0,0,0,0,0,1,1,2,0,0,11,2,0,0,0,0,0,4,0,0,0,0,1,5,0,0,9
CHEMBL151096,1,2,0,0,0,0,0,1,0,0,0,0,0,0,0,0,0,0,0,0,0,1,1,2,0,0,11,2,0,0,0,0,0,6,0,0,0,0,0,5,0,0,9
CHEMBL151207,2,2,0,0,0,0,0,1,0,0,0,0,0,0,0,0,0,0,0,0,1,1,0,2,0,0,11,2,0,0,0,0,0,7,0,0,0,0,0,5,0,0,10
CHEMBL151212,1,2,0,1,0,0,0,0,1,0,0,2,0,0,0,0,0,0,0,0,0,0,0,0,0,0,6,1,0,0,0,0,0,5,0,0,0,3,0,2,0,0,10
CHEMBL151212,1,2,0,1,0,0,0,0,1,0,0,2,0,0,0,0,0,0,0,0,0,0,0,0,0,0,6,1,0,0,0,0,0,5,0,0,0,3,0,2,0,0,10
CHEMBL151449,1,2,0,0,0,0,0,1,0,0,0,0,0,0,0,0,0,0,0,0,0,1,1,2,0,0,11,2,0,0,0,0,0,4,0,0,0,0,0,5,0,0,9
CHEMBL151646,1,2,0,0,0,0,0,1,0,0,0,0,0,0,0,0,0,0,0,0,0,1,0,1,0,0,12,1,0,0,0,0,0,4,0,0,0,0,0,5,0,0,11
CHEMBL151691,1,1,0,1,0,0,0,0,1,0,0,2,0,0,0,0,0,0,0,0,0,0,0,0,0,0,6,1,0,0,0,0,0,6,0,0,0,1,0,1,0,1,10
CHEMBL151691,1,1,0,1,0,0,0,0,1,0,0,2,0,0,0,0,0,0,0,0,0,0,0,0,0,0,6,1,0,0,0,0,0,6,0,0,0,1,0,1,0,1,10
CHEMBL1521315,1,1,0,0,0,0,0,0,0,0,0,1,0,0,2,0,0,0,0,0,1,1,0,2,0,0,11,2,0,4,0,0,0,9,2,1,1,2,2,7,0,0,13
CHEMBL152237,3,8,3,2,0,0,0,0,0,2,0,1,0,0,2,0,0,0,0,0,0,0,0,0,0,0,0,0,5,1,0,0,0,5,0,0,0,3,1,2,1,3,10
CHEMBL1538978,0,1,0,0,1,0,0,0,0,0,0,1,0,0,2,0,0,0,0,0,1,1,0,2,1,1,11,2,0,2,0,0,0,11,0,0,0,4,1,10,0,1,15
CHEMBL154104,3,8,3,2,0,0,0,0,0,2,0,0,0,0,2,0,0,0,0,0,0,0,0,0,0,0,0,0,5,1,0,0,0,4,0,0,0,2,1,2,1,2,9
CHEMBL154918,3,9,3,2,0,0,0,0,0,2,0,0,0,0,2,0,0,0,0,0,0,0,0,0,0,0,0,0,5,1,0,0,0,4,0,0,0,2,1,3,1,2,9
CHEMBL15594,1,10,0,0,4,0,0,0,0,0,0,1,0,0,0,0,0,0,0,0,0,0,0,0,0,0,0,0,0,0,0,4,4,2,0,0,0,2,0,14,0,0,9
CHEMBL1571,2,6,3,1,2,0,0,0,0,1,0,1,0,0,3,0,0,0,0,0,0,0,0,0,0,0,0,1,5,2,0,1,1,4,0,0,0,2,1,0,2,1,11
CHEMBL157101,1,0,0,0,0,0,0,1,1,0,0,1,0,0,0,0,2,0,0,0,1,1,0,2,0,0,17,6,0,0,0,0,0,18,0,0,0,1,1,8,0,1,21
CHEMBL157101,1,0,0,0,0,0,0,1,1,0,0,1,0,0,0,0,2,0,0,0,1,1,0,2,0,0,17,6,0,0,0,0,0,18,0,0,0,1,1,8,0,1,21
CHEMBL157925,0,0,0,0,0,0,0,0,0,0,0,0,0,2,2,0,0,0,1,0,1,2,1,4,0,0,15,4,1,3,0,0,0,8,0,0,0,0,2,2,0,0,12
CHEMBL158325,3,6,2,2,2,0,0,0,0,2,0,0,0,0,3,0,0,0,0,0,0,0,0,0,0,0,0,0,3,2,0,1,1,2,0,0,0,2,1,2,2,1,10
CHEMBL158326,3,5,2,2,2,0,0,0,0,2,0,0,0,0,3,0,0,0,0,0,0,0,0,0,0,0,0,0,3,2,0,1,1,2,0,0,0,2,1,1,2,1,10
CHEMBL158397,3,5,2,2,2,0,0,0,0,1,1,1,0,0,3,0,0,0,0,0,0,0,0,0,0,0,0,0,3,2,0,1,1,4,0,0,0,2,1,3,2,1,10
CHEMBL158600,2,5,2,2,2,0,0,0,0,1,0,0,0,0,3,0,0,0,0,0,0,0,0,0,0,0,0,0,3,2,0,1,1,2,0,0,0,1,1,1,2,0,10
CHEMBL158635,0,0,0,0,0,0,0,1,0,0,0,0,0,2,3,0,0,0,1,0,1,1,1,3,0,0,21,3,1,3,0,0,0,10,0,0,0,0,1,4,0,0,19
CHEMBL158717,2,5,2,2,2,0,0,0,0,1,0,1,0,0,3,0,0,0,0,0,0,0,0,0,0,0,0,0,3,2,0,1,1,3,0,0,0,3,1,1,2,0,10
CHEMBL158984,0,0,0,0,0,0,0,0,0,0,0,0,0,2,2,0,0,0,1,0,1,1,1,3,0,0,15,3,1,3,0,0,0,8,0,0,0,0,1,2,0,0,13
CHEMBL159073,0,0,0,0,0,0,0,0,0,0,0,0,0,3,4,0,0,0,1,0,1,1,1,3,0,0,19,3,2,6,0,0,0,9,2,1,1,0,1,3,0,0,18
CHEMBL1601919,0,0,0,0,0,0,0,0,0,0,0,0,0,0,0,0,0,0,0,0,0,2,0,3,0,0,17,3,0,0,0,0,0,6,0,0,0,0,0,2,0,0,14
CHEMBL1601919,0,0,0,0,0,0,0,0,0,0,0,0,0,0,0,0,0,0,0,0,0,2,0,3,0,0,17,3,0,0,0,0,0,6,0,0,0,0,0,2,0,0,14
CHEMBL160271,3,4,3,2,2,0,0,0,0,1,0,1,0,0,3,0,0,0,0,0,0,0,0,0,0,0,0,0,3,2,0,1,1,3,0,0,0,3,1,1,2,0,11
CHEMBL161230,0,0,0,0,0,0,0,0,0,0,0,0,1,2,3,0,0,0,1,0,1,1,1,3,0,0,15,3,1,3,2,0,0,9,0,0,0,0,1,2,0,0,13
CHEMBL161530,0,0,0,0,0,0,0,0,0,0,0,0,0,3,2,0,0,0,1,0,1,1,1,3,0,0,15,3,1,3,0,0,0,8,0,0,0,0,1,2,0,0,13
CHEMBL162431,0,0,0,0,0,0,0,0,1,1,0,0,0,0,2,0,0,0,0,0,1,1,0,2,0,0,11,2,0,2,0,0,0,7,0,0,0,1,1,3,0,0,11
CHEMBL162496,1,0,0,0,0,0,0,0,0,0,0,0,1,0,0,0,0,0,0,0,1,1,0,2,0,0,11,2,0,0,2,0,0,6,0,0,0,0,1,2,0,0,10
CHEMBL162549,0,0,0,0,0,0,0,0,0,1,0,0,0,0,2,0,0,0,0,0,1,1,0,2,0,0,11,2,0,4,0,0,0,7,2,1,1,1,1,4,0,0,12
CHEMBL162585,0,2,0,0,0,0,0,0,0,0,0,0,1,0,0,0,0,0,0,0,1,1,0,2,0,0,11,2,1,0,2,0,0,6,0,0,0,0,1,1,0,0,11
CHEMBL1627334,1,6,3,1,0,1,1,0,0,0,0,0,0,0,0,1,0,1,0,0,0,0,0,0,0,0,6,0,5,0,0,0,0,2,0,0,0,0,0,0,0,0,11
CHEMBL1627334,1,6,3,1,0,1,1,0,0,0,0,0,0,0,0,1,0,1,0,0,0,0,0,0,0,0,6,0,5,0,0,0,0,2,0,0,0,0,0,0,0,0,11
CHEMBL1627337,1,6,3,1,0,1,1,0,0,0,0,0,0,0,0,1,0,1,0,0,0,0,0,0,0,0,6,0,5,0,0,0,0,2,0,0,0,0,0,0,0,0,11
CHEMBL1627841,1,6,3,1,0,1,1,0,0,0,0,0,0,1,2,1,0,0,0,0,0,0,0,0,0,0,6,0,5,2,0,0,0,3,0,0,0,0,1,1,0,0,12
CHEMBL1628064,1,6,3,1,0,1,1,0,0,0,0,0,0,0,0,1,0,0,0,0,0,0,0,0,0,0,6,0,5,0,0,0,0,2,0,0,0,0,0,0,0,0,11
CHEMBL1628064,1,6,3,1,0,1,1,0,0,0,0,0,0,0,0,1,0,0,0,0,0,0,0,0,0,0,6,0,5,0,0,0,0,2,0,0,0,0,0,0,0,0,11
CHEMBL162834,0,4,0,0,0,0,0,0,0,0,0,0,1,0,0,0,0,0,0,0,1,1,0,2,0,0,11,2,1,0,2,0,0,6,0,0,0,0,1,1,0,0,11
CHEMBL1629800,2,8,4,2,1,0,0,0,0,1,0,0,0,0,0,0,0,0,0,0,0,0,0,0,0,0,0,0,5,0,0,1,1,1,0,0,0,1,0,0,0,1,9
CHEMBL1629800,2,8,4,2,1,0,0,0,0,1,0,0,0,0,0,0,0,0,0,0,0,0,0,0,0,0,0,0,5,0,0,1,1,1,0,0,0,1,0,0,0,1,9
CHEMBL1629800,2,8,4,2,1,0,0,0,0,1,0,0,0,0,0,0,0,0,0,0,0,0,0,0,0,0,0,0,5,0,0,1,1,1,0,0,0,1,0,0,0,1,9
CHEMBL1629801,2,8,4,2,1,1,1,0,0,0,0,0,0,0,0,0,0,0,0,0,0,0,0,0,0,0,0,0,5,0,0,1,1,1,0,0,0,0,0,0,0,0,9
CHEMBL1629801,2,8,4,2,1,1,1,0,0,0,0,0,0,0,0,0,0,0,0,0,0,0,0,0,0,0,0,0,5,0,0,1,1,1,0,0,0,0,0,0,0,0,9
CHEMBL1629802,2,8,4,2,0,0,0,0,0,1,0,0,0,0,0,0,0,0,0,0,0,0,0,0,0,0,0,1,7,0,0,0,0,3,0,0,0,1,0,0,0,1,9
CHEMBL1629802,2,8,4,2,0,0,0,0,0,1,0,0,0,0,0,0,0,0,0,0,0,0,0,0,0,0,0,1,7,0,0,0,0,3,0,0,0,1,0,0,0,1,9
CHEMBL1629802,2,8,4,2,0,0,0,0,0,1,0,0,0,0,0,0,0,0,0,0,0,0,0,0,0,0,0,1,7,0,0,0,0,3,0,0,0,1,0,0,0,1,9
CHEMBL1629803,2,8,4,2,0,1,1,0,0,0,0,0,0,0,0,0,0,0,0,0,0,0,0,0,0,0,0,1,7,0,0,0,0,3,0,0,0,0,0,0,0,0,9
CHEMBL1629803,2,8,4,2,0,1,1,0,0,0,0,0,0,0,0,0,0,0,0,0,0,0,0,0,0,0,0,1,7,0,0,0,0,3,0,0,0,0,0,0,0,0,9
CHEMBL1629804,2,9,3,2,1,0,0,0,0,1,0,0,0,0,0,0,0,0,0,0,0,0,0,0,0,0,0,0,5,0,0,0,0,1,0,0,0,1,0,0,0,1,8
CHEMBL1629804,2,9,3,2,1,0,0,0,0,1,0,0,0,0,0,0,0,0,0,0,0,0,0,0,0,0,0,0,5,0,0,0,0,1,0,0,0,1,0,0,0,1,8
CHEMBL1629804,2,9,3,2,1,0,0,0,0,1,0,0,0,0,0,0,0,0,0,0,0,0,0,0,0,0,0,0,5,0,0,0,0,1,0,0,0,1,0,0,0,1,8
CHEMBL1629805,1,9,3,2,1,1,0,0,0,1,0,0,0,0,0,0,0,0,0,0,0,0,0,0,0,0,0,0,5,0,0,0,0,2,0,0,0,1,0,1,0,1,8
CHEMBL1629805,1,9,3,2,1,1,0,0,0,1,0,0,0,0,0,0,0,0,0,0,0,0,0,0,0,0,0,0,5,0,0,0,0,2,0,0,0,1,0,1,0,1,8
CHEMBL1629805,1,9,3,2,1,1,0,0,0,1,0,0,0,0,0,0,0,0,0,0,0,0,0,0,0,0,0,0,5,0,0,0,0,2,0,0,0,1,0,1,0,1,8
CHEMBL1629806,2,8,3,2,1,1,1,0,0,1,0,0,0,0,0,0,0,0,0,0,0,0,0,0,0,0,0,0,5,0,0,0,0,2,0,0,0,1,0,0,0,1,9
CHEMBL1629806,2,8,3,2,1,1,1,0,0,1,0,0,0,0,0,0,0,0,0,0,0,0,0,0,0,0,0,0,5,0,0,0,0,2,0,0,0,1,0,0,0,1,9
CHEMBL1629806,2,8,3,2,1,1,1,0,0,1,0,0,0,0,0,0,0,0,0,0,0,0,0,0,0,0,0,0,5,0,0,0,0,2,0,0,0,1,0,0,0,1,9
CHEMBL1630260,3,11,3,2,0,0,0,0,0,1,1,1,0,0,0,0,0,0,0,0,0,0,0,0,0,0,0,0,5,0,0,0,0,4,0,0,0,2,0,4,0,2,9
CHEMBL1630260,3,11,3,2,0,0,0,0,0,1,1,1,0,0,0,0,0,0,0,0,0,0,0,0,0,0,0,0,5,0,0,0,0,4,0,0,0,2,0,4,0,2,9
CHEMBL1630261,2,8,3,2,1,1,1,0,0,1,0,0,0,0,0,0,0,0,0,0,0,0,0,0,0,0,0,0,5,0,0,0,0,2,0,0,0,1,0,0,0,1,9
CHEMBL1630261,2,8,3,2,1,1,1,0,0,1,0,0,0,0,0,0,0,0,0,0,0,0,0,0,0,0,0,0,5,0,0,0,0,2,0,0,0,1,0,0,0,1,9
CHEMBL1630261,2,8,3,2,1,1,1,0,0,1,0,0,0,0,0,0,0,0,0,0,0,0,0,0,0,0,0,0,5,0,0,0,0,2,0,0,0,1,0,0,0,1,9
CHEMBL1630262,3,13,3,2,0,0,0,0,0,1,1,1,0,0,0,0,0,0,0,0,0,0,0,0,0,0,0,0,5,0,0,0,0,4,0,0,0,2,0,6,0,2,9
CHEMBL1630262,3,13,3,2,0,0,0,0,0,1,1,1,0,0,0,0,0,0,0,0,0,0,0,0,0,0,0,0,5,0,0,0,0,4,0,0,0,2,0,6,0,2,9
CHEMBL1630263,2,9,3,2,0,0,0,0,0,1,1,1,0,0,2,0,0,0,0,0,0,0,0,0,0,0,6,0,5,2,0,0,0,4,0,0,0,1,0,3,0,1,15
CHEMBL1630263,2,9,3,2,0,0,0,0,0,1,1,1,0,0,2,0,0,0,0,0,0,0,0,0,0,0,6,0,5,2,0,0,0,4,0,0,0,1,0,3,0,1,15
CHEMBL1630263,2,9,3,2,0,0,0,0,0,1,1,1,0,0,2,0,0,0,0,0,0,0,0,0,0,0,6,0,5,2,0,0,0,4,0,0,0,1,0,3,0,1,15
CHEMBL1630264,3,9,3,2,0,0,0,0,0,1,1,1,0,0,0,0,0,0,0,0,0,0,0,0,0,0,0,0,5,0,0,0,0,4,0,0,0,2,0,2,0,2,9
CHEMBL1630264,3,9,3,2,0,0,0,0,0,1,1,1,0,0,0,0,0,0,0,0,0,0,0,0,0,0,0,0,5,0,0,0,0,4,0,0,0,2,0,2,0,2,9
CHEMBL1630264,3,9,3,2,0,0,0,0,0,1,1,1,0,0,0,0,0,0,0,0,0,0,0,0,0,0,0,0,5,0,0,0,0,4,0,0,0,2,0,2,0,2,9
CHEMBL1630265,2,9,3,2,0,1,0,0,0,1,1,1,0,0,0,0,0,0,0,0,0,0,0,0,0,0,0,0,5,0,0,0,0,5,0,0,0,2,0,3,0,2,9
CHEMBL1630265,2,9,3,2,0,1,0,0,0,1,1,1,0,0,0,0,0,0,0,0,0,0,0,0,0,0,0,0,5,0,0,0,0,5,0,0,0,2,0,3,0,2,9
CHEMBL1630266,1,8,3,2,1,2,1,0,0,1,0,0,0,0,0,0,0,0,0,0,0,0,0,0,0,0,0,0,5,0,0,0,0,3,0,0,0,1,0,1,0,1,9
CHEMBL1630266,1,8,3,2,1,2,1,0,0,1,0,0,0,0,0,0,0,0,0,0,0,0,0,0,0,0,0,0,5,0,0,0,0,3,0,0,0,1,0,1,0,1,9
CHEMBL1630266,1,8,3,2,1,2,1,0,0,1,0,0,0,0,0,0,0,0,0,0,0,0,0,0,0,0,0,0,5,0,0,0,0,3,0,0,0,1,0,1,0,1,9
CHEMBL1630267,1,8,3,2,1,2,1,0,0,1,0,0,0,0,0,0,0,0,0,0,0,0,0,0,0,0,0,0,5,0,0,0,0,3,0,0,0,1,0,1,0,1,9
CHEMBL1630267,1,8,3,2,1,2,1,0,0,1,0,0,0,0,0,0,0,0,0,0,0,0,0,0,0,0,0,0,5,0,0,0,0,3,0,0,0,1,0,1,0,1,9
CHEMBL1630267,1,8,3,2,1,2,1,0,0,1,0,0,0,0,0,0,0,0,0,0,0,0,0,0,0,0,0,0,5,0,0,0,0,3,0,0,0,1,0,1,0,1,9
CHEMBL1630268,2,8,3,2,1,1,1,0,0,1,0,0,0,0,0,0,0,0,0,0,0,0,0,0,0,0,0,0,5,0,0,0,0,2,0,0,0,1,0,0,0,1,9
CHEMBL1630268,2,8,3,2,1,1,1,0,0,1,0,0,0,0,0,0,0,0,0,0,0,0,0,0,0,0,0,0,5,0,0,0,0,2,0,0,0,1,0,0,0,1,9
CHEMBL1630269,3,8,3,2,1,0,0,0,0,1,1,1,0,0,0,0,0,0,0,0,0,0,0,0,0,0,0,0,5,0,0,0,0,4,0,0,0,2,0,2,0,2,10
CHEMBL1630269,3,8,3,2,1,0,0,0,0,1,1,1,0,0,0,0,0,0,0,0,0,0,0,0,0,0,0,0,5,0,0,0,0,4,0,0,0,2,0,2,0,2,10
CHEMBL1630270,3,8,3,2,1,0,0,0,0,1,1,1,0,0,0,0,0,0,0,0,0,0,0,0,0,0,0,0,5,0,0,0,0,4,0,0,0,2,0,2,0,2,10
CHEMBL1630270,3,8,3,2,1,0,0,0,0,1,1,1,0,0,0,0,0,0,0,0,0,0,0,0,0,0,0,0,5,0,0,0,0,4,0,0,0,2,0,2,0,2,10
CHEMBL1630271,2,8,3,2,1,1,0,0,0,1,1,1,0,0,0,0,0,0,0,0,0,0,0,0,0,0,0,0,5,0,0,0,0,5,0,0,0,2,0,3,0,2,10
CHEMBL1630271,2,8,3,2,1,1,0,0,0,1,1,1,0,0,0,0,0,0,0,0,0,0,0,0,0,0,0,0,5,0,0,0,0,5,0,0,0,2,0,3,0,2,10
CHEMBL1630272,2,8,3,2,1,1,1,0,0,1,0,0,0,0,0,0,0,0,0,0,0,0,0,0,0,0,0,0,5,0,0,0,0,2,0,0,0,1,0,0,0,1,9
CHEMBL1630272,2,8,3,2,1,1,1,0,0,1,0,0,0,0,0,0,0,0,0,0,0,0,0,0,0,0,0,0,5,0,0,0,0,2,0,0,0,1,0,0,0,1,9
CHEMBL1630273,1,8,3,2,1,2,1,0,0,1,0,0,0,0,0,0,0,0,0,0,0,0,0,0,0,0,0,0,5,0,0,0,0,3,0,0,0,1,0,1,0,1,9
CHEMBL1630273,1,8,3,2,1,2,1,0,0,1,0,0,0,0,0,0,0,0,0,0,0,0,0,0,0,0,0,0,5,0,0,0,0,3,0,0,0,1,0,1,0,1,9
CHEMBL1630273,1,8,3,2,1,2,1,0,0,1,0,0,0,0,0,0,0,0,0,0,0,0,0,0,0,0,0,0,5,0,0,0,0,3,0,0,0,1,0,1,0,1,9
CHEMBL1630274,1,8,3,2,1,2,1,0,0,1,0,0,0,0,0,0,0,0,0,0,0,0,0,0,0,0,0,0,5,0,0,0,0,3,0,0,0,1,0,1,0,1,9
CHEMBL1630274,1,8,3,2,1,2,1,0,0,1,0,0,0,0,0,0,0,0,0,0,0,0,0,0,0,0,0,0,5,0,0,0,0,3,0,0,0,1,0,1,0,1,9
CHEMBL1630274,1,8,3,2,1,2,1,0,0,1,0,0,0,0,0,0,0,0,0,0,0,0,0,0,0,0,0,0,5,0,0,0,0,3,0,0,0,1,0,1,0,1,9
CHEMBL1630275,1,8,3,2,1,1,0,0,0,1,0,0,0,0,0,0,0,0,0,0,0,0,0,0,0,0,0,0,5,0,0,0,0,4,0,0,0,1,0,2,0,1,9
CHEMBL1630275,1,8,3,2,1,1,0,0,0,1,0,0,0,0,0,0,0,0,0,0,0,0,0,0,0,0,0,0,5,0,0,0,0,4,0,0,0,1,0,2,0,1,9
CHEMBL1630276,3,8,4,2,1,0,0,0,0,1,0,0,0,0,0,0,0,0,0,0,0,0,0,0,0,0,0,0,5,0,0,0,0,1,0,0,0,1,0,0,0,1,9
CHEMBL1630276,3,8,4,2,1,0,0,0,0,1,0,0,0,0,0,0,0,0,0,0,0,0,0,0,0,0,0,0,5,0,0,0,0,1,0,0,0,1,0,0,0,1,9
CHEMBL1630277,3,9,4,2,1,0,0,0,0,1,0,0,0,0,0,0,0,0,0,0,0,0,0,0,0,0,0,0,5,0,0,0,0,1,0,0,0,1,0,1,0,1,9
CHEMBL1630277,3,9,4,2,1,0,0,0,0,1,0,0,0,0,0,0,0,0,0,0,0,0,0,0,0,0,0,0,5,0,0,0,0,1,0,0,0,1,0,1,0,1,9
CHEMBL1630278,3,10,4,2,1,0,0,0,0,1,0,0,0,0,0,0,0,0,0,0,0,0,0,0,0,0,0,0,5,0,0,0,0,1,0,0,0,1,0,2,0,1,9
CHEMBL1630278,3,10,4,2,1,0,0,0,0,1,0,0,0,0,0,0,0,0,0,0,0,0,0,0,0,0,0,0,5,0,0,0,0,1,0,0,0,1,0,2,0,1,9
CHEMBL1630279,2,9,4,2,0,0,0,0,0,2,0,0,0,0,0,0,0,0,0,0,0,0,0,0,0,0,0,0,5,0,0,0,0,2,0,0,0,2,0,0,0,3,8
CHEMBL1630279,2,9,4,2,0,0,0,0,0,2,0,0,0,0,0,0,0,0,0,0,0,0,0,0,0,0,0,0,5,0,0,0,0,2,0,0,0,2,0,0,0,3,8
CHEMBL1630280,2,8,4,2,0,1,1,0,0,2,0,0,0,0,0,0,0,0,0,0,0,0,0,0,0,0,0,0,5,0,0,0,0,3,0,0,0,2,0,0,0,2,9
CHEMBL1630280,2,8,4,2,0,1,1,0,0,2,0,0,0,0,0,0,0,0,0,0,0,0,0,0,0,0,0,0,5,0,0,0,0,3,0,0,0,2,0,0,0,2,9
CHEMBL1630280,2,8,4,2,0,1,1,0,0,2,0,0,0,0,0,0,0,0,0,0,0,0,0,0,0,0,0,0,5,0,0,0,0,3,0,0,0,2,0,0,0,2,9
CHEMBL1630909,2,8,3,1,0,0,0,0,0,1,0,1,0,0,2,0,0,0,0,0,0,0,0,0,0,0,0,1,5,1,0,0,0,5,0,0,0,3,1,0,1,2,9
CHEMBL1630909,2,8,3,1,0,0,0,0,0,1,0,1,0,0,2,0,0,0,0,0,0,0,0,0,0,0,0,1,5,1,0,0,0,5,0,0,0,3,1,0,1,2,9
CHEMBL1630910,2,9,3,2,1,0,0,0,0,1,0,0,0,0,0,0,0,0,0,0,0,0,0,0,0,0,0,0,5,0,0,0,0,1,0,0,0,1,0,0,0,1,8
CHEMBL1630911,1,9,3,2,1,1,0,0,0,1,0,0,0,0,0,0,0,0,0,0,0,0,0,0,0,0,0,0,5,0,0,0,0,2,0,0,0,1,0,1,0,1,8
CHEMBL1630911,1,9,3,2,1,1,0,0,0,1,0,0,0,0,0,0,0,0,0,0,0,0,0,0,0,0,0,0,5,0,0,0,0,2,0,0,0,1,0,1,0,1,8
CHEMBL163413,0,3,0,0,0,0,0,0,0,0,0,1,0,0,2,0,0,0,0,0,1,1,0,2,0,0,11,2,1,2,0,0,0,7,0,0,0,2,1,2,0,0,12
CHEMBL163420,0,6,0,0,0,0,0,0,0,0,0,0,1,0,0,0,0,0,0,0,1,1,0,2,0,0,5,2,1,0,0,0,0,6,0,0,0,0,1,3,0,1,5
CHEMBL163922,0,0,0,0,0,0,0,0,0,0,0,0,1,0,0,0,0,0,0,0,1,1,0,2,0,0,11,2,0,0,2,0,0,6,0,0,0,0,1,2,0,0,10
CHEMBL164,0,0,0,0,0,0,0,0,0,0,0,0,0,3,3,6,0,0,1,0,0,0,1,1,0,0,16,1,1,3,0,0,0,9,0,0,0,0,1,1,0,0,15
CHEMBL1642686,0,0,0,0,1,0,0,0,1,0,0,0,0,0,0,0,0,0,0,0,0,0,0,0,0,0,12,0,0,4,0,1,1,1,0,0,0,0,0,2,0,0,14
CHEMBL164543,1,8,2,2,2,0,0,0,0,2,0,0,0,0,2,0,0,0,0,0,0,0,0,0,0,0,0,0,5,1,0,0,0,4,0,0,0,2,1,4,1,2,11
CHEMBL164746,1,9,2,2,2,0,0,0,0,2,0,0,0,0,2,0,0,0,0,0,0,0,0,0,0,0,0,0,5,1,0,0,0,4,0,0,0,2,1,4,1,2,10
CHEMBL164821,1,8,2,2,2,0,0,0,0,2,0,0,0,0,2,0,0,0,0,0,0,0,0,0,0,0,6,0,5,1,0,0,0,2,0,0,0,2,1,4,1,2,16
CHEMBL164993,1,9,3,2,1,0,0,0,0,2,0,1,0,0,2,0,0,0,0,0,0,0,0,0,0,0,0,0,5,1,0,0,0,5,0,0,0,3,1,3,1,3,10
CHEMBL165,0,0,0,0,1,0,0,0,0,0,0,0,0,0,0,3,0,0,0,0,0,0,0,0,0,0,12,0,0,4,0,1,1,3,0,0,0,0,0,2,0,0,14
CHEMBL165,0,0,0,0,1,0,0,0,0,0,0,0,0,0,0,3,0,0,0,0,0,0,0,0,0,0,12,0,0,4,0,1,1,3,0,0,0,0,0,2,0,0,14
CHEMBL1650709,0,0,0,0,0,0,0,0,0,0,0,1,0,0,1,0,0,0,1,0,0,0,1,1,0,0,16,1,1,2,0,0,0,3,0,0,0,0,0,1,0,0,15
CHEMBL1650711,0,0,0,0,0,0,0,1,0,0,0,1,0,0,1,0,0,0,1,0,0,0,1,1,0,0,16,1,1,2,0,0,0,5,0,0,0,0,0,2,0,0,15
CHEMBL165106,1,8,2,2,2,0,0,0,0,2,0,0,0,0,2,0,0,0,0,0,0,0,0,0,0,0,0,0,5,1,0,0,0,4,0,0,0,2,1,4,1,2,10
CHEMBL165218,2,8,2,2,2,0,0,0,0,2,0,0,0,0,2,0,0,0,0,0,0,0,0,0,0,0,0,0,5,1,0,0,0,4,0,0,0,2,1,4,1,2,10
CHEMBL165279,1,8,2,2,2,0,0,0,0,2,0,0,0,0,2,0,0,0,0,0,0,0,0,0,0,0,0,0,5,1,0,0,0,5,0,0,0,2,1,5,1,2,10
CHEMBL165342,1,7,2,1,2,0,0,0,0,2,0,0,0,0,2,0,0,0,0,0,0,0,0,0,0,0,0,0,5,1,0,0,0,4,0,0,0,2,1,1,1,2,10
CHEMBL165552,1,8,2,2,2,0,0,0,0,2,0,0,0,0,2,0,0,0,0,0,0,0,0,0,0,0,6,0,5,5,0,0,0,6,4,2,2,2,1,7,1,2,18
CHEMBL165925,1,8,2,2,2,0,0,0,0,2,0,0,0,0,2,0,0,0,0,0,0,0,0,0,0,0,0,0,5,1,0,0,0,4,0,0,0,2,1,3,1,2,10
CHEMBL166017,1,8,2,2,2,0,0,0,1,2,0,0,0,0,2,0,0,0,0,0,0,0,0,0,0,0,0,0,5,1,0,0,0,5,0,0,0,2,1,3,1,2,11
CHEMBL166032,1,8,2,2,2,0,0,0,0,2,0,0,1,0,2,0,0,0,0,0,0,0,0,0,0,0,0,0,5,1,0,0,0,5,0,0,0,2,1,3,1,2,10
CHEMBL166060,1,8,2,2,2,0,0,0,0,2,0,0,0,0,2,0,0,0,0,0,0,0,0,0,0,0,0,0,5,1,0,0,0,2,0,0,0,2,1,2,1,2,10
CHEMBL166079,1,9,2,2,2,0,0,0,0,2,0,0,0,0,2,0,0,0,0,0,0,0,0,0,0,0,0,0,5,1,0,0,0,4,0,0,0,2,1,4,1,2,11
CHEMBL166148,1,8,2,2,2,0,0,0,0,2,0,0,0,0,2,0,0,0,0,0,0,0,0,0,0,0,0,0,5,1,0,0,0,4,0,0,0,2,1,4,1,2,11
CHEMBL166709,0,2,0,0,1,0,0,0,0,1,0,0,0,0,4,0,0,0,0,0,0,2,0,2,0,0,12,2,1,5,0,0,0,3,0,0,0,0,2,1,1,0,13
CHEMBL166789,0,2,3,0,0,0,0,0,0,0,0,0,0,0,0,0,0,0,0,0,0,1,0,1,0,0,12,1,3,0,0,0,0,2,0,0,0,0,0,1,0,0,14
CHEMBL1668326,1,3,0,0,0,0,0,1,0,0,0,1,0,1,3,2,0,0,0,0,0,0,0,0,0,0,6,2,3,2,0,0,0,9,0,0,0,0,1,3,0,0,10
CHEMBL1668327,1,4,0,0,0,1,1,2,0,0,0,1,0,1,3,1,0,0,0,0,0,0,0,0,0,0,6,1,1,2,0,0,0,9,0,0,0,0,1,6,0,0,9
CHEMBL1668328,1,4,0,0,0,1,1,1,0,0,0,1,0,1,3,2,0,0,0,0,0,0,0,0,0,0,6,1,1,2,0,0,0,8,0,0,0,0,1,5,0,0,9
CHEMBL1668329,1,4,0,0,0,0,0,2,0,1,0,1,0,1,3,1,0,0,0,0,0,0,0,0,0,0,6,1,1,2,0,0,0,9,0,0,0,1,1,7,0,2,9
CHEMBL166974,0,2,0,0,1,0,0,0,0,1,0,0,0,0,4,0,0,0,0,0,0,0,0,1,0,0,11,1,1,5,0,0,0,3,0,0,0,0,1,1,1,0,13
CHEMBL1672974,0,0,0,0,0,0,0,0,0,0,0,0,1,0,0,0,0,0,0,0,1,2,0,3,0,0,23,3,0,0,2,0,0,8,0,0,0,3,0,7,0,0,23
CHEMBL1672975,0,0,0,0,0,0,0,0,0,0,0,0,1,0,0,0,0,0,0,0,1,2,0,3,0,0,23,3,0,0,2,0,0,8,0,0,0,3,0,7,0,0,23
CHEMBL1672976,0,0,0,0,0,0,0,0,0,0,0,0,1,0,0,0,0,0,0,0,1,2,0,3,0,0,23,3,0,0,2,0,0,8,0,0,0,3,0,7,0,0,23
CHEMBL1672977,0,0,0,0,0,0,0,0,0,0,0,0,1,0,0,0,0,1,0,0,1,2,0,3,0,0,23,3,0,0,2,0,0,8,0,0,0,3,0,7,0,0,23
CHEMBL1672978,0,0,0,0,0,0,0,0,0,0,0,0,1,0,0,0,1,0,0,0,1,2,0,3,0,0,23,3,0,0,2,0,0,8,0,0,0,3,0,7,0,0,23
CHEMBL1672979,0,0,0,0,0,0,0,0,0,0,0,0,1,0,0,0,0,0,0,0,1,2,0,3,0,0,23,3,0,0,2,0,0,8,0,0,0,3,0,7,0,0,23
CHEMBL1672980,0,0,0,0,0,0,0,1,0,0,0,0,1,0,0,0,0,0,0,0,1,2,0,3,0,0,23,3,0,0,2,0,0,10,0,0,0,3,0,8,0,0,23
CHEMBL1672981,0,0,0,0,0,0,0,0,0,0,0,0,1,0,0,0,0,1,0,0,1,2,0,3,0,0,23,3,0,0,2,0,0,8,0,0,0,3,0,7,0,0,23
CHEMBL1672982,0,0,0,0,0,0,0,0,0,0,0,0,2,0,0,0,0,0,0,0,1,2,0,3,0,0,23,3,0,0,4,0,0,9,0,0,0,3,0,7,0,0,23
CHEMBL16782,0,0,0,0,0,0,0,1,0,0,0,0,0,2,3,0,0,0,1,0,0,0,1,1,0,0,16,1,1,3,0,0,0,5,0,0,0,0,0,2,0,0,15
CHEMBL168434,0,2,0,0,1,0,0,0,0,1,0,0,0,0,4,0,0,0,0,1,0,1,0,2,0,0,11,2,1,5,0,0,0,5,0,0,0,1,2,1,1,0,13
CHEMBL168444,0,2,1,0,0,1,1,0,0,1,0,0,0,0,3,0,0,0,0,0,0,2,0,2,0,0,12,2,1,2,0,0,0,6,0,0,0,1,2,2,0,1,13
CHEMBL168636,0,2,0,0,1,0,0,0,0,1,0,0,0,0,4,0,0,0,0,0,0,1,0,1,0,0,12,1,1,5,0,0,0,3,0,0,0,0,1,1,1,0,14
CHEMBL168700,0,2,3,0,0,0,0,0,0,0,0,0,0,0,0,0,0,0,0,0,0,0,0,0,0,0,12,0,3,0,0,0,0,0,0,0,0,0,0,1,0,0,15
CHEMBL168762,0,2,1,0,0,1,1,0,0,1,0,0,0,0,3,0,0,0,0,0,0,2,0,2,0,0,12,2,1,2,0,0,0,4,0,0,0,1,2,2,0,1,13
CHEMBL1688890,0,0,0,0,0,0,0,1,0,0,0,1,0,0,2,0,1,0,1,0,1,1,1,3,0,0,21,3,1,2,0,0,0,10,0,0,0,0,2,5,0,0,19
CHEMBL1688891,0,0,0,0,0,0,0,1,0,0,0,1,0,0,2,0,0,1,1,0,1,1,1,3,0,0,21,3,1,2,0,0,0,10,0,0,0,0,2,5,0,0,19
CHEMBL1688892,0,0,0,0,0,0,0,1,0,0,0,1,0,0,2,0,0,0,1,0,1,1,1,3,0,0,21,3,1,2,0,0,0,10,0,0,0,0,2,6,0,0,20
CHEMBL1688893,1,0,0,0,0,0,0,1,0,0,0,1,0,0,2,0,0,0,1,0,1,1,1,3,0,0,21,3,1,2,0,0,0,10,0,0,0,0,2,5,0,0,19
CHEMBL1688894,0,0,0,0,0,0,0,1,0,0,0,1,0,0,2,0,0,0,1,0,1,1,1,3,0,0,21,3,1,2,0,0,0,12,0,0,0,0,2,7,0,0,20
CHEMBL1688895,0,0,0,0,0,0,0,1,0,0,0,1,0,0,2,0,0,0,1,0,1,1,1,3,0,0,21,3,1,4,0,0,0,11,2,1,1,0,2,6,0,0,20
CHEMBL1688896,0,0,0,0,0,0,0,1,0,0,0,1,0,0,2,0,0,1,1,0,1,1,1,3,0,0,21,3,1,2,0,0,0,10,0,0,0,0,2,5,0,0,19
CHEMBL1688897,0,0,0,0,0,0,0,1,0,0,0,1,0,0,2,0,1,0,1,0,1,1,1,3,0,0,21,3,1,2,0,0,0,10,0,0,0,0,2,5,0,0,19
CHEMBL1688898,0,0,0,0,0,0,0,2,0,0,0,1,0,0,2,0,0,0,1,0,1,1,1,3,0,0,21,3,1,2,0,0,0,12,0,0,0,0,2,6,0,0,19
CHEMBL1688899,0,0,0,0,0,0,0,1,0,0,0,1,0,0,2,0,0,0,1,0,1,1,1,3,0,0,21,3,1,2,0,0,0,12,0,0,0,0,2,7,0,0,20
CHEMBL1688900,0,0,0,0,0,0,0,1,0,0,0,1,0,0,2,0,0,2,1,0,1,1,1,3,0,0,21,3,1,2,0,0,0,10,0,0,0,0,2,5,0,0,19
CHEMBL1688901,0,0,0,0,0,0,0,1,0,0,0,1,0,0,2,0,0,2,1,0,1,1,1,3,0,0,21,3,1,2,0,0,0,10,0,0,0,0,2,5,0,0,19
CHEMBL1688902,0,0,0,0,0,0,0,0,0,0,0,1,0,0,2,0,0,1,1,0,1,1,1,3,0,0,21,3,1,2,0,0,0,10,0,0,0,0,2,4,0,0,19
CHEMBL1688903,0,0,0,0,0,0,0,0,0,0,0,1,0,0,2,0,1,0,1,0,1,1,1,3,0,0,21,3,1,2,0,0,0,10,0,0,0,0,2,4,0,0,19
CHEMBL1688904,0,0,0,0,0,0,0,1,0,0,0,1,0,0,2,0,0,0,1,0,1,1,1,3,0,0,21,3,1,2,0,0,0,12,0,0,0,0,2,5,0,0,19
CHEMBL1688905,1,0,0,0,0,0,0,0,0,0,0,1,0,0,2,0,0,0,1,0,1,1,1,3,0,0,21,3,1,2,0,0,0,10,0,0,0,0,2,4,0,0,19
CHEMBL1688906,0,0,0,0,0,0,0,0,0,0,0,1,0,0,2,0,1,0,1,0,1,1,1,3,0,0,21,3,1,2,0,0,0,10,0,0,0,0,2,4,0,0,19
CHEMBL1688907,0,0,0,0,0,0,0,0,0,0,0,1,1,0,2,0,0,0,1,0,1,1,1,3,0,0,21,3,1,2,2,0,0,11,0,0,0,0,2,4,0,0,19
CHEMBL1688908,1,0,0,0,0,0,0,0,0,1,0,1,0,0,4,0,0,0,1,0,1,1,1,3,0,0,21,3,1,4,0,0,0,11,0,0,0,1,2,5,0,1,20
CHEMBL1688909,0,0,0,0,0,0,0,0,1,0,0,1,0,0,2,0,0,0,1,0,1,1,1,3,0,0,21,3,1,2,0,0,0,13,0,0,0,0,2,5,0,0,20
CHEMBL1688910,0,0,0,0,0,0,0,0,0,0,0,1,0,0,2,0,0,2,1,0,1,1,1,3,0,0,21,3,1,2,0,0,0,10,0,0,0,0,2,4,0,0,19
CHEMBL1688911,0,0,0,0,0,0,0,0,0,0,0,1,0,0,2,0,0,2,1,0,1,1,1,3,0,0,21,3,1,2,0,0,0,10,0,0,0,0,2,4,0,0,19
CHEMBL1688912,0,0,0,0,0,0,0,0,1,0,0,1,0,0,2,0,0,0,1,0,1,1,1,3,0,0,21,3,1,2,0,0,0,10,0,0,0,0,2,4,0,0,20
CHEMBL1688913,0,0,0,0,0,0,0,0,0,0,0,1,0,0,2,1,0,0,1,0,1,1,1,3,0,0,15,3,1,2,0,0,0,9,0,0,0,0,2,2,0,0,13
CHEMBL1688914,0,0,0,0,0,0,0,1,0,0,0,1,0,0,2,0,0,0,1,0,1,1,1,3,0,0,21,3,1,2,0,0,0,10,0,0,0,0,2,4,0,0,20
CHEMBL1688915,0,0,0,0,0,0,0,0,0,0,0,1,0,0,2,0,0,0,1,0,1,1,1,3,0,0,27,3,1,2,0,0,0,10,0,0,0,0,2,5,0,0,26
CHEMBL1688916,0,0,0,0,0,0,0,0,0,0,0,1,0,0,2,0,0,2,1,0,1,1,1,3,0,0,27,3,1,2,0,0,0,10,0,0,0,0,2,5,0,0,26
CHEMBL1688917,0,0,0,0,0,0,0,0,0,0,0,1,0,0,2,0,1,0,1,0,1,1,1,3,0,0,27,3,1,2,0,0,0,10,0,0,0,0,2,5,0,0,26
CHEMBL1688918,0,0,0,0,0,0,0,0,0,0,0,1,1,0,2,0,0,0,1,0,1,1,1,3,0,0,27,3,1,2,2,0,0,11,0,0,0,0,2,5,0,0,26
CHEMBL1688919,0,0,0,0,0,0,0,0,0,0,0,1,0,0,1,0,0,0,1,0,1,1,1,3,0,0,27,3,1,2,0,0,0,10,0,0,0,0,1,5,0,0,26
CHEMBL1689257,0,1,0,0,1,5,2,0,0,0,1,1,0,0,1,3,0,0,0,0,0,0,0,0,0,0,12,2,0,3,0,1,1,19,0,0,0,1,0,12,1,0,23
CHEMBL1689258,0,1,0,0,1,5,3,0,0,0,1,1,0,0,1,4,0,0,0,0,0,0,0,0,0,0,12,2,0,3,0,1,1,20,0,0,0,1,0,12,1,0,23
CHEMBL1689259,0,1,0,0,1,5,2,0,0,0,1,1,0,0,1,4,0,0,0,0,0,0,0,0,0,0,12,2,0,3,0,1,1,20,0,0,0,1,0,12,1,0,23
CHEMBL169,7,9,5,5,1,1,1,0,0,0,0,1,0,0,0,0,0,0,0,0,0,0,0,0,0,0,0,0,7,0,0,0,0,3,0,0,0,2,0,1,0,0,14
CHEMBL169086,0,2,0,0,1,0,0,0,0,1,0,0,0,0,4,0,0,0,0,0,0,1,0,2,0,0,11,2,1,5,0,0,0,5,0,0,0,0,2,1,1,0,12
CHEMBL169251,0,2,0,0,1,0,0,0,0,1,0,0,0,0,4,0,0,0,0,1,0,1,0,2,0,0,11,2,1,5,0,0,0,5,0,0,0,1,2,1,1,0,13
CHEMBL169449,0,2,1,0,0,1,1,0,0,1,0,0,0,0,3,0,0,0,0,0,0,2,0,2,0,0,12,2,1,2,0,0,0,6,0,0,0,1,1,2,0,1,13
CHEMBL169664,0,2,1,0,0,1,1,0,0,1,0,0,0,0,3,0,0,0,0,0,0,2,0,2,0,0,12,2,1,2,0,0,0,4,0,0,0,1,1,2,0,1,13
CHEMBL172263,2,1,1,1,0,0,0,0,1,0,0,2,0,0,0,0,0,0,0,0,0,0,0,0,0,0,6,1,1,0,0,0,0,6,0,0,0,1,0,2,0,1,12
CHEMBL1728910,0,0,0,0,0,0,0,0,0,0,0,0,2,0,0,0,0,0,0,0,0,1,0,1,0,0,12,1,0,0,4,0,0,6,0,0,0,0,0,2,0,0,11
CHEMBL174308,2,1,2,1,0,0,0,0,1,0,0,2,0,0,0,0,0,0,0,0,0,0,0,0,0,0,6,1,1,0,0,0,0,6,0,0,0,1,0,3,0,1,12
CHEMBL174407,1,2,1,1,0,0,0,0,1,0,0,2,0,0,0,0,0,0,0,0,0,0,0,0,0,0,6,1,1,0,0,0,0,6,0,0,0,1,0,3,0,1,11
CHEMBL174407,1,2,1,1,0,0,0,0,1,0,0,2,0,0,0,0,0,0,0,0,0,0,0,0,0,0,6,1,1,0,0,0,0,6,0,0,0,1,0,3,0,1,11
CHEMBL174579,0,2,0,0,1,0,0,0,0,0,0,0,0,0,0,0,0,0,0,1,0,1,0,2,0,0,11,2,1,4,0,0,0,4,0,0,0,1,1,1,0,0,12
CHEMBL174909,1,3,1,1,0,0,0,0,1,0,0,2,0,0,0,0,0,0,0,0,0,0,0,0,0,0,6,1,1,0,0,0,0,6,0,0,0,1,0,4,0,1,11
CHEMBL174909,1,3,1,1,0,0,0,0,1,0,0,2,0,0,0,0,0,0,0,0,0,0,0,0,0,0,6,1,1,0,0,0,0,6,0,0,0,1,0,4,0,1,11
CHEMBL175091,0,2,0,0,1,0,0,0,0,0,0,0,1,0,0,0,0,0,0,1,0,1,0,2,0,0,11,2,1,4,2,0,0,5,0,0,0,1,1,1,0,0,12
CHEMBL175144,0,3,0,0,1,0,0,0,0,0,0,0,0,0,0,0,1,0,0,1,0,1,0,2,0,0,11,2,1,4,0,0,0,4,0,0,0,1,1,1,0,0,12
CHEMBL175550,1,2,0,0,1,0,0,0,0,0,0,0,0,0,0,0,0,0,0,0,0,1,0,1,0,0,12,1,1,4,0,0,0,2,0,0,0,0,0,1,0,0,13
CHEMBL175554,0,2,0,0,1,0,0,0,0,0,0,0,0,0,0,0,1,0,0,0,0,1,0,1,0,0,12,1,1,4,0,0,0,2,0,0,0,0,1,1,0,0,13
CHEMBL175609,0,2,0,0,1,0,0,1,0,0,0,0,0,0,0,0,0,0,0,0,0,1,0,1,0,0,12,1,1,4,0,0,0,4,0,0,0,0,1,2,0,0,13
CHEMBL175688,0,2,0,0,1,0,0,0,0,0,0,0,0,0,0,0,1,0,0,1,0,1,0,2,0,0,11,2,1,4,0,0,0,4,0,0,0,1,1,1,0,0,12
CHEMBL175791,0,2,0,0,1,0,0,1,0,0,0,0,0,0,0,0,0,0,0,0,0,1,0,1,0,0,12,1,1,4,0,0,0,4,0,0,0,0,0,2,0,0,13
CHEMBL175799,0,2,0,0,1,0,0,0,0,0,0,0,0,0,0,0,1,0,0,0,0,1,0,1,0,0,12,1,1,4,0,0,0,2,0,0,0,0,1,1,0,0,13
CHEMBL175962,0,2,0,0,1,0,0,0,0,0,0,0,0,0,0,0,0,0,0,0,0,1,0,1,0,0,12,1,1,4,0,0,0,2,0,0,0,0,1,1,0,0,13
CHEMBL175979,0,3,0,0,1,0,0,1,0,0,0,0,0,0,0,0,0,0,0,0,0,1,0,1,0,0,12,1,1,4,0,0,0,4,0,0,0,0,1,2,0,0,13
CHEMBL176009,1,2,0,0,1,0,0,0,0,0,0,0,0,0,0,0,0,0,0,0,0,1,0,1,0,0,12,1,1,4,0,0,0,2,0,0,0,0,0,1,0,0,13
CHEMBL176076,0,2,0,0,1,0,0,0,0,0,0,0,0,0,0,0,0,1,0,0,0,1,0,1,0,0,12,1,1,4,0,0,0,2,0,0,0,0,0,1,0,0,13
CHEMBL176098,0,3,0,0,1,0,0,1,0,0,0,0,0,0,0,0,0,0,0,0,0,1,0,1,0,0,12,1,1,4,0,0,0,4,0,0,0,0,0,2,0,0,13
CHEMBL176101,0,2,0,0,1,0,0,1,0,0,0,0,0,0,0,0,0,0,0,0,0,1,0,1,0,0,12,1,1,4,0,0,0,4,0,0,0,0,0,2,0,0,13
CHEMBL176118,0,2,0,0,1,0,0,0,0,0,0,0,0,0,0,0,0,0,0,0,0,1,0,1,0,0,12,1,1,4,0,0,0,2,0,0,0,0,0,1,0,0,13
CHEMBL176287,0,2,0,0,1,0,0,0,0,0,0,0,0,0,0,0,1,0,0,0,0,1,0,1,0,0,12,1,1,4,0,0,0,2,0,0,0,0,0,1,0,0,13
CHEMBL176452,0,1,1,1,1,0,0,0,1,0,0,2,0,0,0,0,0,0,0,0,0,0,0,0,0,0,6,1,1,0,0,0,0,6,0,0,0,1,0,3,0,1,12
CHEMBL176539,0,1,1,1,0,0,0,0,1,0,0,2,0,0,0,0,0,0,0,0,0,0,0,0,0,0,6,1,1,0,0,0,0,6,0,0,0,1,0,2,0,1,11
CHEMBL176609,0,2,0,0,1,0,0,1,0,0,0,0,0,0,0,0,0,0,0,0,0,1,0,1,0,0,12,1,1,4,0,0,0,4,0,0,0,0,0,2,0,0,13
CHEMBL176886,1,2,0,0,1,0,0,1,0,0,0,0,0,0,0,0,0,0,0,0,0,1,0,1,0,0,12,1,1,4,0,0,0,4,0,0,0,0,0,3,0,0,13
CHEMBL177268,0,2,0,0,1,0,0,1,0,0,0,0,0,0,0,0,0,0,0,0,0,1,0,1,0,0,18,1,1,4,0,0,0,4,0,0,0,0,0,4,0,0,19
CHEMBL177274,0,3,0,0,1,0,0,0,0,0,0,0,1,0,0,0,0,0,0,1,0,1,0,2,0,0,11,2,1,4,2,0,0,5,0,0,0,1,1,1,0,0,12
CHEMBL177293,0,2,0,0,1,0,0,0,0,0,0,0,0,0,0,0,0,0,0,1,0,1,0,2,0,0,11,2,1,4,0,0,0,4,0,0,0,1,1,1,0,0,12
CHEMBL177413,0,3,0,0,1,0,0,0,0,0,0,0,1,0,0,0,0,0,0,1,0,1,0,2,0,0,11,2,1,4,2,0,0,5,0,0,0,1,1,1,0,0,12
CHEMBL177468,0,2,0,0,1,0,0,0,0,0,0,0,0,0,0,0,0,0,0,1,0,1,0,2,0,0,11,2,1,4,0,0,0,4,0,0,0,1,1,1,0,0,12
CHEMBL177692,0,2,0,0,1,0,0,0,0,0,0,0,0,0,0,0,1,0,0,1,0,1,0,2,0,0,11,2,1,4,0,0,0,4,0,0,0,1,1,1,0,0,12
CHEMBL177921,0,2,0,0,1,0,0,0,0,0,0,0,1,0,0,0,0,0,0,1,0,1,0,2,0,0,11,2,1,4,2,0,0,5,0,0,0,1,1,1,0,0,12
CHEMBL178036,0,2,0,0,1,0,0,0,0,0,0,0,0,0,0,0,0,0,0,1,0,1,0,2,0,0,11,2,1,4,0,0,0,4,0,0,0,1,1,1,0,0,12
CHEMBL1783176,0,1,0,0,0,0,0,1,0,0,0,0,0,0,0,0,0,0,0,0,1,1,0,2,0,0,21,3,3,0,0,0,0,7,0,0,0,0,1,2,0,0,22
CHEMBL1783177,0,1,0,0,0,0,0,1,0,0,0,0,0,0,0,1,0,0,0,0,1,1,0,2,0,0,21,3,3,0,0,0,0,8,0,0,0,0,1,2,0,0,22
CHEMBL1783178,0,1,0,0,0,0,0,1,0,0,0,0,1,0,0,0,0,0,0,0,1,1,0,2,0,0,21,3,3,0,2,0,0,8,0,0,0,0,1,2,0,0,22
CHEMBL178453,0,0,0,0,0,0,0,0,0,0,0,0,0,0,0,0,0,0,0,0,0,2,0,2,0,0,16,2,1,0,0,0,0,4,0,0,0,0,0,1,0,0,14
CHEMBL1784788,0,0,0,0,0,0,0,0,0,1,0,0,0,1,3,0,2,0,0,0,1,2,0,3,0,0,17,3,0,7,0,0,0,6,0,0,0,0,0,4,1,0,18
CHEMBL1784789,0,1,0,0,0,0,0,2,0,0,0,0,0,0,0,0,0,0,0,0,1,1,0,2,1,1,11,4,1,4,0,0,0,11,0,0,0,3,1,6,0,0,12
CHEMBL1784790,0,3,0,0,0,1,1,1,0,0,0,1,0,0,2,0,0,0,1,0,1,2,1,4,0,0,15,4,3,2,0,0,0,11,0,0,0,0,2,5,0,0,13
CHEMBL1784791,0,1,0,0,0,0,0,3,0,0,0,1,0,0,0,0,0,0,0,0,1,1,0,2,0,0,11,4,0,0,0,0,0,17,0,0,0,1,1,8,0,1,13
CHEMBL1784792,0,3,0,0,0,0,0,2,0,1,0,1,0,1,2,0,0,0,0,0,1,2,0,3,0,0,11,5,1,2,0,0,0,14,0,0,0,2,1,4,0,1,13
CHEMBL1784793,0,2,0,0,0,0,0,2,0,0,0,1,0,0,0,0,0,0,0,0,1,2,0,3,0,0,17,5,1,0,0,0,0,12,0,0,0,2,1,8,0,0,18
CHEMBL1784794,3,1,0,0,0,0,0,0,0,0,0,1,0,0,2,0,0,0,0,1,1,2,0,4,0,0,14,4,1,2,0,0,0,10,0,0,0,2,1,6,0,0,15
CHEMBL1784795,1,5,0,0,0,0,0,0,0,0,0,2,0,1,2,0,0,0,1,1,1,2,0,4,0,0,11,4,1,4,0,0,0,11,0,0,0,4,3,5,0,0,12
CHEMBL1784796,1,2,0,0,0,2,1,1,1,0,0,3,0,0,0,0,0,0,0,0,1,3,0,4,0,0,17,4,0,0,0,0,0,21,0,0,0,6,1,13,0,0,20
CHEMBL1784797,0,5,2,0,0,0,0,0,0,0,0,1,0,0,0,0,0,0,0,0,1,4,0,5,0,0,17,5,0,0,0,0,0,14,0,0,0,2,3,8,0,0,17
CHEMBL1784798,0,0,0,0,0,0,0,0,0,0,0,1,0,0,0,0,0,1,0,0,1,1,0,2,0,0,17,2,0,0,0,0,0,10,0,0,0,2,1,6,0,0,18
CHEMBL1784800,1,0,0,0,0,0,0,1,0,0,0,1,0,0,3,0,0,1,0,0,1,2,0,3,0,0,17,3,0,2,0,0,0,10,0,0,0,2,2,7,0,0,18
CHEMBL1784801,3,2,1,1,0,0,0,1,0,0,0,0,0,0,0,0,0,0,0,0,1,1,0,2,1,1,11,3,0,4,0,0,0,10,0,0,0,0,1,6,0,0,14
CHEMBL1784803,1,2,0,0,0,0,0,3,0,0,0,0,0,0,0,0,0,0,0,0,2,2,0,4,0,0,16,6,1,0,0,0,0,16,0,0,0,0,2,6,0,0,14
CHEMBL1784804,1,0,0,0,0,0,0,1,0,0,0,0,0,0,0,0,0,0,0,0,1,1,0,2,1,2,17,4,0,8,0,0,0,13,0,0,0,3,1,6,0,0,20
CHEMBL1784805,1,0,0,0,0,0,0,0,0,1,0,0,0,0,2,0,0,0,0,0,1,1,0,2,1,1,11,4,0,6,0,0,0,11,0,0,0,1,1,5,0,1,14
CHEMBL1784806,1,1,0,0,0,0,0,1,0,0,0,0,0,0,0,0,0,0,0,0,1,1,0,2,1,1,15,2,1,4,0,0,0,9,0,0,0,3,1,8,0,0,16
CHEMBL1784807,1,1,0,0,0,0,0,1,0,0,0,0,0,0,0,0,0,0,0,0,1,1,0,2,1,1,11,2,0,4,0,0,0,9,0,0,0,3,1,7,0,0,12
CHEMBL1784808,3,1,0,1,0,0,0,1,0,0,0,0,0,0,0,0,0,0,0,0,1,1,0,2,1,1,11,2,0,4,0,0,0,9,0,0,0,3,1,8,0,0,13
CHEMBL1784809,0,1,0,0,0,0,0,1,0,0,0,0,0,0,0,0,0,1,0,0,1,1,0,2,1,1,11,2,0,4,0,0,0,9,0,0,0,3,1,7,0,0,12
CHEMBL1784810,2,0,0,0,0,0,0,0,0,0,0,1,0,0,0,0,0,1,0,0,1,2,0,3,0,0,17,3,0,0,0,0,0,10,0,0,0,2,0,6,0,0,18
CHEMBL1784811,0,1,0,0,0,0,0,0,0,0,0,1,0,0,0,0,0,1,0,0,1,1,0,2,0,0,11,4,0,0,0,0,0,11,0,0,0,1,1,5,0,1,13
CHEMBL1784812,0,1,0,0,0,0,0,0,0,0,0,1,0,0,0,0,0,0,0,0,1,1,0,2,0,0,11,6,1,0,0,0,0,15,0,0,0,1,1,5,0,1,13
CHEMBL1784813,2,1,0,0,0,0,0,1,0,0,0,1,0,0,0,0,0,0,0,0,1,1,0,2,1,1,11,4,1,4,0,0,0,12,0,0,0,5,1,6,0,0,15
CHEMBL179144,0,2,0,0,1,0,0,0,0,0,0,0,0,0,0,0,0,1,0,0,0,1,0,1,0,0,12,1,1,4,0,0,0,2,0,0,0,0,1,1,0,0,13
CHEMBL179149,0,2,0,0,1,0,0,0,0,0,0,0,0,0,0,0,0,0,0,0,0,1,0,1,0,0,12,1,1,4,0,0,0,2,0,0,0,0,1,1,0,0,13
CHEMBL179222,0,2,0,0,1,0,0,0,0,0,0,0,0,0,0,0,0,0,0,0,0,1,0,1,0,0,12,1,1,4,0,0,0,2,0,0,0,0,1,1,0,0,13
CHEMBL179247,0,2,0,0,1,0,0,0,0,0,0,0,0,0,0,0,0,1,0,1,0,1,0,2,0,0,11,2,1,4,0,0,0,4,0,0,0,1,1,1,0,0,12
CHEMBL179374,0,0,0,0,1,0,0,2,0,0,0,0,0,0,0,0,0,1,0,0,0,0,0,0,0,0,12,0,0,4,0,1,1,4,0,0,0,0,0,4,0,0,14
CHEMBL1824742,1,2,0,0,0,0,0,0,0,0,0,0,2,0,0,0,0,0,0,0,1,2,0,3,0,0,17,3,0,0,4,0,0,5,0,0,0,0,2,5,0,0,16
CHEMBL1824743,1,5,0,0,0,0,0,0,0,0,0,0,2,0,0,0,0,0,0,0,1,2,0,3,0,0,17,3,0,0,4,0,0,5,0,0,0,0,2,8,0,0,16
CHEMBL1824744,1,6,0,0,0,0,0,0,0,0,0,0,2,0,0,0,0,0,0,0,1,2,0,3,0,0,17,3,0,0,4,0,0,5,0,0,0,0,2,9,0,0,16
CHEMBL1824745,1,9,0,0,0,0,0,0,0,0,0,0,2,0,0,0,0,0,0,0,1,2,0,3,0,0,17,3,0,0,4,0,0,5,0,0,0,0,2,12,0,0,16
CHEMBL1824746,0,5,1,0,0,0,0,0,0,0,0,0,2,0,0,0,0,0,0,0,1,2,0,3,0,0,17,3,0,0,4,0,0,5,0,0,0,0,2,4,0,0,17
CHEMBL1824747,0,0,0,0,0,0,0,0,0,0,0,0,2,0,0,0,0,0,0,0,1,2,0,3,0,0,23,3,0,0,4,0,0,5,0,0,0,0,1,4,0,0,22
CHEMBL1824748,0,0,0,0,0,0,0,1,0,0,0,0,2,0,0,0,0,0,0,0,1,2,0,3,0,0,23,3,0,0,4,0,0,7,0,0,0,0,2,6,0,0,22
CHEMBL1824749,0,0,0,0,0,0,0,1,0,0,0,0,2,0,0,0,1,0,0,0,1,2,0,3,0,0,23,3,0,0,4,0,0,7,0,0,0,0,2,6,0,0,22
CHEMBL1824750,0,0,0,0,0,0,0,1,0,0,0,0,3,0,0,0,0,0,0,0,1,2,0,3,0,0,23,3,0,0,6,0,0,8,0,0,0,0,2,6,0,0,22
CHEMBL1824751,0,0,0,0,0,0,0,1,0,0,0,0,2,0,0,0,0,0,0,0,1,2,0,3,0,0,23,3,0,2,4,0,0,8,2,1,1,0,2,7,0,0,23
CHEMBL1824752,1,0,0,0,0,0,0,1,0,0,0,0,2,0,0,0,0,0,0,0,1,2,0,3,0,0,23,3,0,0,4,0,0,7,0,0,0,0,2,6,0,0,22
CHEMBL1824753,0,0,0,0,0,0,0,2,0,0,0,0,2,0,0,0,0,0,0,0,1,2,0,3,0,0,23,3,0,0,4,0,0,9,0,0,0,0,2,7,0,0,22
CHEMBL1824754,0,0,0,0,0,0,0,1,0,0,0,0,2,0,0,0,0,0,0,0,1,2,0,3,0,0,29,3,0,0,4,0,0,7,0,0,0,0,2,7,0,0,28
CHEMBL1824755,0,0,0,0,0,0,0,0,0,0,0,0,0,0,0,0,0,0,0,0,1,2,0,3,0,0,17,3,0,0,0,0,0,3,0,0,0,0,1,3,0,0,16
CHEMBL1824756,1,2,0,0,0,0,0,0,0,0,0,0,0,0,0,0,0,0,0,0,1,2,0,3,0,0,17,3,0,0,0,0,0,3,0,0,0,0,2,5,0,0,16
CHEMBL1824757,1,5,0,0,0,0,0,0,0,0,0,0,0,0,0,0,0,0,0,0,1,2,0,3,0,0,17,3,0,0,0,0,0,3,0,0,0,0,2,8,0,0,16
CHEMBL1824758,1,6,0,0,0,0,0,0,0,0,0,0,0,0,0,0,0,0,0,0,1,2,0,3,0,0,17,3,0,0,0,0,0,3,0,0,0,0,2,9,0,0,16
CHEMBL1824759,1,9,0,0,0,0,0,0,0,0,0,0,0,0,0,0,0,0,0,0,1,2,0,3,0,0,17,3,0,0,0,0,0,3,0,0,0,0,2,12,0,0,16
CHEMBL1824760,0,5,1,0,0,0,0,0,0,0,0,0,0,0,0,0,0,0,0,0,1,2,0,3,0,0,17,3,0,0,0,0,0,3,0,0,0,0,2,4,0,0,17
CHEMBL1824761,0,0,0,0,0,0,0,0,0,0,0,0,0,0,0,0,0,0,0,0,1,2,0,3,0,0,23,3,0,0,0,0,0,3,0,0,0,0,1,4,0,0,22
CHEMBL1824762,0,0,0,0,0,0,0,1,0,0,0,0,0,0,0,0,0,0,0,0,1,2,0,3,0,0,23,3,0,0,0,0,0,5,0,0,0,0,2,6,0,0,22
CHEMBL1824763,0,0,0,0,0,0,0,1,0,0,0,0,0,0,0,0,1,0,0,0,1,2,0,3,0,0,23,3,0,0,0,0,0,5,0,0,0,0,2,6,0,0,22
CHEMBL1824764,0,0,0,0,0,0,0,1,0,0,0,0,1,0,0,0,0,0,0,0,1,2,0,3,0,0,23,3,0,0,2,0,0,6,0,0,0,0,2,6,0,0,22
CHEMBL1824765,0,0,0,0,0,0,0,1,0,0,0,0,0,0,0,0,0,0,0,0,1,2,0,3,0,0,23,3,0,2,0,0,0,6,2,1,1,0,2,7,0,0,23
CHEMBL1824766,1,0,0,0,0,0,0,1,0,0,0,0,0,0,0,0,0,0,0,0,1,2,0,3,0,0,23,3,0,0,0,0,0,5,0,0,0,0,2,6,0,0,22
CHEMBL1824767,0,0,0,0,0,0,0,2,0,0,0,0,0,0,0,0,0,0,0,0,1,2,0,3,0,0,23,3,0,0,0,0,0,7,0,0,0,0,2,7,0,0,22
CHEMBL1824768,0,0,0,0,0,0,0,1,0,0,0,0,0,0,0,0,0,0,0,0,1,2,0,3,0,0,29,3,0,0,0,0,0,5,0,0,0,0,2,7,0,0,28
CHEMBL1824769,0,0,0,0,0,0,0,0,0,0,0,0,1,0,0,0,0,0,0,0,1,2,0,3,0,0,11,3,0,0,2,0,0,4,0,0,0,0,1,2,0,0,9
CHEMBL1825017,0,0,0,0,0,0,0,0,0,0,0,0,1,0,0,0,0,0,0,0,1,2,0,3,0,0,11,3,0,0,2,0,0,4,0,0,0,0,0,2,0,0,9
CHEMBL1825018,0,0,0,0,0,0,0,0,0,0,0,0,0,0,0,0,0,0,0,0,1,2,0,3,0,0,11,3,0,0,0,0,0,3,0,0,0,0,1,2,0,0,9
CHEMBL1825019,0,0,0,0,0,0,0,0,0,0,0,0,0,0,0,0,0,0,0,0,1,2,0,3,0,0,11,3,0,0,0,0,0,3,0,0,0,0,0,2,0,0,9
CHEMBL1825020,0,0,0,0,0,0,0,0,0,0,0,0,1,0,0,0,0,0,0,0,1,2,0,3,0,0,11,3,0,0,2,0,0,6,0,0,0,0,1,2,0,0,9
CHEMBL1825021,0,0,0,0,0,0,0,0,0,0,0,0,0,0,0,0,0,0,0,0,1,2,0,3,0,0,11,3,0,0,0,0,0,5,0,0,0,0,1,2,0,0,9
CHEMBL1825022,0,0,0,0,0,0,0,0,0,0,0,0,2,0,0,0,0,0,0,0,1,2,0,3,0,0,17,3,0,0,4,0,0,5,0,0,0,0,0,3,0,0,16
CHEMBL1825023,0,0,0,0,0,0,0,0,0,0,0,0,0,0,0,0,0,0,0,0,1,2,0,3,0,0,17,3,0,0,0,0,0,3,0,0,0,0,0,3,0,0,16
CHEMBL1825024,0,0,0,0,0,0,0,0,0,0,0,0,0,0,0,0,0,0,0,0,1,2,0,3,0,0,17,3,0,0,0,0,0,5,0,0,0,0,1,3,0,0,16
CHEMBL1825025,1,2,0,0,0,0,0,0,0,0,0,0,1,0,0,0,0,0,0,0,1,2,0,3,0,0,11,3,0,0,2,0,0,4,0,0,0,0,2,4,0,0,9
CHEMBL1825026,1,5,0,0,0,0,0,0,0,0,0,0,1,0,0,0,0,0,0,0,1,2,0,3,0,0,11,3,0,0,2,0,0,4,0,0,0,0,2,7,0,0,9
CHEMBL1825027,1,6,0,0,0,0,0,0,0,0,0,0,1,0,0,0,0,0,0,0,1,2,0,3,0,0,11,3,0,0,2,0,0,4,0,0,0,0,2,8,0,0,9
CHEMBL1825028,1,9,0,0,0,0,0,0,0,0,0,0,1,0,0,0,0,0,0,0,1,2,0,3,0,0,11,3,0,0,2,0,0,4,0,0,0,0,2,11,0,0,9
CHEMBL1825029,0,5,1,0,0,0,0,0,0,0,0,0,1,0,0,0,0,0,0,0,1,2,0,3,0,0,11,3,0,0,2,0,0,4,0,0,0,0,2,3,0,0,10
CHEMBL1825030,0,0,0,0,0,0,0,0,0,0,0,0,1,0,0,0,0,0,0,0,1,2,0,3,0,0,17,3,0,0,2,0,0,4,0,0,0,0,1,3,0,0,15
CHEMBL1825031,0,0,0,0,0,0,0,1,0,0,0,0,1,0,0,0,0,0,0,0,1,2,0,3,0,0,17,3,0,0,2,0,0,6,0,0,0,0,2,5,0,0,15
CHEMBL1825032,0,0,0,0,0,0,0,1,0,0,0,0,1,0,0,0,1,0,0,0,1,2,0,3,0,0,17,3,0,0,2,0,0,6,0,0,0,0,2,5,0,0,15
CHEMBL1825033,0,0,0,0,0,0,0,1,0,0,0,0,2,0,0,0,0,0,0,0,1,2,0,3,0,0,17,3,0,0,4,0,0,7,0,0,0,0,2,5,0,0,15
CHEMBL1825034,0,0,0,0,0,0,0,1,0,0,0,0,1,0,0,0,0,0,0,0,1,2,0,3,0,0,17,3,0,2,2,0,0,7,2,1,1,0,2,6,0,0,16
CHEMBL1825035,1,0,0,0,0,0,0,1,0,0,0,0,1,0,0,0,0,0,0,0,1,2,0,3,0,0,17,3,0,0,2,0,0,6,0,0,0,0,2,5,0,0,15
CHEMBL1825036,0,0,0,0,0,0,0,2,0,0,0,0,1,0,0,0,0,0,0,0,1,2,0,3,0,0,17,3,0,0,2,0,0,8,0,0,0,0,2,6,0,0,15
CHEMBL1825037,0,0,0,0,0,0,0,1,0,0,0,0,1,0,0,0,0,0,0,0,1,2,0,3,0,0,23,3,0,0,2,0,0,6,0,0,0,0,2,6,0,0,21
CHEMBL1825038,1,2,0,0,0,0,0,0,0,0,0,0,0,0,0,0,0,0,0,0,1,2,0,3,0,0,11,3,0,0,0,0,0,3,0,0,0,0,2,4,0,0,9
CHEMBL1825039,1,5,0,0,0,0,0,0,0,0,0,0,0,0,0,0,0,0,0,0,1,2,0,3,0,0,11,3,0,0,0,0,0,3,0,0,0,0,2,7,0,0,9
CHEMBL1825040,1,6,0,0,0,0,0,0,0,0,0,0,0,0,0,0,0,0,0,0,1,2,0,3,0,0,11,3,0,0,0,0,0,3,0,0,0,0,2,8,0,0,9
CHEMBL1825041,1,9,0,0,0,0,0,0,0,0,0,0,0,0,0,0,0,0,0,0,1,2,0,3,0,0,11,3,0,0,0,0,0,3,0,0,0,0,2,11,0,0,9
CHEMBL1825042,0,5,1,0,0,0,0,0,0,0,0,0,0,0,0,0,0,0,0,0,1,2,0,3,0,0,11,3,0,0,0,0,0,3,0,0,0,0,2,3,0,0,10
CHEMBL1825043,0,0,0,0,0,0,0,0,0,0,0,0,0,0,0,0,0,0,0,0,1,2,0,3,0,0,17,3,0,0,0,0,0,3,0,0,0,0,1,3,0,0,15
CHEMBL1825044,0,0,0,0,0,0,0,1,0,0,0,0,0,0,0,0,1,0,0,0,1,2,0,3,0,0,17,3,0,0,0,0,0,5,0,0,0,0,2,5,0,0,15
CHEMBL1825045,0,0,0,0,0,0,0,1,0,0,0,0,1,0,0,0,0,0,0,0,1,2,0,3,0,0,17,3,0,0,2,0,0,6,0,0,0,0,2,5,0,0,15
CHEMBL1825046,0,0,0,0,0,0,0,1,0,0,0,0,0,0,0,0,0,0,0,0,1,2,0,3,0,0,17,3,0,2,0,0,0,6,2,1,1,0,2,6,0,0,16
CHEMBL1825047,1,0,0,0,0,0,0,1,0,0,0,0,0,0,0,0,0,0,0,0,1,2,0,3,0,0,17,3,0,0,0,0,0,5,0,0,0,0,2,5,0,0,15
CHEMBL1825048,0,0,0,0,0,0,0,2,0,0,0,0,0,0,0,0,0,0,0,0,1,2,0,3,0,0,17,3,0,0,0,0,0,7,0,0,0,0,2,6,0,0,15
CHEMBL1825049,0,0,0,0,0,0,0,1,0,0,0,0,0,0,0,0,0,0,0,0,1,2,0,3,0,0,23,3,0,0,0,0,0,5,0,0,0,0,2,6,0,0,21
CHEMBL1835539,1,6,3,1,0,0,0,0,0,1,0,0,0,0,0,1,0,1,0,0,0,0,0,0,0,0,6,0,5,0,0,0,0,2,0,0,0,1,0,0,0,1,11
CHEMBL1835542,1,6,3,1,0,0,0,0,0,1,0,0,0,0,0,1,0,0,0,0,0,0,0,0,0,0,6,0,5,2,0,0,0,3,2,1,1,1,1,1,0,1,12
CHEMBL1835547,1,6,3,1,0,0,0,0,0,1,0,0,0,1,2,1,0,0,0,0,0,0,0,0,0,0,6,0,5,2,0,0,0,3,0,0,0,1,1,1,0,1,12
CHEMBL184051,1,0,0,0,0,0,0,1,0,0,0,0,0,3,2,0,0,0,1,0,0,1,1,2,0,0,22,2,1,3,0,0,0,9,0,0,0,0,1,5,0,0,20
CHEMBL184051,1,0,0,0,0,0,0,1,0,0,0,0,0,3,2,0,0,0,1,0,0,1,1,2,0,0,22,2,1,3,0,0,0,9,0,0,0,0,1,5,0,0,20
CHEMBL184700,0,0,0,0,0,0,0,0,0,0,0,0,0,3,2,1,0,0,1,0,0,0,1,1,0,0,22,1,1,3,0,0,0,6,0,0,0,0,0,4,0,0,21
CHEMBL184749,0,0,0,0,0,0,0,0,0,0,0,0,0,3,2,1,0,0,1,0,0,1,1,2,0,0,22,2,1,3,0,0,0,8,0,0,0,0,1,4,0,0,20
CHEMBL184952,0,1,0,0,0,0,0,2,0,0,0,0,0,0,0,0,0,0,0,0,1,2,0,3,0,0,17,4,1,0,0,0,0,9,0,0,0,0,2,3,0,0,17
CHEMBL185,0,0,0,0,0,0,0,0,0,0,0,1,0,1,0,0,0,1,2,2,0,0,0,2,0,0,6,2,0,4,0,0,0,6,0,0,0,4,3,0,0,0,6
CHEMBL185165,0,1,0,0,0,0,0,2,0,0,0,0,0,0,0,0,0,0,0,0,1,2,0,3,0,0,17,4,1,0,0,0,0,9,0,0,0,0,1,3,0,0,17
CHEMBL185809,0,0,0,0,0,0,0,1,0,0,0,0,0,3,2,0,0,0,1,0,0,1,1,2,0,0,22,2,1,3,0,0,0,9,0,0,0,0,1,5,0,0,20
CHEMBL185809,0,0,0,0,0,0,0,1,0,0,0,0,0,3,2,0,0,0,1,0,0,1,1,2,0,0,22,2,1,3,0,0,0,9,0,0,0,0,1,5,0,0,20
CHEMBL185819,0,0,0,0,0,0,0,1,0,0,0,0,0,3,2,0,0,0,1,0,0,1,1,2,0,0,22,2,1,3,0,0,0,9,0,0,0,0,0,5,0,0,20
CHEMBL185950,0,0,0,0,0,0,0,0,0,0,0,0,0,3,2,2,0,0,1,0,0,1,1,2,0,0,22,2,1,3,0,0,0,9,0,0,0,0,1,4,0,0,20
CHEMBL185950,0,0,0,0,0,0,0,0,0,0,0,0,0,3,2,2,0,0,1,0,0,1,1,2,0,0,22,2,1,3,0,0,0,9,0,0,0,0,1,4,0,0,20
CHEMBL185966,0,0,0,0,1,0,0,2,0,0,0,0,0,3,2,0,0,0,1,0,0,0,1,1,0,0,22,1,1,3,0,0,0,9,0,0,0,0,0,8,0,0,22
CHEMBL186079,0,0,0,0,0,0,0,2,0,0,0,0,0,3,2,0,0,0,1,0,0,1,1,2,0,0,28,2,1,3,0,0,0,11,0,0,0,0,1,8,0,0,26
CHEMBL186208,0,0,0,0,0,0,0,0,0,0,0,0,0,3,2,2,0,0,1,0,0,0,1,1,0,0,22,1,1,3,0,0,0,7,0,0,0,0,0,4,0,0,21
CHEMBL186626,0,0,0,0,1,0,0,0,0,0,0,0,0,3,2,2,0,0,1,0,0,0,1,1,0,0,16,1,1,3,0,0,0,7,0,0,0,0,0,4,0,0,16
CHEMBL187068,0,0,0,0,0,0,0,1,0,0,0,0,0,3,2,1,0,0,1,0,0,1,1,2,0,0,22,2,1,3,0,0,0,10,0,0,0,0,1,5,0,0,20
CHEMBL187068,0,0,0,0,0,0,0,1,0,0,0,0,0,3,2,1,0,0,1,0,0,1,1,2,0,0,22,2,1,3,0,0,0,10,0,0,0,0,1,5,0,0,20
CHEMBL187185,0,1,0,0,0,0,0,1,0,0,0,0,0,0,0,1,0,0,0,0,1,2,0,3,0,0,17,4,1,0,0,0,0,8,0,0,0,0,1,2,0,0,17
CHEMBL188664,0,0,0,0,0,0,0,1,0,0,0,0,0,3,2,0,0,0,1,0,0,1,1,2,0,0,28,2,1,3,0,0,0,9,0,0,0,0,1,7,0,0,26
CHEMBL188664,0,0,0,0,0,0,0,1,0,0,0,0,0,3,2,0,0,0,1,0,0,1,1,2,0,0,28,2,1,3,0,0,0,9,0,0,0,0,1,7,0,0,26
CHEMBL189051,1,6,3,1,0,0,0,0,0,1,0,0,0,0,0,1,0,0,0,0,0,0,0,0,0,0,6,0,5,0,0,0,0,2,0,0,0,1,0,0,0,1,11
CHEMBL189051,1,6,3,1,0,0,0,0,0,1,0,0,0,0,0,1,0,0,0,0,0,0,0,0,0,0,6,0,5,0,0,0,0,2,0,0,0,1,0,0,0,1,11
CHEMBL189170,0,0,0,0,0,0,0,1,0,0,0,0,0,3,2,0,0,0,1,0,0,0,1,1,0,0,22,1,1,3,0,0,0,7,0,0,0,0,0,5,0,0,21
CHEMBL189274,0,0,0,0,0,0,0,2,0,0,0,0,0,3,2,0,0,0,1,0,1,1,1,3,0,0,27,3,1,3,0,0,0,12,0,0,0,0,0,6,0,0,25
CHEMBL189274,0,0,0,0,0,0,0,2,0,0,0,0,0,3,2,0,0,0,1,0,1,1,1,3,0,0,27,3,1,3,0,0,0,12,0,0,0,0,0,6,0,0,25
CHEMBL189472,0,0,0,0,0,0,0,2,0,0,0,0,0,3,2,0,0,0,1,0,1,1,1,3,0,0,21,3,1,3,0,0,0,12,0,0,0,0,0,4,0,0,19
CHEMBL189472,0,0,0,0,0,0,0,2,0,0,0,0,0,3,2,0,0,0,1,0,1,1,1,3,0,0,21,3,1,3,0,0,0,12,0,0,0,0,0,4,0,0,19
CHEMBL190099,0,0,0,0,0,0,0,1,0,0,0,0,0,3,2,0,0,0,1,0,1,2,1,4,0,0,21,4,1,3,0,0,0,10,0,0,0,0,0,3,0,0,18
CHEMBL190208,0,0,0,0,0,0,0,1,0,0,0,0,0,3,2,0,0,0,1,1,0,2,1,4,0,0,21,4,1,3,0,0,0,11,0,0,0,1,0,4,0,0,18
CHEMBL1908014,2,7,3,2,1,1,1,0,0,2,0,0,0,0,2,0,0,0,0,0,0,0,0,0,0,0,0,0,5,1,0,0,0,3,0,0,0,2,1,0,1,1,10
CHEMBL190848,0,0,0,0,0,0,0,1,0,0,0,0,0,3,2,0,0,0,1,0,1,1,1,3,0,0,21,3,1,3,0,0,0,12,0,0,0,0,1,4,0,0,19
CHEMBL191488,0,0,0,0,0,0,0,1,0,0,0,0,0,3,2,0,0,0,1,1,0,1,1,3,0,0,21,3,1,3,0,0,0,11,0,0,0,1,0,4,0,0,19
CHEMBL1915151,0,1,0,0,1,0,0,0,0,0,1,1,0,0,0,0,0,0,0,1,0,0,0,1,0,0,9,2,3,0,0,0,0,11,0,0,0,1,0,6,0,0,14
CHEMBL1915152,2,1,1,0,0,0,0,0,1,0,1,1,0,0,0,0,0,0,0,1,0,0,0,1,0,0,9,2,3,0,0,0,0,8,0,0,0,1,0,4,0,0,13
CHEMBL1915156,1,1,0,0,0,0,0,0,0,0,1,1,0,0,0,0,0,0,0,1,0,0,0,1,1,1,15,2,3,4,0,0,0,8,0,0,0,1,0,4,0,0,19
CHEMBL1915159,0,1,0,0,0,0,0,0,0,0,1,1,0,0,0,0,0,0,0,1,0,0,0,1,1,1,9,2,3,0,0,0,0,8,0,0,0,3,0,3,0,1,13
CHEMBL1915161,0,2,1,0,0,0,0,0,1,0,1,1,0,0,0,0,0,0,0,1,0,0,0,1,0,0,9,2,3,0,0,0,0,8,0,0,0,1,0,4,0,0,13
CHEMBL1915167,2,1,0,0,0,0,0,0,0,0,1,1,0,0,0,0,0,0,0,1,0,0,0,1,0,0,9,2,3,0,0,0,0,11,0,0,0,3,0,5,0,0,15
CHEMBL1915176,2,1,1,0,0,0,0,0,1,0,0,1,0,0,0,0,0,0,0,1,0,0,0,1,0,0,9,2,3,0,0,0,0,7,0,0,0,2,0,3,0,0,13
CHEMBL1915401,0,1,0,0,0,0,0,0,1,0,1,1,0,0,0,1,0,0,0,1,0,0,0,1,0,0,15,2,3,0,0,0,0,9,0,0,0,1,0,4,0,0,18
CHEMBL1915403,0,1,0,0,0,0,0,0,1,0,0,1,0,0,0,1,0,0,0,1,0,0,0,1,0,0,15,2,3,0,0,0,0,8,0,0,0,2,0,3,0,0,18
CHEMBL192077,1,2,0,0,1,0,0,0,0,0,0,0,0,0,0,0,0,0,0,0,0,1,0,1,0,0,12,1,1,4,0,0,0,2,0,0,0,0,1,1,0,0,13
CHEMBL192155,0,2,0,0,1,0,0,1,0,0,0,0,0,0,0,0,0,0,0,0,0,1,0,2,0,0,11,2,1,4,0,0,0,6,0,0,0,0,1,2,0,0,11
CHEMBL192306,0,0,0,0,0,0,0,1,0,0,0,0,0,3,2,0,0,0,1,0,1,1,1,3,0,0,21,3,1,3,0,0,0,10,0,0,0,0,0,3,0,0,19
CHEMBL192306,0,0,0,0,0,0,0,1,0,0,0,0,0,3,2,0,0,0,1,0,1,1,1,3,0,0,21,3,1,3,0,0,0,10,0,0,0,0,0,3,0,0,19
CHEMBL193343,1,0,0,0,0,0,0,1,0,0,0,0,0,0,0,0,0,0,0,0,0,1,0,1,0,0,16,1,1,0,0,0,0,4,0,0,0,0,0,3,0,0,15
CHEMBL1933690,0,0,1,0,0,0,0,0,0,0,0,0,0,0,0,0,0,0,0,0,1,2,0,3,0,0,17,3,0,0,0,0,0,7,0,0,0,0,1,8,0,0,17
CHEMBL1933692,0,0,1,0,0,0,0,0,0,1,0,0,0,0,2,0,0,0,0,0,1,2,0,3,0,0,17,3,0,2,0,0,0,4,0,0,0,1,1,5,0,1,17
CHEMBL1933693,0,0,1,0,0,0,0,0,0,0,1,1,0,0,2,0,0,0,0,0,1,2,0,3,0,0,23,3,0,2,0,0,0,6,0,0,0,0,1,8,0,0,24
CHEMBL1933694,1,0,1,0,0,0,0,0,0,0,1,1,0,0,0,0,0,0,0,0,1,2,0,3,0,0,17,3,0,0,0,0,0,6,0,0,0,1,1,7,0,1,18
CHEMBL1933699,0,0,1,0,0,0,0,0,0,0,0,0,0,0,0,0,0,0,0,0,1,2,0,3,0,0,17,3,0,0,0,0,0,7,0,0,0,0,1,8,0,0,17
CHEMBL1933700,0,0,1,0,0,1,1,0,0,0,0,0,0,0,0,0,0,0,0,0,1,2,0,3,0,0,17,3,0,0,0,0,0,4,0,0,0,0,1,5,0,0,17
CHEMBL1933701,1,0,1,0,0,0,0,0,0,0,1,1,0,0,0,0,0,0,0,0,1,2,0,3,0,0,17,3,0,0,0,0,0,6,0,0,0,1,1,7,0,1,18
CHEMBL193496,0,3,0,0,1,0,0,1,0,0,0,0,0,0,0,0,0,0,0,0,0,1,0,1,0,0,12,1,1,4,0,0,0,4,0,0,0,0,1,2,0,0,13
CHEMBL193534,0,0,0,0,0,0,0,0,0,0,0,0,0,0,0,0,0,0,0,0,0,1,0,1,0,0,16,1,1,0,0,0,0,2,0,0,0,0,0,1,0,0,15
CHEMBL193555,0,1,1,0,1,0,0,0,0,0,0,0,0,0,0,0,0,0,0,0,0,1,0,1,0,0,18,1,1,4,0,0,0,2,0,0,0,0,0,2,0,0,20
CHEMBL193556,0,0,0,0,0,0,0,0,0,0,0,0,0,0,0,0,0,0,0,0,1,2,0,3,0,0,15,3,1,0,0,0,0,7,0,0,0,0,0,1,0,0,13
CHEMBL193606,0,3,0,0,1,0,0,0,0,0,0,0,0,0,0,0,0,0,0,0,0,1,0,1,0,0,12,1,1,4,0,0,0,2,0,0,0,0,0,1,0,0,13
CHEMBL193652,0,2,0,0,1,0,0,0,0,0,0,0,0,0,0,0,1,0,0,0,0,1,0,1,0,0,12,1,1,4,0,0,0,2,0,0,0,0,0,1,0,0,13
CHEMBL193653,0,0,0,0,0,0,0,0,0,0,0,0,0,0,0,0,0,0,0,0,0,1,1,2,0,0,15,2,1,0,0,0,0,4,0,0,0,0,0,1,0,0,13
CHEMBL193858,0,3,0,0,1,0,0,2,0,0,0,0,0,0,0,0,0,0,0,0,0,1,0,1,0,0,12,1,1,4,0,0,0,6,0,0,0,0,1,3,0,0,13
CHEMBL193863,0,0,0,0,0,0,0,1,0,0,0,0,0,0,0,0,0,0,0,0,0,1,0,1,0,0,16,1,1,0,0,0,0,4,0,0,0,0,0,2,0,0,15
CHEMBL1939366,0,0,0,0,0,0,0,0,0,0,0,0,0,0,0,0,0,0,0,0,0,4,0,5,0,0,17,5,0,0,0,0,0,8,0,0,0,0,0,2,0,0,12
CHEMBL1939519,0,0,0,0,0,0,0,0,0,0,0,0,0,0,0,0,2,0,0,0,0,2,0,3,0,0,17,3,0,0,0,0,0,4,0,0,0,0,0,2,0,0,14
CHEMBL1939520,0,0,0,0,0,0,0,0,0,0,0,0,0,0,0,0,0,2,0,0,0,2,0,3,0,0,17,3,0,0,0,0,0,4,0,0,0,0,0,2,0,0,14
CHEMBL1939521,0,0,0,0,0,0,0,0,0,0,0,0,0,0,0,0,0,0,0,0,0,2,0,3,0,0,17,3,0,0,0,0,0,4,0,0,0,0,0,2,0,0,14
CHEMBL1939522,0,0,0,0,0,0,0,2,0,0,0,0,0,0,0,0,0,0,0,0,0,2,0,3,0,0,17,3,0,0,0,0,0,8,0,0,0,0,0,4,0,0,14
CHEMBL1939523,0,0,0,0,0,0,0,0,0,0,0,0,0,0,0,0,0,0,0,0,0,2,0,3,0,0,17,3,0,0,0,0,0,4,0,0,0,0,0,2,0,0,14
CHEMBL1939524,0,0,0,0,0,0,0,0,0,0,0,0,0,0,0,0,2,0,0,0,0,2,0,3,0,0,17,3,0,0,0,0,0,4,0,0,0,0,0,2,0,0,14
CHEMBL1939525,0,0,0,0,0,0,0,0,0,0,0,0,0,0,0,0,0,0,0,0,0,2,0,3,0,0,17,3,0,0,0,0,0,4,0,0,0,0,0,4,0,0,16
CHEMBL1939526,6,0,0,2,0,0,0,0,0,0,0,0,0,0,0,0,0,0,0,0,0,2,0,3,0,0,17,3,0,0,0,0,0,4,0,0,0,0,0,4,0,0,16
CHEMBL1939527,0,0,0,0,0,0,0,0,0,0,0,0,0,0,0,0,0,0,0,0,0,2,0,3,0,0,17,3,0,0,0,0,0,4,0,0,0,0,0,2,0,0,14
CHEMBL1939528,0,0,0,0,0,0,0,0,0,0,0,0,0,0,0,0,0,0,0,0,0,2,0,3,0,0,17,3,0,0,0,0,0,4,0,0,0,0,0,2,0,0,14
CHEMBL1939529,0,0,0,0,0,0,0,0,0,0,0,0,0,0,0,0,0,2,0,0,0,2,0,3,0,0,17,3,0,0,0,0,0,4,0,0,0,0,0,2,0,0,14
CHEMBL1939530,0,0,0,0,0,0,0,0,0,0,0,0,0,0,0,0,0,2,0,0,0,2,0,3,0,0,17,3,0,0,0,0,0,4,0,0,0,0,0,2,0,0,14
CHEMBL1939531,0,0,0,0,0,0,0,0,0,0,0,0,0,0,0,0,0,0,0,0,0,2,0,3,0,0,17,3,0,0,0,0,0,4,0,0,0,0,0,2,0,0,14
CHEMBL1939532,0,0,0,0,0,0,0,0,0,0,0,0,0,0,0,0,4,0,0,0,0,2,0,3,0,0,17,3,0,0,0,0,0,4,0,0,0,0,0,2,0,0,14
CHEMBL1939533,2,0,0,0,0,0,0,0,0,0,0,0,0,0,0,0,2,0,0,0,0,2,0,3,0,0,17,3,0,0,0,0,0,4,0,0,0,0,2,2,0,0,14
CHEMBL1939534,2,0,0,0,0,0,0,0,0,0,0,0,0,0,0,0,0,0,0,0,0,2,0,3,0,0,17,3,0,0,0,0,0,4,0,0,0,0,0,2,0,0,14
CHEMBL1939535,0,0,0,0,0,0,0,0,0,0,0,0,0,0,0,0,0,0,0,0,0,2,0,3,0,0,17,3,0,0,0,0,0,4,0,0,0,0,0,4,0,0,16
CHEMBL1939536,0,0,0,0,0,0,0,0,0,0,0,0,0,0,0,0,4,0,0,0,0,2,0,3,0,0,17,3,0,0,0,0,0,4,0,0,0,0,0,2,0,0,14
CHEMBL1939537,0,0,0,0,0,0,0,0,0,0,0,0,0,0,0,0,4,0,0,0,0,2,0,3,0,0,17,3,0,0,0,0,0,4,0,0,0,0,0,2,0,0,14
CHEMBL1939538,2,0,0,0,0,0,0,0,0,0,0,0,0,0,0,0,2,0,0,0,0,2,0,3,0,0,17,3,0,0,0,0,0,4,0,0,0,0,2,2,0,0,14
CHEMBL1939539,2,0,0,0,0,0,0,0,0,0,0,0,0,0,0,0,0,0,0,0,0,2,0,3,0,0,17,3,0,0,0,0,0,4,0,0,0,0,0,2,0,0,14
CHEMBL1939540,0,0,0,0,0,0,0,0,0,0,0,0,0,0,0,0,0,0,0,0,0,2,0,3,0,0,25,3,2,0,0,0,0,4,0,0,0,0,0,2,0,0,22
CHEMBL1939541,2,6,0,0,0,0,0,0,0,0,0,0,0,0,0,0,0,0,0,0,0,2,0,3,0,0,17,3,0,0,0,0,0,4,0,0,0,0,0,8,0,0,14
CHEMBL1939542,2,0,0,0,0,0,0,0,0,0,0,0,0,0,0,0,2,0,0,0,0,2,0,3,0,0,17,3,0,0,0,0,0,4,0,0,0,0,2,2,0,0,14
CHEMBL1939543,2,0,0,0,0,0,0,0,0,0,0,0,0,0,0,0,0,0,0,0,0,2,0,3,0,0,17,3,0,0,0,0,0,4,0,0,0,0,2,2,0,0,14
CHEMBL1939544,0,0,0,0,0,0,0,0,0,0,0,0,0,0,0,0,0,0,0,0,0,2,0,3,0,0,17,3,0,0,0,0,0,4,0,0,0,0,0,2,0,0,14
CHEMBL1939545,2,0,0,0,0,0,0,0,0,0,0,0,0,0,0,0,0,0,0,0,0,2,0,3,0,0,17,3,0,0,0,0,0,4,0,0,0,0,0,2,0,0,14
CHEMBL1939546,0,0,0,0,0,0,0,0,0,0,0,0,0,0,0,0,4,0,0,0,0,2,0,3,0,0,17,3,0,0,0,0,0,4,0,0,0,0,0,2,0,0,14
CHEMBL1939547,0,0,0,0,0,0,0,0,0,0,0,0,0,0,0,0,0,0,0,0,0,2,0,3,0,0,17,3,0,4,0,0,0,6,4,2,2,0,0,4,0,0,16
CHEMBL1939548,0,0,0,0,0,0,0,0,0,0,0,0,2,0,0,0,0,0,0,0,0,2,0,3,0,0,17,3,0,0,4,0,0,6,0,0,0,0,0,2,0,0,14
CHEMBL1939549,0,0,0,0,0,0,0,0,0,0,0,0,2,0,0,0,0,0,0,0,0,2,0,3,0,0,17,3,0,0,4,0,0,6,0,0,0,0,0,2,0,0,14
CHEMBL1939550,0,0,0,0,0,0,0,2,0,0,0,0,0,0,0,0,0,0,0,0,0,2,0,3,0,0,17,3,0,0,0,0,0,8,0,0,0,0,0,4,0,0,14
CHEMBL1939551,0,0,0,0,0,0,0,0,0,0,0,0,0,0,0,2,0,0,0,0,0,2,0,3,0,0,17,3,0,0,0,0,0,6,0,0,0,0,0,2,0,0,14
CHEMBL1939552,0,0,0,0,0,0,0,0,2,0,0,0,0,0,0,0,0,0,0,0,0,2,0,3,0,0,17,3,0,0,0,0,0,6,0,0,0,0,0,2,0,0,14
CHEMBL193997,0,2,0,0,1,0,0,0,0,0,0,0,0,0,0,0,0,1,0,0,0,1,0,1,0,0,12,1,1,4,0,0,0,2,0,0,0,0,0,1,0,0,13
CHEMBL194047,1,2,0,0,1,0,0,0,0,0,0,0,0,0,0,0,0,1,0,0,0,1,0,1,0,0,12,1,1,4,0,0,0,2,0,0,0,0,0,1,0,0,13
CHEMBL194277,0,0,0,0,0,0,0,0,0,0,0,0,0,0,0,0,0,0,0,0,0,1,0,1,0,0,20,1,3,0,0,0,0,2,0,0,0,0,0,1,0,0,19
CHEMBL194440,0,2,0,0,1,0,0,0,0,0,0,0,0,0,0,0,0,0,0,0,0,1,0,1,0,0,12,1,1,4,0,0,0,2,0,0,0,0,0,1,0,0,13
CHEMBL194472,0,0,0,0,0,0,0,1,0,0,0,0,0,0,0,0,0,0,0,0,1,1,0,2,0,0,15,2,1,0,0,0,0,7,0,0,0,0,0,2,0,0,14
CHEMBL194515,0,0,0,0,0,0,0,0,0,0,0,0,0,0,0,0,0,0,0,0,0,3,0,3,0,0,16,3,1,0,0,0,0,6,0,0,0,0,0,1,0,0,13
CHEMBL194565,0,0,0,0,0,0,0,1,0,0,0,0,0,0,0,0,0,0,0,0,0,1,0,1,0,0,22,1,1,0,0,0,0,4,0,0,0,0,0,4,0,0,21
CHEMBL194641,2,8,4,2,1,0,0,0,0,1,0,0,0,0,0,0,0,0,0,0,0,0,0,0,0,0,0,0,5,0,0,1,1,1,0,0,0,1,0,0,0,1,9
CHEMBL194641,2,8,4,2,1,0,0,0,0,1,0,0,0,0,0,0,0,0,0,0,0,0,0,0,0,0,0,0,5,0,0,1,1,1,0,0,0,1,0,0,0,1,9
CHEMBL194928,0,0,0,0,1,0,0,0,0,0,0,0,0,0,0,0,0,0,0,0,0,1,0,1,0,0,18,1,3,6,0,0,0,2,0,0,0,0,0,1,0,0,19
CHEMBL195248,0,2,0,0,1,0,0,0,0,0,0,0,0,0,0,0,0,1,0,0,0,2,0,2,0,0,12,2,1,4,0,0,0,4,0,0,0,0,0,1,0,0,12
CHEMBL195354,0,2,0,0,1,0,0,1,0,0,0,0,0,0,0,0,0,0,0,0,0,1,0,2,0,0,11,2,1,4,0,0,0,6,0,0,0,0,1,2,0,0,11
CHEMBL195571,0,0,0,0,0,0,0,0,0,0,0,0,0,0,0,1,0,0,0,0,0,1,0,1,0,0,16,1,1,0,0,0,0,3,0,0,0,0,0,1,0,0,15
CHEMBL195580,0,2,0,0,1,0,0,0,0,0,0,0,0,0,0,0,0,1,0,0,0,1,0,1,0,0,16,1,2,4,0,0,0,2,0,0,0,0,1,1,0,0,17
CHEMBL1955869,0,0,0,0,0,0,0,0,0,0,0,0,1,0,0,0,0,0,0,0,1,1,0,2,0,0,15,2,1,0,2,0,0,6,0,0,0,0,0,1,0,0,14
CHEMBL1956171,0,0,0,0,0,0,0,0,0,0,0,0,1,0,0,0,0,0,0,0,0,1,0,1,0,0,12,1,0,0,2,0,0,5,0,0,0,0,0,2,0,0,11
CHEMBL1956175,0,0,0,0,0,0,0,0,1,0,0,0,1,0,0,0,0,0,0,0,0,1,0,1,0,0,18,1,0,0,2,0,0,7,0,0,0,0,0,5,0,0,18
CHEMBL1956179,0,0,0,0,0,0,0,0,0,0,0,0,1,0,0,0,0,0,0,0,0,2,0,2,0,0,18,2,0,0,2,0,0,9,0,0,0,0,0,4,0,0,16
CHEMBL1956180,0,0,0,0,0,0,0,0,0,0,0,0,1,0,0,0,1,0,0,0,0,1,0,1,0,0,18,1,0,0,2,0,0,7,0,0,0,0,0,4,0,0,17
CHEMBL1956183,0,0,0,0,0,0,0,0,0,0,0,0,0,0,0,0,1,0,0,0,1,1,0,2,0,0,15,2,1,0,0,0,0,5,0,0,0,0,0,1,0,0,14
CHEMBL1956186,1,0,0,0,0,0,0,0,0,0,0,0,0,0,0,0,1,0,0,0,1,1,0,2,0,0,15,2,1,0,0,0,0,5,0,0,0,0,0,1,0,0,14
CHEMBL1956188,0,0,0,0,0,0,0,0,0,0,0,0,1,0,0,0,0,0,0,0,1,1,0,2,0,0,21,2,1,0,2,0,0,8,0,0,0,0,0,3,0,0,20
CHEMBL195629,0,0,0,0,0,0,0,1,0,0,0,0,0,0,0,0,0,0,0,0,1,1,0,2,0,0,15,2,1,0,0,0,0,7,0,0,0,0,0,2,0,0,14
CHEMBL195653,0,2,0,0,1,0,0,0,0,0,0,0,0,0,0,0,0,1,0,0,0,1,0,1,0,0,16,1,2,4,0,0,0,2,0,0,0,0,1,1,0,0,17
CHEMBL195688,1,1,1,0,1,0,0,0,0,0,0,0,0,0,0,0,0,0,0,0,0,1,0,1,0,0,12,1,1,4,0,0,0,2,0,0,0,0,0,1,0,0,14
CHEMBL1957208,0,0,0,0,0,0,0,0,0,0,0,0,0,0,0,0,0,0,0,0,0,3,0,4,0,0,17,4,0,0,0,0,0,6,0,0,0,0,0,2,0,0,13
CHEMBL1957208,0,0,0,0,0,0,0,0,0,0,0,0,0,0,0,0,0,0,0,0,0,3,0,4,0,0,17,4,0,0,0,0,0,6,0,0,0,0,0,2,0,0,13
CHEMBL1957209,0,0,0,0,0,0,0,1,0,0,0,0,0,0,0,0,0,0,0,0,0,3,0,4,0,0,17,4,0,0,0,0,0,8,0,0,0,0,0,3,0,0,13
CHEMBL1957209,0,0,0,0,0,0,0,1,0,0,0,0,0,0,0,0,0,0,0,0,0,3,0,4,0,0,17,4,0,0,0,0,0,8,0,0,0,0,0,3,0,0,13
CHEMBL1957210,0,0,0,0,0,0,0,0,0,0,0,0,0,0,0,0,0,1,0,0,0,2,0,3,0,0,17,3,0,0,0,0,0,6,0,0,0,0,0,2,0,0,14
CHEMBL1957210,0,0,0,0,0,0,0,0,0,0,0,0,0,0,0,0,0,1,0,0,0,2,0,3,0,0,17,3,0,0,0,0,0,6,0,0,0,0,0,2,0,0,14
CHEMBL1957211,0,0,0,0,0,0,0,0,0,0,0,0,0,0,0,0,1,0,0,0,0,2,0,3,0,0,17,3,0,0,0,0,0,6,0,0,0,0,0,2,0,0,14
CHEMBL1957211,0,0,0,0,0,0,0,0,0,0,0,0,0,0,0,0,1,0,0,0,0,2,0,3,0,0,17,3,0,0,0,0,0,6,0,0,0,0,0,2,0,0,14
CHEMBL1957212,0,0,0,0,0,0,0,0,0,0,0,0,0,0,0,0,0,0,0,0,0,2,0,3,0,0,17,3,0,0,0,0,0,6,0,0,0,0,0,2,0,0,14
CHEMBL1957212,0,0,0,0,0,0,0,0,0,0,0,0,0,0,0,0,0,0,0,0,0,2,0,3,0,0,17,3,0,0,0,0,0,6,0,0,0,0,0,2,0,0,14
CHEMBL1957213,0,0,0,0,0,0,0,1,0,0,0,0,0,0,0,0,0,0,0,0,0,2,0,3,0,0,17,3,0,0,0,0,0,8,0,0,0,0,0,3,0,0,14
CHEMBL1957213,0,0,0,0,0,0,0,1,0,0,0,0,0,0,0,0,0,0,0,0,0,2,0,3,0,0,17,3,0,0,0,0,0,8,0,0,0,0,0,3,0,0,14
CHEMBL1957214,0,0,0,0,0,0,0,0,0,0,0,0,0,0,0,0,0,0,0,0,0,3,0,4,0,0,17,4,0,0,0,0,0,8,0,0,0,0,0,2,0,0,13
CHEMBL1957214,0,0,0,0,0,0,0,0,0,0,0,0,0,0,0,0,0,0,0,0,0,3,0,4,0,0,17,4,0,0,0,0,0,8,0,0,0,0,0,2,0,0,13
CHEMBL1957215,0,0,0,0,0,0,0,0,0,0,0,0,0,0,0,1,0,0,0,0,0,2,0,3,0,0,17,3,0,0,0,0,0,7,0,0,0,0,0,2,0,0,14
CHEMBL1957215,0,0,0,0,0,0,0,0,0,0,0,0,0,0,0,1,0,0,0,0,0,2,0,3,0,0,17,3,0,0,0,0,0,7,0,0,0,0,0,2,0,0,14
CHEMBL1957216,0,0,0,0,0,0,0,0,0,0,0,0,0,0,0,0,1,0,0,0,0,3,0,4,0,0,17,4,0,0,0,0,0,8,0,0,0,0,0,2,0,0,13
CHEMBL1957216,0,0,0,0,0,0,0,0,0,0,0,0,0,0,0,0,1,0,0,0,0,3,0,4,0,0,17,4,0,0,0,0,0,8,0,0,0,0,0,2,0,0,13
CHEMBL1957217,0,0,0,0,0,0,0,1,0,0,0,0,0,0,0,0,0,0,0,0,0,3,0,4,0,0,17,4,0,0,0,0,0,10,0,0,0,0,0,3,0,0,13
CHEMBL1957217,0,0,0,0,0,0,0,1,0,0,0,0,0,0,0,0,0,0,0,0,0,3,0,4,0,0,17,4,0,0,0,0,0,10,0,0,0,0,0,3,0,0,13
CHEMBL1957218,1,0,0,0,0,0,0,0,0,0,0,0,0,0,0,0,0,0,0,0,0,3,0,4,0,0,17,4,0,0,0,0,0,8,0,0,0,0,1,2,0,0,13
CHEMBL1957218,1,0,0,0,0,0,0,0,0,0,0,0,0,0,0,0,0,0,0,0,0,3,0,4,0,0,17,4,0,0,0,0,0,8,0,0,0,0,1,2,0,0,13
CHEMBL1957219,0,0,0,0,0,0,0,0,0,0,0,0,0,0,0,0,0,0,0,0,0,3,0,4,0,0,17,4,0,0,0,0,0,8,0,0,0,0,0,2,0,0,13
CHEMBL1957219,0,0,0,0,0,0,0,0,0,0,0,0,0,0,0,0,0,0,0,0,0,3,0,4,0,0,17,4,0,0,0,0,0,8,0,0,0,0,0,2,0,0,13
CHEMBL1957220,0,0,0,0,0,0,0,0,0,0,0,0,0,0,0,0,0,0,0,0,0,3,0,4,0,0,17,4,0,0,0,0,0,8,0,0,0,0,0,2,0,0,13
CHEMBL1957220,0,0,0,0,0,0,0,0,0,0,0,0,0,0,0,0,0,0,0,0,0,3,0,4,0,0,17,4,0,0,0,0,0,8,0,0,0,0,0,2,0,0,13
CHEMBL1957221,0,0,0,0,0,0,0,1,0,0,0,0,0,0,0,0,0,0,0,0,0,3,0,4,0,0,17,4,0,0,0,0,0,10,0,0,0,0,0,3,0,0,13
CHEMBL1957221,0,0,0,0,0,0,0,1,0,0,0,0,0,0,0,0,0,0,0,0,0,3,0,4,0,0,17,4,0,0,0,0,0,10,0,0,0,0,0,3,0,0,13
CHEMBL1957222,1,0,0,0,0,0,0,1,0,0,0,0,0,0,0,0,0,0,0,0,0,3,0,4,0,0,17,4,0,0,0,0,0,10,0,0,0,0,0,4,0,0,13
CHEMBL1957222,1,0,0,0,0,0,0,1,0,0,0,0,0,0,0,0,0,0,0,0,0,3,0,4,0,0,17,4,0,0,0,0,0,10,0,0,0,0,0,4,0,0,13
CHEMBL1957223,0,0,0,0,0,0,0,1,0,0,0,0,0,0,0,0,0,0,0,0,0,3,0,4,0,0,17,4,0,0,0,0,0,10,0,0,0,0,0,3,0,0,13
CHEMBL1957223,0,0,0,0,0,0,0,1,0,0,0,0,0,0,0,0,0,0,0,0,0,3,0,4,0,0,17,4,0,0,0,0,0,10,0,0,0,0,0,3,0,0,13
CHEMBL195996,0,0,0,0,0,0,0,0,0,0,0,0,0,0,0,0,0,0,0,0,1,1,0,2,0,0,15,2,1,0,0,0,0,5,0,0,0,0,0,1,0,0,14
CHEMBL196328,0,0,0,0,0,0,0,1,0,0,0,0,0,0,0,0,0,0,0,0,0,1,0,1,0,0,16,1,1,0,0,0,0,4,0,0,0,0,0,2,0,0,15
CHEMBL196796,0,0,0,0,0,0,0,0,0,0,0,0,1,0,0,0,0,0,0,0,0,1,0,1,0,0,16,1,1,0,2,0,0,3,0,0,0,0,0,1,0,0,15
CHEMBL197044,0,0,0,0,0,0,0,0,0,0,0,0,0,0,0,0,0,0,0,0,1,1,0,2,0,0,15,2,1,0,0,0,0,5,0,0,0,0,1,1,0,0,14
CHEMBL197150,1,1,0,0,0,0,0,1,0,0,0,0,0,0,0,0,0,0,0,0,0,1,0,1,0,0,16,1,1,0,0,0,0,4,0,0,0,0,0,4,0,0,15
CHEMBL197451,2,8,3,1,0,0,0,0,0,1,0,1,0,0,2,0,0,0,0,0,0,0,0,0,0,0,0,1,5,1,0,0,0,5,0,0,0,3,1,0,1,2,9
CHEMBL197451,2,8,3,1,0,0,0,0,0,1,0,1,0,0,2,0,0,0,0,0,0,0,0,0,0,0,0,1,5,1,0,0,0,5,0,0,0,3,1,0,1,2,9
CHEMBL197576,0,0,0,0,0,0,0,1,0,0,0,0,0,0,0,0,1,0,0,0,0,1,0,1,0,0,16,1,1,0,0,0,0,4,0,0,0,0,0,2,0,0,15
CHEMBL197650,0,0,0,0,0,0,0,1,0,0,0,0,1,0,0,0,0,0,0,0,1,2,1,4,0,0,20,4,1,0,2,0,0,10,0,0,0,0,1,4,0,0,18
CHEMBL197723,0,0,0,0,0,0,0,1,0,0,0,0,0,0,0,0,0,0,0,0,0,2,0,2,0,0,22,2,1,0,0,0,0,6,0,0,0,0,0,3,0,0,20
CHEMBL197840,0,0,0,0,0,0,0,0,0,0,0,1,0,0,2,0,0,0,0,0,0,1,0,1,0,0,16,1,1,2,0,0,0,4,0,0,0,2,0,2,0,0,16
CHEMBL197899,0,0,0,0,0,0,0,0,0,0,0,0,0,0,0,0,0,0,0,0,0,2,0,2,0,0,16,2,1,0,0,0,0,4,0,0,0,0,0,1,0,0,14
CHEMBL198291,0,0,0,0,0,0,0,1,0,0,0,0,0,0,0,0,0,1,0,0,1,2,1,4,0,0,20,4,1,0,0,0,0,9,0,0,0,0,1,4,0,0,18
CHEMBL1991089,0,0,0,0,1,0,0,0,1,2,1,1,0,0,7,0,0,0,0,0,0,0,0,0,0,0,12,0,1,8,0,0,0,7,0,0,0,1,1,5,2,0,18
CHEMBL199334,0,0,0,0,0,0,0,1,0,0,0,0,0,0,0,0,0,0,0,0,1,2,1,4,0,0,20,4,1,2,0,0,0,10,2,1,1,0,1,5,0,0,19
CHEMBL1997104,1,0,0,0,0,0,0,0,0,0,0,0,0,0,0,0,1,0,0,0,2,1,0,3,0,0,20,3,1,0,0,0,0,8,0,0,0,0,1,4,0,0,20
CHEMBL1997442,0,1,0,0,0,0,0,1,1,1,0,0,0,1,4,0,0,0,0,0,0,1,0,1,0,0,12,1,1,5,0,0,0,6,0,0,0,1,3,3,1,0,14
CHEMBL2003274,2,7,3,2,2,0,0,0,0,2,0,0,0,0,3,0,0,0,0,0,0,1,0,1,0,0,6,1,5,4,0,0,0,4,0,0,0,1,2,1,2,1,16
CHEMBL2011171,0,0,1,0,0,0,0,1,0,1,0,0,0,1,2,0,0,0,0,0,0,0,0,0,0,0,12,1,1,2,0,0,0,3,0,0,0,1,0,1,0,1,14
CHEMBL2011172,1,0,1,0,0,0,0,1,0,1,0,0,0,1,2,0,0,0,0,0,0,0,0,0,0,0,12,1,1,2,0,0,0,3,0,0,0,1,0,1,0,1,14
CHEMBL2011173,1,0,1,0,0,0,0,1,0,1,0,0,0,1,2,0,0,0,0,0,0,0,0,0,0,0,12,1,1,2,0,0,0,3,0,0,0,1,0,1,0,1,14
CHEMBL2011174,1,0,1,0,0,0,0,1,0,1,0,0,0,1,2,0,0,0,0,0,0,0,0,0,0,0,12,1,1,2,0,0,0,3,0,0,0,1,0,1,0,1,14
CHEMBL2011175,1,0,1,0,0,0,0,1,0,1,0,0,0,1,2,0,0,0,0,0,0,0,0,0,0,0,12,1,1,2,0,0,0,3,0,0,0,1,0,1,0,1,14
CHEMBL2011176,0,0,1,0,0,0,0,1,0,1,0,0,0,1,3,0,0,0,0,0,0,0,0,0,0,0,16,1,3,2,0,0,0,3,0,0,0,1,0,1,0,1,18
CHEMBL2011177,0,0,1,0,0,0,0,1,0,1,0,0,0,1,2,0,0,0,0,0,0,0,0,0,0,0,18,1,1,2,0,0,0,5,0,0,0,1,0,3,0,1,20
CHEMBL2011178,0,0,1,0,0,0,0,1,0,1,0,0,0,1,2,0,0,0,0,0,0,0,0,0,0,0,18,1,1,2,0,0,0,3,0,0,0,1,0,2,0,1,20
CHEMBL2011179,0,0,1,0,0,0,0,1,0,1,0,0,0,1,2,0,0,0,0,0,0,0,0,0,0,0,20,1,4,2,0,0,0,3,0,0,0,1,0,1,0,1,22
CHEMBL2011180,0,0,1,0,0,0,0,2,0,1,0,0,0,1,2,0,0,0,0,0,0,0,0,0,0,0,12,1,1,2,0,0,0,5,0,0,0,1,0,2,0,1,14
CHEMBL2011181,0,0,1,0,0,0,0,2,0,1,0,0,0,1,2,0,0,0,0,0,0,0,0,0,0,0,12,1,1,2,0,0,0,5,0,0,0,1,0,2,0,1,14
CHEMBL2011182,0,0,1,0,0,0,0,2,0,1,0,0,0,1,2,0,0,0,0,0,0,0,0,0,0,0,12,1,1,2,0,0,0,5,0,0,0,1,0,2,0,1,14
CHEMBL2011183,0,0,1,0,0,0,0,2,0,1,0,0,0,1,2,0,0,0,0,0,0,0,0,0,0,0,12,1,1,2,0,0,0,5,0,0,0,1,0,2,0,1,14
CHEMBL2011184,0,0,1,0,0,0,0,3,0,1,0,0,0,1,2,0,0,0,0,0,0,0,0,0,0,0,12,1,1,2,0,0,0,7,0,0,0,1,0,3,0,1,14
CHEMBL2011185,0,0,1,0,0,0,0,1,0,1,0,0,0,1,2,0,0,0,0,0,0,0,0,1,0,0,11,2,1,2,0,0,0,5,0,0,0,1,0,1,0,1,12
CHEMBL2011186,0,0,1,0,0,0,0,1,0,1,0,0,0,1,2,0,0,0,0,0,0,1,0,1,0,0,12,2,1,2,0,0,0,5,0,0,0,1,0,1,0,1,13
CHEMBL2011187,0,0,1,0,0,0,0,1,0,1,0,0,0,1,2,0,0,1,0,0,0,0,0,0,0,0,12,1,1,2,0,0,0,3,0,0,0,1,0,1,0,1,14
CHEMBL2011188,0,0,1,0,0,0,0,1,0,1,0,0,0,1,2,0,1,0,0,0,0,0,0,0,0,0,12,1,1,2,0,0,0,3,0,0,0,1,0,1,0,1,14
CHEMBL2011189,0,0,1,0,0,0,0,1,0,1,0,0,0,1,2,0,0,0,0,0,0,0,0,0,0,0,12,1,1,2,0,0,0,3,0,0,0,1,0,1,0,1,14
CHEMBL2011190,3,0,1,1,0,0,0,1,0,1,0,0,0,1,2,0,0,0,0,0,0,0,0,0,0,0,12,1,1,2,0,0,0,3,0,0,0,1,0,2,0,1,15
CHEMBL2011191,0,0,1,0,0,0,0,0,0,1,0,0,0,1,2,0,0,0,0,0,0,0,0,0,0,0,12,1,1,2,0,0,0,4,0,0,0,1,0,1,0,1,15
CHEMBL2011192,0,0,1,0,0,0,0,1,0,1,0,0,0,1,2,1,0,0,0,0,0,0,0,0,0,0,12,1,1,2,0,0,0,4,0,0,0,1,0,1,0,1,14
CHEMBL2011193,0,0,1,0,0,0,0,1,0,1,0,0,0,1,2,2,0,0,0,0,0,0,0,0,0,0,12,1,1,2,0,0,0,5,0,0,0,1,0,1,0,1,14
CHEMBL201831,1,0,0,0,0,0,0,1,0,0,0,0,0,0,0,0,0,0,0,0,1,2,1,4,0,0,20,4,1,0,0,0,0,9,0,0,0,0,1,4,0,0,18
CHEMBL202020,0,0,0,0,0,1,0,2,0,0,0,0,0,0,0,0,0,0,0,0,0,1,1,2,0,0,21,2,1,0,0,0,0,9,0,0,0,0,0,5,0,0,20
CHEMBL202030,2,2,0,0,0,0,0,1,0,0,0,0,0,0,0,0,0,0,0,0,0,0,0,0,1,1,6,0,0,2,0,0,0,6,2,1,1,2,0,7,0,1,10
CHEMBL202065,0,0,0,0,0,0,0,1,0,0,0,0,0,0,0,0,0,0,0,0,1,2,1,4,0,0,20,4,1,0,0,0,0,9,0,0,0,0,1,5,0,0,19
CHEMBL202226,0,0,0,0,0,0,0,0,0,0,0,0,1,0,0,1,0,0,0,0,1,2,1,4,0,0,20,4,1,0,2,0,0,9,0,0,0,0,1,3,0,0,18
CHEMBL202231,0,0,0,0,0,0,0,0,0,0,0,0,0,0,0,1,0,0,0,0,1,2,1,4,0,0,20,4,1,2,0,0,0,9,2,1,1,0,1,4,0,0,19
CHEMBL202452,1,4,0,0,0,0,0,1,0,0,0,0,0,0,0,0,0,0,0,0,0,0,0,0,1,1,6,0,0,2,0,0,0,6,2,1,1,2,0,9,0,1,9
CHEMBL202469,1,7,0,0,0,0,0,1,0,0,0,0,0,0,0,0,0,0,0,0,0,0,0,0,1,1,6,0,0,2,0,0,0,5,2,1,1,3,0,12,0,0,9
CHEMBL202470,1,7,0,0,0,0,0,1,0,0,0,0,0,0,0,0,0,0,0,0,0,0,0,0,1,1,6,0,0,2,0,0,0,6,2,1,1,2,0,12,0,1,9
CHEMBL202471,1,4,0,0,0,0,0,1,0,0,0,0,0,0,0,0,0,0,0,0,0,0,0,0,1,1,6,0,0,2,0,0,0,5,2,1,1,3,0,9,0,0,9
CHEMBL202473,0,4,0,0,0,0,0,1,0,0,0,0,0,0,0,0,0,0,0,0,0,0,0,0,1,1,6,0,0,2,0,0,0,6,2,1,1,2,0,5,0,1,10
CHEMBL202474,2,2,0,0,0,0,0,1,0,0,0,0,0,0,0,0,0,0,0,0,0,0,0,0,1,1,6,0,0,2,0,0,0,5,2,1,1,3,0,7,0,0,10
CHEMBL202612,0,0,0,0,0,1,0,1,0,0,0,0,0,0,0,0,1,0,0,0,0,1,1,2,0,0,21,2,1,0,0,0,0,7,0,0,0,0,0,4,0,0,20
CHEMBL203869,2,0,0,0,0,0,0,1,0,0,0,0,0,0,0,0,0,0,0,0,0,0,0,0,1,1,6,0,0,2,0,0,0,6,2,1,1,2,0,5,0,1,10
CHEMBL203981,0,0,0,0,0,0,0,0,0,0,0,0,0,0,0,0,0,1,0,1,1,1,0,3,0,0,20,3,1,0,0,0,0,7,0,0,0,0,1,3,0,0,20
CHEMBL204039,0,0,0,0,0,0,0,0,0,0,0,0,0,0,0,0,1,0,0,1,1,1,0,3,0,0,20,3,1,0,0,0,0,7,0,0,0,0,1,3,0,0,20
CHEMBL204183,0,5,0,0,0,0,0,1,0,0,0,0,0,0,0,0,0,0,0,0,0,0,0,0,1,1,6,0,0,2,0,0,0,6,2,1,1,2,0,5,0,1,10
CHEMBL204184,1,1,0,0,0,0,0,1,0,0,0,0,0,0,0,0,0,0,0,0,0,0,0,0,1,1,6,0,0,2,0,0,0,5,2,1,1,3,0,6,0,0,9
CHEMBL204483,0,0,0,0,0,0,0,0,0,0,0,0,0,0,0,0,1,0,0,1,1,1,0,3,0,0,20,3,1,0,0,0,0,7,0,0,0,0,1,3,0,0,20
CHEMBL204501,0,5,1,0,0,0,0,1,0,0,0,0,0,0,0,0,0,0,0,0,0,0,0,0,1,1,6,0,0,2,0,0,0,5,2,1,1,3,0,6,0,0,10
CHEMBL204502,0,5,1,0,0,0,0,1,0,0,0,0,0,0,0,0,0,0,0,0,0,0,0,0,1,1,6,0,0,2,0,0,0,6,2,1,1,2,0,6,0,1,10
CHEMBL205177,0,0,0,0,0,0,0,0,0,0,0,0,1,0,0,0,0,0,0,1,1,1,0,3,0,0,20,3,1,0,2,0,0,8,0,0,0,0,1,3,0,0,20
CHEMBL2051951,1,3,0,1,0,0,0,0,1,0,0,2,0,0,0,0,0,0,0,0,0,0,0,0,0,0,6,1,0,0,0,0,0,5,0,0,0,3,0,2,0,0,10
CHEMBL205250,1,2,1,0,1,0,0,0,0,0,0,0,0,0,0,0,0,0,0,0,0,1,0,1,0,0,12,1,1,4,0,0,0,2,0,0,0,0,0,2,0,0,14
CHEMBL205503,1,3,0,0,1,0,0,0,0,0,0,0,0,0,0,0,0,0,0,0,0,1,0,1,0,0,12,1,1,4,0,0,0,2,0,0,0,0,0,2,0,0,13
CHEMBL205782,0,1,0,0,1,0,0,0,0,0,0,0,0,0,0,0,0,0,0,0,0,1,0,1,0,0,12,1,1,4,0,0,0,2,0,0,0,0,0,1,0,0,13
CHEMBL2057976,2,10,4,2,0,0,0,0,0,1,0,0,0,0,0,0,0,0,0,0,0,0,0,0,0,0,0,0,5,0,0,0,0,1,0,0,0,1,0,0,0,1,7
CHEMBL2058266,2,9,3,2,0,0,0,0,0,1,0,0,0,0,0,0,0,0,0,0,0,0,0,0,0,0,0,1,6,0,0,0,0,3,0,0,0,1,0,0,0,1,8
CHEMBL2058266,2,9,3,2,0,0,0,0,0,1,0,0,0,0,0,0,0,0,0,0,0,0,0,0,0,0,0,1,6,0,0,0,0,3,0,0,0,1,0,0,0,1,8
CHEMBL2058267,2,8,4,2,1,0,0,0,0,1,0,0,0,0,0,0,0,0,0,0,0,0,0,0,0,0,0,0,5,0,0,1,1,1,0,0,0,1,0,0,0,1,9
CHEMBL2058267,2,8,4,2,1,0,0,0,0,1,0,0,0,0,0,0,0,0,0,0,0,0,0,0,0,0,0,0,5,0,0,1,1,1,0,0,0,1,0,0,0,1,9
CHEMBL2058268,2,8,4,2,0,0,0,0,0,1,0,0,0,0,0,0,0,0,0,0,0,0,0,0,0,0,0,1,6,0,0,0,0,3,0,0,0,1,0,0,0,1,9
CHEMBL205881,0,2,0,0,1,0,0,0,0,0,0,0,0,0,0,0,0,0,0,0,0,1,0,1,0,0,12,1,1,4,0,0,0,2,0,0,0,0,0,1,0,0,13
CHEMBL206070,1,1,1,0,1,0,0,0,0,0,0,0,0,0,0,0,0,0,0,0,0,1,0,1,0,0,12,1,1,4,0,0,0,2,0,0,0,0,0,1,0,0,14
CHEMBL206125,0,0,0,0,1,0,0,0,0,0,0,0,0,0,0,0,0,0,0,0,0,1,0,1,0,0,12,1,0,4,0,1,1,2,0,0,0,0,0,2,0,0,13
CHEMBL206273,0,2,0,0,1,0,0,1,0,0,0,0,0,0,0,0,0,0,0,0,0,1,0,1,0,0,12,1,1,4,0,0,0,4,0,0,0,0,0,2,0,0,13
CHEMBL206283,1,2,0,0,1,0,0,0,0,0,0,0,0,0,0,0,0,0,0,0,0,1,0,1,0,0,12,1,1,4,0,0,0,2,0,0,0,0,0,1,0,0,13
CHEMBL206300,0,1,0,0,1,0,0,1,0,0,0,0,0,0,0,0,0,0,0,0,0,1,0,1,0,0,12,1,1,4,0,0,0,4,0,0,0,0,0,2,0,0,13
CHEMBL206351,0,2,0,0,1,0,0,1,0,0,0,0,0,0,0,0,0,0,0,0,0,1,0,1,0,0,12,1,1,4,0,0,0,4,0,0,0,0,0,2,0,0,13
CHEMBL206550,1,1,1,0,1,0,0,0,0,0,0,0,0,0,0,0,0,0,0,0,0,1,0,1,0,0,12,1,1,4,0,0,0,2,0,0,0,0,0,1,0,0,14
CHEMBL207751,0,2,0,0,0,0,0,1,0,0,0,0,0,0,0,0,0,0,0,0,1,1,0,2,0,0,11,2,1,4,0,0,0,7,0,0,0,0,0,2,0,0,12
CHEMBL207829,0,0,0,0,1,0,0,0,0,0,0,0,0,0,0,0,0,0,0,0,0,1,0,1,0,0,12,1,0,4,0,1,1,2,0,0,0,0,0,2,0,0,13
CHEMBL208471,0,2,0,0,0,0,0,0,0,0,0,0,0,0,0,0,0,0,0,0,1,1,0,2,0,0,11,2,1,4,0,0,0,5,0,0,0,0,0,1,0,0,12
CHEMBL209047,0,0,0,0,0,0,0,1,0,0,0,0,0,2,3,0,0,0,1,0,1,1,1,3,0,0,21,3,1,3,0,0,0,10,0,0,0,0,1,4,0,0,19
CHEMBL209073,2,6,3,2,2,1,1,0,0,1,0,0,0,0,3,0,0,0,0,0,0,0,0,0,0,0,0,0,5,2,0,1,1,2,0,0,0,1,1,0,2,0,11
CHEMBL2096872,0,2,3,0,0,0,0,1,0,0,0,0,0,0,0,0,0,0,0,0,0,1,0,1,0,0,12,1,3,0,0,0,0,4,0,0,0,0,1,2,0,0,14
CHEMBL2096873,0,2,3,0,0,0,0,1,0,0,0,0,0,0,0,0,0,0,0,0,0,1,0,1,0,0,12,1,3,0,0,0,0,4,0,0,0,0,1,2,0,0,14
CHEMBL209731,0,0,0,0,0,0,0,0,0,0,0,0,1,2,3,0,0,0,1,0,1,1,1,3,0,0,21,3,1,3,2,0,0,9,0,0,0,0,1,3,0,0,19
CHEMBL210300,0,0,0,0,1,0,0,2,0,0,0,0,0,0,0,0,0,0,0,0,0,0,0,0,0,0,12,0,0,6,0,1,1,5,2,1,1,0,0,5,0,0,15
CHEMBL2105261,1,9,3,2,1,0,0,0,0,2,0,0,0,0,2,0,0,0,0,0,0,0,0,0,0,0,0,0,5,1,0,0,0,2,0,0,0,2,1,1,1,2,9
CHEMBL2105261,1,9,3,2,1,0,0,0,0,2,0,0,0,0,2,0,0,0,0,0,0,0,0,0,0,0,0,0,5,1,0,0,0,2,0,0,0,2,1,1,1,2,9
CHEMBL2111801,2,9,1,1,0,0,0,0,0,0,0,2,0,0,0,0,0,0,0,0,0,1,0,1,0,0,6,2,0,0,0,0,0,6,0,0,0,3,0,9,0,0,10
CHEMBL2111917,3,8,3,2,1,0,0,0,0,1,1,1,0,0,0,0,0,0,0,0,0,0,0,0,0,0,0,0,5,0,0,0,0,4,0,0,0,2,0,2,0,2,10
CHEMBL2111917,3,8,3,2,1,0,0,0,0,1,1,1,0,0,0,0,0,0,0,0,0,0,0,0,0,0,0,0,5,0,0,0,0,4,0,0,0,2,0,2,0,2,10
CHEMBL2111947,2,8,4,2,1,1,1,0,1,0,0,0,0,0,0,0,0,0,0,0,0,0,0,0,0,0,0,1,5,0,0,0,0,3,0,0,0,0,0,1,0,0,11
CHEMBL211207,0,0,0,0,0,0,0,0,0,0,0,0,0,0,0,0,0,0,0,0,1,1,0,2,0,0,11,2,0,0,0,0,0,5,0,0,0,0,1,2,0,0,10
CHEMBL2112299,2,7,3,2,2,1,1,0,0,0,0,0,0,0,0,0,0,0,0,0,0,1,0,1,0,0,6,1,5,2,0,0,0,3,0,0,0,0,0,1,0,0,15
CHEMBL2112301,2,7,3,2,2,1,1,0,0,0,0,0,0,0,0,0,0,0,0,0,0,1,0,1,0,0,6,1,5,2,0,0,0,3,0,0,0,0,1,1,0,0,15
CHEMBL2112309,1,9,3,2,1,1,1,0,0,0,0,0,0,0,0,0,0,0,0,0,0,0,0,0,0,0,0,0,5,0,0,0,0,1,0,0,0,0,0,1,0,0,9
CHEMBL2112738,2,8,3,2,1,1,0,0,0,1,1,1,0,0,0,0,0,0,0,0,0,0,0,0,0,0,0,0,5,0,0,0,0,5,0,0,0,2,0,3,0,2,10
CHEMBL2112739,3,8,3,2,1,0,0,0,0,1,1,1,0,0,0,0,0,0,0,0,0,0,0,0,0,0,0,0,5,0,0,0,0,4,0,0,0,2,0,2,0,2,10
CHEMBL2112739,3,8,3,2,1,0,0,0,0,1,1,1,0,0,0,0,0,0,0,0,0,0,0,0,0,0,0,0,5,0,0,0,0,4,0,0,0,2,0,2,0,2,10
CHEMBL2113268,1,9,3,2,1,0,0,0,0,2,0,0,0,0,2,0,0,0,0,0,0,0,0,0,0,0,0,1,5,1,0,0,0,4,0,0,0,2,1,2,1,2,10
CHEMBL2113269,1,9,3,2,1,0,0,0,0,2,0,0,0,0,2,0,0,0,0,0,0,0,0,0,0,0,0,1,5,1,0,0,0,4,0,0,0,2,1,2,1,2,10
CHEMBL2113272,1,9,3,2,1,0,0,0,0,2,0,0,0,0,2,0,0,0,0,0,0,0,0,0,0,0,0,1,5,1,0,0,0,4,0,0,0,2,1,2,1,2,10
CHEMBL2113276,1,9,3,2,1,0,0,0,0,2,0,0,0,0,2,0,0,0,0,0,0,0,0,0,0,0,0,1,5,1,0,0,0,4,0,0,0,2,1,2,1,2,10
CHEMBL2113524,2,8,3,2,0,0,0,0,0,2,0,0,0,0,2,0,0,0,0,0,0,0,0,0,0,0,0,0,5,1,0,0,0,4,0,0,0,2,1,2,1,2,10
CHEMBL2113524,2,8,3,2,0,0,0,0,0,2,0,0,0,0,2,0,0,0,0,0,0,0,0,0,0,0,0,0,5,1,0,0,0,4,0,0,0,2,1,2,1,2,10
CHEMBL2113619,2,8,3,2,0,0,0,0,0,2,0,0,1,0,2,0,0,0,0,0,0,0,0,0,0,0,0,0,5,1,0,0,0,5,0,0,0,2,1,2,1,2,9
CHEMBL2113619,2,8,3,2,0,0,0,0,0,2,0,0,1,0,2,0,0,0,0,0,0,0,0,0,0,0,0,0,5,1,0,0,0,5,0,0,0,2,1,2,1,2,9
CHEMBL212168,0,0,0,0,0,0,0,1,0,0,0,0,0,2,3,0,0,0,1,0,1,1,1,3,0,0,21,3,1,5,0,0,0,11,2,1,1,0,1,5,0,0,20
CHEMBL212473,0,0,0,0,0,0,0,1,0,0,0,0,0,2,3,0,0,0,1,0,1,1,1,3,0,0,21,3,1,3,0,0,0,10,0,0,0,0,1,4,0,0,19
CHEMBL212741,1,0,0,0,0,0,0,0,0,0,0,0,0,0,0,0,0,0,0,0,1,1,0,2,0,0,11,2,0,0,0,0,0,5,0,0,0,0,1,2,0,0,10
CHEMBL213587,0,0,0,0,0,0,0,0,0,0,0,0,0,2,3,0,0,0,1,0,1,1,1,3,0,0,21,3,1,3,0,0,0,8,0,0,0,0,1,3,0,0,19
CHEMBL213588,0,0,0,0,0,0,0,0,0,0,0,0,0,2,3,0,0,0,1,0,1,1,1,3,0,0,21,3,1,5,0,0,0,9,2,1,1,0,1,4,0,0,20
CHEMBL2137046,1,1,0,0,1,0,0,1,1,0,0,0,0,0,0,1,0,0,0,0,0,0,0,0,0,0,18,0,0,6,0,0,0,6,0,0,0,0,0,8,0,0,21
CHEMBL214932,0,2,0,0,0,0,0,0,0,0,0,0,0,0,0,0,0,1,0,0,1,1,0,2,0,0,11,2,0,0,0,0,0,5,0,0,0,0,1,4,0,0,10
CHEMBL2163638,2,3,1,0,0,0,0,0,0,0,0,1,0,0,0,0,0,0,0,0,1,1,0,2,0,0,11,3,3,0,0,0,0,9,0,0,0,1,1,3,0,1,14
CHEMBL2163639,0,4,1,0,0,0,0,0,0,0,0,1,0,0,0,0,0,0,0,0,1,1,0,2,0,0,11,3,3,0,0,0,0,9,0,0,0,1,1,3,0,1,14
CHEMBL2163641,0,3,0,0,0,0,0,0,0,0,0,1,0,0,0,0,0,0,0,0,1,1,0,2,0,0,11,3,3,4,0,0,0,9,0,0,0,1,0,2,0,1,13
CHEMBL2163646,0,3,0,0,0,0,0,1,0,0,0,1,0,0,0,0,0,0,0,0,1,1,0,2,0,0,17,3,3,0,0,0,0,11,0,0,0,1,1,4,0,1,19
CHEMBL2165313,0,2,0,0,0,0,0,0,0,0,0,1,0,0,0,1,0,0,0,0,0,1,0,1,0,0,12,2,1,0,0,0,0,6,0,0,0,2,0,1,0,0,13
CHEMBL2165314,0,2,0,0,0,0,0,1,0,0,0,1,0,0,0,0,0,0,0,0,0,1,0,1,0,0,12,2,1,0,0,0,0,7,0,0,0,2,0,2,0,0,13
CHEMBL2165315,0,2,0,0,0,0,0,1,0,0,0,1,0,0,0,0,0,0,0,0,0,1,0,1,0,0,12,2,1,0,0,0,0,8,0,0,0,1,0,2,0,1,13
CHEMBL2165316,1,2,0,0,0,0,0,1,0,0,0,1,0,0,0,0,0,0,0,0,0,1,0,1,0,0,12,2,1,0,0,0,0,7,0,0,0,2,0,3,0,0,13
CHEMBL2165317,1,2,0,0,0,0,0,1,0,0,0,1,0,0,0,0,0,0,0,0,0,1,0,1,0,0,12,2,1,0,0,0,0,8,0,0,0,1,0,3,0,1,13
CHEMBL2165318,0,6,0,0,0,0,0,1,0,0,0,1,0,0,0,0,0,0,0,0,0,1,0,1,0,0,12,2,1,0,0,0,0,7,0,0,0,2,0,3,0,0,14
CHEMBL2165319,0,6,0,0,0,0,0,1,0,0,0,1,0,0,0,0,0,0,0,0,0,1,0,1,0,0,12,2,1,0,0,0,0,8,0,0,0,1,0,3,0,1,14
CHEMBL2165320,0,2,0,0,0,0,0,1,0,0,0,1,0,0,0,0,0,0,0,0,0,1,0,1,0,0,18,2,1,0,0,0,0,7,0,0,0,2,0,4,0,0,19
CHEMBL2165321,0,2,0,0,0,0,0,1,0,0,0,1,0,0,0,0,0,0,0,0,0,1,0,1,0,0,18,2,1,0,0,0,0,8,0,0,0,1,0,4,0,1,19
CHEMBL2165322,0,2,0,0,0,0,0,0,0,0,0,1,0,0,0,0,0,0,0,0,0,1,0,1,0,0,12,2,1,0,0,0,0,5,0,0,0,2,0,1,0,0,13
CHEMBL2165323,0,2,0,0,0,0,0,0,0,0,0,1,0,0,0,0,0,0,0,0,0,1,0,1,0,0,18,2,1,0,0,0,0,5,0,0,0,2,0,2,0,0,19
CHEMBL2165324,0,2,0,0,0,0,0,0,0,0,0,1,0,0,0,0,0,0,0,0,0,2,0,2,0,0,18,3,1,0,0,0,0,7,0,0,0,2,0,2,0,0,18
CHEMBL2165325,0,2,0,0,0,0,0,0,0,0,0,1,0,0,0,0,0,0,0,0,0,1,0,2,0,0,17,3,1,0,0,0,0,7,0,0,0,2,0,2,0,0,17
CHEMBL2179107,2,5,3,2,2,0,0,0,0,2,0,0,0,0,3,0,0,0,0,0,0,0,0,0,0,0,0,0,5,2,0,1,1,4,0,0,0,2,1,1,2,1,12
CHEMBL2179108,3,5,3,2,2,0,0,0,0,2,0,0,0,0,3,0,0,0,0,0,0,0,0,0,0,0,0,0,5,2,0,1,1,4,0,0,0,2,1,2,2,1,12
CHEMBL2179109,3,5,3,2,2,0,0,0,0,2,0,0,0,0,3,0,0,0,0,0,0,0,0,0,0,0,0,0,5,2,0,1,1,4,0,0,0,2,1,2,2,1,12
CHEMBL2179110,3,6,3,2,2,0,0,0,0,2,0,0,0,0,3,0,0,0,0,0,0,0,0,0,0,0,0,0,5,2,0,1,1,4,0,0,0,2,1,2,2,1,12
CHEMBL2179111,3,7,3,2,2,0,0,0,0,2,0,0,0,0,3,0,0,0,0,0,0,0,0,0,0,0,0,0,5,2,0,1,1,4,0,0,0,2,1,3,2,1,12
CHEMBL2179112,3,8,3,2,2,0,0,0,0,2,0,0,0,0,3,0,0,0,0,0,0,0,0,0,0,0,0,0,5,2,0,1,1,4,0,0,0,2,1,4,2,1,12
CHEMBL2179113,3,11,3,2,2,0,0,0,0,2,0,0,0,0,3,0,0,0,0,0,0,0,0,0,0,0,0,0,5,2,0,1,1,4,0,0,0,2,1,7,2,1,12
CHEMBL2179114,2,5,3,2,2,1,0,0,0,2,0,0,0,0,3,0,0,0,0,0,0,0,0,0,0,0,0,0,5,2,0,1,1,5,0,0,0,2,1,2,2,1,12
CHEMBL220774,0,0,0,0,0,0,0,1,0,0,0,0,0,0,0,0,1,0,0,0,0,0,0,0,1,1,12,0,0,2,0,0,0,5,2,1,1,3,0,6,0,0,15
CHEMBL220792,0,0,0,0,0,0,0,1,0,0,0,0,0,0,0,0,1,0,0,0,0,0,0,0,1,1,12,0,0,2,0,0,0,6,2,1,1,2,0,6,0,1,15
CHEMBL220793,0,0,0,0,0,0,0,1,0,0,0,0,0,0,0,0,0,0,0,0,0,0,0,0,1,1,12,0,0,2,0,0,0,6,2,1,1,2,0,6,0,1,15
CHEMBL2208131,0,0,0,0,0,0,0,1,0,0,0,0,0,0,0,0,0,0,0,0,0,1,0,2,0,0,17,2,0,0,0,0,0,6,0,0,0,0,0,3,0,0,15
CHEMBL2208140,0,0,0,0,0,0,0,1,0,0,0,0,0,0,0,0,0,0,0,0,0,1,0,2,0,0,17,2,0,0,0,0,0,6,0,0,0,0,0,3,0,0,15
CHEMBL2208141,0,0,0,0,0,0,0,2,0,0,0,0,0,0,0,0,0,0,0,0,0,1,0,2,0,0,17,2,0,0,0,0,0,8,0,0,0,0,0,4,0,0,15
CHEMBL220829,0,0,0,0,0,0,0,1,0,0,0,0,0,0,0,0,0,0,0,0,0,0,0,0,1,1,12,0,0,2,0,0,0,5,2,1,1,3,0,6,0,0,15
CHEMBL220885,0,0,0,0,0,0,0,1,0,0,0,0,0,0,0,0,0,0,0,0,0,0,0,0,1,1,16,0,1,2,0,0,0,5,2,1,1,3,0,6,0,0,19
CHEMBL220886,2,0,0,0,0,0,0,1,0,0,0,0,0,0,0,0,0,0,0,0,0,0,0,0,1,1,12,0,0,2,0,0,0,5,2,1,1,3,0,6,0,0,15
CHEMBL222189,0,0,0,0,0,0,0,1,0,0,0,0,0,0,0,0,0,0,0,0,0,0,0,0,1,1,16,0,1,2,0,0,0,6,2,1,1,2,0,6,0,1,19
CHEMBL222250,0,0,0,0,0,0,0,1,0,0,0,0,0,0,0,0,0,0,0,0,0,0,0,0,1,1,12,0,0,2,0,0,0,6,2,1,1,2,0,6,0,1,15
CHEMBL222260,1,0,0,0,0,0,0,1,0,0,0,0,0,0,0,0,0,0,0,0,0,0,0,0,1,1,12,0,0,2,0,0,0,6,2,1,1,2,0,6,0,1,15
CHEMBL223108,0,0,0,0,0,0,0,1,0,0,0,0,0,0,0,0,0,0,0,0,0,0,0,0,1,1,12,0,0,2,0,0,0,5,2,1,1,3,0,6,0,0,15
CHEMBL223109,0,0,0,0,0,0,0,1,0,0,0,0,0,0,0,0,0,0,0,0,0,0,0,0,1,1,12,0,0,4,0,0,0,6,4,2,2,3,0,7,0,0,16
CHEMBL223161,0,0,0,0,0,0,0,1,0,0,0,0,0,0,0,0,0,0,0,0,0,0,0,0,1,1,16,0,1,2,0,0,0,5,2,1,1,3,0,6,0,0,19
CHEMBL223162,0,0,0,0,0,0,0,1,0,0,0,0,0,0,0,0,0,0,0,0,0,0,0,0,1,1,18,0,0,2,0,0,0,5,2,1,1,3,0,7,0,0,21
CHEMBL223176,0,0,0,0,0,0,0,0,0,1,0,0,0,0,4,0,0,0,0,0,1,1,0,2,0,0,17,2,0,4,0,0,0,6,0,0,0,0,1,4,0,0,17
CHEMBL223368,0,0,0,0,0,0,0,1,0,0,0,0,0,0,0,0,0,0,0,0,0,0,0,0,1,1,18,0,0,2,0,0,0,6,2,1,1,2,0,7,0,1,21
CHEMBL223369,0,0,0,0,0,0,0,2,0,0,0,0,0,0,0,0,0,0,0,0,0,0,0,0,1,1,12,0,0,2,0,0,0,7,2,1,1,3,0,7,0,0,15
CHEMBL223421,2,0,1,0,0,0,0,1,0,0,0,0,0,0,0,0,0,0,0,0,0,0,0,0,1,1,12,0,0,2,0,0,0,5,2,1,1,3,0,7,0,0,16
CHEMBL223452,0,0,1,0,0,0,0,0,0,0,0,0,2,0,0,0,0,0,0,0,0,2,0,2,0,0,18,2,0,0,4,0,0,6,0,0,0,0,0,3,0,0,17
CHEMBL223554,0,0,1,0,0,0,0,0,0,0,0,0,2,0,0,0,0,0,0,0,0,1,0,1,0,0,18,1,0,0,4,0,0,4,0,0,0,0,0,3,0,0,18
CHEMBL223555,0,5,0,0,0,0,0,0,0,0,0,0,1,0,0,0,0,0,0,0,1,2,0,3,0,0,11,3,0,4,2,0,0,6,0,0,0,0,1,2,0,0,11
CHEMBL2235950,0,2,0,0,1,0,0,2,0,1,0,0,0,0,4,0,0,0,0,0,1,1,0,2,0,0,17,2,1,5,0,0,0,10,0,0,0,0,2,7,1,0,19
CHEMBL2235951,0,2,0,0,1,0,0,2,0,1,0,0,0,0,4,0,0,0,0,0,1,1,0,2,0,0,17,2,1,5,0,0,0,10,0,0,0,0,2,7,1,0,19
CHEMBL2235952,0,2,0,0,1,0,0,1,0,1,0,0,0,0,4,0,0,0,0,0,1,1,0,2,0,0,17,2,1,5,0,0,0,8,0,0,0,0,2,6,1,0,19
CHEMBL2235953,0,2,0,0,1,0,0,1,0,1,0,0,0,0,4,0,0,0,0,0,1,1,0,2,0,0,17,2,1,5,0,0,0,8,0,0,0,0,2,6,1,0,19
CHEMBL223607,0,0,0,0,0,0,0,0,0,0,0,0,0,2,2,0,0,0,1,0,1,2,1,4,0,0,15,4,1,3,0,0,0,8,0,0,0,0,1,2,0,0,12
CHEMBL223717,0,2,3,0,0,0,0,1,0,0,0,0,0,0,0,0,0,0,0,0,0,1,0,1,0,0,12,1,3,0,0,0,0,4,0,0,0,0,1,2,0,0,14
CHEMBL223874,0,0,0,0,0,0,0,0,0,0,0,0,0,0,0,0,0,0,0,0,1,1,0,2,0,0,23,2,3,0,0,0,0,5,0,0,0,0,0,2,0,0,23
CHEMBL223929,0,0,0,0,0,0,0,0,0,0,0,1,0,0,1,0,0,0,1,0,1,2,1,4,0,0,15,4,1,2,0,0,0,8,0,0,0,0,1,2,0,0,12
CHEMBL223983,0,0,0,0,0,0,0,1,0,0,0,1,0,0,1,0,0,0,1,0,1,1,1,3,0,0,15,3,1,2,0,0,0,10,0,0,0,0,1,3,0,0,13
CHEMBL224037,0,0,0,0,0,0,0,2,0,0,0,0,0,0,0,0,0,0,0,0,0,0,0,0,1,1,12,0,0,2,0,0,0,8,2,1,1,2,0,7,0,1,15
CHEMBL224060,0,0,0,0,0,0,0,0,0,0,0,0,0,0,0,0,1,0,0,0,2,4,0,6,0,0,20,6,1,0,0,0,0,8,0,0,0,0,2,3,0,0,17
CHEMBL224228,0,0,0,0,0,0,0,0,0,0,0,1,0,0,1,0,0,0,1,0,1,1,1,3,0,0,15,3,1,2,0,0,0,8,0,0,0,0,1,2,0,0,13
CHEMBL224391,2,0,0,0,0,0,0,0,0,0,0,0,1,0,0,0,0,0,0,0,1,1,1,3,0,0,14,3,1,0,2,0,0,8,0,0,0,0,1,2,0,0,12
CHEMBL224462,1,1,0,0,0,0,0,0,0,0,0,0,2,0,0,0,0,0,0,0,1,2,0,3,0,0,17,3,0,0,4,0,0,7,0,0,0,0,0,4,0,0,16
CHEMBL224600,0,0,0,0,0,0,0,0,0,0,0,1,0,0,0,0,0,0,0,0,1,1,1,3,0,0,15,3,1,2,0,0,0,8,0,0,0,0,1,2,0,0,13
CHEMBL224649,0,0,0,0,0,0,0,0,0,0,0,1,0,0,1,0,0,0,1,0,1,1,1,3,0,0,15,3,1,2,0,0,0,8,0,0,0,0,1,2,0,0,13
CHEMBL224665,0,0,0,0,0,0,0,0,0,0,0,0,0,2,2,0,0,0,1,0,1,1,1,3,0,0,21,3,1,5,0,0,0,9,2,1,1,0,1,4,0,0,21
CHEMBL224786,0,0,0,0,0,0,0,0,0,0,0,1,0,0,2,0,0,0,1,0,1,1,1,3,0,0,21,3,1,2,0,0,0,8,0,0,0,0,2,3,0,0,19
CHEMBL224787,0,0,0,0,0,0,0,1,0,0,0,1,0,0,2,0,0,0,1,0,1,1,1,3,0,0,21,3,1,2,0,0,0,10,0,0,0,0,1,4,0,0,19
CHEMBL224789,0,0,0,0,0,0,0,0,0,0,0,0,2,0,0,0,0,0,0,0,1,2,0,3,0,0,17,3,0,0,4,0,0,5,0,0,0,0,1,3,0,0,16
CHEMBL224790,0,0,0,0,0,0,0,0,0,0,0,0,2,0,0,0,0,0,0,0,1,3,0,4,0,0,17,4,0,0,4,0,0,5,0,0,0,0,1,3,0,0,15
CHEMBL22485,0,2,1,0,0,0,0,0,0,1,0,0,0,0,3,1,0,0,0,0,0,1,0,1,0,0,12,1,1,2,0,0,0,4,0,0,0,1,2,2,0,1,13
CHEMBL225053,0,4,0,0,0,0,0,0,0,0,0,0,1,0,0,0,0,0,0,0,1,1,0,2,0,0,11,2,0,0,2,0,0,6,0,0,0,0,0,2,0,0,11
CHEMBL225079,0,0,0,0,0,0,0,0,0,0,0,0,1,2,2,0,0,0,1,0,1,1,1,3,0,0,21,3,1,3,2,0,0,9,0,0,0,0,1,3,0,0,20
CHEMBL225128,2,0,0,0,0,0,0,0,0,0,0,0,1,0,0,0,0,0,0,0,1,1,0,2,0,0,11,2,0,0,2,0,0,6,0,0,0,0,0,2,0,0,11
CHEMBL225178,0,0,0,0,0,0,0,1,0,0,0,1,0,1,1,0,0,0,1,0,1,1,1,3,0,0,15,3,1,2,0,0,0,10,0,0,0,0,1,4,0,0,13
CHEMBL225360,0,0,0,0,0,0,0,0,0,0,0,0,2,0,0,0,0,0,0,0,1,3,0,4,0,0,17,4,0,0,4,0,0,5,0,0,0,0,0,3,0,0,15
CHEMBL225378,0,0,0,0,0,0,0,0,0,0,0,0,2,0,0,0,0,0,0,0,1,1,0,2,0,0,17,2,0,0,4,0,0,7,0,0,0,0,0,3,0,0,17
CHEMBL225447,0,0,0,0,0,0,0,0,0,0,0,0,0,0,0,0,0,0,0,0,1,1,0,2,0,0,17,2,3,0,0,0,0,5,0,0,0,0,1,1,0,0,17
CHEMBL225472,0,0,0,0,0,0,0,1,0,0,0,1,0,0,2,0,0,0,1,0,1,1,1,3,0,0,15,3,1,2,0,0,0,10,0,0,0,0,2,3,0,0,13
CHEMBL225497,0,2,3,0,0,0,0,1,0,0,0,0,0,0,0,0,0,0,0,0,0,1,0,1,0,0,12,1,3,0,0,0,0,4,0,0,0,0,1,2,0,0,14
CHEMBL225499,0,0,0,0,0,0,0,1,0,0,0,1,0,0,2,0,0,0,1,0,1,1,1,3,0,0,21,3,1,2,0,0,0,10,0,0,0,0,2,5,0,0,19
CHEMBL225550,0,0,0,0,0,0,0,0,0,0,0,0,2,0,0,0,0,0,0,0,1,2,0,3,0,0,17,3,0,0,4,0,0,7,0,0,0,0,0,3,0,0,16
CHEMBL226736,0,0,0,0,0,0,0,1,0,0,0,0,1,0,0,0,0,0,0,0,1,2,0,3,0,0,17,3,0,0,2,0,0,10,0,0,0,3,0,7,0,0,17
CHEMBL226737,0,0,0,0,0,0,0,0,0,0,0,0,2,0,0,0,0,0,0,0,1,2,0,3,0,0,17,3,0,0,4,0,0,9,0,0,0,3,0,6,0,0,17
CHEMBL226738,0,0,0,0,0,0,0,0,0,0,0,0,1,0,0,1,0,1,0,0,1,2,0,3,0,0,17,3,0,0,2,0,0,8,0,0,0,0,0,4,0,0,16
CHEMBL226789,0,0,0,0,0,0,0,0,0,0,0,0,1,0,0,1,1,0,0,0,1,2,0,3,0,0,17,3,0,0,2,0,0,8,0,0,0,0,0,4,0,0,16
CHEMBL226790,0,0,0,0,0,0,0,0,0,0,0,0,1,0,0,1,0,0,0,0,1,2,0,3,0,0,17,3,0,0,2,0,0,8,0,0,0,0,0,4,0,0,16
CHEMBL226791,0,0,0,0,0,0,0,1,0,0,0,0,1,0,0,1,0,0,0,0,1,2,0,3,0,0,17,3,0,0,2,0,0,10,0,0,0,0,0,5,0,0,16
CHEMBL226841,0,0,0,0,0,0,0,0,0,0,0,0,2,0,0,1,0,0,0,0,1,2,0,3,0,0,17,3,0,0,4,0,0,9,0,0,0,0,0,4,0,0,16
CHEMBL226842,0,0,0,0,0,0,0,0,0,0,0,0,1,0,0,1,0,0,0,0,1,2,0,3,0,0,17,3,0,0,2,0,0,8,0,0,0,0,0,5,0,0,17
CHEMBL226843,0,0,0,0,0,0,0,0,0,0,0,0,1,0,0,1,2,0,0,0,1,2,0,3,0,0,17,3,0,0,2,0,0,8,0,0,0,0,0,4,0,0,16
CHEMBL226891,0,0,0,0,0,0,0,0,0,0,0,0,1,0,0,1,0,4,0,0,1,2,0,3,0,0,17,3,0,0,2,0,0,8,0,0,0,0,0,4,0,0,16
CHEMBL226892,0,0,0,0,0,0,0,0,0,0,0,0,1,0,0,0,0,1,0,0,1,2,0,3,0,0,17,3,0,0,2,0,0,8,0,0,0,3,0,6,0,0,17
CHEMBL226893,0,0,0,0,0,0,0,0,0,0,0,0,1,0,0,0,0,0,0,0,1,2,0,3,0,0,17,3,0,0,2,0,0,8,0,0,0,3,0,6,0,0,17
CHEMBL226945,0,0,0,0,0,0,0,1,0,0,0,0,1,0,0,0,0,0,0,0,1,2,0,3,0,0,17,3,0,0,2,0,0,10,0,0,0,3,0,7,0,0,17
CHEMBL226946,0,0,0,0,0,0,0,0,0,0,0,0,1,0,0,1,1,0,0,0,1,2,0,3,0,0,17,3,0,0,2,0,0,8,0,0,0,0,0,4,0,0,16
CHEMBL226947,0,0,0,0,0,0,0,0,0,0,0,0,1,0,0,1,0,0,0,0,1,2,0,3,0,0,17,3,0,0,2,0,0,8,0,0,0,0,0,4,0,0,16
CHEMBL226999,0,0,0,0,0,0,0,0,0,0,0,0,1,0,0,1,0,0,0,0,1,2,0,3,0,0,17,3,0,0,2,0,0,8,0,0,0,0,0,5,0,0,17
CHEMBL227113,3,2,0,1,1,1,1,0,0,0,0,1,0,0,2,0,0,0,0,0,0,0,0,0,0,0,0,1,1,1,0,0,0,4,0,0,0,1,0,0,1,0,6
CHEMBL2282047,2,8,3,2,2,0,0,1,0,2,0,0,0,0,3,0,0,0,0,0,1,1,0,2,0,0,11,2,5,4,0,0,0,9,0,0,0,1,2,6,2,1,21
CHEMBL2282050,2,8,3,2,2,0,0,1,0,2,0,0,0,0,3,0,0,0,0,0,1,1,0,2,0,0,11,2,5,4,0,0,0,9,0,0,0,1,2,6,2,1,21
CHEMBL2282053,2,8,3,2,2,2,2,1,0,0,0,0,0,0,0,0,0,0,0,0,1,1,0,2,0,0,11,2,5,2,0,0,0,9,0,0,0,0,1,6,0,0,21
CHEMBL228985,2,1,0,0,1,0,0,3,0,1,0,0,0,1,2,0,0,0,0,0,0,0,0,0,0,0,12,1,1,2,0,0,0,7,0,0,0,1,0,5,0,1,16
CHEMBL229094,2,2,0,0,1,1,1,2,0,1,0,0,0,1,2,1,0,0,0,0,0,0,0,0,0,0,12,0,0,2,0,0,0,7,0,0,0,1,1,8,0,1,16
CHEMBL229633,2,1,0,0,2,0,0,2,0,1,0,0,0,1,3,1,0,0,0,0,0,0,0,0,0,0,12,0,0,5,0,1,1,6,0,0,0,1,1,7,1,0,17
CHEMBL229635,2,2,0,0,1,0,0,3,0,1,0,0,0,1,2,0,0,0,0,0,0,0,0,0,0,0,12,1,1,2,0,0,0,7,0,0,0,1,0,5,0,1,16
CHEMBL229789,2,2,0,0,1,0,0,2,0,1,0,0,0,1,2,1,0,0,0,0,0,0,0,0,0,0,12,1,1,2,0,0,0,6,0,0,0,1,0,4,0,1,16
CHEMBL229790,2,2,0,0,1,0,0,2,0,1,0,0,0,1,2,0,0,0,0,0,0,0,0,0,0,0,12,1,1,2,0,0,0,9,0,0,0,1,0,7,0,1,16
CHEMBL229841,2,1,0,0,2,0,0,1,0,1,0,0,0,1,3,2,0,0,0,0,0,0,0,0,0,0,12,0,0,5,0,1,1,5,0,0,0,1,1,6,1,0,17
CHEMBL229861,2,2,0,0,0,1,1,0,0,0,0,0,1,0,0,0,1,0,0,0,0,0,0,0,0,0,6,2,1,0,2,0,0,9,0,0,0,0,0,2,0,0,12
CHEMBL229885,2,1,0,0,2,0,0,0,0,1,0,0,0,1,3,3,0,0,0,0,0,0,0,0,0,0,12,0,0,5,0,1,1,4,0,0,0,1,1,5,1,0,17
CHEMBL229893,2,1,0,0,2,0,0,1,0,1,0,0,0,1,3,1,0,0,0,0,0,0,0,0,0,0,12,0,0,5,0,1,1,8,0,0,0,1,1,9,1,0,17
CHEMBL229905,2,1,0,0,2,0,0,1,0,1,0,0,0,1,3,1,0,0,0,0,0,0,0,0,0,0,12,0,0,5,0,1,1,4,0,0,0,1,1,6,1,0,17
CHEMBL229906,2,2,0,0,1,0,0,2,0,1,0,0,0,1,2,0,0,0,0,0,0,0,0,0,0,0,12,1,1,2,0,0,0,5,0,0,0,1,0,4,0,1,16
CHEMBL229907,0,0,0,0,1,0,0,2,0,1,0,0,0,1,3,1,0,0,0,0,0,0,0,0,0,0,12,0,0,5,0,1,1,6,0,0,0,1,1,5,1,0,15
CHEMBL229908,0,1,0,0,0,0,0,3,0,1,0,0,0,1,2,0,0,0,0,0,0,0,0,0,0,0,12,1,1,2,0,0,0,7,0,0,0,1,0,3,0,1,14
CHEMBL2299368,0,0,0,0,0,0,0,0,0,0,0,0,0,0,0,0,0,0,0,0,0,0,0,0,0,0,18,0,0,4,0,0,0,12,4,2,2,6,0,12,0,0,26
CHEMBL2299369,0,0,0,0,0,0,0,0,0,0,0,0,0,0,0,0,2,0,0,0,0,0,0,0,0,0,18,0,0,0,0,0,0,10,0,0,0,6,0,10,0,0,24
CHEMBL229944,2,1,0,0,2,0,0,0,0,1,0,0,0,1,3,1,0,0,0,0,0,0,0,0,0,0,12,0,0,5,0,1,1,10,0,0,0,1,1,11,1,0,17
CHEMBL229945,2,2,0,0,1,0,0,1,0,1,0,0,0,1,2,0,0,0,0,0,0,0,0,0,0,0,12,1,1,2,0,0,0,11,0,0,0,1,0,9,0,1,16
CHEMBL23097,0,4,1,0,0,0,0,1,0,0,0,0,0,0,0,0,0,0,0,0,0,1,0,1,0,0,12,1,1,0,0,0,0,4,0,0,0,0,1,3,0,0,12
CHEMBL2311169,2,9,3,2,1,0,0,0,0,1,0,0,0,0,0,0,0,0,0,0,0,0,0,0,0,0,0,0,5,0,0,0,0,1,0,0,0,1,0,0,0,1,8
CHEMBL2311169,2,9,3,2,1,0,0,0,0,1,0,0,0,0,0,0,0,0,0,0,0,0,0,0,0,0,0,0,5,0,0,0,0,1,0,0,0,1,0,0,0,1,8
CHEMBL2311178,2,4,3,2,3,0,0,0,0,2,0,0,0,0,3,0,0,0,0,0,0,0,0,0,0,0,0,0,5,3,0,2,2,2,0,0,0,2,1,0,2,1,13
CHEMBL2311178,2,4,3,2,3,0,0,0,0,2,0,0,0,0,3,0,0,0,0,0,0,0,0,0,0,0,0,0,5,3,0,2,2,2,0,0,0,2,1,0,2,1,13
CHEMBL2311553,0,4,0,0,0,0,0,0,0,0,0,1,0,0,0,0,0,0,0,0,0,1,0,1,0,0,12,2,3,0,0,0,0,6,0,0,0,1,1,2,0,1,13
CHEMBL2312948,0,3,0,0,0,1,1,0,0,0,0,1,0,0,0,0,0,0,0,0,0,1,0,1,0,0,12,2,3,0,0,0,0,7,0,0,0,1,1,2,0,1,14
CHEMBL2312949,0,3,0,0,1,0,0,0,0,0,0,1,0,0,0,0,0,0,0,0,0,1,0,1,0,0,12,2,3,4,0,0,0,6,0,0,0,1,0,2,0,1,14
CHEMBL2312950,1,3,1,0,0,0,0,0,0,0,0,1,0,0,0,0,0,0,0,0,0,1,0,1,0,0,12,2,3,0,0,0,0,6,0,0,0,1,1,2,0,1,14
CHEMBL2312951,2,3,2,0,0,0,0,0,0,0,0,1,0,0,0,0,0,0,0,0,0,1,0,1,0,0,12,2,3,0,0,0,0,6,0,0,0,1,1,3,0,1,15
CHEMBL2312952,0,8,2,0,0,0,0,0,0,0,0,1,0,0,0,0,0,0,0,0,0,1,0,1,0,0,12,2,3,0,0,0,0,6,0,0,0,1,1,3,0,1,15
CHEMBL2312953,0,3,0,0,0,1,0,0,0,0,0,1,0,0,0,0,0,0,0,0,0,1,0,1,0,0,18,2,3,0,0,0,0,7,0,0,0,1,0,3,0,1,20
CHEMBL2312954,0,3,1,0,0,0,0,0,0,0,0,1,0,0,0,0,0,0,0,0,0,1,0,1,0,0,18,2,3,0,0,0,0,6,0,0,0,1,1,3,0,1,20
CHEMBL2312955,0,3,1,0,0,0,0,1,0,0,0,1,0,0,0,0,0,0,0,0,0,1,0,1,0,0,18,2,3,0,0,0,0,8,0,0,0,1,1,4,0,1,20
CHEMBL2312956,0,3,1,0,0,0,0,1,0,0,0,1,0,0,0,0,0,0,0,0,0,1,0,1,0,0,18,2,3,0,0,0,0,8,0,0,0,1,1,4,0,1,20
CHEMBL2312957,0,3,1,0,0,0,0,1,0,0,0,1,0,0,0,0,0,0,0,0,0,1,0,1,0,0,18,2,3,0,0,0,0,8,0,0,0,1,1,4,0,1,20
CHEMBL2312958,0,3,1,0,0,0,0,0,0,0,0,1,0,0,0,0,0,1,0,0,0,1,0,1,0,0,18,2,3,0,0,0,0,6,0,0,0,1,1,3,0,1,20
CHEMBL2312959,0,3,1,0,0,0,0,0,0,0,0,1,0,0,0,0,0,1,0,0,0,1,0,1,0,0,18,2,3,0,0,0,0,6,0,0,0,1,1,3,0,1,20
CHEMBL2312960,0,3,1,0,0,0,0,0,0,0,0,1,0,0,0,0,1,0,0,0,0,1,0,1,0,0,18,2,3,0,0,0,0,6,0,0,0,1,1,3,0,1,20
CHEMBL2312961,0,3,1,0,0,0,0,0,0,0,0,1,0,0,0,0,1,0,0,0,0,1,0,1,0,0,18,2,3,0,0,0,0,6,0,0,0,1,1,3,0,1,20
CHEMBL2312962,1,3,1,0,0,0,0,0,0,0,0,1,0,0,0,0,0,0,0,0,0,1,0,1,0,0,18,2,3,0,0,0,0,6,0,0,0,1,1,3,0,1,20
CHEMBL2312963,0,3,1,0,0,0,0,0,0,0,0,1,0,0,0,0,0,0,0,0,0,1,0,1,0,0,18,2,3,0,0,0,0,6,0,0,0,1,1,5,0,1,22
CHEMBL2312964,0,3,0,0,0,1,1,0,0,0,0,1,0,0,0,0,0,0,0,0,0,1,0,1,0,0,12,2,3,0,0,0,0,7,0,0,0,1,0,2,0,1,14
CHEMBL2312965,0,4,0,0,0,0,0,0,0,0,0,1,0,0,0,0,0,0,0,0,0,1,0,1,0,0,12,2,3,0,0,0,0,6,0,0,0,1,0,2,0,1,13
CHEMBL2312966,0,3,0,0,1,0,0,0,0,0,0,1,0,0,0,0,0,0,0,0,0,1,0,1,0,0,12,2,3,4,0,0,0,6,0,0,0,1,0,2,0,1,14
CHEMBL2312967,1,3,1,0,0,0,0,0,0,0,0,1,0,0,0,0,0,0,0,0,0,1,0,1,0,0,12,2,3,0,0,0,0,6,0,0,0,1,0,2,0,1,14
CHEMBL2312968,0,3,1,0,0,0,0,0,0,0,0,1,0,0,0,0,0,0,0,0,0,1,0,1,0,0,18,2,3,0,0,0,0,6,0,0,0,1,0,3,0,1,20
CHEMBL2312969,0,3,1,0,0,0,0,1,0,0,0,1,0,0,0,0,0,0,0,0,0,1,0,1,0,0,18,2,3,0,0,0,0,8,0,0,0,1,0,4,0,1,20
CHEMBL2312970,1,3,1,0,0,0,0,0,0,0,0,1,0,0,0,0,0,0,0,0,0,1,0,1,0,0,18,2,3,0,0,0,0,6,0,0,0,1,0,3,0,1,20
CHEMBL2312971,0,3,1,0,0,0,0,0,0,0,0,1,0,0,0,0,1,0,0,0,0,1,0,1,0,0,18,2,3,0,0,0,0,6,0,0,0,1,0,3,0,1,20
CHEMBL2312972,0,3,1,0,0,0,0,0,0,0,0,1,0,0,0,0,0,1,0,0,0,1,0,1,0,0,18,2,3,0,0,0,0,6,0,0,0,1,0,3,0,1,20
CHEMBL23148,0,4,1,0,0,0,0,1,0,0,0,0,0,0,0,0,0,0,0,0,0,1,0,1,0,0,12,1,1,0,0,0,0,4,0,0,0,0,1,3,0,0,12
CHEMBL23150,0,1,0,0,1,0,0,0,0,1,0,0,0,0,4,0,0,0,0,0,0,1,0,1,0,0,12,1,1,5,0,0,0,3,0,0,0,0,2,1,1,0,14
CHEMBL231936,0,0,0,0,1,0,0,2,0,0,0,0,0,0,0,1,0,0,0,0,0,0,0,0,0,0,12,0,0,4,0,1,1,5,0,0,0,0,0,4,0,0,14
CHEMBL2331699,1,2,0,0,0,0,0,0,0,0,0,0,0,0,0,0,0,2,0,0,1,3,0,4,0,0,17,4,3,0,0,0,0,7,0,0,0,0,2,1,0,0,14
CHEMBL2331704,3,2,0,0,0,0,0,0,0,0,0,0,0,0,0,0,0,0,0,0,1,3,0,4,0,0,17,4,3,0,0,0,0,9,0,0,0,0,2,3,0,0,15
CHEMBL2333326,0,0,0,0,0,0,0,0,0,0,0,0,0,2,5,0,1,0,1,0,1,1,1,3,0,0,19,3,2,4,0,0,0,8,0,0,0,0,2,2,0,0,17
CHEMBL2333327,0,0,0,0,0,0,0,0,0,0,0,0,0,2,5,0,0,0,1,0,1,1,1,3,0,0,19,3,2,4,0,0,0,8,0,0,0,0,2,2,0,0,17
CHEMBL2333328,0,0,0,0,0,0,0,0,0,0,0,0,0,2,5,0,0,0,1,0,1,1,1,3,0,0,25,3,2,4,0,0,0,8,0,0,0,0,2,3,0,0,23
CHEMBL2333329,0,0,0,0,0,0,0,1,0,0,0,0,0,2,5,0,0,0,1,0,1,1,1,3,0,0,19,3,2,4,0,0,0,10,0,0,0,0,2,3,0,0,17
CHEMBL2333330,1,0,0,0,0,0,0,1,0,0,0,0,0,2,5,0,0,0,1,0,1,1,1,3,0,0,19,3,2,4,0,0,0,10,0,0,0,0,2,4,0,0,17
CHEMBL2333331,2,0,0,0,0,0,0,1,0,0,0,0,0,2,5,0,0,0,1,0,1,1,1,3,0,0,19,3,2,4,0,0,0,10,0,0,0,0,2,4,0,0,18
CHEMBL2333332,2,1,1,0,0,0,0,1,0,0,0,0,0,2,5,0,0,0,1,0,1,1,1,3,0,0,19,3,2,4,0,0,0,10,0,0,0,0,2,6,0,0,18
CHEMBL2333333,2,1,0,0,0,0,0,1,0,0,0,0,0,2,5,0,0,0,1,0,1,1,1,3,0,0,19,3,2,4,0,0,0,10,0,0,0,0,2,5,0,0,18
CHEMBL2333334,0,1,1,0,0,0,0,1,0,0,0,0,0,2,5,0,0,0,1,0,1,1,1,3,0,0,19,3,2,4,0,0,0,10,0,0,0,0,2,5,0,0,18
CHEMBL2333335,0,4,0,0,0,0,0,1,0,0,0,0,0,2,5,0,0,0,1,0,1,1,1,3,0,0,19,3,2,4,0,0,0,10,0,0,0,0,2,4,0,0,18
CHEMBL2333336,0,0,0,0,0,0,0,0,0,0,0,0,0,2,5,1,0,0,1,0,1,1,1,3,0,0,19,3,2,4,0,0,0,9,0,0,0,0,2,2,0,0,17
CHEMBL2333337,0,0,0,0,0,0,0,0,1,0,0,0,0,2,5,0,0,0,1,0,1,1,1,3,0,0,19,3,2,4,0,0,0,9,0,0,0,0,2,2,0,0,17
CHEMBL23334,0,1,0,0,1,0,0,1,0,1,0,0,0,0,4,0,0,0,0,0,0,1,0,1,0,0,12,1,1,5,0,0,0,5,0,0,0,0,2,2,1,0,14
CHEMBL23364,0,4,1,0,0,0,0,0,0,0,0,0,0,0,0,1,0,0,0,0,0,1,0,1,0,0,12,1,1,0,0,0,0,3,0,0,0,0,1,2,0,0,12
CHEMBL23365,0,4,1,0,0,0,0,1,0,0,0,0,0,0,0,0,0,0,0,0,0,1,0,1,0,0,12,1,1,0,0,0,0,4,0,0,0,0,1,3,0,0,12
CHEMBL2336847,0,0,0,0,0,0,0,1,0,0,0,0,0,0,0,0,0,0,0,0,2,1,0,3,0,0,20,3,1,0,0,0,0,10,0,0,0,0,1,4,0,0,19
CHEMBL2336848,0,0,0,0,0,0,0,1,0,0,0,0,0,0,0,0,0,1,0,0,2,1,0,3,0,0,20,3,1,0,0,0,0,10,0,0,0,0,1,4,0,0,19
CHEMBL2336849,0,0,0,0,0,0,0,1,0,0,0,0,0,0,0,0,0,0,0,0,2,1,0,3,0,0,20,3,1,0,0,0,0,10,0,0,0,0,1,5,0,0,20
CHEMBL2336850,0,0,0,0,0,0,0,1,0,0,0,0,1,0,0,0,0,0,0,0,2,1,0,3,0,0,20,3,1,0,2,0,0,11,0,0,0,0,1,4,0,0,19
CHEMBL2336851,1,0,0,0,0,0,0,1,0,0,0,0,0,0,0,0,0,0,0,0,2,1,0,3,0,0,20,3,1,0,0,0,0,10,0,0,0,0,1,4,0,0,19
CHEMBL2336852,0,0,0,0,0,0,0,2,0,0,0,0,0,0,0,0,0,0,0,0,2,1,0,3,0,0,20,3,1,0,0,0,0,12,0,0,0,0,1,5,0,0,19
CHEMBL2336853,0,0,0,0,0,0,0,1,0,0,0,0,0,0,0,0,1,0,0,0,2,1,0,3,0,0,20,3,1,0,0,0,0,10,0,0,0,0,1,4,0,0,19
CHEMBL2336854,1,0,0,0,0,0,0,0,0,0,0,0,0,0,0,0,1,0,0,0,2,1,0,3,0,0,20,3,1,0,0,0,0,8,0,0,0,0,1,3,0,0,19
CHEMBL2336855,0,0,0,0,0,0,0,0,0,0,0,0,0,0,0,0,2,0,0,0,2,1,0,3,0,0,20,3,1,0,0,0,0,8,0,0,0,0,1,3,0,0,19
CHEMBL2336856,0,0,0,0,0,0,0,0,0,0,0,0,0,0,0,0,0,1,0,0,2,1,0,3,0,0,20,3,1,0,0,0,0,8,0,0,0,0,1,3,0,0,19
CHEMBL2336857,1,0,0,0,0,0,0,0,0,0,0,0,0,0,0,0,0,0,0,0,2,1,0,3,0,0,20,3,1,0,0,0,0,8,0,0,0,0,1,3,0,0,19
CHEMBL2336858,0,0,0,0,0,0,0,1,0,0,0,0,0,0,0,0,0,0,0,0,2,1,0,3,0,0,20,3,1,0,0,0,0,10,0,0,0,0,1,4,0,0,19
CHEMBL2336859,0,0,0,0,0,0,0,0,0,0,0,0,0,0,0,0,0,0,0,0,2,1,0,3,0,0,20,3,1,0,0,0,0,8,0,0,0,0,1,4,0,0,20
CHEMBL2336860,0,0,0,0,0,0,0,0,0,0,0,0,0,0,0,0,0,0,0,0,2,1,0,3,0,0,20,3,1,0,0,0,0,8,0,0,0,0,1,3,0,0,19
CHEMBL2336861,1,0,0,0,0,0,0,0,0,0,0,0,0,0,0,0,0,0,0,0,2,1,0,3,0,0,20,3,1,0,0,0,0,8,0,0,0,0,1,3,0,0,19
CHEMBL2336862,2,0,0,0,0,0,0,0,0,0,0,0,0,0,0,0,0,0,0,0,2,1,0,3,0,0,20,3,1,0,0,0,0,8,0,0,0,0,1,3,0,0,19
CHEMBL2336863,1,0,0,0,0,0,0,1,0,0,0,0,0,0,0,0,0,0,0,0,2,1,0,3,0,0,20,3,1,0,0,0,0,10,0,0,0,0,1,4,0,0,19
CHEMBL2336864,1,0,0,0,0,0,0,0,0,0,0,0,0,0,0,0,0,1,0,0,2,1,0,3,0,0,20,3,1,0,0,0,0,8,0,0,0,0,1,3,0,0,19
CHEMBL2336865,1,0,0,0,0,0,0,0,0,0,0,0,1,0,0,0,0,0,0,0,2,1,0,3,0,0,20,3,1,0,2,0,0,9,0,0,0,0,1,3,0,0,19
CHEMBL23394,0,4,1,0,0,0,0,0,0,0,0,0,0,0,0,1,0,0,0,0,0,1,0,1,0,0,12,1,1,0,0,0,0,3,0,0,0,0,1,2,0,0,12
CHEMBL23484,0,2,1,0,0,0,0,0,0,1,0,0,0,0,3,0,0,0,0,0,0,1,0,1,0,0,12,1,1,2,0,0,0,3,0,0,0,1,2,2,0,1,13
CHEMBL23485,0,3,1,0,0,0,0,0,0,0,0,0,0,0,0,1,0,0,0,0,0,1,0,1,0,0,12,1,1,0,0,0,0,3,0,0,0,0,1,2,0,0,12
CHEMBL23646,0,3,1,0,0,0,0,1,0,0,0,0,0,0,0,0,0,0,0,0,0,1,0,1,0,0,12,1,1,0,0,0,0,4,0,0,0,0,1,3,0,0,12
CHEMBL2386284,1,1,0,0,1,0,0,1,1,0,0,0,0,0,0,1,0,0,0,0,0,0,0,0,0,0,18,0,0,6,0,0,0,4,0,0,0,0,0,7,0,0,20
CHEMBL2386284,1,1,0,0,1,0,0,1,1,0,0,0,0,0,0,1,0,0,0,0,0,0,0,0,0,0,18,0,0,6,0,0,0,4,0,0,0,0,0,7,0,0,20
CHEMBL2386285,1,1,0,0,1,0,0,1,1,0,0,0,0,0,0,1,0,0,0,0,0,0,0,0,0,0,18,0,0,6,0,0,0,4,0,0,0,0,0,7,0,0,20
CHEMBL2386285,1,1,0,0,1,0,0,1,1,0,0,0,0,0,0,1,0,0,0,0,0,0,0,0,0,0,18,0,0,6,0,0,0,4,0,0,0,0,0,7,0,0,20
CHEMBL2386286,1,1,0,0,1,0,0,1,0,0,0,1,0,0,0,1,0,0,0,0,0,0,0,0,0,0,18,0,0,6,0,0,0,5,0,0,0,2,0,7,0,0,21
CHEMBL2386286,1,1,0,0,1,0,0,1,0,0,0,1,0,0,0,1,0,0,0,0,0,0,0,0,0,0,18,0,0,6,0,0,0,5,0,0,0,2,0,7,0,0,21
CHEMBL2386287,4,1,0,1,1,0,0,0,0,0,1,1,0,0,0,1,0,0,0,0,0,0,0,0,0,0,18,0,0,6,0,0,0,4,0,0,0,0,0,7,0,0,22
CHEMBL2386288,4,1,0,1,1,0,0,1,0,0,1,2,0,0,0,0,0,0,0,0,0,0,0,0,0,0,18,0,0,6,0,0,0,7,0,0,0,2,0,10,0,0,23
CHEMBL24014,0,3,1,0,0,0,0,0,0,0,0,0,0,0,0,1,0,0,0,0,0,1,0,1,0,0,12,1,1,0,0,0,0,3,0,0,0,0,1,2,0,0,12
CHEMBL24021,3,8,4,2,1,0,0,0,0,2,0,0,0,0,2,0,0,0,0,0,0,0,0,0,0,0,0,0,5,1,0,0,0,2,0,0,0,2,1,1,1,2,10
CHEMBL24021,3,8,4,2,1,0,0,0,0,2,0,0,0,0,2,0,0,0,0,0,0,0,0,0,0,0,0,0,5,1,0,0,0,2,0,0,0,2,1,1,1,2,10
CHEMBL24037,3,10,4,2,1,0,0,0,0,2,0,0,0,0,2,0,0,0,0,0,0,0,0,0,0,0,0,0,5,1,0,0,0,2,0,0,0,2,1,3,1,2,10
CHEMBL24037,3,10,4,2,1,0,0,0,0,2,0,0,0,0,2,0,0,0,0,0,0,0,0,0,0,0,0,0,5,1,0,0,0,2,0,0,0,2,1,3,1,2,10
CHEMBL24115,0,3,1,0,0,0,0,1,0,0,0,0,0,0,0,0,0,0,0,0,0,1,0,1,0,0,12,1,1,0,0,0,0,4,0,0,0,0,1,3,0,0,12
CHEMBL2417553,1,1,0,0,0,0,0,0,0,0,0,0,0,0,0,0,0,0,0,0,0,2,0,2,0,0,18,2,0,0,0,0,0,4,0,0,0,0,0,3,0,0,16
CHEMBL241993,2,6,3,1,0,1,1,0,0,0,0,0,0,0,0,1,0,0,0,0,0,0,0,0,0,0,6,0,5,0,0,0,0,2,0,0,0,0,0,0,0,0,11
CHEMBL2420674,0,0,0,0,0,0,0,0,0,0,0,0,0,0,0,1,1,0,0,0,0,1,0,1,0,0,16,1,1,0,0,0,0,3,0,0,0,0,0,1,0,0,15
CHEMBL2420675,0,0,0,0,0,0,0,1,0,0,0,0,0,0,0,0,0,1,0,0,0,1,0,1,0,0,16,1,1,0,0,0,0,4,0,0,0,0,0,2,0,0,15
CHEMBL2420676,0,0,0,0,0,0,0,0,0,0,0,0,0,0,0,1,0,1,0,0,0,1,0,1,0,0,16,1,1,0,0,0,0,3,0,0,0,0,0,1,0,0,15
CHEMBL2420677,0,0,0,0,0,0,0,1,0,0,0,0,0,0,0,0,1,1,0,0,0,1,0,1,0,0,16,1,1,0,0,0,0,4,0,0,0,0,0,2,0,0,15
CHEMBL2420678,0,0,0,0,0,0,0,0,0,0,0,0,0,0,0,1,1,1,0,0,0,1,0,1,0,0,16,1,1,0,0,0,0,3,0,0,0,0,0,1,0,0,15
CHEMBL2420679,0,0,0,0,0,0,0,1,0,0,0,0,0,0,0,0,1,1,0,0,0,1,0,1,0,0,16,1,1,0,0,0,0,4,0,0,0,0,0,2,0,0,15
CHEMBL2420680,0,0,0,0,0,0,0,0,0,0,0,0,0,0,0,1,1,1,0,0,0,1,0,1,0,0,16,1,1,0,0,0,0,3,0,0,0,0,0,1,0,0,15
CHEMBL2420681,0,0,0,0,0,0,0,2,0,0,0,0,0,0,0,0,1,0,0,0,0,1,0,1,0,0,16,1,1,0,0,0,0,6,0,0,0,0,0,3,0,0,15
CHEMBL2420682,0,0,0,0,0,0,0,1,0,0,0,0,0,0,0,1,1,0,0,0,0,1,0,1,0,0,16,1,1,0,0,0,0,5,0,0,0,0,0,2,0,0,15
CHEMBL2420683,0,0,0,0,0,0,0,1,0,0,0,0,0,0,0,1,1,0,0,0,0,1,0,1,0,0,16,1,1,0,0,0,0,5,0,0,0,0,0,2,0,0,15
CHEMBL2420684,0,0,0,0,0,0,0,0,0,0,0,0,0,0,0,2,1,0,0,0,0,1,0,1,0,0,16,1,1,0,0,0,0,4,0,0,0,0,0,1,0,0,15
CHEMBL2420685,0,0,0,0,0,0,0,1,0,0,0,0,0,0,0,0,1,0,0,0,0,2,0,2,0,0,16,2,1,0,0,0,0,6,0,0,0,0,0,2,0,0,14
CHEMBL2420686,0,0,0,0,0,0,0,0,0,0,0,0,0,0,0,1,1,0,0,0,0,2,0,2,0,0,16,2,1,0,0,0,0,5,0,0,0,0,0,1,0,0,14
CHEMBL2420687,0,0,0,0,0,0,0,1,0,0,0,0,0,0,0,0,1,0,0,0,0,1,0,1,0,0,20,1,2,0,0,0,0,4,0,0,0,0,0,2,0,0,19
CHEMBL2420688,0,0,0,0,0,0,0,0,0,0,0,0,0,0,0,1,1,0,0,0,0,1,0,1,0,0,20,1,2,0,0,0,0,3,0,0,0,0,0,1,0,0,19
CHEMBL24233,0,4,1,0,0,0,0,0,0,0,0,0,0,0,0,0,0,0,0,0,0,1,0,1,0,0,12,1,1,0,0,0,0,2,0,0,0,0,1,2,0,0,12
CHEMBL242454,0,0,0,0,0,0,0,0,0,1,0,0,0,0,5,0,0,0,0,0,1,1,0,2,0,0,17,2,0,4,0,0,0,6,0,0,0,0,2,4,0,0,17
CHEMBL24279,0,2,1,0,0,0,0,0,0,1,0,0,0,0,3,1,0,0,0,0,0,1,0,1,0,0,12,1,1,2,0,0,0,4,0,0,0,1,2,2,0,1,13
CHEMBL2430098,0,0,0,0,0,0,0,0,0,0,0,0,0,0,0,0,0,0,0,0,1,1,1,3,0,0,14,3,1,0,0,0,0,7,0,0,0,0,1,2,0,0,12
CHEMBL2430196,0,0,0,0,0,0,0,0,0,0,0,0,0,0,0,2,0,0,0,0,1,1,0,3,0,0,14,3,1,0,0,0,0,9,0,0,0,0,2,1,0,0,12
CHEMBL2430197,1,0,0,0,0,0,0,0,0,0,0,0,0,0,0,3,0,0,0,0,1,1,0,3,0,0,14,3,1,0,0,0,0,10,0,0,0,0,2,1,0,0,12
CHEMBL2430497,0,1,0,0,0,0,0,1,0,0,0,1,0,0,1,0,0,0,1,0,1,2,1,4,1,1,27,4,1,6,0,0,0,10,0,0,0,3,1,9,0,0,26
CHEMBL2430498,0,1,0,0,0,0,0,1,0,0,0,1,0,1,1,0,0,0,1,0,1,2,1,4,1,1,27,4,1,6,0,0,0,10,0,0,0,3,1,9,0,0,26
CHEMBL2430499,0,1,0,0,0,0,0,2,0,0,0,0,0,0,0,0,0,0,0,0,1,2,0,3,1,1,23,3,0,4,0,0,0,9,0,0,0,3,0,9,0,0,23
CHEMBL2430501,0,1,0,0,0,0,0,3,0,0,0,0,0,0,0,0,0,0,0,0,1,2,0,3,1,1,23,3,0,6,0,0,0,12,2,1,1,3,1,12,0,0,24
CHEMBL2430505,0,1,0,0,0,0,0,0,0,0,0,0,0,0,0,0,0,0,0,0,1,2,0,3,1,1,23,3,0,4,0,0,0,5,0,0,0,3,0,7,0,0,23
CHEMBL2430506,0,1,0,0,0,0,0,1,0,0,0,0,0,0,0,0,0,0,0,0,1,2,0,3,1,1,23,3,0,4,0,0,0,7,0,0,0,3,1,9,0,0,23
CHEMBL2430507,0,1,0,0,0,0,0,1,0,0,0,0,0,0,0,0,0,0,0,0,1,2,0,3,1,1,27,3,1,4,0,0,0,7,0,0,0,3,1,9,0,0,27
CHEMBL2430508,0,1,0,0,0,0,0,1,0,0,0,0,0,0,0,0,0,0,0,0,1,2,0,3,1,1,27,3,1,4,0,0,0,7,0,0,0,3,1,9,0,0,27
CHEMBL2430509,1,1,0,0,0,0,0,1,0,0,0,0,0,0,0,0,0,0,0,0,1,2,0,3,1,1,23,3,0,4,0,0,0,7,0,0,0,3,1,9,0,0,23
CHEMBL2430510,0,1,0,0,0,0,0,1,0,0,0,0,0,0,2,0,0,0,0,0,1,2,0,3,1,1,23,3,0,6,0,0,0,8,0,0,0,3,1,10,0,0,24
CHEMBL2430511,0,1,0,0,0,0,0,1,0,0,0,0,0,0,0,0,0,0,0,0,1,2,0,3,1,1,23,3,0,6,0,0,0,8,2,1,1,3,1,10,0,0,24
CHEMBL2430512,1,1,0,0,0,0,0,1,0,0,0,0,0,0,0,0,0,0,0,0,1,2,0,3,1,1,23,3,0,4,0,0,0,7,0,0,0,3,1,9,0,0,23
CHEMBL2431524,2,8,3,2,0,2,1,0,0,2,0,0,0,0,0,0,0,0,0,0,0,0,0,0,0,0,0,0,5,0,0,0,0,4,0,0,0,2,0,0,0,2,9
CHEMBL2431525,2,8,3,2,0,1,1,0,0,1,0,0,0,0,2,0,0,0,0,0,0,0,0,0,0,0,0,0,5,1,0,0,0,3,0,0,0,2,1,0,1,1,9
CHEMBL2431526,2,8,4,2,0,2,2,0,0,1,0,0,0,0,0,0,0,0,0,0,0,0,0,0,0,0,0,0,5,0,0,0,0,3,0,0,0,1,0,0,0,1,9
CHEMBL2431527,2,7,3,2,0,2,2,0,0,1,0,0,0,0,2,0,0,0,0,0,0,0,0,0,0,0,0,0,5,1,0,0,0,4,0,0,0,2,1,0,1,1,10
CHEMBL243755,0,0,0,0,0,0,0,0,0,1,0,0,0,0,5,0,0,0,0,0,1,1,0,2,0,0,17,2,0,6,0,0,0,7,2,1,1,0,2,5,0,0,18
CHEMBL243756,0,0,0,0,0,0,0,0,0,1,0,0,0,0,5,0,0,0,0,0,1,1,0,2,0,0,23,2,0,6,0,0,0,7,2,1,1,0,2,6,0,0,24
CHEMBL24387,4,7,5,2,1,0,0,0,0,2,0,0,0,0,2,0,0,0,0,0,0,0,0,0,0,0,0,0,5,1,0,0,0,2,0,0,0,2,1,1,1,2,11
CHEMBL24387,4,7,5,2,1,0,0,0,0,2,0,0,0,0,2,0,0,0,0,0,0,0,0,0,0,0,0,0,5,1,0,0,0,2,0,0,0,2,1,1,1,2,11
CHEMBL243960,0,0,0,0,0,0,0,0,0,1,0,0,0,0,5,0,0,0,0,0,1,1,0,2,0,0,23,2,0,4,0,0,0,6,0,0,0,0,2,5,0,0,23
CHEMBL243961,0,0,0,0,0,0,0,0,0,1,0,0,0,0,4,0,0,0,0,0,1,1,0,2,0,0,23,2,0,4,0,0,0,6,0,0,0,0,1,5,0,0,23
CHEMBL2440145,0,0,0,0,0,1,0,1,0,0,0,0,0,0,0,0,0,0,0,1,0,1,0,2,0,0,19,2,3,0,0,0,0,7,0,0,0,0,2,3,0,0,18
CHEMBL24410,2,7,4,2,2,0,0,0,0,2,0,0,0,0,2,0,0,0,0,0,0,0,0,0,0,0,0,0,5,1,0,0,0,2,0,0,0,2,1,1,1,2,11
CHEMBL24410,2,7,4,2,2,0,0,0,0,2,0,0,0,0,2,0,0,0,0,0,0,0,0,0,0,0,0,0,5,1,0,0,0,2,0,0,0,2,1,1,1,2,11
CHEMBL2442753,1,0,0,0,0,1,0,0,0,0,0,0,0,0,0,0,0,0,0,0,1,1,0,2,0,0,19,2,3,0,0,0,0,6,0,0,0,0,1,3,0,0,18
CHEMBL2442754,1,0,0,0,0,1,0,0,0,0,0,0,0,0,0,0,0,0,0,1,0,1,0,2,0,0,13,2,3,0,0,0,0,5,0,0,0,0,2,1,0,0,12
CHEMBL2442755,1,0,0,0,0,1,0,0,0,0,0,0,0,0,0,0,0,0,0,0,1,1,0,2,0,0,19,2,3,0,0,0,0,6,0,0,0,0,1,3,0,0,18
CHEMBL2442756,0,0,0,0,0,0,0,0,0,0,0,0,0,0,0,0,0,0,0,1,1,2,0,4,0,0,24,4,3,0,0,0,0,9,0,0,0,0,3,3,0,0,22
CHEMBL2442757,0,0,0,0,0,0,0,1,0,0,0,0,0,0,0,0,0,0,0,1,1,2,0,4,0,0,24,4,3,0,0,0,0,11,0,0,0,0,3,4,0,0,22
CHEMBL2442758,1,0,0,0,0,0,0,0,0,0,0,0,0,0,0,0,0,0,0,0,2,2,0,4,0,0,24,4,3,0,0,0,0,10,0,0,0,0,2,4,0,0,22
CHEMBL2442759,1,0,0,0,0,0,0,0,0,0,0,0,0,0,0,0,0,0,0,1,1,2,0,4,0,0,18,4,3,0,0,0,0,9,0,0,0,0,3,2,0,0,16
CHEMBL2442760,1,0,0,0,0,0,0,0,0,0,0,0,0,0,0,0,0,0,0,0,2,2,0,4,0,0,24,4,3,0,0,0,0,10,0,0,0,0,2,4,0,0,22
CHEMBL2442761,0,0,0,0,0,0,0,1,0,0,0,0,0,0,0,0,0,0,0,1,1,3,0,5,0,0,24,5,3,0,0,0,0,11,0,0,0,0,3,4,0,0,21
CHEMBL2442762,1,0,0,0,0,0,0,0,0,0,0,0,0,0,0,0,0,0,0,0,2,3,0,5,0,0,24,5,3,0,0,0,0,10,0,0,0,0,2,4,0,0,21
CHEMBL2442763,0,0,0,0,0,0,0,1,0,0,0,1,0,0,3,0,0,0,0,1,0,1,0,2,0,0,19,2,3,2,0,0,0,8,0,0,0,2,2,3,0,0,19
CHEMBL2442764,1,0,0,0,0,0,0,0,0,0,0,1,0,0,3,0,0,0,0,1,0,1,0,2,0,0,13,2,3,2,0,0,0,6,0,0,0,2,2,1,0,0,13
CHEMBL2442765,1,0,0,0,0,0,0,0,0,0,0,1,0,0,3,0,0,0,0,0,1,1,0,2,0,0,19,2,3,2,0,0,0,7,0,0,0,2,0,3,0,0,19
CHEMBL2442766,0,0,0,0,0,0,0,1,0,1,0,0,0,1,3,0,0,0,0,0,0,0,0,0,0,0,12,2,3,14,0,1,1,7,0,0,0,2,1,2,1,0,17
CHEMBL2442767,1,0,0,0,0,0,0,0,0,0,1,1,0,0,3,0,0,0,0,1,0,1,0,2,0,0,19,2,3,2,0,0,0,7,0,0,0,0,2,4,0,0,19
CHEMBL2442768,1,0,0,0,0,0,0,1,0,0,1,1,0,0,3,0,0,0,0,1,0,1,0,2,0,0,19,2,3,2,0,0,0,9,0,0,0,0,2,5,0,0,19
CHEMBL2442769,2,0,0,0,0,0,0,0,0,0,1,1,0,0,3,0,0,0,0,0,1,1,0,2,0,0,19,2,3,2,0,0,0,8,0,0,0,0,0,5,0,0,19
CHEMBL2442770,2,0,0,0,0,0,0,0,0,0,1,1,0,0,3,0,0,0,0,1,0,1,0,2,0,0,13,2,3,2,0,0,0,7,0,0,0,0,2,3,0,0,13
CHEMBL2442771,2,0,0,0,0,0,0,0,0,0,1,1,0,0,3,0,0,0,0,0,1,1,0,2,0,0,19,2,3,2,0,0,0,8,0,0,0,0,0,5,0,0,19
CHEMBL2442772,0,0,0,0,0,1,0,0,0,0,0,0,0,0,0,0,0,0,0,1,0,1,0,2,0,0,19,2,3,0,0,0,0,5,0,0,0,0,2,2,0,0,18
CHEMBL2443348,0,0,1,0,0,0,0,0,0,0,0,0,0,0,0,0,0,0,0,0,1,2,0,3,0,0,17,3,0,0,0,0,0,7,0,0,0,0,1,8,0,0,17
CHEMBL2443349,0,0,1,0,0,0,0,0,0,0,0,0,0,0,0,0,0,0,0,0,1,2,0,3,0,0,17,3,0,0,0,0,0,7,0,0,0,0,1,8,0,0,17
CHEMBL2443350,0,0,1,0,0,1,1,0,0,0,0,0,0,0,0,0,0,1,0,0,1,2,0,3,0,0,17,3,0,0,0,0,0,4,0,0,0,0,1,5,0,0,17
CHEMBL2443351,0,0,1,0,0,1,1,0,0,0,0,0,0,0,0,0,0,0,0,0,1,2,0,3,0,0,17,3,0,0,0,0,0,4,0,0,0,0,1,5,0,0,17
CHEMBL2443352,0,0,1,0,0,1,1,0,0,0,0,0,0,0,0,0,0,0,0,0,1,2,0,3,0,0,17,3,0,0,0,0,0,4,0,0,0,0,1,5,0,0,17
CHEMBL2443353,1,0,1,0,0,0,0,0,0,0,1,1,0,0,0,0,0,1,0,0,1,2,0,3,0,0,17,3,0,0,0,0,0,6,0,0,0,1,1,7,0,1,18
CHEMBL2443354,1,0,1,0,0,0,0,0,0,0,1,1,0,0,0,0,0,0,0,0,1,2,0,3,0,0,17,3,0,0,0,0,0,6,0,0,0,1,1,7,0,1,18
CHEMBL2443355,1,0,1,0,0,0,0,0,0,0,1,1,0,0,0,0,0,0,0,0,1,2,0,3,0,0,17,3,0,0,0,0,0,6,0,0,0,1,1,7,0,1,18
CHEMBL2443356,0,0,1,0,0,0,0,0,0,0,0,0,0,0,0,0,0,1,0,0,1,2,0,3,0,0,17,3,0,0,0,0,0,7,0,0,0,0,1,8,0,0,17
CHEMBL2443357,0,0,1,0,0,0,0,0,0,0,0,0,0,0,0,0,0,0,0,0,1,2,0,3,0,0,17,3,0,0,0,0,0,7,0,0,0,0,1,8,0,0,17
CHEMBL2443358,0,0,1,0,0,0,0,0,0,0,0,0,0,0,0,0,0,0,0,0,1,2,0,3,0,0,17,3,0,0,0,0,0,7,0,0,0,0,1,8,0,0,17
CHEMBL2443359,0,0,1,0,0,1,1,0,0,0,0,0,0,0,0,0,0,1,0,0,1,2,0,3,0,0,17,3,0,0,0,0,0,4,0,0,0,0,1,5,0,0,17
CHEMBL2443360,0,0,1,0,0,1,1,0,0,0,0,0,0,0,0,0,0,0,0,0,1,2,0,3,0,0,17,3,0,0,0,0,0,4,0,0,0,0,1,5,0,0,17
CHEMBL2443361,0,0,1,0,0,1,1,0,0,0,0,0,0,0,0,0,0,0,0,0,1,2,0,3,0,0,17,3,0,0,0,0,0,4,0,0,0,0,1,5,0,0,17
CHEMBL2443362,1,0,1,0,0,0,0,0,0,0,1,1,0,0,0,0,0,1,0,0,1,2,0,3,0,0,17,3,0,0,0,0,0,6,0,0,0,1,1,7,0,1,18
CHEMBL2443363,1,0,1,0,0,0,0,0,0,0,1,1,0,0,0,0,0,0,0,0,1,2,0,3,0,0,17,3,0,0,0,0,0,6,0,0,0,1,1,7,0,1,18
CHEMBL2443364,1,0,1,0,0,0,0,0,0,0,1,1,0,0,0,0,0,0,0,0,1,2,0,3,0,0,17,3,0,0,0,0,0,6,0,0,0,1,1,7,0,1,18
CHEMBL2443365,0,0,1,0,0,0,0,0,0,0,0,0,0,0,0,0,0,1,0,0,1,2,0,3,0,0,17,3,0,0,0,0,0,7,0,0,0,0,1,8,0,0,17
CHEMBL244795,0,0,0,0,0,0,0,0,0,1,0,0,0,0,5,0,0,0,0,0,1,1,0,2,0,0,17,2,0,4,0,0,0,6,0,0,0,0,2,4,0,0,17
CHEMBL24580,2,7,4,2,1,0,0,0,0,2,0,0,0,0,2,0,0,0,0,0,0,0,0,0,0,0,6,0,5,1,0,0,0,2,0,0,0,2,1,1,1,2,16
CHEMBL24580,2,7,4,2,1,0,0,0,0,2,0,0,0,0,2,0,0,0,0,0,0,0,0,0,0,0,6,0,5,1,0,0,0,2,0,0,0,2,1,1,1,2,16
CHEMBL24593,0,3,1,0,0,0,0,0,0,0,0,0,0,0,0,0,0,0,0,0,0,1,0,1,0,0,12,1,1,0,0,0,0,2,0,0,0,0,1,2,0,0,12
CHEMBL24897,2,8,4,2,1,0,0,0,0,2,0,0,0,0,2,0,0,0,0,0,0,0,0,0,0,0,6,0,5,1,0,0,0,2,0,0,0,2,1,2,1,2,16
CHEMBL24897,2,8,4,2,1,0,0,0,0,2,0,0,0,0,2,0,0,0,0,0,0,0,0,0,0,0,6,0,5,1,0,0,0,2,0,0,0,2,1,2,1,2,16
CHEMBL24946,3,10,4,2,1,0,0,0,0,2,0,0,0,0,2,0,0,0,0,0,0,0,0,0,0,0,0,0,5,1,0,0,0,2,0,0,0,2,1,3,1,2,10
CHEMBL24946,3,10,4,2,1,0,0,0,0,2,0,0,0,0,2,0,0,0,0,0,0,0,0,0,0,0,0,0,5,1,0,0,0,2,0,0,0,2,1,3,1,2,10
CHEMBL25059,3,8,4,2,1,0,0,0,0,2,0,0,0,0,2,0,0,0,0,0,0,0,0,0,0,0,0,0,5,1,0,0,0,2,0,0,0,2,1,1,1,2,10
CHEMBL25059,3,8,4,2,1,0,0,0,0,2,0,0,0,0,2,0,0,0,0,0,0,0,0,0,0,0,0,0,5,1,0,0,0,2,0,0,0,2,1,1,1,2,10
CHEMBL252642,0,1,0,0,0,0,0,1,0,1,0,0,0,1,2,2,0,0,0,0,0,0,0,0,0,0,12,1,1,2,0,0,0,5,0,0,0,1,0,1,0,1,14
CHEMBL253467,2,1,0,0,2,0,0,0,0,1,0,0,0,1,3,3,0,0,0,0,0,0,0,0,0,0,12,0,0,5,0,1,1,4,0,0,0,1,1,5,1,0,17
CHEMBL253570,0,0,0,0,0,0,0,0,0,0,0,0,0,3,3,6,0,0,1,0,0,0,1,1,0,0,16,1,1,3,0,0,0,9,0,0,0,0,1,1,0,0,15
CHEMBL254328,2,7,3,2,2,1,1,0,0,0,0,0,0,0,0,0,0,0,0,0,0,1,0,1,0,0,6,1,5,2,0,0,0,3,0,0,0,0,0,1,0,0,15
CHEMBL25473,4,7,5,2,1,0,0,0,0,2,0,0,0,0,2,0,0,0,0,0,0,0,0,0,0,0,0,0,5,1,0,0,0,2,0,0,0,2,1,1,1,2,11
CHEMBL25473,4,7,5,2,1,0,0,0,0,2,0,0,0,0,2,0,0,0,0,0,0,0,0,0,0,0,0,0,5,1,0,0,0,2,0,0,0,2,1,1,1,2,11
CHEMBL255108,0,1,0,0,0,0,0,1,0,1,0,0,1,1,2,0,0,0,0,0,0,0,0,0,0,0,16,1,3,2,2,0,0,4,0,0,0,1,0,1,0,1,18
CHEMBL255110,0,1,0,0,0,0,0,1,0,1,0,0,0,1,2,2,0,0,0,0,0,0,0,0,0,0,12,1,1,2,0,0,0,5,0,0,0,1,0,1,0,1,14
CHEMBL25523,2,8,4,2,1,0,0,0,0,2,0,0,0,0,2,0,0,0,0,0,0,0,0,0,0,0,6,0,5,1,0,0,0,2,0,0,0,2,1,2,1,2,16
CHEMBL25523,2,8,4,2,1,0,0,0,0,2,0,0,0,0,2,0,0,0,0,0,0,0,0,0,0,0,6,0,5,1,0,0,0,2,0,0,0,2,1,2,1,2,16
CHEMBL25588,3,7,4,2,1,0,0,0,0,2,0,0,0,0,2,0,0,0,0,0,0,0,0,0,0,0,0,0,5,1,0,0,0,2,0,0,0,2,1,0,1,2,10
CHEMBL25588,3,7,4,2,1,0,0,0,0,2,0,0,0,0,2,0,0,0,0,0,0,0,0,0,0,0,0,0,5,1,0,0,0,2,0,0,0,2,1,0,1,2,10
CHEMBL256407,0,1,0,0,0,0,0,2,0,1,0,0,0,1,2,1,0,0,0,0,0,0,0,0,0,0,12,1,1,2,0,0,0,6,0,0,0,1,0,2,0,1,14
CHEMBL256665,0,1,0,0,0,0,0,1,0,1,0,0,0,1,2,1,0,0,0,0,0,0,0,0,0,0,16,1,3,2,0,0,0,4,0,0,0,1,0,1,0,1,18
CHEMBL25695,3,9,4,2,1,0,0,0,0,2,0,0,0,0,2,0,0,0,0,0,0,0,0,0,0,0,0,0,5,1,0,0,0,2,0,0,0,2,1,2,1,2,10
CHEMBL25695,3,9,4,2,1,0,0,0,0,2,0,0,0,0,2,0,0,0,0,0,0,0,0,0,0,0,0,0,5,1,0,0,0,2,0,0,0,2,1,2,1,2,10
CHEMBL25700,2,7,4,2,1,0,0,0,0,2,0,0,0,0,2,0,0,0,0,0,0,0,0,0,0,0,0,0,5,1,0,0,0,2,0,0,0,2,1,0,1,2,10
CHEMBL25700,2,7,4,2,1,0,0,0,0,2,0,0,0,0,2,0,0,0,0,0,0,0,0,0,0,0,0,0,5,1,0,0,0,2,0,0,0,2,1,0,1,2,10
CHEMBL25735,1,6,0,1,0,0,0,0,1,0,0,2,0,0,0,0,0,0,0,0,0,0,0,0,0,0,6,1,0,0,0,0,0,5,0,0,0,3,0,5,0,0,10
CHEMBL258257,0,1,0,0,0,0,0,1,0,1,0,0,1,1,2,0,0,0,0,0,0,0,0,0,0,0,16,1,3,2,2,0,0,4,0,0,0,1,0,1,0,1,18
CHEMBL260098,0,0,0,0,0,0,0,1,0,0,0,1,0,0,2,0,1,0,0,0,0,0,0,0,0,0,18,0,0,6,0,0,0,7,4,2,2,2,0,8,0,0,22
CHEMBL260553,4,2,0,0,2,0,0,0,0,0,0,0,0,3,5,4,0,0,1,0,0,0,1,1,0,0,14,1,2,4,0,0,0,7,0,0,0,0,1,4,0,0,17
CHEMBL26065,0,1,0,0,1,0,0,0,0,1,0,0,0,0,4,1,0,0,0,0,0,1,0,1,0,0,12,1,1,5,0,0,0,4,0,0,0,0,2,1,1,0,14
CHEMBL26093,1,8,3,2,1,0,0,0,0,2,0,0,0,0,2,0,0,0,0,0,0,0,0,0,0,0,0,1,5,1,0,0,0,4,0,0,0,2,1,1,1,2,10
CHEMBL260955,0,5,1,0,0,0,0,1,0,0,0,1,0,0,0,0,0,0,0,0,0,0,0,0,0,0,12,0,0,2,0,0,0,6,2,1,1,2,0,7,0,0,16
CHEMBL26207,0,4,3,0,0,1,0,0,0,0,0,0,0,0,0,0,1,0,0,0,0,2,0,2,0,0,12,2,0,0,0,0,0,5,0,0,0,0,0,3,0,0,14
CHEMBL26208,0,0,0,0,0,0,0,0,0,0,0,0,0,0,0,0,2,0,0,0,0,2,0,2,0,0,18,2,0,0,0,0,0,4,0,0,0,0,0,3,0,0,17
CHEMBL262723,2,6,3,2,2,0,0,0,0,2,0,0,0,0,2,0,0,0,0,0,0,0,0,0,0,0,0,0,5,2,0,1,1,2,0,0,0,2,1,0,1,2,11
CHEMBL262723,2,6,3,2,2,0,0,0,0,2,0,0,0,0,2,0,0,0,0,0,0,0,0,0,0,0,0,0,5,2,0,1,1,2,0,0,0,2,1,0,1,2,11
CHEMBL26279,0,2,1,0,0,0,0,1,0,1,0,0,0,0,3,0,0,0,0,0,0,1,0,1,0,0,12,1,1,2,0,0,0,5,0,0,0,1,2,3,0,1,13
CHEMBL264401,0,0,0,0,0,0,0,0,0,0,0,0,0,0,0,0,0,0,0,0,0,2,0,3,0,0,17,3,0,0,0,0,0,4,0,0,0,0,0,2,0,0,14
CHEMBL264724,0,0,0,0,1,0,0,1,0,0,0,0,0,3,2,0,0,0,1,0,0,0,1,1,0,0,16,1,1,3,0,0,0,7,0,0,0,0,0,5,0,0,16
CHEMBL264924,7,11,5,5,1,1,1,0,3,0,0,1,0,0,0,0,0,0,0,0,0,0,0,0,0,0,0,2,7,0,0,0,0,11,0,0,0,2,0,9,0,0,17
CHEMBL26543,0,2,1,1,0,0,0,0,1,0,0,2,0,0,0,0,0,0,0,0,0,0,0,0,0,0,6,1,0,0,0,0,0,5,0,0,0,3,0,1,0,0,11
CHEMBL266297,2,8,3,2,2,0,0,0,1,2,0,0,0,0,2,0,0,0,0,0,0,0,0,0,0,0,6,0,5,2,0,0,0,3,0,0,0,2,1,3,1,2,17
CHEMBL266350,3,10,4,2,2,0,0,0,0,2,0,0,0,0,3,0,0,0,0,0,0,0,0,0,0,0,0,0,5,2,0,1,1,2,0,0,0,2,1,5,2,1,12
CHEMBL266350,3,10,4,2,2,0,0,0,0,2,0,0,0,0,3,0,0,0,0,0,0,0,0,0,0,0,0,0,5,2,0,1,1,2,0,0,0,2,1,5,2,1,12
CHEMBL26651,1,4,1,1,0,0,0,0,1,0,0,2,0,0,0,0,0,0,0,0,0,0,0,0,0,0,6,1,1,0,0,0,0,6,0,0,0,1,0,5,0,1,11
CHEMBL26651,1,4,1,1,0,0,0,0,1,0,0,2,0,0,0,0,0,0,0,0,0,0,0,0,0,0,6,1,1,0,0,0,0,6,0,0,0,1,0,5,0,1,11
CHEMBL266532,3,10,4,2,2,0,0,0,0,2,0,0,0,0,3,0,0,0,0,0,0,0,0,0,0,0,0,0,5,2,0,1,1,2,0,0,0,2,1,5,2,1,12
CHEMBL266532,3,10,4,2,2,0,0,0,0,2,0,0,0,0,3,0,0,0,0,0,0,0,0,0,0,0,0,0,5,2,0,1,1,2,0,0,0,2,1,5,2,1,12
CHEMBL266788,2,6,3,2,2,0,0,0,0,2,0,0,0,0,2,0,0,0,0,0,0,0,0,0,0,0,6,0,5,4,0,0,0,2,0,0,0,2,1,1,1,2,17
CHEMBL267433,2,7,3,2,2,0,0,0,0,2,0,0,0,0,2,0,0,0,0,0,0,0,0,0,0,0,6,0,5,2,0,0,0,2,0,0,0,2,1,2,1,2,17
CHEMBL267476,1,12,0,0,2,0,0,0,0,0,0,1,0,0,0,0,0,0,0,0,0,0,0,0,0,0,0,0,0,0,0,2,2,2,0,0,0,2,0,14,0,0,5
CHEMBL267508,0,0,0,0,1,0,0,2,0,1,0,0,0,1,3,0,0,0,0,0,0,1,0,1,0,0,18,2,1,5,0,0,0,7,0,0,0,0,1,3,1,0,21
CHEMBL267668,3,9,4,2,2,0,0,0,0,2,0,0,0,0,3,0,0,0,0,0,0,0,0,0,0,0,0,0,5,2,0,1,1,2,0,0,0,2,1,4,2,1,12
CHEMBL267668,3,9,4,2,2,0,0,0,0,2,0,0,0,0,3,0,0,0,0,0,0,0,0,0,0,0,0,0,5,2,0,1,1,2,0,0,0,2,1,4,2,1,12
CHEMBL268209,3,11,4,2,2,0,0,0,0,2,0,0,0,0,3,0,0,0,0,0,0,0,0,0,0,0,0,0,5,2,0,1,1,2,0,0,0,2,1,6,2,1,12
CHEMBL268209,3,11,4,2,2,0,0,0,0,2,0,0,0,0,3,0,0,0,0,0,0,0,0,0,0,0,0,0,5,2,0,1,1,2,0,0,0,2,1,6,2,1,12
CHEMBL268918,3,11,4,2,2,0,0,0,0,2,0,0,0,0,3,0,0,0,0,0,0,0,0,0,0,0,0,0,5,2,0,1,1,2,0,0,0,2,1,6,2,1,12
CHEMBL268918,3,11,4,2,2,0,0,0,0,2,0,0,0,0,3,0,0,0,0,0,0,0,0,0,0,0,0,0,5,2,0,1,1,2,0,0,0,2,1,6,2,1,12
CHEMBL269590,2,8,3,2,2,0,0,0,0,2,0,0,0,0,2,0,0,0,0,0,0,0,0,0,0,0,6,0,5,2,0,0,0,2,0,0,0,2,1,3,1,2,17
CHEMBL269761,3,2,0,2,0,0,0,0,0,0,0,2,0,0,0,0,0,0,0,0,0,1,0,1,0,0,6,2,0,0,0,0,0,6,0,0,0,3,0,2,0,0,10
CHEMBL269877,0,0,0,0,0,0,0,1,0,0,0,1,0,0,2,0,0,0,0,0,0,0,0,0,0,0,22,0,1,4,0,0,0,6,2,1,1,2,0,7,0,0,25
CHEMBL270215,8,11,5,5,1,0,0,0,3,0,1,2,0,0,0,0,0,0,0,0,0,0,0,0,0,0,0,2,7,0,0,0,0,13,0,0,0,3,0,11,0,1,18
CHEMBL270283,0,0,0,0,0,0,0,1,0,0,0,1,0,0,2,0,0,0,0,0,0,0,0,0,1,1,22,0,1,2,0,0,0,8,0,0,0,4,0,8,0,1,26
CHEMBL270301,0,0,0,0,0,0,0,1,0,0,0,1,0,0,2,0,0,0,0,0,0,0,0,0,0,0,18,0,0,6,0,0,0,7,4,2,2,2,0,8,0,0,22
CHEMBL270488,0,0,0,0,0,0,0,1,0,0,0,1,0,0,2,0,0,0,0,0,0,0,0,0,0,0,24,0,0,4,0,0,0,6,2,1,1,2,0,8,0,0,27
CHEMBL270915,0,0,0,0,0,0,0,1,0,0,0,1,0,0,2,0,1,0,0,0,0,0,0,0,1,1,18,0,0,4,0,0,0,9,2,1,1,4,0,9,0,1,23
CHEMBL270917,0,5,1,0,0,0,0,1,0,0,0,1,0,0,0,0,0,0,0,0,0,0,0,0,1,1,12,0,0,0,0,0,0,8,0,0,0,4,0,8,0,1,17
CHEMBL271129,0,0,0,0,0,0,0,1,0,0,0,1,0,0,2,0,2,0,0,0,0,0,0,0,1,1,18,0,0,2,0,0,0,8,0,0,0,4,0,8,0,1,22
CHEMBL271794,0,0,0,0,0,0,0,1,0,0,0,1,0,0,2,0,0,0,0,0,0,0,0,0,1,1,24,0,0,2,0,0,0,8,0,0,0,4,0,9,0,1,28
CHEMBL272339,0,0,0,0,0,0,0,1,0,0,0,0,0,0,0,0,0,0,0,0,1,2,0,3,0,0,17,3,0,0,0,0,0,5,0,0,0,0,2,5,0,0,15
CHEMBL272398,0,0,0,0,0,0,0,1,1,0,0,0,0,0,0,0,0,0,0,0,0,0,0,0,1,1,12,0,0,0,0,0,0,6,0,0,0,2,0,5,0,1,14
CHEMBL272456,1,0,0,0,0,0,0,1,0,0,0,1,0,0,0,0,0,0,0,0,0,0,0,0,1,1,12,0,0,0,0,0,0,8,0,0,0,4,0,7,0,1,16
CHEMBL272464,1,0,0,0,0,0,0,1,0,0,0,0,0,0,0,0,0,0,0,0,0,0,0,0,1,1,18,0,0,6,0,0,0,5,2,1,1,3,0,7,0,0,21
CHEMBL273049,0,0,0,0,0,0,0,1,0,0,0,1,0,0,2,0,2,0,0,0,0,0,0,0,0,0,18,0,0,4,0,0,0,6,2,1,1,2,0,7,0,0,21
CHEMBL27386,0,1,1,1,0,0,0,0,1,0,0,2,0,0,0,0,0,0,0,0,0,0,0,0,0,0,6,1,1,0,0,0,0,5,0,0,0,3,0,1,0,0,11
CHEMBL274318,0,1,0,0,0,0,0,1,0,1,0,0,0,1,2,0,0,0,0,0,0,0,0,0,0,0,12,1,1,2,0,0,0,3,0,0,0,1,0,1,0,1,14
CHEMBL274387,2,0,0,0,0,0,0,1,0,0,0,0,0,0,0,0,0,0,0,0,0,0,0,0,1,1,6,0,0,2,0,0,0,5,2,1,1,3,0,5,0,0,10
CHEMBL27467,0,7,1,1,0,0,0,0,1,0,0,2,0,0,0,0,0,0,0,0,0,0,0,0,0,0,6,1,0,0,0,0,0,6,0,0,0,1,0,2,0,1,12
CHEMBL274826,2,8,3,2,1,0,0,0,0,2,0,0,0,0,2,0,0,0,0,0,0,0,0,0,0,0,0,0,5,1,0,0,0,2,0,0,0,2,1,0,1,2,9
CHEMBL274826,2,8,3,2,1,0,0,0,0,2,0,0,0,0,2,0,0,0,0,0,0,0,0,0,0,0,0,0,5,1,0,0,0,2,0,0,0,2,1,0,1,2,9
CHEMBL274878,3,5,4,2,2,0,0,0,0,2,0,0,0,0,3,0,0,0,0,0,0,0,0,0,0,0,0,0,5,2,0,1,1,2,0,0,0,2,1,0,2,1,12
CHEMBL274878,3,5,4,2,2,0,0,0,0,2,0,0,0,0,3,0,0,0,0,0,0,0,0,0,0,0,0,0,5,2,0,1,1,2,0,0,0,2,1,0,2,1,12
CHEMBL27546,0,7,2,1,0,0,0,0,1,0,0,2,0,0,0,0,0,0,0,0,0,0,0,0,0,0,6,1,0,0,0,0,0,6,0,0,0,1,0,3,0,1,12
CHEMBL275594,1,4,0,1,0,0,0,0,0,0,0,2,0,0,0,0,0,0,0,0,0,1,0,1,0,0,6,2,0,0,0,0,0,6,0,0,0,3,0,3,0,0,9
CHEMBL275638,0,0,0,0,0,0,0,0,0,0,0,0,0,2,3,0,0,0,1,0,0,0,1,1,0,0,16,1,1,3,0,0,0,3,0,0,0,0,0,1,0,0,15
CHEMBL27591,1,5,1,1,0,0,0,0,1,0,0,2,0,0,0,0,0,0,0,0,0,0,0,0,0,0,6,1,0,0,0,0,0,6,0,0,0,1,0,5,0,1,11
CHEMBL276140,0,1,0,0,0,0,0,0,0,0,0,0,0,0,0,0,0,0,0,0,0,1,0,1,0,0,12,2,1,0,0,0,0,10,0,0,0,2,0,5,0,0,15
CHEMBL276473,0,0,0,0,1,0,0,0,0,1,0,0,0,0,3,1,0,0,0,0,0,0,0,0,0,0,12,0,0,5,0,1,1,2,0,0,0,1,0,3,1,0,15
CHEMBL276915,0,0,0,0,0,0,0,0,0,0,0,0,0,2,3,1,0,0,1,0,0,0,1,1,0,0,16,1,1,3,0,0,0,4,0,0,0,0,0,1,0,0,15
CHEMBL27698,1,3,1,1,0,0,0,0,1,0,0,2,0,0,0,0,0,0,0,0,0,0,0,0,0,0,6,1,0,0,0,0,0,6,0,0,0,1,0,3,0,1,11
CHEMBL27767,0,1,1,1,0,0,0,0,1,0,0,2,0,0,0,0,0,0,0,0,0,0,0,0,0,0,6,1,1,0,0,0,0,5,0,0,0,3,0,1,0,0,11
CHEMBL27769,2,9,4,2,0,1,1,0,0,1,0,0,0,0,0,0,0,0,0,0,0,0,0,0,0,0,0,0,5,0,0,0,0,2,0,0,0,1,0,0,0,2,8
CHEMBL27797,0,7,1,0,0,1,0,1,0,0,0,0,0,0,0,0,0,0,0,0,0,2,0,2,0,0,12,2,0,0,0,0,0,7,0,0,0,0,0,4,0,0,12
CHEMBL27879,1,10,1,1,0,0,0,0,1,0,0,2,0,0,0,0,0,0,0,0,0,0,0,0,0,0,6,1,0,0,0,0,0,6,0,0,0,1,0,10,0,1,11
CHEMBL279940,0,4,1,0,0,0,0,0,0,0,0,0,0,0,0,1,0,0,0,0,0,1,0,1,0,0,12,1,1,0,0,0,0,3,0,0,0,0,1,2,0,0,12
CHEMBL28,0,0,0,0,0,0,0,0,0,0,0,0,0,3,3,3,0,0,1,0,0,0,1,1,0,0,16,1,1,3,0,0,0,6,0,0,0,0,1,1,0,0,15
CHEMBL281433,1,8,3,2,1,0,0,0,0,2,0,0,0,0,2,0,0,0,0,0,0,0,0,0,0,0,0,1,5,1,0,0,0,4,0,0,0,2,1,1,1,2,10
CHEMBL28173,1,7,1,1,0,0,0,0,1,0,0,2,0,0,0,0,0,0,0,0,0,0,0,0,0,0,6,1,0,0,0,0,0,6,0,0,0,1,0,7,0,1,11
CHEMBL281871,2,7,4,2,1,0,0,0,0,2,0,0,0,0,2,0,0,0,0,0,0,0,0,0,0,0,6,0,5,1,0,0,0,2,0,0,0,2,1,1,1,2,16
CHEMBL281871,2,7,4,2,1,0,0,0,0,2,0,0,0,0,2,0,0,0,0,0,0,0,0,0,0,0,6,0,5,1,0,0,0,2,0,0,0,2,1,1,1,2,16
CHEMBL281947,0,6,2,1,0,0,0,0,1,0,0,2,0,0,0,0,0,0,0,0,0,0,0,0,0,0,6,1,1,0,0,0,0,6,0,0,0,1,0,3,0,1,12
CHEMBL282079,0,5,1,0,0,1,0,0,0,0,0,0,0,0,0,0,1,0,0,0,0,2,0,2,0,0,12,2,0,0,0,0,0,5,0,0,0,0,0,3,0,0,12
CHEMBL282325,0,0,0,0,0,1,0,0,0,0,0,0,0,0,0,0,1,1,0,0,0,2,0,2,0,0,18,2,0,0,0,0,0,5,0,0,0,0,0,3,0,0,17
CHEMBL282525,0,1,1,0,0,1,0,0,0,0,0,0,0,0,0,0,1,0,0,0,0,2,0,2,0,0,12,2,0,0,0,0,0,5,0,0,0,0,0,3,0,0,12
CHEMBL282573,2,2,1,1,0,0,0,0,1,0,0,2,0,0,0,0,0,0,0,0,0,0,0,0,0,0,6,1,0,0,0,0,0,5,0,0,0,3,0,2,0,0,11
CHEMBL282580,1,8,3,2,1,0,0,0,0,2,0,0,0,0,2,0,0,0,0,0,0,0,0,0,0,0,0,1,5,1,0,0,0,4,0,0,0,2,1,1,1,2,10
CHEMBL282673,3,9,4,2,1,0,0,0,0,2,0,0,0,0,2,0,0,0,0,0,0,0,0,0,0,0,0,0,5,1,0,0,0,2,0,0,0,2,1,2,1,2,10
CHEMBL282673,3,9,4,2,1,0,0,0,0,2,0,0,0,0,2,0,0,0,0,0,0,0,0,0,0,0,0,0,5,1,0,0,0,2,0,0,0,2,1,2,1,2,10
CHEMBL28290,0,2,1,1,0,0,0,1,1,0,0,2,0,0,0,0,0,0,0,0,0,0,0,0,0,0,12,1,0,0,0,0,0,8,0,0,0,1,0,4,0,1,17
CHEMBL283085,2,0,0,0,0,1,0,0,0,0,0,0,0,0,0,0,0,0,0,0,0,2,0,2,0,0,18,2,0,0,0,0,0,5,0,0,0,0,0,3,0,0,17
CHEMBL283196,0,0,0,0,0,0,0,0,0,0,0,0,0,2,3,0,0,0,1,0,0,0,1,1,0,0,20,1,3,3,0,0,0,3,0,0,0,0,0,1,0,0,19
CHEMBL283196,0,0,0,0,0,0,0,0,0,0,0,0,0,2,3,0,0,0,1,0,0,0,1,1,0,0,20,1,3,3,0,0,0,3,0,0,0,0,0,1,0,0,19
CHEMBL283671,0,0,0,0,0,0,0,0,0,0,0,0,0,0,0,0,2,0,0,0,0,2,0,2,0,0,18,2,0,0,0,0,0,4,0,0,0,0,0,3,0,0,17
CHEMBL283782,0,2,1,0,0,0,0,1,0,1,0,0,0,0,3,0,0,0,0,0,0,1,0,1,0,0,12,1,1,2,0,0,0,5,0,0,0,1,2,3,0,1,13
CHEMBL284238,3,7,4,2,1,0,0,0,0,2,0,0,0,0,2,0,0,0,0,0,0,0,0,0,0,0,0,0,5,1,0,0,0,2,0,0,0,2,1,0,1,2,10
CHEMBL284238,3,7,4,2,1,0,0,0,0,2,0,0,0,0,2,0,0,0,0,0,0,0,0,0,0,0,0,0,5,1,0,0,0,2,0,0,0,2,1,0,1,2,10
CHEMBL284636,0,0,0,0,0,1,0,0,0,0,0,0,0,0,0,0,0,0,0,0,0,2,0,2,0,0,18,2,0,0,0,0,0,5,0,0,0,0,0,4,0,0,18
CHEMBL28465,0,1,1,0,0,1,0,0,0,0,0,0,0,0,0,0,0,0,0,0,0,2,0,2,0,0,12,2,0,0,0,0,0,5,0,0,0,0,0,3,0,0,12
CHEMBL284934,0,1,0,0,1,0,0,0,0,1,0,0,0,0,4,1,0,0,0,0,0,1,0,1,0,0,12,1,1,5,0,0,0,4,0,0,0,0,2,1,1,0,14
CHEMBL285155,0,1,0,0,1,0,0,1,0,1,0,0,0,0,4,0,0,0,0,0,0,1,0,1,0,0,12,1,1,5,0,0,0,5,0,0,0,0,2,2,1,0,14
CHEMBL285193,1,0,0,0,0,0,0,0,0,0,0,0,0,0,0,0,0,0,0,0,2,1,0,3,0,0,20,3,1,0,0,0,0,8,0,0,0,0,1,4,0,0,20
CHEMBL285809,0,3,0,0,0,0,0,0,0,0,0,0,2,0,0,0,0,0,0,0,1,1,0,2,0,0,17,2,1,0,4,0,0,7,0,0,0,0,1,2,0,0,17
CHEMBL285973,0,1,0,0,1,0,0,0,0,1,0,0,0,0,4,0,0,0,0,0,0,1,0,1,0,0,12,1,1,5,0,0,0,3,0,0,0,0,2,1,1,0,14
CHEMBL28637,0,0,0,0,0,1,0,0,0,0,0,0,0,0,0,0,1,0,0,0,0,2,0,2,0,0,18,2,0,0,0,0,0,5,0,0,0,0,0,4,0,0,18
CHEMBL286506,2,2,2,1,0,0,0,0,1,0,0,2,0,0,0,0,0,0,0,0,0,0,0,0,0,0,6,1,0,0,0,0,0,6,0,0,0,1,0,3,0,1,12
CHEMBL28668,2,3,1,1,0,0,0,0,1,0,0,2,0,0,0,0,0,0,0,0,0,0,0,0,0,0,6,1,0,0,0,0,0,5,0,0,0,3,0,3,0,0,11
CHEMBL28669,2,3,1,1,0,0,0,0,1,0,0,2,0,0,0,0,0,0,0,0,0,0,0,0,0,0,6,1,0,0,0,0,0,5,0,0,0,3,0,3,0,0,11
CHEMBL286738,0,5,0,0,0,0,0,0,0,0,0,1,0,0,2,0,0,0,1,0,0,0,1,1,0,0,10,1,3,2,0,0,0,4,0,0,0,3,1,2,0,0,10
CHEMBL28689,0,2,0,0,1,0,0,0,0,1,0,0,0,0,4,0,0,0,0,0,0,0,0,0,0,0,12,0,1,5,0,0,0,1,0,0,0,0,1,1,1,0,15
CHEMBL28696,0,0,0,0,0,1,0,0,0,0,0,0,0,0,0,0,0,2,0,0,0,2,0,2,0,0,18,2,0,0,0,0,0,5,0,0,0,0,0,3,0,0,17
CHEMBL286965,0,0,0,0,0,1,0,0,0,0,0,0,0,0,0,0,1,1,0,0,0,2,0,2,0,0,18,2,0,0,0,0,0,5,0,0,0,0,0,3,0,0,17
CHEMBL287393,0,0,0,0,0,1,0,0,0,0,0,0,0,0,0,0,2,0,0,0,0,2,0,2,0,0,18,2,0,0,0,0,0,5,0,0,0,0,0,3,0,0,17
CHEMBL28753,0,0,0,0,0,1,0,0,0,0,0,0,0,0,0,0,0,2,0,0,0,2,0,2,0,0,18,2,0,0,0,0,0,5,0,0,0,0,0,3,0,0,17
CHEMBL287574,0,1,1,1,0,0,0,0,1,0,0,2,0,0,0,0,0,0,0,0,0,0,0,0,0,0,6,1,1,0,0,0,0,5,0,0,0,3,0,1,0,0,11
CHEMBL287574,0,1,1,1,0,0,0,0,1,0,0,2,0,0,0,0,0,0,0,0,0,0,0,0,0,0,6,1,1,0,0,0,0,5,0,0,0,3,0,1,0,0,11
CHEMBL287647,2,4,1,1,0,0,0,0,1,0,0,2,0,0,0,0,0,0,0,0,0,0,0,0,0,0,6,1,0,0,0,0,0,5,0,0,0,3,0,4,0,0,11
CHEMBL287677,0,3,0,0,0,0,0,0,0,0,0,0,1,0,0,0,0,0,0,0,1,1,0,2,0,0,11,2,1,0,2,0,0,6,0,0,0,0,1,1,0,0,11
CHEMBL287950,1,1,0,0,0,0,0,0,1,0,0,0,0,0,0,0,0,1,0,0,1,1,0,2,0,0,17,3,1,0,0,0,0,8,0,0,0,0,1,4,0,0,18
CHEMBL287967,1,0,0,0,0,0,0,0,0,0,0,0,0,0,0,0,1,0,0,0,2,1,0,3,0,0,20,3,1,0,0,0,0,8,0,0,0,0,1,4,0,0,20
CHEMBL28800,0,0,0,0,0,1,0,0,0,0,0,0,0,0,0,0,0,0,0,0,0,2,0,2,0,0,18,2,0,2,0,0,0,6,2,1,1,0,0,4,0,0,18
CHEMBL28806,1,8,3,2,1,0,0,0,0,2,0,0,0,0,2,0,0,0,0,0,0,0,0,0,0,0,0,1,5,1,0,0,0,4,0,0,0,2,1,1,1,2,10
CHEMBL288093,0,1,0,0,1,0,0,1,0,1,0,0,0,0,4,0,0,0,0,0,0,1,0,1,0,0,12,1,1,5,0,0,0,5,0,0,0,0,2,2,1,0,14
CHEMBL288190,2,7,2,2,1,0,0,0,0,2,0,0,0,0,2,0,0,0,0,0,0,0,0,0,0,0,0,0,5,1,0,0,0,3,0,0,0,3,1,0,1,2,10
CHEMBL288242,2,8,3,2,0,0,0,0,0,2,0,0,0,0,2,0,0,0,0,0,0,0,0,0,0,0,0,0,5,1,0,0,0,3,0,0,0,3,1,0,1,2,9
CHEMBL288695,1,1,0,0,0,0,0,0,1,0,0,0,0,0,0,0,1,0,0,0,1,1,0,2,0,0,17,3,1,0,0,0,0,8,0,0,0,0,1,4,0,0,18
CHEMBL288712,1,6,0,1,0,0,0,0,0,0,0,2,0,0,0,0,0,0,0,0,0,1,0,1,0,0,6,2,0,0,0,0,0,6,0,0,0,3,0,5,0,0,9
CHEMBL28880,0,2,1,0,0,0,0,0,1,0,0,2,0,0,0,0,0,0,0,0,0,0,0,0,0,0,6,1,0,0,0,0,0,5,0,0,0,3,0,1,0,0,10
CHEMBL288804,1,1,0,0,0,0,0,0,1,0,0,0,0,0,0,0,1,1,0,0,1,1,0,2,0,0,17,3,1,0,0,0,0,8,0,0,0,0,1,4,0,0,18
CHEMBL289116,1,3,0,1,0,0,0,0,0,0,0,2,0,0,0,0,0,0,0,0,0,1,0,1,0,0,6,2,0,0,0,0,0,6,0,0,0,3,0,2,0,0,9
CHEMBL289116,1,3,0,1,0,0,0,0,0,0,0,2,0,0,0,0,0,0,0,0,0,1,0,1,0,0,6,2,0,0,0,0,0,6,0,0,0,3,0,2,0,0,9
CHEMBL28971,0,0,0,0,0,1,0,0,0,0,0,0,0,0,0,0,2,0,0,0,0,2,0,2,0,0,18,2,0,0,0,0,0,5,0,0,0,0,0,3,0,0,17
CHEMBL289766,1,10,0,1,0,0,0,0,0,0,0,2,0,0,0,0,0,0,0,0,0,1,0,1,0,0,6,2,0,0,0,0,0,6,0,0,0,3,0,9,0,0,9
CHEMBL289945,1,0,0,0,0,0,0,0,0,0,0,0,0,0,0,0,1,0,0,0,2,1,0,3,0,0,20,3,1,0,0,0,0,8,0,0,0,0,1,4,0,0,20
CHEMBL290309,2,8,3,2,0,0,0,0,0,2,0,0,0,0,2,0,0,0,0,0,0,0,0,0,0,0,0,0,5,1,0,0,0,6,0,0,0,2,1,3,1,2,9
CHEMBL290309,2,8,3,2,0,0,0,0,0,2,0,0,0,0,2,0,0,0,0,0,0,0,0,0,0,0,0,0,5,1,0,0,0,6,0,0,0,2,1,3,1,2,9
CHEMBL291279,2,8,3,2,0,0,0,0,0,2,0,0,0,0,2,0,0,0,0,0,0,0,0,0,0,0,0,0,5,1,0,0,0,6,0,0,0,2,1,3,1,2,9
CHEMBL291279,2,8,3,2,0,0,0,0,0,2,0,0,0,0,2,0,0,0,0,0,0,0,0,0,0,0,0,0,5,1,0,0,0,6,0,0,0,2,1,3,1,2,9
CHEMBL29138,1,2,0,1,0,0,0,0,1,0,0,2,0,0,0,0,0,0,0,0,0,0,0,0,0,0,6,1,0,0,0,0,0,5,0,0,0,3,0,1,0,0,10
CHEMBL291646,0,1,0,0,0,0,0,1,0,0,0,0,0,0,0,0,1,0,0,0,1,2,0,3,0,0,17,4,1,0,0,0,0,7,0,0,0,0,1,3,0,0,17
CHEMBL291700,0,4,1,0,0,0,0,0,0,0,0,0,0,0,0,0,0,0,0,0,1,1,0,3,0,0,10,3,1,0,0,0,0,7,0,0,0,0,1,3,0,0,9
CHEMBL29230,2,4,1,1,0,0,0,0,1,0,0,2,0,0,0,0,0,0,0,0,0,0,0,0,0,0,6,1,0,0,0,0,0,5,0,0,0,3,0,4,0,0,11
CHEMBL292899,0,4,1,0,0,0,0,0,0,0,0,0,0,0,0,0,0,0,0,0,1,2,0,3,0,0,11,3,1,0,0,0,0,7,0,0,0,0,1,3,0,0,10
CHEMBL293122,0,3,0,0,1,0,0,0,0,0,0,0,0,0,0,0,0,0,0,0,1,2,0,3,0,0,11,3,1,2,0,0,0,7,0,0,0,0,1,3,0,0,11
CHEMBL29338,1,8,0,1,0,0,0,0,1,0,0,2,0,0,0,0,0,0,0,0,0,0,0,0,0,0,6,1,0,0,0,0,0,5,0,0,0,3,0,7,0,0,10
CHEMBL29339,1,7,0,1,0,0,0,0,1,0,0,2,0,0,0,0,0,0,0,0,0,0,0,0,0,0,6,1,0,0,0,0,0,5,0,0,0,3,0,6,0,0,10
CHEMBL29400,0,0,0,0,0,1,0,0,0,0,0,0,0,0,0,0,2,0,0,0,0,2,0,2,0,0,18,2,0,0,0,0,0,5,0,0,0,0,0,3,0,0,17
CHEMBL294357,0,1,0,0,0,0,0,1,0,0,0,0,0,0,0,0,1,0,0,0,1,3,0,4,0,0,17,5,1,0,0,0,0,5,0,0,0,0,2,3,0,0,16
CHEMBL294360,0,1,0,0,0,0,0,1,0,0,0,0,0,0,0,0,0,1,0,0,1,3,0,4,0,0,17,5,1,0,0,0,0,5,0,0,0,0,2,3,0,0,16
CHEMBL294361,0,2,3,0,0,0,0,1,0,0,0,0,0,0,0,0,0,0,0,0,0,1,0,1,0,0,12,1,3,0,0,0,0,4,0,0,0,0,1,2,0,0,14
CHEMBL29482,0,0,0,0,0,0,0,0,0,0,0,0,2,0,0,0,0,0,0,0,1,1,0,2,0,0,17,2,0,0,4,0,0,7,0,0,0,0,1,3,0,0,17
CHEMBL294878,0,0,0,0,0,0,0,0,0,0,0,0,0,2,3,2,0,0,1,0,0,0,1,1,0,0,16,1,1,3,0,0,0,5,0,0,0,0,0,1,0,0,15
CHEMBL29521,2,4,1,1,0,0,0,0,1,0,0,2,0,0,0,0,0,0,0,0,0,0,0,0,0,0,6,1,0,0,0,0,0,5,0,0,0,3,0,4,0,0,11
CHEMBL29523,3,0,0,0,0,1,0,1,0,0,0,0,0,0,0,0,0,0,0,0,0,2,0,2,0,0,18,2,0,0,0,0,0,7,0,0,0,0,0,4,0,0,17
CHEMBL296411,0,0,0,0,1,0,0,3,0,0,0,0,0,0,0,0,0,0,0,0,0,0,0,0,0,0,12,0,0,4,0,1,1,6,0,0,0,0,0,5,0,0,14
CHEMBL296617,1,8,4,2,1,1,1,0,0,2,0,0,0,0,2,0,0,0,0,0,0,0,0,0,0,0,0,0,5,1,0,0,0,3,0,0,0,2,1,0,1,2,11
CHEMBL29669,0,0,1,0,0,0,0,0,0,0,0,0,0,0,0,0,2,0,0,0,0,2,0,2,0,0,18,2,0,0,0,0,0,4,0,0,0,0,0,3,0,0,17
CHEMBL297073,1,8,4,2,1,1,1,0,0,2,0,0,0,0,2,0,0,0,0,0,0,0,0,0,0,0,0,0,5,1,0,0,0,3,0,0,0,2,1,0,1,2,11
CHEMBL297784,0,1,0,0,0,0,0,0,0,0,0,0,0,0,0,0,0,0,0,0,1,1,0,2,0,0,15,3,2,0,0,0,0,11,0,0,0,2,0,3,0,0,17
CHEMBL298172,1,8,3,2,1,1,1,0,0,2,0,0,0,0,2,0,0,0,0,0,0,0,0,0,0,0,0,0,5,1,0,0,0,3,0,0,0,2,1,2,1,2,10
CHEMBL29863,1,5,0,1,0,0,0,0,1,0,0,2,0,0,0,0,0,0,0,0,0,0,0,0,0,0,6,1,0,0,0,0,0,5,0,0,0,3,0,4,0,0,10
CHEMBL29864,1,4,0,1,0,0,0,0,1,0,0,2,0,0,0,0,0,0,0,0,0,0,0,0,0,0,6,1,0,0,0,0,0,5,0,0,0,3,0,3,0,0,10
CHEMBL298720,0,0,0,0,0,0,0,0,0,0,0,0,0,0,0,0,0,0,0,0,1,2,0,3,0,0,15,3,1,0,0,0,0,7,0,0,0,0,1,2,0,0,13
CHEMBL29901,1,0,0,1,0,0,0,0,0,0,0,0,0,0,0,0,2,0,0,0,0,2,0,2,0,0,18,2,0,0,0,0,0,4,0,0,0,0,0,3,0,0,17
CHEMBL29904,0,0,0,0,0,1,0,0,0,0,0,0,0,0,0,0,2,0,0,0,0,2,0,2,0,0,18,2,0,0,0,0,0,5,0,0,0,0,0,3,0,0,17
CHEMBL299066,0,0,0,0,0,0,0,0,0,0,0,0,0,0,0,0,0,0,0,0,1,2,0,3,0,0,15,3,1,0,0,0,0,7,0,0,0,0,0,1,0,0,13
CHEMBL29952,0,0,0,0,0,0,0,0,0,0,0,0,0,0,0,0,1,1,0,0,0,2,0,2,0,0,18,2,0,0,0,0,0,4,0,0,0,0,0,3,0,0,17
CHEMBL299613,1,6,3,1,0,1,1,1,0,0,0,0,0,0,0,1,0,0,0,0,0,0,0,0,0,0,6,0,5,0,0,0,0,4,0,0,0,0,0,1,0,0,11
CHEMBL29997,0,1,0,1,0,0,0,0,0,0,0,0,0,0,0,0,2,0,0,0,0,2,0,2,0,0,24,2,0,0,0,0,0,4,0,0,0,0,0,5,0,0,23
CHEMBL300109,0,3,1,0,0,0,0,0,0,0,0,0,0,0,0,0,0,0,0,0,1,2,0,3,0,0,11,3,1,0,0,0,0,7,0,0,0,0,1,2,0,0,10
CHEMBL30043,0,0,0,0,0,0,0,0,0,0,0,0,0,0,0,0,1,1,0,0,0,2,0,2,0,0,18,2,0,0,0,0,0,4,0,0,0,0,0,3,0,0,17
CHEMBL30047,1,1,0,1,0,0,0,0,0,0,0,0,0,0,0,0,2,0,0,0,0,2,0,2,0,0,18,2,0,0,0,0,0,4,0,0,0,0,0,4,0,0,17
CHEMBL30081,0,1,1,0,0,1,0,0,0,0,0,0,0,0,0,0,0,1,0,0,0,2,0,2,0,0,12,2,0,0,0,0,0,5,0,0,0,0,0,3,0,0,12
CHEMBL300814,0,0,0,0,0,0,0,0,0,0,0,0,0,2,3,2,0,0,1,0,0,0,1,1,0,0,16,1,1,3,0,0,0,5,0,0,0,0,0,1,0,0,15
CHEMBL300921,1,9,4,2,1,0,0,0,0,2,0,0,0,0,2,0,0,0,0,0,0,0,0,0,0,0,0,0,5,1,0,0,0,2,0,0,0,2,1,0,1,2,10
CHEMBL301106,0,5,1,0,0,0,0,0,0,0,0,0,0,0,0,0,0,0,0,0,1,2,0,3,0,0,11,3,1,0,0,0,0,7,0,0,0,0,1,4,0,0,10
CHEMBL301608,0,3,0,0,0,0,0,0,0,0,0,0,0,0,0,0,0,0,0,0,1,2,0,3,0,0,11,3,1,0,0,0,0,7,0,0,0,0,1,1,0,0,10
CHEMBL302249,2,8,3,2,1,1,1,0,0,1,0,0,0,0,2,0,0,0,0,0,0,0,0,0,0,0,0,0,5,1,0,0,0,2,0,0,0,1,1,0,1,1,9
CHEMBL302249,2,8,3,2,1,1,1,0,0,1,0,0,0,0,2,0,0,0,0,0,0,0,0,0,0,0,0,0,5,1,0,0,0,2,0,0,0,1,1,0,1,1,9
CHEMBL302305,1,6,3,2,2,0,0,0,0,2,0,0,0,0,2,0,0,0,0,0,0,0,0,0,0,0,0,0,5,2,0,1,1,3,0,0,0,2,1,1,1,2,12
CHEMBL302305,1,6,3,2,2,0,0,0,0,2,0,0,0,0,2,0,0,0,0,0,0,0,0,0,0,0,0,0,5,2,0,1,1,3,0,0,0,2,1,1,1,2,12
CHEMBL302530,1,6,3,2,2,1,0,0,0,2,0,0,0,0,2,0,0,0,0,0,0,0,0,0,0,0,0,0,5,2,0,1,1,3,0,0,0,2,1,1,1,2,11
CHEMBL302530,1,6,3,2,2,1,0,0,0,2,0,0,0,0,2,0,0,0,0,0,0,0,0,0,0,0,0,0,5,2,0,1,1,3,0,0,0,2,1,1,1,2,11
CHEMBL302741,1,8,3,2,1,1,0,0,0,2,0,0,0,0,2,0,0,0,0,0,0,0,0,0,0,0,0,0,5,1,0,0,0,3,0,0,0,2,1,1,1,2,9
CHEMBL302741,1,8,3,2,1,1,0,0,0,2,0,0,0,0,2,0,0,0,0,0,0,0,0,0,0,0,0,0,5,1,0,0,0,3,0,0,0,2,1,1,1,2,9
CHEMBL304222,0,2,3,0,0,0,0,0,0,0,0,0,0,0,0,1,0,0,0,0,0,1,0,1,0,0,12,1,3,0,0,0,0,3,0,0,0,0,1,1,0,0,14
CHEMBL304305,3,10,4,2,1,0,0,0,0,1,0,0,0,0,0,0,0,0,0,0,0,0,0,0,0,0,0,0,5,0,0,0,0,1,0,0,0,1,0,2,0,1,9
CHEMBL304305,3,10,4,2,1,0,0,0,0,1,0,0,0,0,0,0,0,0,0,0,0,0,0,0,0,0,0,0,5,0,0,0,0,1,0,0,0,1,0,2,0,1,9
CHEMBL304515,2,9,3,2,0,0,0,0,0,2,0,0,0,0,2,0,0,0,0,0,0,0,0,0,0,0,0,0,5,1,0,0,0,3,0,0,0,3,1,0,1,2,9
CHEMBL304583,0,2,3,0,0,0,0,0,0,0,0,0,0,0,0,1,0,0,0,0,0,1,0,1,0,0,12,1,3,0,0,0,0,3,0,0,0,0,1,1,0,0,14
CHEMBL304770,3,8,3,2,1,0,0,0,0,1,1,1,0,0,0,0,0,0,0,0,0,0,0,0,0,0,0,0,5,0,0,0,0,4,0,0,0,2,0,2,0,2,10
CHEMBL304770,3,8,3,2,1,0,0,0,0,1,1,1,0,0,0,0,0,0,0,0,0,0,0,0,0,0,0,0,5,0,0,0,0,4,0,0,0,2,0,2,0,2,10
CHEMBL304788,0,1,0,0,0,0,0,1,0,0,0,0,0,0,0,0,2,0,0,0,1,2,0,3,0,0,17,4,1,0,0,0,0,7,0,0,0,0,1,3,0,0,17
CHEMBL304903,0,2,3,0,0,0,0,0,0,0,0,0,0,0,0,0,0,0,0,0,0,1,0,1,0,0,12,1,3,0,0,0,0,2,0,0,0,0,1,1,0,0,14
CHEMBL305205,3,8,4,2,1,0,0,0,0,1,0,0,0,0,0,0,0,0,0,0,0,0,0,0,0,0,0,0,5,0,0,0,0,1,0,0,0,1,0,0,0,1,9
CHEMBL305205,3,8,4,2,1,0,0,0,0,1,0,0,0,0,0,0,0,0,0,0,0,0,0,0,0,0,0,0,5,0,0,0,0,1,0,0,0,1,0,0,0,1,9
CHEMBL305220,0,2,0,0,0,0,0,0,1,0,0,0,0,0,0,0,1,0,0,0,1,1,0,2,0,0,17,4,0,0,0,0,0,12,0,0,0,0,1,8,0,0,18
CHEMBL305483,0,6,1,1,0,0,0,0,1,0,0,2,0,0,0,0,0,0,0,0,0,0,0,0,0,0,6,1,0,0,0,0,0,5,0,0,0,3,0,2,0,0,11
CHEMBL305630,3,12,4,2,1,0,0,0,0,1,0,0,0,0,0,0,0,0,0,0,0,0,0,0,0,0,0,0,5,0,0,0,0,1,0,0,0,1,0,4,0,1,9
CHEMBL305630,3,12,4,2,1,0,0,0,0,1,0,0,0,0,0,0,0,0,0,0,0,0,0,0,0,0,0,0,5,0,0,0,0,1,0,0,0,1,0,4,0,1,9
CHEMBL306022,3,9,4,2,1,1,1,0,0,0,0,0,0,0,0,0,0,0,0,0,0,0,0,0,0,0,0,0,5,0,0,0,0,1,0,0,0,0,0,1,0,0,9
CHEMBL306022,3,9,4,2,1,1,1,0,0,0,0,0,0,0,0,0,0,0,0,0,0,0,0,0,0,0,0,0,5,0,0,0,0,1,0,0,0,0,0,1,0,0,9
CHEMBL307006,3,12,4,2,1,1,1,0,0,0,0,0,0,0,0,0,0,0,0,0,0,0,0,0,0,0,0,0,5,0,0,0,0,1,0,0,0,0,0,4,0,0,9
CHEMBL307006,3,12,4,2,1,1,1,0,0,0,0,0,0,0,0,0,0,0,0,0,0,0,0,0,0,0,0,0,5,0,0,0,0,1,0,0,0,0,0,4,0,0,9
CHEMBL307160,0,0,0,0,0,0,0,0,0,0,0,0,0,2,5,0,0,0,1,0,1,1,1,3,0,0,19,3,2,6,0,0,0,9,2,1,1,0,2,3,0,0,18
CHEMBL307581,2,8,3,2,1,0,0,0,0,1,0,0,0,0,0,0,0,0,0,0,0,0,0,0,0,0,0,0,5,0,0,0,0,3,0,0,0,1,0,1,0,1,9
CHEMBL307581,2,8,3,2,1,0,0,0,0,1,0,0,0,0,0,0,0,0,0,0,0,0,0,0,0,0,0,0,5,0,0,0,0,3,0,0,0,1,0,1,0,1,9
CHEMBL307643,2,8,3,2,1,1,1,0,0,1,0,0,0,0,0,0,0,0,0,0,0,0,0,0,0,0,0,0,5,0,0,0,0,2,0,0,0,1,0,0,0,1,9
CHEMBL307643,2,8,3,2,1,1,1,0,0,1,0,0,0,0,0,0,0,0,0,0,0,0,0,0,0,0,0,0,5,0,0,0,0,2,0,0,0,1,0,0,0,1,9
CHEMBL307690,3,9,4,2,1,0,0,0,0,1,0,0,0,0,0,0,0,0,0,0,0,0,0,0,0,0,0,0,5,0,0,0,0,1,0,0,0,1,0,1,0,1,9
CHEMBL307690,3,9,4,2,1,0,0,0,0,1,0,0,0,0,0,0,0,0,0,0,0,0,0,0,0,0,0,0,5,0,0,0,0,1,0,0,0,1,0,1,0,1,9
CHEMBL307893,0,1,0,0,0,0,0,1,0,1,0,0,0,2,2,4,0,0,0,0,0,0,0,0,0,0,12,1,1,2,0,0,0,7,0,0,0,1,1,1,0,1,14
CHEMBL3084324,0,0,0,0,0,1,0,2,0,0,0,0,0,0,0,0,0,0,0,0,0,1,1,2,0,0,21,2,1,0,0,0,0,9,0,0,0,0,0,5,0,0,20
CHEMBL3084923,3,5,4,1,0,0,0,0,0,0,1,1,0,0,0,0,0,0,0,0,0,1,0,1,0,0,6,1,0,0,0,0,0,5,0,0,0,0,0,4,0,0,12
CHEMBL3084924,1,6,4,0,0,0,0,0,0,0,1,1,0,0,0,0,0,0,0,0,0,1,0,1,0,0,6,1,0,0,0,0,0,5,0,0,0,1,0,4,0,1,11
CHEMBL308537,2,8,3,2,1,0,0,0,0,1,0,0,0,0,0,0,0,0,0,0,0,0,0,0,0,0,0,0,5,0,0,0,0,3,0,0,0,1,0,1,0,1,9
CHEMBL308537,2,8,3,2,1,0,0,0,0,1,0,0,0,0,0,0,0,0,0,0,0,0,0,0,0,0,0,0,5,0,0,0,0,3,0,0,0,1,0,1,0,1,9
CHEMBL3085491,2,4,3,2,2,0,0,0,0,1,0,1,0,0,3,0,0,0,0,0,0,0,0,0,0,0,0,1,5,2,0,1,1,4,0,0,0,1,1,0,2,0,11
CHEMBL308829,1,9,3,2,1,2,1,0,0,0,0,0,0,0,0,0,0,0,0,0,0,0,0,0,0,0,0,0,5,0,0,0,0,2,0,0,0,0,0,1,0,0,8
CHEMBL308829,1,9,3,2,1,2,1,0,0,0,0,0,0,0,0,0,0,0,0,0,0,0,0,0,0,0,0,0,5,0,0,0,0,2,0,0,0,0,0,1,0,0,8
CHEMBL309113,1,8,4,1,1,0,0,0,0,2,0,0,0,0,2,0,0,0,0,0,0,0,0,0,0,0,0,0,5,1,0,0,0,2,0,0,0,2,1,0,1,2,9
CHEMBL309113,1,8,4,1,1,0,0,0,0,2,0,0,0,0,2,0,0,0,0,0,0,0,0,0,0,0,0,0,5,1,0,0,0,2,0,0,0,2,1,0,1,2,9
CHEMBL309490,0,0,0,0,0,0,0,0,0,0,0,0,0,3,3,3,0,0,1,0,0,0,1,1,0,0,16,1,1,3,0,0,0,6,0,0,0,0,1,1,0,0,15
CHEMBL309656,2,9,3,2,1,0,0,0,0,1,1,1,0,0,0,0,0,0,0,0,0,0,0,0,0,0,0,0,5,0,0,0,0,4,0,0,0,2,0,3,0,2,9
CHEMBL309656,2,9,3,2,1,0,0,0,0,1,1,1,0,0,0,0,0,0,0,0,0,0,0,0,0,0,0,0,5,0,0,0,0,4,0,0,0,2,0,3,0,2,9
CHEMBL3099683,0,4,0,0,0,0,0,0,0,0,0,0,1,0,0,0,0,1,0,0,1,1,0,2,0,0,11,2,1,0,2,0,0,6,0,0,0,0,1,1,0,0,11
CHEMBL3099686,0,2,0,0,0,0,0,0,0,0,1,1,1,0,0,0,1,0,0,0,1,1,0,2,0,0,11,2,1,0,2,0,0,9,0,0,0,0,1,3,0,0,12
CHEMBL3099695,0,2,0,0,0,0,0,0,0,0,0,0,1,0,0,0,0,1,0,0,1,1,0,2,0,0,11,2,1,0,2,0,0,6,0,0,0,0,1,1,0,0,11
CHEMBL3099734,0,0,0,0,1,0,0,0,0,1,0,0,0,0,2,0,0,0,0,0,1,1,0,2,0,0,17,2,1,5,0,0,0,6,0,0,0,0,1,2,1,0,20
CHEMBL3099735,0,0,0,0,1,0,0,0,0,1,0,0,0,0,2,0,0,0,0,0,1,1,0,2,0,0,17,2,1,5,0,0,0,6,0,0,0,0,2,2,1,0,20
CHEMBL3105517,0,0,1,0,0,0,0,1,0,1,0,0,0,1,2,0,0,1,0,0,0,0,0,0,0,0,12,1,1,2,0,0,0,3,0,0,0,1,0,1,0,1,14
CHEMBL3105518,0,0,1,0,0,0,0,1,0,1,0,0,0,1,2,0,0,2,0,0,0,0,0,0,0,0,12,1,1,2,0,0,0,3,0,0,0,1,0,1,0,1,14
CHEMBL3105519,0,0,1,0,0,0,0,1,0,1,0,0,0,1,2,0,0,1,0,0,0,0,0,0,0,0,12,1,1,2,0,0,0,3,0,0,0,1,0,1,0,1,14
CHEMBL3105520,0,0,1,0,0,0,0,1,0,1,0,0,0,1,2,0,0,1,0,0,0,0,0,0,0,0,12,1,1,2,0,0,0,3,0,0,0,1,0,1,0,1,14
CHEMBL3105521,0,0,1,0,0,0,0,1,0,1,0,0,0,1,2,0,0,1,0,0,0,0,0,0,0,0,12,1,1,2,0,0,0,3,0,0,0,1,0,1,0,1,14
CHEMBL3105522,0,0,1,0,0,0,0,1,0,1,0,0,0,1,2,0,0,2,0,0,0,0,0,0,0,0,12,1,1,2,0,0,0,3,0,0,0,1,0,1,0,1,14
CHEMBL3105523,0,0,1,0,0,0,0,1,0,1,0,0,0,1,2,0,0,0,0,0,0,0,0,0,0,0,12,1,1,2,0,0,0,3,0,0,0,1,0,2,0,1,15
CHEMBL3105524,0,0,1,0,0,0,0,1,0,1,0,0,0,1,3,0,0,0,0,0,0,0,0,0,0,0,22,1,3,2,0,0,0,5,0,0,0,1,0,3,0,1,24
CHEMBL3105525,0,0,1,0,0,0,0,2,0,1,0,0,0,1,2,0,0,0,0,0,0,0,0,0,0,0,18,1,1,2,0,0,0,7,0,0,0,1,0,4,0,1,20
CHEMBL3105526,0,0,1,0,0,0,0,2,0,1,0,0,0,1,2,0,0,0,0,0,0,1,0,1,0,0,12,2,1,2,0,0,0,7,0,0,0,1,0,2,0,1,13
CHEMBL3105527,0,0,1,0,0,0,0,1,0,1,0,0,0,1,2,0,0,1,0,0,0,1,0,1,0,0,12,2,1,2,0,0,0,5,0,0,0,1,0,1,0,1,13
CHEMBL3105528,0,0,1,0,0,0,0,1,0,1,0,0,0,1,2,0,0,1,0,0,0,1,0,1,0,0,12,2,1,2,0,0,0,5,0,0,0,1,0,1,0,1,13
CHEMBL310735,3,8,4,2,1,0,0,0,0,1,0,0,0,0,0,0,0,0,0,0,0,0,0,0,0,0,0,0,5,0,0,0,0,1,0,0,0,1,0,0,0,1,9
CHEMBL310735,3,8,4,2,1,0,0,0,0,1,0,0,0,0,0,0,0,0,0,0,0,0,0,0,0,0,0,0,5,0,0,0,0,1,0,0,0,1,0,0,0,1,9
CHEMBL311077,3,9,3,2,1,0,0,0,0,0,2,2,0,0,0,0,0,0,0,0,0,0,0,0,0,0,0,0,5,0,0,0,0,6,0,0,0,2,0,5,0,2,10
CHEMBL311400,2,6,3,2,2,1,1,0,0,1,0,0,0,0,2,0,0,0,0,0,0,0,0,0,0,0,0,0,5,2,0,1,1,2,0,0,0,1,1,0,1,1,11
CHEMBL311400,2,6,3,2,2,1,1,0,0,1,0,0,0,0,2,0,0,0,0,0,0,0,0,0,0,0,0,0,5,2,0,1,1,2,0,0,0,1,1,0,1,1,11
CHEMBL31215,0,3,0,0,0,0,0,0,0,0,0,0,1,0,0,0,0,0,0,0,1,1,0,2,0,0,11,2,1,0,2,0,0,6,0,0,0,0,1,1,0,0,11
CHEMBL31224,0,2,0,0,0,0,0,0,0,0,0,0,1,0,0,0,0,0,0,0,1,1,0,2,0,0,11,2,1,4,2,0,0,6,0,0,0,0,0,1,0,0,12
CHEMBL312960,2,6,0,1,0,0,0,0,0,0,0,2,0,0,0,0,0,0,0,0,0,1,0,1,0,0,6,2,0,0,0,0,0,7,0,0,0,1,0,6,0,1,9
CHEMBL3132924,0,0,0,0,1,0,0,3,0,0,0,0,0,0,0,0,0,0,0,0,0,0,0,0,0,0,12,0,0,4,0,1,1,6,0,0,0,0,0,5,0,0,14
CHEMBL3134107,0,1,1,0,1,0,0,2,0,1,0,0,0,4,5,4,0,0,0,0,0,0,0,0,0,0,24,1,1,7,0,1,1,10,0,0,0,1,2,7,1,0,30
CHEMBL3134108,0,1,1,0,1,0,0,2,0,1,0,0,0,4,5,4,0,0,0,0,0,0,0,0,0,0,24,1,1,7,0,1,1,10,0,0,0,1,2,7,1,0,30
CHEMBL3134109,0,1,0,0,0,1,1,2,0,0,0,0,0,2,2,1,0,0,0,0,0,0,0,0,0,0,12,1,1,2,0,0,0,7,0,0,0,0,1,3,0,0,15
CHEMBL3134110,1,1,0,0,0,1,1,3,0,0,0,0,0,2,2,0,0,0,0,0,0,0,0,0,0,0,12,1,1,2,0,0,0,8,0,0,0,0,0,4,0,0,15
CHEMBL3134111,2,1,0,0,0,1,1,3,0,0,0,0,0,0,0,0,0,0,0,0,0,0,0,0,0,0,12,1,1,0,0,0,0,7,0,0,0,0,0,3,0,0,14
CHEMBL3134112,0,1,0,0,0,0,0,2,0,0,0,0,0,2,2,1,0,0,0,0,0,0,0,0,0,0,12,1,1,2,0,0,0,8,0,0,0,0,1,4,0,0,15
CHEMBL3134113,1,1,0,0,0,1,1,2,0,0,0,0,0,2,2,1,0,0,0,0,0,0,0,0,0,0,12,1,1,2,0,0,0,7,0,0,0,0,1,3,0,0,15
CHEMBL3134114,1,1,0,0,0,0,0,2,0,0,0,0,0,2,2,1,0,0,0,0,0,0,0,0,0,0,12,1,1,2,0,0,0,8,0,0,0,0,1,4,0,0,15
CHEMBL3134115,1,1,0,0,0,0,0,2,0,1,0,0,0,2,2,1,0,0,0,0,0,0,0,0,0,0,12,1,1,2,0,0,0,6,0,0,0,1,1,2,0,1,14
CHEMBL3134228,0,0,1,0,0,0,0,2,1,0,0,0,0,0,0,1,0,0,0,0,0,0,0,0,0,0,12,2,5,0,0,0,0,7,0,0,0,0,0,1,0,0,15
CHEMBL313485,1,8,0,1,0,0,0,0,0,0,0,2,0,0,0,0,0,0,0,0,0,1,0,1,0,0,6,2,0,0,0,0,0,6,0,0,0,3,0,7,0,0,9
CHEMBL313774,0,2,0,0,1,0,0,0,0,1,0,0,0,0,4,1,0,0,0,0,0,1,0,1,0,0,12,1,1,5,0,0,0,4,0,0,0,0,2,1,1,0,14
CHEMBL314125,2,8,0,1,0,0,0,0,0,0,0,2,0,0,0,0,0,0,0,0,0,1,0,1,0,0,6,2,0,0,0,0,0,7,0,0,0,1,0,8,0,1,9
CHEMBL314351,2,4,0,1,0,0,0,0,0,0,0,2,0,0,0,0,0,0,0,0,0,1,0,1,0,0,6,2,0,0,0,0,0,7,0,0,0,1,0,4,0,1,9
CHEMBL31456,0,0,0,0,0,0,0,0,0,0,0,1,1,0,0,0,0,0,0,0,1,1,0,2,0,0,17,2,0,6,2,0,0,8,0,0,0,0,0,3,0,0,17
CHEMBL314774,0,0,0,0,1,0,0,3,0,0,0,0,0,0,0,0,0,0,0,0,0,0,0,0,0,0,12,0,0,6,0,1,1,7,2,1,1,0,0,6,0,0,15
CHEMBL314991,1,3,0,1,0,0,0,0,0,0,0,2,0,0,0,0,0,0,0,0,0,1,0,1,0,0,6,2,0,0,0,0,0,7,0,0,0,1,0,2,0,1,9
CHEMBL316262,2,7,0,1,0,0,0,0,0,0,0,2,0,0,0,0,0,0,0,0,0,1,0,1,0,0,6,2,0,0,0,0,0,7,0,0,0,1,0,7,0,1,9
CHEMBL317221,0,0,0,0,1,0,0,1,0,1,0,0,0,2,3,2,0,0,0,0,0,0,0,0,0,0,12,0,0,5,0,1,1,5,0,0,0,1,1,4,1,0,15
CHEMBL317581,0,0,0,0,0,0,0,0,0,0,0,0,0,0,0,0,3,0,0,0,1,0,0,1,0,0,17,1,0,0,0,0,0,5,0,0,0,0,0,6,0,0,18
CHEMBL31760,0,0,0,0,0,0,0,0,0,0,0,0,1,0,0,0,0,0,0,0,1,1,0,2,0,0,11,2,0,4,2,0,0,6,0,0,0,0,0,2,0,0,11
CHEMBL317935,1,0,0,0,1,0,0,0,1,0,0,1,0,0,1,0,0,0,0,0,0,0,0,0,0,0,12,2,0,3,0,1,1,8,0,0,0,2,0,6,1,0,18
CHEMBL319026,3,3,3,1,0,0,0,0,0,0,1,1,0,0,0,0,0,0,0,0,0,1,0,1,0,0,6,1,0,0,0,0,0,5,0,0,0,1,1,4,0,1,11
CHEMBL319108,2,9,3,2,1,0,0,0,0,2,0,0,0,0,2,0,0,0,0,0,0,0,0,0,0,0,0,0,5,1,0,0,0,2,0,0,0,2,1,1,1,2,9
CHEMBL319160,1,0,0,0,0,0,0,1,1,0,0,1,0,0,0,0,2,0,0,0,1,1,0,2,0,0,17,6,0,0,0,0,0,18,0,0,0,1,1,8,0,1,21
CHEMBL319961,2,7,3,2,1,0,0,0,0,2,0,0,0,0,2,0,0,0,0,0,0,0,0,0,0,0,6,0,5,1,0,0,0,4,0,0,0,2,1,2,1,2,16
CHEMBL321729,1,5,1,0,0,0,0,0,0,0,1,1,0,0,0,0,0,0,0,0,0,1,0,1,0,0,6,1,0,0,0,0,0,5,0,0,0,1,1,4,0,1,8
CHEMBL3219070,0,0,0,0,0,0,0,0,0,0,0,0,0,2,4,0,0,0,1,1,1,1,0,3,0,0,19,3,2,4,0,0,0,8,0,0,0,0,2,2,0,0,18
CHEMBL3219071,0,0,0,0,0,0,0,0,0,0,0,0,0,2,4,0,0,0,1,1,1,1,0,3,0,0,19,3,2,4,0,0,0,8,0,0,0,0,2,2,0,0,18
CHEMBL3219600,0,2,0,0,1,0,0,1,0,1,0,0,0,0,4,0,0,0,0,1,0,1,0,2,0,0,11,2,1,5,0,0,0,7,0,0,0,1,2,2,1,0,13
CHEMBL3221175,2,0,0,0,0,0,0,0,0,0,0,1,0,1,3,2,0,0,0,0,0,0,0,0,0,0,12,2,2,2,0,0,0,7,0,0,0,0,1,0,0,0,13
CHEMBL322322,0,0,0,0,0,0,0,0,0,0,0,0,1,0,0,0,1,0,0,0,1,2,0,3,0,0,17,3,0,0,2,0,0,8,0,0,0,3,0,6,0,0,17
CHEMBL323197,4,2,0,0,2,0,0,1,0,0,0,0,0,3,5,3,0,0,1,0,0,0,1,1,0,0,14,1,2,4,0,0,0,8,0,0,0,0,1,5,0,0,17
CHEMBL323546,0,1,0,0,0,0,0,0,0,0,1,1,0,0,0,0,0,0,0,0,0,1,0,1,0,0,12,1,0,0,0,0,0,5,0,0,0,1,1,4,0,1,12
CHEMBL323585,2,2,1,0,0,0,0,0,0,0,1,1,0,0,0,0,0,0,0,0,0,1,0,1,0,0,6,1,0,0,0,0,0,5,0,0,0,1,1,6,0,1,7
CHEMBL324070,1,0,0,0,0,0,0,0,0,0,0,0,0,0,0,0,0,0,0,0,2,1,0,3,1,1,26,3,1,8,0,0,0,8,0,0,0,0,1,5,0,0,27
CHEMBL324290,0,0,0,0,1,0,0,2,1,0,0,0,0,0,0,0,0,0,0,0,0,0,0,0,0,0,12,0,0,4,0,1,1,5,0,0,0,0,0,4,0,0,14
CHEMBL324326,0,0,0,0,0,0,0,0,0,0,0,0,1,0,0,0,0,0,0,0,2,1,0,3,0,0,20,3,1,0,2,0,0,9,0,0,0,0,1,4,0,0,19
CHEMBL3245348,3,9,3,2,1,0,0,0,0,2,0,0,0,0,2,0,0,0,0,0,0,0,0,0,0,0,0,0,5,1,0,0,0,4,0,0,0,2,1,4,1,2,10
CHEMBL3245348,3,9,3,2,1,0,0,0,0,2,0,0,0,0,2,0,0,0,0,0,0,0,0,0,0,0,0,0,5,1,0,0,0,4,0,0,0,2,1,4,1,2,10
CHEMBL3245349,2,7,3,2,1,0,0,0,0,2,0,0,0,0,2,0,0,0,0,0,0,0,0,0,0,0,6,0,5,1,0,0,0,4,0,0,0,2,1,2,1,2,16
CHEMBL3245350,2,7,3,2,1,0,0,0,0,2,0,0,0,0,2,0,0,0,0,0,0,0,0,0,0,0,6,0,5,1,0,0,0,4,0,0,0,2,1,3,1,2,16
CHEMBL3245350,2,7,3,2,1,0,0,0,0,2,0,0,0,0,2,0,0,0,0,0,0,0,0,0,0,0,6,0,5,1,0,0,0,4,0,0,0,2,1,3,1,2,16
CHEMBL3245353,2,8,3,2,1,0,0,0,0,2,0,0,0,0,2,0,0,0,0,0,0,0,0,0,0,0,6,0,5,1,0,0,0,4,0,0,0,2,1,4,1,2,16
CHEMBL3245353,2,8,3,2,1,0,0,0,0,2,0,0,0,0,2,0,0,0,0,0,0,0,0,0,0,0,6,0,5,1,0,0,0,4,0,0,0,2,1,4,1,2,16
CHEMBL3245356,2,7,3,2,1,0,0,1,0,2,0,0,0,0,2,0,0,0,0,0,0,0,0,0,0,0,6,0,5,1,0,0,0,6,0,0,0,2,1,4,1,2,16
CHEMBL3245356,2,7,3,2,1,0,0,1,0,2,0,0,0,0,2,0,0,0,0,0,0,0,0,0,0,0,6,0,5,1,0,0,0,6,0,0,0,2,1,4,1,2,16
CHEMBL3245357,2,7,3,2,1,0,0,0,1,2,0,0,0,0,2,0,0,0,0,0,0,0,0,0,0,0,6,0,5,1,0,0,0,5,0,0,0,2,1,2,1,2,16
CHEMBL3245357,2,7,3,2,1,0,0,0,1,2,0,0,0,0,2,0,0,0,0,0,0,0,0,0,0,0,6,0,5,1,0,0,0,5,0,0,0,2,1,2,1,2,16
CHEMBL325346,0,0,0,0,0,0,0,0,0,0,0,0,1,0,0,0,0,0,0,0,1,2,0,3,0,0,17,3,0,0,2,0,0,8,0,0,0,3,0,6,0,0,17
CHEMBL325461,1,6,3,1,0,0,0,0,0,0,1,1,0,0,0,0,0,0,0,0,0,1,0,1,0,0,6,1,0,0,0,0,0,5,0,0,0,0,0,4,0,0,11
CHEMBL32571,0,1,0,0,0,0,0,1,0,1,0,0,0,2,2,3,0,0,0,0,0,0,0,0,0,0,12,1,1,2,0,0,0,6,0,0,0,1,1,1,0,1,14
CHEMBL3264672,1,1,0,0,0,0,0,1,0,1,0,0,0,1,2,0,0,0,0,0,1,2,0,3,1,1,23,4,1,6,0,0,0,9,0,0,0,1,1,7,0,1,24
CHEMBL3264675,0,1,0,0,0,0,0,1,0,0,0,1,0,1,1,0,0,0,1,0,1,2,1,4,1,1,27,5,2,6,0,0,0,11,0,0,0,0,1,6,0,0,26
CHEMBL3264679,1,1,0,0,0,0,0,3,0,0,0,0,0,0,0,0,0,0,0,0,1,2,0,3,1,1,23,4,1,4,0,0,0,12,0,0,0,0,1,8,0,0,23
CHEMBL3264681,1,1,0,0,0,0,0,3,0,1,0,0,0,1,2,0,0,0,0,0,1,2,0,3,1,1,23,4,1,6,0,0,0,13,0,0,0,1,1,9,0,1,24
CHEMBL3264682,0,1,0,0,0,0,0,3,0,0,1,1,0,1,2,0,0,0,0,0,1,2,0,3,1,1,23,4,1,6,0,0,0,15,0,0,0,0,1,10,0,0,24
CHEMBL3264684,0,1,0,0,0,0,0,3,0,0,0,0,0,0,0,0,0,0,0,0,1,2,0,3,1,1,23,4,1,6,0,0,0,13,2,1,1,0,1,9,0,0,24
CHEMBL3264685,0,1,0,0,0,0,0,4,0,0,0,0,0,0,2,0,0,0,0,0,1,2,0,3,1,1,23,4,1,6,0,0,0,15,0,0,0,0,1,10,0,0,24
CHEMBL327239,2,3,0,1,0,0,0,0,0,0,0,2,0,0,0,0,0,0,0,0,0,1,0,1,0,0,6,2,0,0,0,0,0,7,0,0,0,1,0,3,0,1,9
CHEMBL328217,0,2,0,0,1,0,0,1,0,1,0,0,0,0,4,0,0,0,0,0,0,1,0,1,0,0,12,1,1,5,0,0,0,5,0,0,0,0,2,2,1,0,14
CHEMBL328546,2,5,0,1,0,0,0,0,0,0,0,2,0,0,0,0,0,0,0,0,0,1,0,1,0,0,6,2,0,0,0,0,0,7,0,0,0,1,0,5,0,1,9
CHEMBL328863,1,0,0,0,0,0,0,1,1,0,0,1,0,0,0,0,2,0,0,0,1,1,0,2,0,0,17,6,0,0,0,0,0,18,0,0,0,1,1,8,0,1,21
CHEMBL329500,0,0,0,0,0,0,0,0,0,0,0,0,0,2,3,1,0,0,1,0,0,0,1,1,0,0,20,1,3,3,0,0,0,4,0,0,0,0,0,1,0,0,19
CHEMBL330452,1,3,0,1,0,0,0,0,0,0,0,2,0,0,0,0,0,0,0,0,0,1,0,1,0,0,6,2,0,0,0,0,0,6,0,0,0,3,0,2,0,0,9
CHEMBL3313969,2,2,0,0,0,0,0,0,0,0,0,0,0,0,0,0,0,1,0,0,1,3,0,4,0,0,17,4,3,0,0,0,0,7,0,0,0,0,3,1,0,0,14
CHEMBL3315157,2,5,1,2,0,2,0,0,0,1,0,0,0,0,2,0,0,0,0,0,0,0,1,1,0,0,5,1,5,1,0,0,0,6,0,0,0,2,1,1,1,1,11
CHEMBL331522,2,9,1,1,0,0,0,0,0,0,0,2,0,0,0,0,0,0,0,0,0,1,0,1,0,0,6,2,0,0,0,0,0,6,0,0,0,3,0,9,0,0,10
CHEMBL3326515,1,0,0,0,0,0,0,0,0,0,1,1,0,1,1,0,0,0,0,0,1,2,0,3,0,0,17,3,0,2,0,0,0,6,0,0,0,0,1,6,0,0,16
CHEMBL3326516,1,0,0,0,0,0,0,0,0,0,1,1,0,1,1,0,0,0,0,0,1,2,0,3,0,0,17,3,0,2,0,0,0,6,0,0,0,0,1,6,0,0,16
CHEMBL3326517,1,0,0,0,0,0,0,0,0,0,1,1,0,1,1,0,0,0,0,0,1,2,0,3,0,0,17,3,0,2,0,0,0,6,0,0,0,0,1,6,0,0,16
CHEMBL3326518,2,0,0,0,0,0,0,0,0,0,1,1,0,1,1,0,0,0,0,0,1,2,0,3,0,0,17,3,0,2,0,0,0,6,0,0,0,0,1,6,0,0,16
CHEMBL3326519,1,0,0,0,0,0,0,0,0,0,1,1,0,1,1,0,0,0,0,0,1,2,0,3,0,0,17,5,1,2,0,0,0,10,0,0,0,0,1,6,0,0,16
CHEMBL3326520,1,0,0,0,0,0,0,0,0,0,1,1,0,1,1,0,1,0,0,0,1,2,0,3,0,0,17,3,0,2,0,0,0,6,0,0,0,0,1,6,0,0,16
CHEMBL3326521,1,0,0,0,0,0,0,0,0,0,1,1,0,1,1,0,1,0,0,0,1,2,0,3,0,0,17,3,0,2,0,0,0,6,0,0,0,0,1,6,0,0,16
CHEMBL3326522,1,0,0,0,0,0,0,0,0,0,1,1,0,1,1,0,0,0,0,0,1,2,0,3,0,0,17,3,0,2,0,0,0,6,0,0,0,0,1,6,0,0,16
CHEMBL333185,2,5,1,1,0,0,0,0,0,0,0,2,0,0,0,0,0,0,0,0,0,1,0,1,0,0,6,2,0,0,0,0,0,6,0,0,0,3,0,5,0,0,10
CHEMBL334391,2,8,3,2,0,0,0,0,0,2,0,0,0,0,2,0,0,0,0,0,0,0,0,0,0,0,6,0,5,1,0,0,0,4,0,0,0,2,1,2,1,2,15
CHEMBL3349548,2,5,3,2,2,0,0,0,1,2,0,0,0,0,3,0,0,0,0,0,0,0,0,0,0,0,6,0,5,2,0,1,1,5,0,0,0,2,1,2,2,1,18
CHEMBL3349549,2,9,4,2,1,0,0,0,0,2,0,0,0,0,2,0,0,0,0,0,0,0,0,0,0,0,6,0,5,1,0,0,0,2,0,0,0,2,1,3,1,2,16
CHEMBL3349549,2,9,4,2,1,0,0,0,0,2,0,0,0,0,2,0,0,0,0,0,0,0,0,0,0,0,6,0,5,1,0,0,0,2,0,0,0,2,1,3,1,2,16
CHEMBL3349550,2,8,4,2,1,0,0,0,0,2,0,0,0,0,2,0,0,0,0,0,0,0,0,0,0,0,6,0,5,1,0,0,0,2,0,0,0,2,1,2,1,2,16
CHEMBL3349550,2,8,4,2,1,0,0,0,0,2,0,0,0,0,2,0,0,0,0,0,0,0,0,0,0,0,6,0,5,1,0,0,0,2,0,0,0,2,1,2,1,2,16
CHEMBL334958,0,0,0,0,0,0,0,0,0,0,0,0,0,0,0,0,2,0,0,0,0,1,0,1,0,0,18,1,0,0,0,0,0,2,0,0,0,0,0,3,0,0,18
CHEMBL3349655,2,9,4,2,1,0,0,0,0,2,0,0,0,0,2,0,0,0,0,0,0,0,0,0,0,0,6,0,5,1,0,0,0,2,0,0,0,2,1,3,1,2,16
CHEMBL3349655,2,9,4,2,1,0,0,0,0,2,0,0,0,0,2,0,0,0,0,0,0,0,0,0,0,0,6,0,5,1,0,0,0,2,0,0,0,2,1,3,1,2,16
CHEMBL3349656,2,8,4,2,1,0,0,0,0,2,0,0,0,0,2,0,0,0,0,0,0,0,0,0,0,0,6,0,5,1,0,0,0,2,0,0,0,2,1,2,1,2,16
CHEMBL3349656,2,8,4,2,1,0,0,0,0,2,0,0,0,0,2,0,0,0,0,0,0,0,0,0,0,0,6,0,5,1,0,0,0,2,0,0,0,2,1,2,1,2,16
CHEMBL3349657,2,10,4,2,1,0,0,0,0,2,0,0,0,0,2,0,0,0,0,0,0,0,0,0,0,0,6,0,5,1,0,0,0,2,0,0,0,2,1,4,1,2,16
CHEMBL3349657,2,10,4,2,1,0,0,0,0,2,0,0,0,0,2,0,0,0,0,0,0,0,0,0,0,0,6,0,5,1,0,0,0,2,0,0,0,2,1,4,1,2,16
CHEMBL3349658,2,8,4,2,1,1,1,0,0,1,0,0,0,0,2,0,0,0,0,0,0,0,0,0,0,0,6,0,5,1,0,0,0,2,0,0,0,1,1,2,1,1,16
CHEMBL3349658,2,8,4,2,1,1,1,0,0,1,0,0,0,0,2,0,0,0,0,0,0,0,0,0,0,0,6,0,5,1,0,0,0,2,0,0,0,1,1,2,1,1,16
CHEMBL3349659,2,9,4,2,1,1,1,0,0,1,0,0,0,0,2,0,0,0,0,0,0,0,0,0,0,0,6,0,5,1,0,0,0,2,0,0,0,1,1,3,1,1,16
CHEMBL3349659,2,9,4,2,1,1,1,0,0,1,0,0,0,0,2,0,0,0,0,0,0,0,0,0,0,0,6,0,5,1,0,0,0,2,0,0,0,1,1,3,1,1,16
CHEMBL3349856,2,8,3,2,1,1,1,0,0,1,0,0,0,0,0,0,0,0,0,0,0,0,0,0,0,0,0,0,5,0,0,0,0,2,0,0,0,1,0,0,0,1,9
CHEMBL3349856,2,8,3,2,1,1,1,0,0,1,0,0,0,0,0,0,0,0,0,0,0,0,0,0,0,0,0,0,5,0,0,0,0,2,0,0,0,1,0,0,0,1,9
CHEMBL3349864,2,8,3,2,1,1,1,0,0,1,0,0,0,0,0,0,0,0,0,0,0,0,0,0,0,0,0,0,5,0,0,0,0,2,0,0,0,1,0,0,0,1,9
CHEMBL3349864,2,8,3,2,1,1,1,0,0,1,0,0,0,0,0,0,0,0,0,0,0,0,0,0,0,0,0,0,5,0,0,0,0,2,0,0,0,1,0,0,0,1,9
CHEMBL334999,0,0,0,0,0,1,0,0,0,0,0,0,0,0,0,0,2,0,0,1,0,1,0,2,0,0,17,2,0,0,0,0,0,3,0,0,0,0,2,3,0,0,17
CHEMBL3350384,1,1,0,0,1,0,0,1,1,0,0,0,0,0,0,1,0,0,0,0,0,0,0,0,0,0,18,0,0,6,0,0,0,4,0,0,0,0,0,7,0,0,20
CHEMBL3350384,1,1,0,0,1,0,0,1,1,0,0,0,0,0,0,1,0,0,0,0,0,0,0,0,0,0,18,0,0,6,0,0,0,4,0,0,0,0,0,7,0,0,20
CHEMBL335050,1,0,0,0,0,0,0,1,0,0,0,0,0,0,0,0,0,0,0,0,1,1,0,2,0,0,17,2,0,0,0,0,0,7,0,0,0,0,1,4,0,0,17
CHEMBL335215,0,0,0,0,0,0,0,0,0,0,0,0,0,0,0,0,2,0,0,0,1,1,0,2,0,0,17,2,0,0,0,0,0,5,0,0,0,0,1,3,0,0,17
CHEMBL335408,2,7,3,2,0,0,0,0,0,2,0,0,0,0,2,0,0,0,0,0,0,0,0,0,0,0,12,0,5,1,0,0,0,6,0,0,0,2,1,4,1,2,22
CHEMBL335836,0,0,0,0,0,1,0,0,0,0,0,0,0,0,0,0,2,0,0,0,0,1,0,1,0,0,18,1,0,0,0,0,0,3,0,0,0,0,0,3,0,0,18
CHEMBL3359952,0,0,0,0,0,0,0,2,0,0,0,1,0,0,2,0,0,0,1,0,1,1,1,3,0,0,21,3,1,2,0,0,0,12,0,0,0,0,2,6,0,0,19
CHEMBL3359953,0,0,0,0,0,0,0,1,0,0,0,1,0,0,2,0,0,0,1,0,1,1,1,3,0,0,21,3,1,4,0,0,0,11,2,1,1,0,2,6,0,0,20
CHEMBL3359954,1,1,0,0,0,0,0,2,0,0,0,1,0,0,2,0,0,0,1,0,1,1,1,3,0,0,21,3,1,2,0,0,0,12,0,0,0,0,2,8,0,0,19
CHEMBL3359955,2,0,0,0,0,0,0,2,0,0,0,1,0,0,2,0,0,0,1,0,1,1,1,3,0,0,21,3,1,2,0,0,0,12,0,0,0,0,2,7,0,0,20
CHEMBL3359956,0,1,0,0,0,0,0,1,0,0,0,1,0,0,2,0,0,0,1,0,1,1,1,3,0,0,21,3,1,2,0,0,0,10,0,0,0,0,2,6,0,0,19
CHEMBL3359957,0,0,0,0,0,0,0,3,0,0,0,1,0,0,2,0,0,0,1,0,1,1,1,3,0,0,21,3,1,2,0,0,0,14,0,0,0,0,2,7,0,0,19
CHEMBL3359958,0,0,0,0,0,0,0,4,0,0,0,1,0,0,2,0,0,0,1,0,1,1,1,3,0,0,21,3,1,2,0,0,0,16,0,0,0,0,2,8,0,0,19
CHEMBL3359959,0,0,0,0,0,0,0,1,0,1,0,0,0,0,2,0,0,0,0,0,1,1,0,2,0,0,17,2,0,2,0,0,0,8,0,0,0,1,1,6,0,0,17
CHEMBL3359960,0,0,0,0,0,0,0,1,0,1,0,0,0,0,2,0,0,0,0,0,1,1,0,2,0,0,17,2,0,2,0,0,0,8,0,0,0,1,1,6,0,0,17
CHEMBL3359961,0,0,0,0,0,0,0,1,0,1,0,0,0,0,2,0,0,0,0,0,1,1,0,2,0,0,17,2,0,2,0,0,0,10,0,0,0,1,1,8,0,0,18
CHEMBL3359962,0,0,0,0,0,0,0,1,0,1,0,0,0,0,2,0,0,0,0,0,1,1,0,2,0,0,17,2,0,4,0,0,0,9,2,1,1,1,1,7,0,0,18
CHEMBL3359963,0,0,0,0,0,0,0,1,0,1,0,0,1,0,2,0,0,0,0,0,1,1,0,2,0,0,17,2,0,2,2,0,0,9,0,0,0,1,1,6,0,0,17
CHEMBL3359964,0,0,0,0,0,0,0,1,0,1,0,0,0,0,2,0,0,0,0,0,1,1,0,2,0,0,17,2,0,2,0,0,0,10,0,0,0,1,1,8,0,0,18
CHEMBL3359965,0,0,0,0,0,0,0,1,0,1,0,0,0,0,2,0,0,0,0,0,1,2,0,3,0,0,17,3,0,2,0,0,0,10,0,0,0,1,1,6,0,0,16
CHEMBL336102,4,3,4,1,0,0,0,0,0,0,1,1,0,0,0,0,0,0,0,0,0,1,0,1,0,0,6,1,0,0,0,0,0,5,0,0,0,1,1,5,0,1,12
CHEMBL336383,2,7,3,2,0,0,0,0,0,2,0,0,0,0,2,0,0,0,0,0,1,1,0,2,0,0,11,2,7,4,0,0,0,6,2,1,1,2,1,3,0,2,18
CHEMBL336387,2,8,3,2,0,0,0,0,0,2,0,0,0,0,2,0,0,0,0,0,0,0,0,0,0,0,6,0,5,1,0,0,0,4,0,0,0,2,1,2,1,2,15
CHEMBL336387,2,8,3,2,0,0,0,0,0,2,0,0,0,0,2,0,0,0,0,0,0,0,0,0,0,0,6,0,5,1,0,0,0,4,0,0,0,2,1,2,1,2,15
CHEMBL336616,0,0,0,0,0,1,0,0,0,0,0,0,0,0,0,0,2,0,0,0,0,2,0,2,0,0,18,2,0,0,0,0,0,5,0,0,0,0,0,3,0,0,17
CHEMBL336638,0,0,0,0,0,0,0,0,0,0,0,0,0,0,0,0,0,0,0,0,1,1,0,2,0,0,17,2,0,0,0,0,0,5,0,0,0,0,1,3,0,0,17
CHEMBL336708,0,0,0,0,0,0,0,0,0,0,0,0,0,0,0,0,2,0,0,1,1,2,0,4,0,0,22,4,0,0,0,0,0,7,0,0,0,0,2,4,0,0,21
CHEMBL337251,5,2,3,2,0,0,0,0,0,0,1,1,0,0,0,0,0,0,0,0,0,1,0,1,0,0,6,1,0,0,0,0,0,5,0,0,0,0,0,4,0,0,12
CHEMBL337750,0,0,0,0,0,1,0,0,0,0,0,0,0,0,0,0,1,0,0,0,0,1,0,1,0,0,18,1,0,0,0,0,0,3,0,0,0,0,0,4,0,0,19
CHEMBL338746,2,15,1,1,0,0,0,0,0,0,0,2,0,0,0,0,0,0,0,0,0,1,0,1,0,0,6,2,0,0,0,0,0,6,0,0,0,3,0,15,0,0,10
CHEMBL3401050,2,8,3,2,1,0,0,0,0,1,0,0,2,0,2,0,0,0,0,0,0,0,0,0,0,0,0,0,3,1,0,0,0,3,0,0,0,1,1,2,1,3,8
CHEMBL3401429,0,1,0,0,0,0,0,2,0,1,0,0,0,1,2,2,0,0,0,0,0,0,0,0,0,0,12,1,1,2,0,0,0,7,0,0,0,1,0,2,0,1,14
CHEMBL3407536,2,5,3,2,2,0,0,0,0,2,0,0,0,0,3,0,0,0,0,0,0,0,0,0,0,0,0,1,5,2,0,1,1,4,0,0,0,2,0,0,2,1,12
CHEMBL3407537,2,5,3,2,2,0,0,0,0,2,0,0,0,0,2,0,0,0,0,0,0,0,0,0,0,0,0,1,7,2,0,0,0,4,0,0,0,2,0,0,1,1,12
CHEMBL3407538,2,5,3,2,3,1,1,0,0,1,0,0,0,0,3,0,0,0,0,0,0,0,0,0,0,0,0,0,5,3,0,1,1,2,0,0,0,1,0,0,2,0,12
CHEMBL3407539,2,4,3,2,3,1,0,0,0,2,0,0,0,0,3,0,0,0,0,0,0,0,0,0,0,0,0,0,5,3,0,1,1,3,0,0,0,2,0,1,2,1,13
CHEMBL341386,0,0,0,0,0,0,0,0,0,0,0,0,0,0,0,0,2,0,0,0,1,2,0,3,0,0,17,3,0,0,0,0,0,5,0,0,0,0,1,3,0,0,16
CHEMBL3415152,0,2,0,0,0,0,0,0,0,0,0,0,0,0,0,0,0,1,0,0,1,3,0,4,0,0,17,4,3,0,0,0,0,7,0,0,0,0,1,1,0,0,14
CHEMBL3415153,0,2,0,0,0,0,0,0,0,0,0,0,0,0,0,0,0,1,0,0,1,3,0,4,0,0,17,4,3,0,0,0,0,7,0,0,0,0,1,1,0,0,14
CHEMBL3415154,1,2,0,0,0,0,0,0,0,0,0,0,0,0,0,0,0,1,0,0,1,3,0,4,0,0,17,4,3,0,0,0,0,7,0,0,0,0,2,1,0,0,14
CHEMBL3415155,1,2,0,0,0,0,0,0,0,0,0,0,0,0,0,0,0,1,0,0,1,3,0,4,0,0,17,4,3,0,0,0,0,7,0,0,0,0,2,1,0,0,14
CHEMBL3415156,1,3,0,0,0,0,0,0,0,0,0,0,0,0,0,0,0,1,0,0,1,3,0,4,0,0,17,4,3,0,0,0,0,7,0,0,0,0,2,2,0,0,14
CHEMBL3415157,1,3,0,0,0,0,0,0,0,0,0,0,0,0,0,0,0,1,0,0,1,3,0,4,0,0,17,4,3,0,0,0,0,7,0,0,0,0,2,2,0,0,14
CHEMBL3415158,2,2,1,0,0,0,0,0,0,0,0,0,0,0,0,0,0,1,0,0,1,3,0,4,0,0,17,4,3,0,0,0,0,7,0,0,0,0,2,2,0,0,15
CHEMBL3415159,2,2,1,0,0,0,0,0,0,0,0,0,0,0,0,0,0,1,0,0,1,3,0,4,0,0,17,4,3,0,0,0,0,7,0,0,0,0,2,2,0,0,15
CHEMBL3415160,0,2,0,0,0,0,0,0,0,0,0,0,0,0,0,0,0,1,0,0,1,3,0,4,0,0,23,4,3,0,0,0,0,7,0,0,0,0,1,2,0,0,20
CHEMBL3415161,0,2,0,0,0,0,0,0,0,0,0,0,0,0,0,0,0,1,0,0,1,3,0,4,0,0,23,4,3,0,0,0,0,7,0,0,0,0,1,2,0,0,20
CHEMBL3415162,0,3,0,0,0,0,0,0,0,0,0,0,0,0,0,0,0,1,0,0,1,3,0,4,0,0,23,4,3,0,0,0,0,7,0,0,0,0,2,3,0,0,20
CHEMBL3415163,0,2,0,0,0,0,0,0,0,1,0,0,0,0,2,0,0,1,0,0,1,3,0,4,0,0,23,4,3,4,0,0,0,8,0,0,0,0,1,3,0,0,21
CHEMBL3415164,0,2,0,0,0,0,0,0,0,0,0,0,0,0,0,0,0,1,0,0,1,4,0,5,0,0,23,5,3,0,0,0,0,9,0,0,0,0,1,2,0,0,19
CHEMBL3415165,0,2,0,0,0,0,0,0,0,0,0,0,0,0,0,0,0,1,0,0,1,4,0,5,0,0,23,5,3,0,0,0,0,9,0,0,0,0,1,2,0,0,19
CHEMBL3415166,1,2,0,0,0,0,0,1,0,0,0,0,0,0,0,0,0,1,0,0,1,3,0,4,0,0,17,4,3,0,0,0,0,9,0,0,0,0,2,2,0,0,14
CHEMBL3415167,2,2,0,0,0,1,1,0,0,0,0,0,0,0,0,0,0,1,0,0,1,3,0,4,0,0,17,4,3,0,0,0,0,8,0,0,0,0,2,2,0,0,15
CHEMBL3415168,2,2,0,0,0,0,0,0,0,1,0,0,0,1,1,0,0,1,0,0,1,3,0,4,0,0,17,4,3,2,0,0,0,8,0,0,0,1,2,2,0,1,15
CHEMBL3415169,1,2,0,0,0,0,0,0,0,0,0,0,0,0,0,0,0,1,0,0,1,3,0,4,0,0,17,4,3,0,0,0,0,7,0,0,0,0,2,2,0,0,15
CHEMBL3415170,1,2,0,0,0,0,0,0,0,0,0,0,1,0,0,0,0,1,0,0,1,3,0,4,0,0,17,4,3,0,2,0,0,8,0,0,0,0,2,1,0,0,14
CHEMBL3415171,1,2,0,0,0,0,0,0,0,0,0,0,0,0,0,0,0,1,0,0,1,3,0,4,0,0,23,4,3,0,0,0,0,7,0,0,0,0,2,2,0,0,20
CHEMBL3415172,1,2,0,0,0,0,0,0,0,0,0,0,0,0,0,0,0,1,0,0,1,3,0,4,0,0,21,4,4,0,0,0,0,7,0,0,0,0,2,1,0,0,18
CHEMBL3415173,2,2,0,0,0,0,0,0,0,0,0,0,0,0,0,0,0,2,0,0,1,3,0,4,0,0,17,4,3,0,0,0,0,7,0,0,0,0,3,1,0,0,14
CHEMBL3415174,0,2,0,0,0,0,0,0,0,0,0,0,0,0,0,0,0,2,0,0,1,3,0,4,0,0,17,4,3,0,0,0,0,7,0,0,0,0,1,1,0,0,14
CHEMBL3415175,1,2,0,0,0,0,0,0,0,0,0,0,0,0,0,0,0,2,0,0,1,3,0,4,0,0,17,4,3,0,0,0,0,7,0,0,0,0,2,1,0,0,14
CHEMBL341591,2,9,4,2,1,1,1,0,1,0,0,0,0,0,0,0,0,0,0,0,0,0,0,0,0,0,0,1,5,0,0,0,0,3,0,0,0,0,0,2,0,0,11
CHEMBL3421764,0,0,0,0,0,0,0,1,1,0,0,0,0,0,0,0,0,0,0,0,0,1,0,1,0,0,18,1,0,0,0,0,0,5,0,0,0,0,0,4,0,0,17
CHEMBL3421765,0,0,0,0,0,0,0,1,0,0,0,0,0,0,0,0,0,0,0,0,0,1,0,1,0,0,18,1,0,2,0,0,0,5,2,1,1,0,0,5,0,0,18
CHEMBL3421766,0,1,0,0,0,0,0,1,0,0,0,0,0,0,0,0,0,0,0,0,0,1,0,1,0,0,18,1,0,2,0,0,0,5,2,1,1,0,0,6,0,0,18
CHEMBL3421767,0,2,0,0,0,0,0,1,0,0,0,0,0,0,0,0,0,0,0,0,0,1,0,1,0,0,18,1,0,2,0,0,0,5,2,1,1,0,0,7,0,0,18
CHEMBL3421768,0,0,0,0,0,0,0,1,0,0,0,0,0,0,0,0,0,0,0,0,0,1,0,1,0,0,18,1,0,2,0,0,0,5,2,1,1,0,0,5,0,0,18
CHEMBL3421769,0,1,0,0,0,0,0,1,0,0,0,0,0,0,0,0,0,0,0,0,0,1,0,1,0,0,18,1,0,2,0,0,0,5,2,1,1,0,0,6,0,0,18
CHEMBL3421770,0,2,0,0,0,0,0,1,0,0,0,0,0,0,0,0,0,0,0,0,0,1,0,1,0,0,18,1,0,2,0,0,0,5,2,1,1,0,0,7,0,0,18
CHEMBL3421778,0,1,0,0,0,0,0,1,0,0,0,0,0,0,0,0,0,0,0,0,0,1,0,1,0,0,18,1,0,0,0,0,0,4,0,0,0,0,0,6,0,0,18
CHEMBL3421779,0,1,0,0,0,0,0,1,0,0,0,0,1,0,0,0,0,0,0,0,0,1,0,1,0,0,18,1,0,0,2,0,0,5,0,0,0,0,0,5,0,0,17
CHEMBL3421780,0,1,0,0,0,0,0,1,0,0,0,0,1,0,0,0,0,0,0,0,0,1,0,1,0,0,18,1,0,0,2,0,0,5,0,0,0,0,0,5,0,0,17
CHEMBL3421785,0,2,0,0,0,0,0,1,0,0,0,0,0,0,0,0,0,0,0,0,0,1,0,1,0,0,18,1,0,2,0,0,0,5,2,1,1,0,0,7,0,0,18
CHEMBL3421786,0,2,0,0,0,0,0,1,0,0,0,0,0,0,0,0,0,0,0,0,0,1,0,1,0,0,18,1,0,2,0,0,0,5,2,1,1,0,1,7,0,0,18
CHEMBL3422028,1,1,0,0,1,0,0,1,1,0,0,0,0,0,0,2,0,0,0,0,0,0,0,0,0,0,18,0,0,6,0,0,0,5,0,0,0,0,0,7,0,0,20
CHEMBL3422029,1,1,0,0,1,0,0,1,1,0,0,0,0,0,0,1,0,1,0,0,0,0,0,0,0,0,18,0,0,6,0,0,0,4,0,0,0,0,0,7,0,0,20
CHEMBL3422030,2,2,0,0,1,0,0,1,1,0,0,0,0,0,0,1,0,0,0,0,0,0,0,0,0,0,12,0,0,4,0,0,0,4,0,0,0,0,0,7,0,0,14
CHEMBL3422031,1,1,0,0,1,0,0,1,1,0,0,0,0,0,0,0,0,0,0,0,0,0,0,0,0,0,18,0,0,6,0,0,0,3,0,0,0,0,0,7,0,0,20
CHEMBL3422032,1,1,0,0,1,0,0,1,2,0,0,0,0,0,0,0,0,0,0,0,0,0,0,0,0,0,18,0,0,6,0,0,0,4,0,0,0,0,0,7,0,0,20
CHEMBL3422033,1,1,0,0,1,0,0,1,2,0,0,0,0,0,0,1,0,0,0,0,0,0,0,0,0,0,18,0,0,6,0,0,0,5,0,0,0,0,0,7,0,0,20
CHEMBL3422034,0,0,0,0,1,0,0,1,1,0,0,0,0,0,0,1,0,0,0,0,0,0,0,0,0,0,18,0,0,6,0,0,0,4,0,0,0,0,0,6,0,0,20
CHEMBL3422035,1,0,0,0,1,0,0,1,1,0,0,0,0,0,0,1,0,0,0,0,0,0,0,0,0,0,18,0,0,6,0,0,0,4,0,0,0,0,0,6,0,0,20
CHEMBL3422036,0,1,0,0,1,0,0,1,1,0,0,0,0,0,0,1,0,0,0,0,0,0,0,0,0,0,18,0,0,6,0,0,0,4,0,0,0,0,0,8,0,0,20
CHEMBL3422037,1,2,0,0,1,0,0,1,1,0,0,0,0,0,0,1,0,0,0,0,0,0,0,0,0,0,18,0,0,6,0,0,0,4,0,0,0,0,0,8,0,0,20
CHEMBL3422038,2,0,1,0,1,0,0,1,1,0,0,0,0,0,0,1,0,0,0,0,0,0,0,0,0,0,18,0,0,6,0,0,0,4,0,0,0,0,0,7,0,0,21
CHEMBL3422039,0,0,0,0,1,0,0,1,1,0,0,0,0,0,0,1,0,0,0,0,0,0,0,0,0,0,24,0,0,8,0,0,0,4,0,0,0,0,0,7,0,0,26
CHEMBL3422040,0,1,0,0,1,0,0,1,1,0,0,0,1,0,0,1,0,0,0,0,0,0,0,0,0,0,18,0,0,6,0,0,0,5,0,0,0,0,0,7,0,1,20
CHEMBL3422041,0,0,0,0,1,0,0,1,1,0,0,0,0,0,0,1,0,0,0,0,1,1,0,2,0,0,23,2,0,6,0,0,0,9,0,0,0,0,1,8,0,0,24
CHEMBL3422042,0,0,0,0,1,0,0,1,1,0,0,0,0,0,0,1,0,0,0,0,1,2,0,3,0,0,23,3,0,6,0,0,0,9,0,0,0,0,1,8,0,0,23
CHEMBL3422043,0,0,0,0,1,0,0,1,1,0,0,0,0,0,0,1,0,0,0,0,1,2,0,3,0,0,23,3,0,6,0,0,0,9,0,0,0,0,2,8,0,0,23
CHEMBL3422044,0,0,0,0,1,0,0,1,1,0,0,0,0,0,0,1,0,0,0,0,1,2,0,3,0,0,23,3,0,6,0,0,0,9,0,0,0,0,2,8,0,0,23
CHEMBL3422045,0,2,0,0,1,0,0,1,1,0,0,0,0,0,0,1,0,0,0,0,0,0,0,0,0,0,18,0,1,6,0,0,0,4,0,0,0,0,0,5,0,0,20
CHEMBL3422046,1,1,0,0,1,1,0,1,0,0,0,0,0,0,0,1,0,0,0,0,0,0,0,0,0,0,18,0,0,6,0,0,0,4,0,0,0,0,0,7,0,0,20
CHEMBL3422047,1,1,0,0,1,0,0,1,0,0,0,1,0,0,0,1,0,0,0,0,0,0,0,0,0,0,18,0,0,6,0,0,0,5,0,0,0,2,0,7,0,0,21
CHEMBL3422050,1,2,0,0,1,0,0,1,1,0,0,0,0,0,0,1,0,0,0,0,0,0,0,0,0,0,18,0,0,6,0,0,0,4,0,0,0,0,0,8,0,0,20
CHEMBL3422051,1,3,0,0,1,0,0,0,1,0,0,0,0,0,0,1,0,0,0,0,0,0,0,0,0,0,18,0,0,6,0,0,0,2,0,0,0,0,0,7,0,0,20
CHEMBL3422052,1,3,0,0,1,0,0,0,1,0,0,0,0,0,0,2,0,0,0,0,0,0,0,0,0,0,18,0,0,6,0,0,0,3,0,0,0,0,0,7,0,0,20
CHEMBL343072,0,0,0,0,0,0,0,0,0,0,0,0,0,0,0,0,1,0,0,0,1,1,0,2,0,0,17,2,0,0,0,0,0,5,0,0,0,0,1,3,0,0,17
CHEMBL343273,0,0,0,0,0,1,0,1,0,0,0,0,0,0,0,0,1,0,0,0,0,1,0,1,0,0,18,1,0,0,0,0,0,5,0,0,0,0,0,4,0,0,18
CHEMBL344904,0,0,0,0,0,0,0,0,0,0,0,0,0,0,0,0,2,0,0,1,1,2,0,4,0,0,22,4,0,0,0,0,0,9,0,0,0,1,0,4,0,0,21
CHEMBL346234,2,8,3,2,0,0,0,0,1,2,0,0,0,0,2,0,0,0,0,0,0,0,0,0,0,0,6,0,5,1,0,0,0,5,0,0,0,2,1,2,1,2,15
CHEMBL346929,2,5,2,2,2,0,0,0,0,1,1,1,0,0,3,0,0,0,0,0,0,0,0,0,0,0,0,0,3,2,0,1,1,4,0,0,0,1,1,2,2,0,10
CHEMBL346952,2,8,3,2,0,0,0,0,0,2,0,0,0,0,2,0,0,0,0,0,0,0,0,0,0,0,0,0,5,1,0,0,0,4,0,0,0,2,1,1,1,2,9
CHEMBL347302,0,0,0,0,0,0,0,1,0,0,0,0,0,0,0,0,0,0,0,0,0,1,1,2,0,0,11,2,0,0,0,0,0,4,0,0,0,0,0,2,0,0,9
CHEMBL348154,2,5,2,2,2,1,0,0,0,1,0,0,0,0,3,0,0,0,0,0,0,0,0,0,0,0,0,0,3,2,0,1,1,2,0,0,0,1,1,1,2,0,9
CHEMBL348263,1,2,0,0,0,0,0,1,0,0,0,1,0,0,0,0,0,0,0,0,0,0,0,0,0,0,6,0,0,0,0,1,1,5,0,0,0,3,0,6,0,0,8
CHEMBL348913,0,3,0,0,0,1,0,0,0,0,0,0,0,0,0,0,0,0,0,0,1,1,0,2,0,0,11,2,1,0,0,0,0,6,0,0,0,0,1,2,0,0,11
CHEMBL349300,2,7,3,2,2,0,0,0,0,1,0,0,0,0,3,0,0,0,0,0,0,0,0,0,0,0,0,0,5,2,0,1,1,1,0,0,0,1,1,0,2,0,10
CHEMBL349514,3,8,2,2,2,0,0,0,0,2,0,0,0,0,2,0,0,0,0,0,0,0,0,0,0,0,0,0,5,1,0,0,0,6,0,0,0,2,1,6,1,2,11
CHEMBL349704,1,8,2,2,2,0,0,0,0,2,0,0,0,0,2,0,0,0,0,0,0,0,0,0,0,0,0,0,5,1,0,0,0,4,0,0,0,2,1,3,1,2,10
CHEMBL349822,0,0,0,0,0,0,0,0,0,0,0,0,1,0,0,0,0,0,0,0,1,1,0,2,0,0,11,2,0,0,2,0,0,6,0,0,0,0,1,2,0,0,10
CHEMBL349851,1,8,2,2,2,0,0,0,0,2,0,0,0,0,2,0,0,0,0,0,0,0,0,0,0,0,6,0,5,1,0,0,0,4,0,0,0,2,1,5,1,2,16
CHEMBL349919,2,8,2,2,2,0,0,0,0,2,0,1,0,0,2,0,0,0,0,0,0,0,0,0,0,0,0,0,5,1,0,0,0,5,0,0,0,3,1,4,1,3,11
CHEMBL349963,1,8,2,2,2,0,0,0,0,2,0,0,0,0,2,0,0,0,0,0,0,0,0,0,0,0,6,0,5,1,0,0,0,4,0,0,0,2,1,4,1,2,16
CHEMBL350072,1,3,0,0,0,0,0,0,0,0,0,0,0,0,0,0,0,0,0,0,1,1,0,2,0,0,11,2,1,0,0,0,0,5,0,0,0,0,1,1,0,0,11
CHEMBL350074,1,9,3,2,1,0,0,0,0,2,0,0,0,0,2,0,0,0,0,0,0,0,0,0,0,0,0,0,5,1,0,0,0,4,0,0,0,2,1,3,1,2,9
CHEMBL350338,0,3,0,0,0,0,0,0,0,0,0,0,0,0,0,0,0,0,0,0,1,1,0,2,0,0,11,2,1,0,0,0,0,5,0,0,0,0,1,1,0,0,11
CHEMBL350713,1,8,2,2,2,0,0,0,0,2,0,0,0,0,2,0,0,0,0,0,0,0,0,0,0,0,0,0,5,1,0,0,0,4,0,0,0,2,1,3,1,2,10
CHEMBL350922,0,0,0,0,0,0,0,0,0,0,0,0,0,2,4,0,0,0,1,0,1,1,1,3,0,0,19,3,2,4,0,0,0,8,0,0,0,0,1,2,0,0,17
CHEMBL351167,0,0,0,0,0,0,0,0,0,0,0,0,0,3,2,0,0,0,1,0,1,1,1,3,0,0,15,3,1,5,0,0,0,9,2,1,1,0,1,3,0,0,14
CHEMBL351226,1,8,2,2,2,0,0,0,0,2,0,0,0,0,2,0,0,0,0,0,0,0,0,0,0,0,0,0,5,1,0,0,0,6,0,0,0,2,1,4,1,2,11
CHEMBL351271,0,0,0,0,0,0,0,0,0,0,0,0,0,0,0,0,0,0,0,0,1,1,0,2,0,0,15,2,1,0,0,0,0,5,0,0,0,0,1,2,0,0,14
CHEMBL351526,1,8,2,2,3,0,0,0,0,2,0,0,0,0,2,0,0,0,0,0,0,0,0,0,0,0,0,0,5,1,0,0,0,4,0,0,0,2,1,5,1,2,11
CHEMBL351850,1,8,2,2,2,0,0,0,0,2,0,0,0,0,2,0,0,0,0,0,0,0,0,0,0,0,0,0,5,1,0,0,0,4,0,0,0,2,1,5,1,2,10
CHEMBL352645,0,2,3,0,0,0,0,0,0,0,0,0,0,0,0,0,0,0,0,1,0,1,0,2,0,0,11,2,3,0,0,0,0,4,0,0,0,1,0,1,0,0,13
CHEMBL352891,1,8,2,2,2,0,0,0,0,2,0,0,0,0,2,0,0,0,0,0,0,0,0,0,0,0,0,0,5,1,0,0,0,4,0,0,0,2,1,4,1,2,10
CHEMBL353068,0,2,3,0,0,0,0,0,0,0,0,0,0,0,0,0,0,0,0,1,0,1,0,2,0,0,11,2,3,0,0,0,0,2,0,0,0,0,2,1,0,0,13
CHEMBL353571,1,8,2,2,2,0,0,0,0,2,0,0,0,0,2,0,0,0,0,0,0,0,0,0,0,0,0,0,5,1,0,0,0,6,0,0,0,2,1,5,1,2,10
CHEMBL354401,1,1,1,1,0,0,0,0,1,0,0,2,0,0,0,0,0,0,0,0,0,0,0,0,0,0,6,1,1,0,0,0,0,6,0,0,0,1,0,2,0,1,11
CHEMBL355681,0,2,0,0,1,0,0,0,0,1,0,0,0,0,4,0,0,0,0,0,0,1,0,2,0,0,11,2,1,5,0,0,0,6,0,0,0,1,2,1,1,0,12
CHEMBL355905,0,0,0,0,0,0,0,0,0,0,0,1,0,0,0,0,0,0,0,0,1,1,0,2,0,0,16,2,1,11,0,0,0,10,0,0,0,0,0,3,0,0,16
CHEMBL356594,2,2,0,0,0,0,0,1,0,0,0,0,0,0,0,0,0,0,0,1,0,1,0,2,0,0,11,2,0,0,0,0,0,4,0,0,0,0,2,5,0,0,10
CHEMBL357775,0,1,1,0,0,0,0,0,1,0,0,2,0,0,0,0,0,0,0,0,0,0,0,0,0,0,6,1,0,0,0,0,0,6,0,0,0,2,0,1,0,2,10
CHEMBL357775,0,1,1,0,0,0,0,0,1,0,0,2,0,0,0,0,0,0,0,0,0,0,0,0,0,0,6,1,0,0,0,0,0,6,0,0,0,2,0,1,0,2,10
CHEMBL358214,2,2,0,0,0,0,0,1,0,0,0,0,0,0,0,0,0,0,0,0,1,1,0,2,0,0,11,2,0,0,0,0,0,7,0,0,0,0,0,5,0,0,10
CHEMBL3582472,0,1,0,0,0,0,0,0,0,0,0,0,0,0,0,0,0,3,0,0,1,2,0,3,0,0,15,3,1,0,0,0,0,7,0,0,0,0,1,2,0,0,14
CHEMBL3582477,2,1,0,0,0,1,0,0,0,0,0,0,0,0,0,0,0,2,0,0,1,2,0,3,0,0,15,3,1,0,0,0,0,8,0,0,0,0,1,3,0,0,15
CHEMBL3582478,2,1,0,0,0,1,0,0,0,0,0,0,0,0,0,0,0,1,0,0,1,2,0,3,0,0,15,3,1,0,0,0,0,8,0,0,0,0,1,3,0,0,15
CHEMBL3582481,1,1,0,0,0,0,0,0,0,0,0,0,0,0,0,0,0,3,0,0,1,2,0,3,0,0,15,3,1,0,0,0,0,7,0,0,0,0,2,2,0,0,14
CHEMBL3589964,0,1,0,0,0,0,0,1,0,0,0,1,0,1,1,0,0,0,1,0,1,2,1,4,1,1,27,5,2,6,0,0,0,11,0,0,0,0,1,6,0,0,26
CHEMBL3589965,0,1,0,0,0,0,0,3,0,0,0,1,0,0,1,0,0,0,1,0,1,2,1,4,1,1,27,5,2,6,0,0,0,15,0,0,0,0,1,8,0,0,26
CHEMBL3589966,0,1,0,0,0,0,0,3,0,0,0,1,0,1,1,0,0,0,1,0,1,2,1,4,1,1,27,5,2,6,0,0,0,15,0,0,0,0,1,8,0,0,26
CHEMBL359116,1,2,0,0,0,0,0,1,0,0,0,0,0,0,0,0,0,0,0,1,0,0,0,1,0,0,11,1,0,0,0,0,0,4,0,0,0,0,0,5,0,0,11
CHEMBL359817,0,2,0,0,1,0,0,0,0,0,0,0,0,0,0,0,0,1,0,1,0,1,0,2,0,0,11,2,1,4,0,0,0,4,0,0,0,1,1,1,0,0,12
CHEMBL359942,0,2,0,0,1,0,0,1,0,0,0,0,0,0,0,0,0,0,0,0,0,1,0,1,0,0,12,1,1,4,0,0,0,4,0,0,0,0,1,2,0,0,13
CHEMBL360026,0,3,0,0,1,0,0,0,0,0,0,0,0,0,0,0,0,0,0,0,0,1,0,1,0,0,12,1,1,4,0,0,0,2,0,0,0,0,1,1,0,0,13
CHEMBL361653,0,0,0,0,0,0,0,2,0,0,0,0,0,3,2,0,0,0,1,0,0,1,1,2,0,0,22,2,1,3,0,0,0,11,0,0,0,0,1,6,0,0,20
CHEMBL361653,0,0,0,0,0,0,0,2,0,0,0,0,0,3,2,0,0,0,1,0,0,1,1,2,0,0,22,2,1,3,0,0,0,11,0,0,0,0,1,6,0,0,20
CHEMBL361872,0,0,0,0,0,0,0,2,0,0,0,0,0,3,2,0,0,0,1,0,0,0,1,1,0,0,28,1,1,3,0,0,0,9,0,0,0,0,0,8,0,0,27
CHEMBL3621226,3,5,3,2,2,0,0,0,0,2,0,0,1,0,2,0,0,0,0,0,0,0,0,0,0,0,0,0,3,2,0,1,1,3,0,0,0,2,1,2,1,3,11
CHEMBL362187,0,3,0,0,1,0,0,0,0,0,0,0,0,0,0,0,0,0,0,1,0,1,0,2,0,0,11,2,1,4,0,0,0,4,0,0,0,1,1,1,0,0,12
CHEMBL3622054,0,0,0,0,0,0,0,0,0,0,0,0,1,0,0,1,0,0,0,0,1,2,0,3,0,0,17,3,0,0,2,0,0,10,0,0,0,0,0,6,0,0,16
CHEMBL3622055,0,0,0,0,0,0,0,0,0,0,0,0,1,0,0,1,1,0,0,0,1,2,0,3,0,0,17,3,0,0,2,0,0,10,0,0,0,0,0,6,0,0,16
CHEMBL3622056,0,0,0,0,0,0,0,0,0,0,0,0,1,0,0,0,0,0,0,0,1,2,0,3,0,0,17,3,0,0,2,0,0,10,0,0,0,3,0,8,0,0,17
CHEMBL3622057,0,0,0,0,0,0,0,0,0,0,0,0,1,0,0,0,1,0,0,0,1,2,0,3,0,0,17,3,0,0,2,0,0,10,0,0,0,3,0,8,0,0,17
CHEMBL3622058,0,1,0,0,0,0,0,0,0,0,0,0,1,0,0,0,0,0,0,0,1,2,0,3,0,0,17,3,0,0,2,0,0,10,0,0,0,3,0,9,0,0,17
CHEMBL3622059,0,3,0,0,0,0,0,0,0,0,0,0,1,0,0,0,0,0,0,0,1,2,0,3,0,0,17,3,0,0,2,0,0,10,0,0,0,3,0,11,0,0,17
CHEMBL3622060,0,1,0,0,0,0,0,0,0,0,0,0,1,0,0,1,0,0,0,0,1,2,0,3,0,0,17,3,0,4,2,0,0,10,0,0,0,2,0,7,0,1,17
CHEMBL3622061,0,3,1,0,0,0,0,0,0,0,0,0,1,0,0,0,0,0,0,0,1,2,0,3,0,0,17,3,1,0,2,0,0,8,0,0,0,3,0,6,0,0,18
CHEMBL3622062,0,0,0,0,0,0,0,0,0,0,0,0,1,0,0,0,0,0,0,0,1,2,0,3,0,0,21,3,1,0,2,0,0,8,0,0,0,3,0,6,0,0,21
CHEMBL3622063,0,0,0,0,0,0,0,0,0,0,0,0,1,0,0,0,1,0,0,0,1,2,0,3,0,0,21,3,1,0,2,0,0,8,0,0,0,3,0,6,0,0,21
CHEMBL3622064,0,0,0,0,0,0,0,0,0,0,0,0,1,0,0,0,0,0,0,0,1,2,0,3,0,0,21,3,1,0,2,0,0,8,0,0,0,3,0,6,0,0,21
CHEMBL3622065,0,0,0,0,0,0,0,0,0,0,0,0,1,0,0,0,0,0,0,0,2,2,0,4,0,0,20,4,1,0,2,0,0,11,0,0,0,3,0,7,0,0,20
CHEMBL3622066,0,1,0,0,0,0,0,0,0,0,0,0,1,0,0,0,0,0,0,0,2,2,0,4,0,0,20,4,1,0,2,0,0,11,0,0,0,3,0,7,0,0,20
CHEMBL3622067,0,1,0,0,0,0,0,0,0,0,0,0,1,0,0,0,0,0,0,0,1,2,1,4,0,0,20,4,1,0,2,0,0,10,0,0,0,3,0,7,0,0,19
CHEMBL3622069,2,0,0,1,0,0,0,0,0,0,0,0,1,0,0,0,0,0,0,0,1,2,0,3,0,0,17,3,0,0,0,0,0,8,0,0,0,0,1,5,0,0,16
CHEMBL3622070,2,0,0,1,0,0,0,0,0,0,0,0,1,0,0,0,0,0,0,0,1,2,0,3,0,0,17,3,0,0,0,0,0,9,0,0,0,3,1,7,0,0,17
CHEMBL3622071,2,0,0,1,0,0,0,0,0,0,0,0,1,0,0,0,1,0,0,0,1,2,0,3,0,0,17,3,0,0,0,0,0,9,0,0,0,3,1,7,0,0,17
CHEMBL3622072,2,0,0,1,0,0,0,0,0,0,0,0,1,0,0,0,0,0,0,0,1,2,0,3,0,0,17,3,0,0,0,0,0,9,0,0,0,3,1,7,0,0,17
CHEMBL3622073,0,3,0,1,0,0,0,0,0,0,0,0,1,0,0,0,0,0,0,0,1,2,0,3,0,0,17,3,0,0,0,0,0,9,0,0,0,3,1,7,0,0,17
CHEMBL3622074,0,3,0,1,0,0,0,0,0,0,0,0,1,0,0,0,1,0,0,0,1,2,0,3,0,0,17,3,0,0,0,0,0,9,0,0,0,3,1,7,0,0,17
CHEMBL3622075,0,1,0,1,0,0,0,0,0,0,0,0,1,0,0,0,0,0,0,0,1,2,0,3,0,0,17,3,0,0,0,0,0,9,0,0,0,3,1,7,0,0,17
CHEMBL3622076,2,0,0,1,0,0,0,0,0,0,0,0,1,0,0,0,0,0,0,0,1,2,0,3,0,0,17,3,0,0,0,0,0,9,0,0,0,3,1,7,0,0,17
CHEMBL3622077,2,0,0,1,1,0,0,0,0,0,0,0,1,0,0,0,0,0,0,0,1,2,0,3,0,0,17,3,0,4,0,1,1,7,0,0,0,3,1,7,0,0,19
CHEMBL3622363,0,0,0,0,0,0,0,0,0,0,0,0,0,0,0,0,0,0,0,0,2,4,0,6,0,0,20,6,1,0,0,0,0,9,0,0,0,3,2,5,0,0,18
CHEMBL3622434,0,2,0,0,0,0,0,0,0,0,0,0,0,0,0,0,0,0,0,0,1,3,0,4,0,0,23,4,3,0,0,0,0,7,0,0,0,0,1,2,0,0,20
CHEMBL3622437,1,2,0,0,0,0,0,0,0,0,1,1,0,1,1,0,0,0,0,0,1,3,0,4,0,0,17,4,3,2,0,0,0,10,0,0,0,0,2,3,0,0,15
CHEMBL3622445,2,2,0,0,0,1,0,0,0,0,0,0,0,0,0,0,0,0,0,0,1,3,0,4,0,0,17,4,3,0,0,0,0,8,0,0,0,0,2,3,0,0,16
CHEMBL3623208,3,7,3,2,1,0,0,0,0,2,0,0,1,0,2,0,0,0,0,0,0,0,0,0,0,0,0,0,3,1,0,0,0,3,0,0,0,2,1,2,1,3,9
CHEMBL3623209,3,7,3,2,1,1,1,0,0,0,0,1,0,0,0,0,0,0,0,0,0,0,0,0,0,0,0,1,5,0,0,0,0,4,0,0,0,1,0,0,0,1,10
CHEMBL3623212,2,8,3,2,2,2,2,2,0,0,0,0,0,0,0,0,0,0,0,0,1,1,0,2,0,0,11,2,5,2,0,0,0,11,0,0,0,0,1,7,0,0,21
CHEMBL3623213,2,7,3,2,1,0,0,0,0,2,0,0,0,0,2,0,0,0,0,0,1,1,0,2,0,0,5,2,5,1,0,0,0,7,0,0,0,2,2,1,1,1,14
CHEMBL3623214,2,5,3,2,2,0,0,0,0,2,0,0,0,0,3,0,0,0,0,0,1,1,0,2,0,0,5,2,5,2,0,1,1,7,0,0,0,2,2,1,2,0,16
CHEMBL3623215,2,7,4,2,0,1,1,0,0,1,0,0,0,0,2,0,0,0,0,1,0,1,0,2,0,0,5,2,6,2,0,0,0,4,0,0,0,1,3,0,0,1,12
CHEMBL3623216,2,7,4,2,0,1,1,0,0,1,0,0,1,0,2,0,0,0,0,0,0,0,0,0,0,0,0,0,5,2,1,0,0,4,0,0,0,2,1,0,2,1,10
CHEMBL3623217,2,7,4,2,0,1,1,0,0,1,0,0,1,0,2,0,0,0,0,0,0,0,0,0,0,0,6,0,5,1,0,0,0,5,0,0,0,1,1,2,1,2,16
CHEMBL3623218,2,7,3,2,1,0,0,0,0,2,0,0,0,0,2,0,0,0,0,0,0,0,0,0,0,0,0,0,5,1,0,0,0,2,0,0,0,2,1,0,1,1,10
CHEMBL3623218,2,7,3,2,1,0,0,0,0,2,0,0,0,0,2,0,0,0,0,0,0,0,0,0,0,0,0,0,5,1,0,0,0,2,0,0,0,2,1,0,1,1,10
CHEMBL3623219,3,8,4,2,1,0,0,0,0,2,0,0,0,0,2,0,0,0,0,0,0,0,0,0,0,0,0,0,5,1,0,0,0,2,0,0,0,2,1,1,1,2,10
CHEMBL3623219,3,8,4,2,1,0,0,0,0,2,0,0,0,0,2,0,0,0,0,0,0,0,0,0,0,0,0,0,5,1,0,0,0,2,0,0,0,2,1,1,1,2,10
CHEMBL3623220,1,6,3,1,0,0,0,0,0,1,0,1,0,0,2,1,0,0,0,0,0,1,0,1,0,0,12,1,5,2,0,0,0,7,0,0,0,3,0,3,0,1,18
CHEMBL3623220,1,6,3,1,0,0,0,0,0,1,0,1,0,0,2,1,0,0,0,0,0,1,0,1,0,0,12,1,5,2,0,0,0,7,0,0,0,3,0,3,0,1,18
CHEMBL3623221,1,6,3,1,0,0,0,0,0,1,0,1,0,0,2,1,0,0,0,0,0,1,0,1,0,0,12,1,5,2,0,0,0,7,0,0,0,3,0,3,0,1,18
CHEMBL3623221,1,6,3,1,0,0,0,0,0,1,0,1,0,0,2,1,0,0,0,0,0,1,0,1,0,0,12,1,5,2,0,0,0,7,0,0,0,3,0,3,0,1,18
CHEMBL3623222,1,7,3,2,1,0,0,0,0,2,0,0,0,0,2,0,0,0,0,0,0,0,0,0,0,0,0,1,6,1,0,0,0,4,0,0,0,2,1,0,1,2,10
CHEMBL3623222,1,7,3,2,1,0,0,0,0,2,0,0,0,0,2,0,0,0,0,0,0,0,0,0,0,0,0,1,6,1,0,0,0,4,0,0,0,2,1,0,1,2,10
CHEMBL3623223,2,6,4,2,3,0,0,0,0,2,0,0,0,0,3,0,0,0,0,0,0,0,0,0,0,0,0,0,5,2,0,1,1,2,0,0,0,2,1,2,2,1,13
CHEMBL3623223,2,6,4,2,3,0,0,0,0,2,0,0,0,0,3,0,0,0,0,0,0,0,0,0,0,0,0,0,5,2,0,1,1,2,0,0,0,2,1,2,2,1,13
CHEMBL3623225,1,0,0,0,0,0,0,0,0,0,0,0,0,0,0,0,0,0,0,0,2,1,0,3,0,0,20,3,1,0,0,0,0,8,0,0,0,0,1,4,0,0,20
CHEMBL3623226,0,0,0,0,0,0,0,0,0,0,0,0,0,0,0,0,0,1,0,0,1,2,1,4,0,0,20,4,1,0,0,0,0,7,0,0,0,0,1,3,0,0,18
CHEMBL3623227,0,1,0,0,0,0,0,1,0,0,0,0,0,0,0,0,0,1,0,0,1,1,0,2,0,0,17,3,1,0,0,0,0,7,0,0,0,0,1,2,0,0,18
CHEMBL3623228,0,1,1,0,0,0,0,2,0,0,0,1,0,0,0,1,0,0,0,0,0,0,0,0,0,0,12,3,2,0,0,0,0,12,0,0,0,1,0,3,0,1,14
CHEMBL3623229,2,2,0,0,0,0,0,0,0,0,0,1,0,0,0,0,0,0,0,0,1,1,0,2,0,0,11,2,0,0,0,0,0,7,0,0,0,2,1,5,0,0,11
CHEMBL3623230,0,0,0,0,0,0,0,0,0,0,0,0,0,0,0,0,0,0,0,0,1,0,0,1,0,0,19,1,3,0,0,0,0,3,0,0,0,0,0,2,0,0,19
CHEMBL3623231,0,2,0,0,0,0,0,0,0,0,0,0,1,0,0,0,0,0,0,0,1,2,0,3,0,0,17,3,0,0,2,0,0,7,0,0,0,3,1,7,0,0,17
CHEMBL3623232,0,0,0,0,0,0,0,0,0,0,0,0,1,0,0,0,0,1,0,0,1,1,0,2,0,0,17,2,0,0,2,0,0,8,0,0,0,3,0,6,0,0,18
CHEMBL362441,0,3,0,0,1,0,0,1,0,0,0,0,0,0,0,0,0,0,0,0,0,1,0,1,0,0,12,1,1,4,0,0,0,4,0,0,0,0,0,2,0,0,13
CHEMBL362906,0,0,0,0,0,0,0,1,0,0,0,0,0,3,2,0,0,0,1,0,0,1,1,2,0,0,22,2,1,3,0,0,0,9,0,0,0,0,0,5,0,0,20
CHEMBL362968,0,0,0,0,0,0,0,1,0,0,0,0,0,0,0,0,0,0,0,0,0,1,0,1,0,0,16,1,1,0,0,0,0,4,0,0,0,0,0,2,0,0,15
CHEMBL363493,0,0,0,0,0,0,0,1,0,0,0,0,0,3,2,0,0,0,1,0,1,1,1,3,0,0,27,3,1,3,0,0,0,10,0,0,0,0,0,5,0,0,25
CHEMBL363493,0,0,0,0,0,0,0,1,0,0,0,0,0,3,2,0,0,0,1,0,1,1,1,3,0,0,27,3,1,3,0,0,0,10,0,0,0,0,0,5,0,0,25
CHEMBL363621,0,2,0,0,1,0,0,0,0,0,0,0,0,0,0,0,0,0,0,0,0,1,0,1,0,0,12,1,1,4,0,0,0,2,0,0,0,0,0,1,0,0,13
CHEMBL363626,0,0,0,0,0,0,0,1,0,0,0,0,0,0,0,0,0,0,0,0,0,1,0,1,0,0,16,1,1,0,0,0,0,4,0,0,0,0,0,2,0,0,15
CHEMBL363849,0,2,0,0,1,0,0,0,0,0,0,0,0,0,0,0,0,1,0,0,0,1,0,1,0,0,16,1,2,4,0,0,0,2,0,0,0,0,0,1,0,0,17
CHEMBL364080,0,2,0,0,1,0,0,0,0,0,0,0,0,0,0,0,0,0,0,0,0,1,0,1,0,0,12,1,1,4,0,0,0,2,0,0,0,0,0,1,0,0,13
CHEMBL364326,0,0,0,0,0,0,0,0,0,0,0,0,0,3,2,1,0,0,1,0,0,1,1,2,0,0,22,2,1,3,0,0,0,8,0,0,0,0,0,4,0,0,20
CHEMBL364956,0,2,0,0,1,0,0,0,0,0,0,0,0,0,0,0,0,1,0,0,0,2,0,2,0,0,12,2,1,4,0,0,0,4,0,0,0,0,0,1,0,0,12
CHEMBL365120,0,3,0,0,1,0,0,0,0,0,0,0,0,0,0,0,0,0,0,0,0,1,0,1,0,0,12,1,1,4,0,0,0,2,0,0,0,0,0,1,0,0,13
CHEMBL365314,0,2,0,0,1,0,0,1,0,0,0,0,0,0,0,0,0,0,0,0,0,1,0,1,0,0,12,1,1,4,0,0,0,4,0,0,0,0,1,2,0,0,13
CHEMBL365735,0,0,0,0,0,0,0,0,0,0,0,0,0,0,0,0,0,0,0,0,0,1,0,1,0,0,16,1,1,0,0,0,0,2,0,0,0,0,0,1,0,0,15
CHEMBL366460,0,0,0,0,0,0,0,0,0,0,0,0,0,2,2,0,0,0,1,0,0,0,1,1,0,0,16,1,1,3,0,0,0,3,0,0,0,0,0,1,0,0,15
CHEMBL366490,0,2,0,0,1,0,0,0,0,0,0,0,0,0,0,0,0,1,0,0,0,1,0,1,0,0,12,1,1,4,0,0,0,2,0,0,0,0,0,1,0,0,13
CHEMBL366570,1,2,0,0,1,0,0,0,0,0,0,0,0,0,0,0,0,0,0,0,0,1,0,1,0,0,12,1,1,4,0,0,0,2,0,0,0,0,0,1,0,0,13
CHEMBL366669,0,3,0,0,1,0,0,2,0,0,0,0,0,0,0,0,0,0,0,0,0,1,0,1,0,0,12,1,1,4,0,0,0,6,0,0,0,0,0,3,0,0,13
CHEMBL366772,0,2,0,0,1,0,0,1,0,0,0,0,0,0,0,0,0,0,0,0,0,1,0,1,0,0,12,1,1,4,0,0,0,4,0,0,0,0,0,2,0,0,13
CHEMBL366773,0,2,0,0,1,0,0,0,0,0,0,0,0,0,0,0,0,0,0,0,0,1,0,1,0,0,12,1,1,4,0,0,0,2,0,0,0,0,1,1,0,0,13
CHEMBL367149,1,8,0,0,6,0,0,0,0,0,0,1,0,0,0,0,0,0,0,0,0,0,0,0,0,0,0,0,0,0,0,6,6,2,0,0,0,2,0,14,0,0,13
CHEMBL367483,0,3,0,0,1,0,0,0,0,0,0,0,1,0,0,0,0,0,0,1,0,1,0,2,0,0,11,2,1,4,2,0,0,5,0,0,0,1,1,1,0,0,12
CHEMBL367719,0,3,0,0,1,0,0,0,0,0,0,0,0,0,0,0,0,0,0,1,0,1,0,2,0,0,11,2,1,4,0,0,0,4,0,0,0,1,1,1,0,0,12
CHEMBL368305,1,2,0,0,1,0,0,0,0,0,0,0,0,0,0,0,0,0,0,0,0,1,0,1,0,0,12,1,1,4,0,0,0,2,0,0,0,0,0,1,0,0,13
CHEMBL368631,3,1,1,2,0,0,0,0,1,0,0,2,0,0,0,0,0,0,0,0,0,0,0,0,0,0,6,1,1,0,0,0,0,6,0,0,0,1,0,3,0,1,12
CHEMBL368732,0,1,1,1,0,0,0,0,1,0,0,2,0,0,0,0,0,0,0,0,0,0,0,0,0,0,6,1,1,0,0,0,0,6,0,0,0,1,0,1,0,1,11
CHEMBL369471,0,2,2,0,0,0,0,0,0,0,0,1,0,0,0,4,0,0,0,0,0,0,0,0,0,0,12,1,0,0,0,0,0,7,0,0,0,1,0,4,0,1,15
CHEMBL369603,0,1,1,1,0,0,0,0,1,0,0,2,0,0,0,0,0,0,0,0,0,0,0,0,0,0,12,1,1,0,0,0,0,6,0,0,0,1,0,3,0,1,17
CHEMBL369623,0,2,0,0,1,0,0,0,0,0,0,0,0,0,0,0,1,0,0,0,0,1,0,1,0,0,12,1,1,4,0,0,0,2,0,0,0,0,0,1,0,0,13
CHEMBL370281,0,2,0,0,1,0,0,1,0,0,0,0,0,0,0,0,0,0,0,0,0,1,0,1,0,0,12,1,1,4,0,0,0,4,0,0,0,0,1,2,0,0,13
CHEMBL370317,0,0,0,0,1,0,0,0,0,0,0,0,0,0,0,0,0,0,0,0,0,1,0,1,0,0,18,1,0,6,0,0,0,2,0,0,0,0,0,3,0,0,19
CHEMBL370530,0,2,0,0,1,0,0,0,0,0,0,0,0,0,0,0,0,1,0,0,0,1,0,1,0,0,16,1,2,4,0,0,0,2,0,0,0,0,0,1,0,0,17
CHEMBL370822,0,0,0,0,0,0,0,0,0,0,0,0,0,0,0,0,0,0,0,1,0,1,0,2,0,0,15,2,1,0,0,0,0,4,0,0,0,1,0,1,0,0,14
CHEMBL371275,0,2,0,0,1,0,0,0,0,0,0,0,0,0,0,0,0,1,0,0,0,1,0,1,0,0,16,1,2,4,0,0,0,2,0,0,0,0,1,1,0,0,17
CHEMBL371430,0,0,0,0,0,0,0,1,0,0,0,0,0,0,0,0,1,0,0,0,0,1,0,1,0,0,16,1,1,0,0,0,0,4,0,0,0,0,0,2,0,0,15
CHEMBL371455,0,0,0,0,0,0,0,0,0,0,0,1,0,0,2,0,0,0,0,0,0,1,0,1,0,0,16,1,1,2,0,0,0,5,0,0,0,2,0,3,0,0,17
CHEMBL371509,0,2,0,0,1,0,0,0,0,0,0,0,0,0,0,0,0,1,0,0,0,1,0,1,0,0,16,1,2,4,0,0,0,2,0,0,0,0,1,1,0,0,17
CHEMBL371663,1,1,0,0,0,0,0,1,0,0,0,0,0,0,0,0,0,0,0,0,1,2,1,4,0,0,20,4,1,0,0,0,0,9,0,0,0,0,1,5,0,0,18
CHEMBL371742,1,2,0,0,1,0,0,0,0,0,0,0,0,0,0,0,0,0,0,0,0,1,0,1,0,0,12,1,1,4,0,0,0,2,0,0,0,0,1,1,0,0,13
CHEMBL372087,0,0,0,0,0,0,0,1,0,0,0,0,0,0,0,0,0,0,0,0,0,1,0,1,0,0,16,1,1,0,0,0,0,4,0,0,0,0,0,2,0,0,15
CHEMBL372256,0,0,0,0,0,0,0,1,0,0,0,0,0,0,0,0,0,0,0,0,0,2,0,2,0,0,16,2,1,0,0,0,0,6,0,0,0,0,0,2,0,0,14
CHEMBL372835,0,0,0,0,0,0,0,1,0,0,0,0,0,0,0,0,0,0,0,0,0,0,0,0,1,1,6,0,0,2,0,0,0,6,2,1,1,2,0,4,0,1,9
CHEMBL372999,0,0,0,0,0,1,0,1,0,0,0,0,0,0,0,0,0,1,0,0,0,1,1,2,0,0,21,2,1,0,0,0,0,7,0,0,0,0,0,4,0,0,20
CHEMBL373074,1,1,1,0,1,0,0,0,0,0,0,0,0,0,0,0,0,0,0,0,0,1,0,1,0,0,12,1,1,4,0,0,0,2,0,0,0,0,0,1,0,0,14
CHEMBL37321,2,7,0,1,0,0,0,0,0,0,0,2,0,0,0,0,0,0,0,0,0,1,0,1,0,0,6,2,0,0,0,0,0,7,0,0,0,1,0,7,0,1,9
CHEMBL373377,0,0,0,0,0,0,0,1,0,0,0,0,0,0,0,0,0,0,0,0,0,0,0,0,1,1,18,0,0,2,0,0,0,6,2,1,1,2,0,7,0,1,21
CHEMBL373427,0,0,0,0,0,0,0,1,0,0,0,0,0,0,0,0,0,1,0,0,0,0,0,0,1,1,12,0,0,2,0,0,0,5,2,1,1,3,0,6,0,0,15
CHEMBL374535,0,0,0,0,0,0,0,1,0,0,0,0,0,0,0,0,0,0,0,0,0,0,0,0,1,1,16,0,1,2,0,0,0,6,2,1,1,2,0,6,0,1,19
CHEMBL374651,0,1,0,0,0,0,0,1,0,0,0,0,0,0,0,0,0,0,0,0,0,0,0,0,1,1,12,0,0,2,0,0,0,5,2,1,1,3,0,7,0,0,15
CHEMBL3747562,1,0,0,0,0,0,0,0,0,0,0,0,1,0,0,0,1,0,0,0,1,1,0,2,1,1,15,2,1,0,2,0,0,8,0,0,0,3,0,5,0,0,16
CHEMBL374934,0,0,0,0,0,0,0,0,0,0,0,0,1,0,0,0,0,0,0,0,1,1,0,2,0,0,11,2,0,0,2,0,0,6,0,0,0,0,1,2,0,0,10
CHEMBL375043,0,0,0,0,0,0,0,0,0,0,0,0,1,0,0,0,0,0,0,0,1,1,0,2,0,0,15,2,1,0,2,0,0,6,0,0,0,0,1,2,0,0,14
CHEMBL375046,0,0,0,0,0,0,0,1,0,0,0,1,0,0,1,0,0,0,1,0,1,1,1,3,0,0,15,3,1,2,0,0,0,10,0,0,0,0,1,3,0,0,13
CHEMBL3751861,2,7,3,2,0,2,2,0,0,0,0,0,0,0,0,0,0,0,0,0,0,1,1,2,0,0,5,2,7,0,0,0,0,4,0,0,0,0,1,0,0,0,10
CHEMBL3751881,3,8,4,2,1,0,0,0,0,1,0,0,0,0,0,0,0,0,0,0,0,0,0,0,0,0,0,0,5,0,0,0,0,1,0,0,0,1,0,0,0,1,9
CHEMBL3751881,3,8,4,2,1,0,0,0,0,1,0,0,0,0,0,0,0,0,0,0,0,0,0,0,0,0,0,0,5,0,0,0,0,1,0,0,0,1,0,0,0,1,9
CHEMBL3751897,3,14,4,2,1,0,0,0,0,2,0,0,0,0,2,0,0,0,0,0,0,0,0,0,0,0,0,0,5,1,0,0,0,2,0,0,0,2,1,7,1,2,10
CHEMBL3751897,3,14,4,2,1,0,0,0,0,2,0,0,0,0,2,0,0,0,0,0,0,0,0,0,0,0,0,0,5,1,0,0,0,2,0,0,0,2,1,7,1,2,10
CHEMBL3751913,2,7,3,2,0,1,1,0,0,1,0,0,0,0,2,0,0,0,0,0,1,1,0,2,0,0,11,2,7,2,0,0,0,5,0,0,0,1,1,2,0,1,17
CHEMBL3751945,2,7,3,2,1,0,0,0,0,2,0,0,0,0,2,0,0,0,0,0,0,0,0,0,0,0,0,0,5,1,0,0,0,4,0,0,0,2,1,1,1,1,10
CHEMBL3751945,2,7,3,2,1,0,0,0,0,2,0,0,0,0,2,0,0,0,0,0,0,0,0,0,0,0,0,0,5,1,0,0,0,4,0,0,0,2,1,1,1,1,10
CHEMBL3751946,2,6,4,2,2,0,0,0,0,2,0,0,0,0,3,0,0,0,0,0,0,0,0,0,0,0,0,0,5,2,0,1,1,3,2,1,1,3,1,3,2,2,13
CHEMBL3751972,2,6,3,2,1,1,1,0,0,3,0,0,0,0,1,0,0,0,0,0,0,0,0,0,0,0,0,0,5,2,0,0,0,4,0,0,0,3,0,0,2,2,11
CHEMBL3751984,2,7,3,2,0,1,1,0,0,1,0,0,0,0,2,0,0,0,0,1,0,1,0,2,0,0,5,2,7,2,0,0,0,4,0,0,0,1,2,0,0,1,11
CHEMBL3751987,1,7,4,2,1,0,0,0,0,2,0,0,0,0,0,0,0,0,0,0,0,0,0,0,0,0,0,1,6,0,0,0,0,4,0,0,0,2,0,0,0,3,10
CHEMBL3752011,3,7,3,2,3,0,0,0,0,2,0,0,0,0,3,0,0,0,0,0,0,0,0,0,0,0,0,0,5,3,0,1,1,2,0,0,0,2,0,3,2,1,13
CHEMBL3752011,3,7,3,2,3,0,0,0,0,2,0,0,0,0,3,0,0,0,0,0,0,0,0,0,0,0,0,0,5,3,0,1,1,2,0,0,0,2,0,3,2,1,13
CHEMBL3752031,2,7,3,2,1,0,0,0,1,2,0,0,0,0,2,0,0,0,0,0,0,0,0,0,1,1,16,0,6,5,0,0,0,9,0,0,0,5,1,6,1,2,29
CHEMBL3752038,2,7,3,2,1,0,0,0,0,2,0,0,0,0,2,0,0,0,0,0,0,0,0,0,0,0,6,0,5,1,0,0,0,4,0,0,0,2,1,3,1,2,16
CHEMBL3752038,2,7,3,2,1,0,0,0,0,2,0,0,0,0,2,0,0,0,0,0,0,0,0,0,0,0,6,0,5,1,0,0,0,4,0,0,0,2,1,3,1,2,16
CHEMBL3752050,2,7,3,2,0,0,0,0,0,2,0,0,0,0,2,0,0,0,0,0,0,1,1,2,0,0,5,2,7,2,0,0,0,4,0,0,0,2,0,0,0,2,10
CHEMBL3752063,2,8,3,2,1,0,0,0,0,1,0,0,0,0,0,0,0,0,0,0,0,0,0,0,0,0,0,0,5,0,0,0,0,3,0,0,0,1,0,1,0,1,9
CHEMBL3752063,2,8,3,2,1,0,0,0,0,1,0,0,0,0,0,0,0,0,0,0,0,0,0,0,0,0,0,0,5,0,0,0,0,3,0,0,0,1,0,1,0,1,9
CHEMBL3752065,3,9,4,2,2,0,0,0,0,2,0,0,0,0,3,0,0,0,0,0,0,0,0,0,0,0,0,0,5,2,0,1,1,2,0,0,0,2,1,4,2,1,12
CHEMBL3752065,3,9,4,2,2,0,0,0,0,2,0,0,0,0,3,0,0,0,0,0,0,0,0,0,0,0,0,0,5,2,0,1,1,2,0,0,0,2,1,4,2,1,12
CHEMBL3752073,2,5,3,2,2,0,0,0,0,2,0,0,0,0,3,0,0,0,0,0,0,0,0,0,0,0,10,0,6,2,0,1,1,4,0,0,0,2,1,2,2,1,22
CHEMBL3752099,2,4,3,2,3,0,0,0,0,2,0,0,0,0,3,1,0,0,0,0,0,0,0,0,0,0,6,0,5,5,0,1,1,3,0,0,0,2,0,1,2,1,19
CHEMBL3752102,3,10,4,2,1,0,0,0,0,2,0,0,0,0,2,0,0,0,0,0,0,0,0,0,0,0,0,0,5,1,0,0,0,2,0,0,0,2,1,3,1,2,10
CHEMBL3752102,3,10,4,2,1,0,0,0,0,2,0,0,0,0,2,0,0,0,0,0,0,0,0,0,0,0,0,0,5,1,0,0,0,2,0,0,0,2,1,3,1,2,10
CHEMBL3752149,2,8,3,2,1,0,0,0,0,2,0,0,0,0,2,0,0,0,0,0,0,0,0,0,0,0,0,0,5,1,0,0,0,2,0,0,0,2,1,0,1,2,9
CHEMBL3752149,2,8,3,2,1,0,0,0,0,2,0,0,0,0,2,0,0,0,0,0,0,0,0,0,0,0,0,0,5,1,0,0,0,2,0,0,0,2,1,0,1,2,9
CHEMBL3752155,2,6,3,2,3,0,0,0,0,2,0,0,0,0,3,0,0,0,0,0,0,0,0,0,0,0,6,0,5,3,0,1,1,2,0,0,0,2,0,3,2,1,19
CHEMBL3752155,2,6,3,2,3,0,0,0,0,2,0,0,0,0,3,0,0,0,0,0,0,0,0,0,0,0,6,0,5,3,0,1,1,2,0,0,0,2,0,3,2,1,19
CHEMBL3752165,3,4,3,2,3,0,0,0,0,2,0,0,0,0,3,0,0,0,0,0,0,0,0,0,0,0,0,0,5,3,0,1,1,2,0,0,0,2,0,0,2,1,13
CHEMBL3752165,3,4,3,2,3,0,0,0,0,2,0,0,0,0,3,0,0,0,0,0,0,0,0,0,0,0,0,0,5,3,0,1,1,2,0,0,0,2,0,0,2,1,13
CHEMBL3752166,2,5,4,2,2,0,0,0,0,1,0,0,0,0,3,0,0,0,0,0,0,0,0,0,0,0,6,2,7,2,0,1,1,4,0,0,0,2,1,1,2,1,20
CHEMBL3752174,2,4,3,2,2,0,0,0,0,2,0,0,0,0,3,0,0,0,0,0,0,0,0,0,0,0,6,0,5,3,0,2,2,4,0,0,0,2,1,2,2,1,19
CHEMBL3752174,2,4,3,2,2,0,0,0,0,2,0,0,0,0,3,0,0,0,0,0,0,0,0,0,0,0,6,0,5,3,0,2,2,4,0,0,0,2,1,2,2,1,19
CHEMBL3752191,4,6,5,2,2,0,0,0,1,2,2,2,0,2,5,0,0,0,0,0,0,0,0,0,0,0,0,1,5,4,0,1,1,10,0,0,0,3,4,6,4,1,20
CHEMBL3752192,4,6,3,3,0,0,0,0,0,3,0,0,0,1,1,0,0,0,0,0,0,0,0,0,0,0,0,0,5,2,0,0,0,4,0,0,0,3,2,0,2,2,11
CHEMBL3752192,4,6,3,3,0,0,0,0,0,3,0,0,0,1,1,0,0,0,0,0,0,0,0,0,0,0,0,0,5,2,0,0,0,4,0,0,0,3,2,0,2,2,11
CHEMBL3752208,2,4,3,2,3,0,0,0,0,2,0,0,0,0,3,0,0,0,0,0,0,0,0,0,0,0,6,0,5,5,0,1,1,2,0,0,0,2,1,1,2,1,19
CHEMBL3752208,2,4,3,2,3,0,0,0,0,2,0,0,0,0,3,0,0,0,0,0,0,0,0,0,0,0,6,0,5,5,0,1,1,2,0,0,0,2,1,1,2,1,19
CHEMBL3752216,2,5,4,2,2,0,0,1,0,1,0,0,0,0,3,0,0,0,0,0,0,0,0,0,0,0,6,2,7,2,0,1,1,6,0,0,0,2,1,2,2,1,20
CHEMBL3752221,2,7,4,2,2,0,0,0,0,2,0,0,0,0,3,0,0,0,0,0,0,0,0,0,0,0,6,0,5,4,0,1,1,3,2,1,1,2,1,4,2,1,19
CHEMBL3752221,2,7,4,2,2,0,0,0,0,2,0,0,0,0,3,0,0,0,0,0,0,0,0,0,0,0,6,0,5,4,0,1,1,3,2,1,1,2,1,4,2,1,19
CHEMBL3752252,2,9,4,2,1,0,0,0,0,2,0,0,0,0,2,0,0,0,0,0,0,0,0,0,0,0,6,0,5,1,0,0,0,2,0,0,0,2,1,3,1,2,16
CHEMBL3752252,2,9,4,2,1,0,0,0,0,2,0,0,0,0,2,0,0,0,0,0,0,0,0,0,0,0,6,0,5,1,0,0,0,2,0,0,0,2,1,3,1,2,16
CHEMBL3752276,1,8,3,2,1,0,0,0,1,2,0,0,0,0,2,0,0,0,0,0,0,0,0,0,0,0,0,1,5,1,0,0,0,4,0,0,0,2,1,1,1,2,11
CHEMBL3752278,2,7,3,2,2,1,1,0,0,0,0,0,0,0,0,0,0,0,0,0,0,0,0,0,0,0,0,0,5,1,0,1,1,1,0,0,0,0,0,0,0,0,10
CHEMBL3752280,2,8,3,2,1,0,0,0,0,2,0,0,0,0,1,0,0,0,0,0,0,0,0,0,0,0,0,0,5,1,0,0,0,2,0,0,0,2,1,0,1,2,9
CHEMBL3752280,2,8,3,2,1,0,0,0,0,2,0,0,0,0,1,0,0,0,0,0,0,0,0,0,0,0,0,0,5,1,0,0,0,2,0,0,0,2,1,0,1,2,9
CHEMBL3752285,2,5,3,2,3,0,0,0,0,2,0,0,0,0,4,0,0,0,0,0,0,0,0,0,0,0,6,2,6,5,0,1,1,6,0,0,0,1,1,1,3,0,19
CHEMBL3752288,2,6,3,2,1,0,0,0,0,2,0,0,0,0,3,0,0,0,0,0,0,0,0,0,0,0,6,0,5,2,0,1,1,4,0,0,0,2,1,2,2,1,17
CHEMBL3752288,2,6,3,2,1,0,0,0,0,2,0,0,0,0,3,0,0,0,0,0,0,0,0,0,0,0,6,0,5,2,0,1,1,4,0,0,0,2,1,2,2,1,17
CHEMBL3752315,3,9,3,2,3,0,0,0,0,2,0,0,0,0,3,0,0,0,0,0,0,0,0,0,0,0,0,0,5,3,0,1,1,2,0,0,0,2,0,5,2,1,13
CHEMBL3752315,3,9,3,2,3,0,0,0,0,2,0,0,0,0,3,0,0,0,0,0,0,0,0,0,0,0,0,0,5,3,0,1,1,2,0,0,0,2,0,5,2,1,13
CHEMBL3752336,3,8,3,2,0,0,0,0,0,2,0,0,0,0,2,0,0,0,0,0,0,0,0,0,0,0,0,0,5,1,0,0,0,4,0,0,0,2,1,2,1,2,9
CHEMBL3752341,3,10,3,2,3,0,0,0,0,2,0,0,0,0,3,0,0,0,0,0,0,0,0,0,0,0,0,0,5,3,0,1,1,2,0,0,0,2,0,6,2,1,13
CHEMBL3752341,3,10,3,2,3,0,0,0,0,2,0,0,0,0,3,0,0,0,0,0,0,0,0,0,0,0,0,0,5,3,0,1,1,2,0,0,0,2,0,6,2,1,13
CHEMBL3752347,2,8,4,2,1,0,0,0,0,2,0,0,0,0,2,0,0,0,0,0,0,0,0,0,0,0,6,0,5,1,0,0,0,2,0,0,0,2,1,2,1,2,16
CHEMBL3752347,2,8,4,2,1,0,0,0,0,2,0,0,0,0,2,0,0,0,0,0,0,0,0,0,0,0,6,0,5,1,0,0,0,2,0,0,0,2,1,2,1,2,16
CHEMBL3752351,3,7,3,2,1,0,0,0,0,2,1,1,0,0,1,0,0,0,0,0,0,0,0,0,0,0,0,0,5,1,0,0,0,5,0,0,0,3,1,2,1,3,11
CHEMBL3752351,3,7,3,2,1,0,0,0,0,2,1,1,0,0,1,0,0,0,0,0,0,0,0,0,0,0,0,0,5,1,0,0,0,5,0,0,0,3,1,2,1,3,11
CHEMBL3752359,2,7,3,2,2,0,0,0,0,1,0,0,0,0,3,0,0,0,0,0,0,0,0,0,0,0,0,0,5,2,0,1,1,1,0,0,0,1,1,0,2,0,10
CHEMBL3752366,2,7,3,2,2,0,0,0,0,1,0,0,0,0,0,0,0,0,0,0,0,0,0,0,0,0,0,0,5,1,0,1,1,1,0,0,0,1,0,0,0,1,10
CHEMBL3752366,2,7,3,2,2,0,0,0,0,1,0,0,0,0,0,0,0,0,0,0,0,0,0,0,0,0,0,0,5,1,0,1,1,1,0,0,0,1,0,0,0,1,10
CHEMBL3752381,4,8,3,2,1,0,0,0,0,0,2,2,0,0,0,0,0,0,0,0,1,1,0,2,0,0,5,2,5,1,0,0,0,13,0,0,0,3,2,9,1,3,16
CHEMBL3752402,1,6,4,1,0,0,0,0,0,1,0,0,0,0,0,1,0,0,0,0,0,0,0,0,0,0,12,0,5,0,0,0,0,2,0,0,0,1,0,2,0,1,18
CHEMBL3752403,1,8,3,2,1,1,1,0,1,1,0,0,0,0,2,0,0,0,0,0,0,0,0,0,0,0,0,1,5,1,0,0,0,4,0,0,0,1,1,1,1,1,11
CHEMBL3752405,3,8,3,2,2,0,0,0,0,2,0,0,0,0,2,0,0,0,0,0,0,0,0,0,0,0,0,0,5,2,0,0,0,2,0,0,0,2,0,2,1,2,11
CHEMBL3752405,3,8,3,2,2,0,0,0,0,2,0,0,0,0,2,0,0,0,0,0,0,0,0,0,0,0,0,0,5,2,0,0,0,2,0,0,0,2,0,2,1,2,11
CHEMBL3752414,3,7,4,2,1,0,0,0,0,2,0,0,0,0,2,0,0,0,0,0,0,0,0,0,0,0,0,0,5,1,0,0,0,2,0,0,0,2,1,0,1,2,10
CHEMBL3752414,3,7,4,2,1,0,0,0,0,2,0,0,0,0,2,0,0,0,0,0,0,0,0,0,0,0,0,0,5,1,0,0,0,2,0,0,0,2,1,0,1,2,10
CHEMBL3752422,1,8,4,1,0,1,1,0,0,0,0,0,0,0,0,1,0,0,0,0,0,0,0,0,0,0,12,0,5,0,0,0,0,2,0,0,0,0,0,4,0,0,18
CHEMBL3752440,2,11,4,2,1,0,0,0,0,2,0,0,0,0,2,0,0,0,0,0,0,0,0,0,0,0,6,0,5,1,0,0,0,2,0,0,0,2,1,5,1,2,16
CHEMBL3752440,2,11,4,2,1,0,0,0,0,2,0,0,0,0,2,0,0,0,0,0,0,0,0,0,0,0,6,0,5,1,0,0,0,2,0,0,0,2,1,5,1,2,16
CHEMBL3752447,2,5,4,1,0,0,0,0,0,1,0,0,0,0,0,1,0,0,0,0,0,0,0,0,0,0,6,0,5,0,0,0,0,2,0,0,0,1,0,0,0,1,12
CHEMBL3752447,2,5,4,1,0,0,0,0,0,1,0,0,0,0,0,1,0,0,0,0,0,0,0,0,0,0,6,0,5,0,0,0,0,2,0,0,0,1,0,0,0,1,12
CHEMBL3752460,2,5,3,2,3,0,0,0,0,2,0,0,0,0,3,0,0,0,0,0,0,0,0,0,0,0,0,0,5,3,0,2,2,2,0,0,0,2,1,1,2,1,13
CHEMBL3752460,2,5,3,2,3,0,0,0,0,2,0,0,0,0,3,0,0,0,0,0,0,0,0,0,0,0,0,0,5,3,0,2,2,2,0,0,0,2,1,1,2,1,13
CHEMBL3752480,3,11,3,2,2,0,0,0,0,2,0,0,0,0,2,0,0,0,0,0,0,0,0,0,0,0,0,0,5,2,0,0,0,2,0,0,0,2,0,5,1,2,11
CHEMBL3752480,3,11,3,2,2,0,0,0,0,2,0,0,0,0,2,0,0,0,0,0,0,0,0,0,0,0,0,0,5,2,0,0,0,2,0,0,0,2,0,5,1,2,11
CHEMBL3752500,2,8,3,2,0,0,0,0,0,2,0,0,0,0,2,0,0,0,0,0,0,0,0,0,0,0,0,0,5,1,0,0,0,4,0,0,0,2,1,1,1,2,9
CHEMBL3752500,2,8,3,2,0,0,0,0,0,2,0,0,0,0,2,0,0,0,0,0,0,0,0,0,0,0,0,0,5,1,0,0,0,4,0,0,0,2,1,1,1,2,9
CHEMBL3752506,3,9,3,2,2,0,0,0,0,2,0,0,0,0,2,0,0,0,0,0,0,0,0,0,0,0,0,0,5,2,0,0,0,2,0,0,0,2,0,3,1,2,11
CHEMBL3752506,3,9,3,2,2,0,0,0,0,2,0,0,0,0,2,0,0,0,0,0,0,0,0,0,0,0,0,0,5,2,0,0,0,2,0,0,0,2,0,3,1,2,11
CHEMBL3752510,1,8,2,2,2,0,0,0,0,2,0,0,0,0,2,0,0,0,0,0,0,0,0,0,0,0,0,0,5,1,0,0,0,4,0,0,0,2,1,3,1,2,10
CHEMBL3752556,1,6,4,1,0,1,1,0,0,0,0,0,0,0,0,1,0,0,0,0,0,0,0,0,0,0,12,0,5,0,0,0,0,2,0,0,0,0,0,2,0,0,18
CHEMBL3752584,1,8,3,2,1,0,0,0,0,2,0,0,0,0,2,0,0,0,0,0,0,0,0,0,0,0,0,1,5,1,0,0,0,4,0,0,0,2,1,1,1,2,10
CHEMBL3752591,2,6,4,2,2,0,0,0,0,2,0,0,0,0,3,0,0,0,0,0,0,0,0,0,0,0,6,0,5,2,0,1,1,2,0,0,0,2,1,2,2,1,18
CHEMBL3752591,2,6,4,2,2,0,0,0,0,2,0,0,0,0,3,0,0,0,0,0,0,0,0,0,0,0,6,0,5,2,0,1,1,2,0,0,0,2,1,2,2,1,18
CHEMBL3752618,1,7,3,2,0,0,0,0,0,3,0,0,0,0,0,0,0,0,0,0,0,0,0,0,0,0,0,1,6,0,0,0,0,6,0,0,0,3,0,1,0,3,11
CHEMBL3752619,3,8,3,2,3,0,0,0,0,2,0,0,0,0,3,0,0,0,0,0,0,0,0,0,0,0,0,0,5,3,0,1,1,2,0,0,0,2,0,4,2,1,13
CHEMBL3752619,3,8,3,2,3,0,0,0,0,2,0,0,0,0,3,0,0,0,0,0,0,0,0,0,0,0,0,0,5,3,0,1,1,2,0,0,0,2,0,4,2,1,13
CHEMBL3752625,3,11,4,2,1,0,0,0,0,2,0,0,0,0,2,0,0,0,0,0,0,0,0,0,0,0,0,0,5,1,0,0,0,2,0,0,0,2,1,4,1,2,10
CHEMBL3752625,3,11,4,2,1,0,0,0,0,2,0,0,0,0,2,0,0,0,0,0,0,0,0,0,0,0,0,0,5,1,0,0,0,2,0,0,0,2,1,4,1,2,10
CHEMBL3752637,2,7,3,2,0,1,1,0,0,1,0,0,0,0,2,0,0,0,0,0,0,1,1,2,0,0,5,2,7,2,0,0,0,4,0,0,0,1,0,0,0,1,10
CHEMBL3752648,3,7,3,2,2,0,0,0,0,2,0,0,0,0,2,0,0,0,0,0,0,0,0,0,0,0,0,0,5,2,0,0,0,2,0,0,0,2,0,1,1,2,11
CHEMBL3752648,3,7,3,2,2,0,0,0,0,2,0,0,0,0,2,0,0,0,0,0,0,0,0,0,0,0,0,0,5,2,0,0,0,2,0,0,0,2,0,1,1,2,11
CHEMBL3752650,3,11,4,2,1,0,0,0,0,2,0,0,0,0,2,0,0,0,0,0,0,0,0,0,0,0,0,0,5,1,0,0,0,2,0,0,0,2,1,4,1,2,10
CHEMBL3752650,3,11,4,2,1,0,0,0,0,2,0,0,0,0,2,0,0,0,0,0,0,0,0,0,0,0,0,0,5,1,0,0,0,2,0,0,0,2,1,4,1,2,10
CHEMBL3752661,3,8,4,2,1,0,0,0,0,2,0,0,0,0,2,0,0,0,0,0,0,0,0,0,0,0,0,0,5,1,0,0,0,2,0,0,0,2,1,1,1,2,10
CHEMBL3752661,3,8,4,2,1,0,0,0,0,2,0,0,0,0,2,0,0,0,0,0,0,0,0,0,0,0,0,0,5,1,0,0,0,2,0,0,0,2,1,1,1,2,10
CHEMBL3752668,3,10,4,2,1,0,0,0,0,2,0,0,0,0,2,0,0,0,0,0,0,0,0,0,0,0,0,0,5,1,0,0,0,2,0,0,0,2,1,3,1,2,10
CHEMBL3752668,3,10,4,2,1,0,0,0,0,2,0,0,0,0,2,0,0,0,0,0,0,0,0,0,0,0,0,0,5,1,0,0,0,2,0,0,0,2,1,3,1,2,10
CHEMBL3752674,2,8,3,2,1,0,0,0,0,1,0,0,0,0,0,0,0,0,0,0,0,0,0,0,0,0,0,0,5,0,0,0,0,1,0,0,0,1,0,0,0,0,9
CHEMBL3752674,2,8,3,2,1,0,0,0,0,1,0,0,0,0,0,0,0,0,0,0,0,0,0,0,0,0,0,0,5,0,0,0,0,1,0,0,0,1,0,0,0,0,9
CHEMBL3752689,2,8,3,2,2,0,0,2,0,2,0,0,0,0,3,0,0,0,0,0,1,1,0,2,0,0,11,2,5,4,0,0,0,11,0,0,0,1,2,7,2,1,21
CHEMBL3752699,1,8,3,1,1,1,0,0,0,2,0,0,0,0,2,0,0,0,0,0,0,0,0,0,0,0,0,0,5,1,0,0,0,3,0,0,0,2,1,0,1,2,9
CHEMBL3752704,2,7,4,2,1,0,0,0,0,2,0,0,0,0,2,1,0,0,0,0,0,0,0,0,0,0,6,0,5,1,0,0,0,3,0,0,0,2,1,1,1,2,16
CHEMBL3752770,1,8,3,2,1,0,0,0,0,2,0,0,0,0,2,0,0,0,0,0,0,0,0,0,0,0,0,1,5,1,0,0,0,4,0,0,0,2,1,1,1,2,10
CHEMBL3752771,2,5,3,2,2,0,0,0,0,2,0,0,0,0,3,0,0,0,0,0,0,0,0,0,0,0,10,0,6,2,0,1,1,4,0,0,0,2,1,2,2,1,22
CHEMBL3752788,2,8,3,2,2,0,0,0,0,2,0,0,0,0,2,0,0,0,0,0,0,0,0,0,0,0,6,0,5,2,0,0,0,2,0,0,0,2,0,3,1,2,17
CHEMBL3752788,2,8,3,2,2,0,0,0,0,2,0,0,0,0,2,0,0,0,0,0,0,0,0,0,0,0,6,0,5,2,0,0,0,2,0,0,0,2,0,3,1,2,17
CHEMBL3752805,2,9,3,2,1,0,0,0,0,1,1,1,0,0,0,0,0,0,0,0,0,0,0,0,0,0,0,0,5,0,0,0,0,4,0,0,0,2,0,3,0,2,9
CHEMBL3752805,2,9,3,2,1,0,0,0,0,1,1,1,0,0,0,0,0,0,0,0,0,0,0,0,0,0,0,0,5,0,0,0,0,4,0,0,0,2,0,3,0,2,9
CHEMBL3752817,1,9,3,2,1,2,1,0,0,0,0,0,0,0,0,0,0,0,0,0,0,0,0,0,0,0,0,0,5,0,0,0,0,2,0,0,0,0,0,1,0,0,8
CHEMBL3752818,2,7,3,2,1,0,0,0,0,2,0,0,0,0,2,0,0,0,0,0,0,0,0,0,0,0,0,0,5,1,0,0,0,2,0,0,0,2,1,0,1,2,10
CHEMBL3752818,2,7,3,2,1,0,0,0,0,2,0,0,0,0,2,0,0,0,0,0,0,0,0,0,0,0,0,0,5,1,0,0,0,2,0,0,0,2,1,0,1,2,10
CHEMBL3752861,2,7,3,2,0,0,0,0,0,3,0,0,0,0,0,0,0,0,0,0,0,0,0,0,0,0,0,1,6,0,0,0,0,5,0,0,0,3,0,0,0,3,10
CHEMBL3752871,2,7,3,2,1,0,0,0,0,2,0,0,0,0,2,0,0,0,0,0,0,0,0,0,0,0,0,0,5,1,0,0,0,2,0,0,0,2,1,0,1,2,10
CHEMBL3752871,2,7,3,2,1,0,0,0,0,2,0,0,0,0,2,0,0,0,0,0,0,0,0,0,0,0,0,0,5,1,0,0,0,2,0,0,0,2,1,0,1,2,10
CHEMBL3752892,2,8,3,2,0,0,0,0,0,2,0,0,0,0,2,0,0,0,0,0,0,0,0,0,0,0,0,0,5,1,0,0,0,4,0,0,0,2,1,2,1,2,9
CHEMBL3752897,1,8,3,2,1,0,0,0,1,2,0,0,0,0,2,0,0,0,0,0,0,0,0,0,0,0,0,1,5,1,0,0,0,4,0,0,0,2,1,1,1,2,11
CHEMBL375292,1,0,0,0,0,0,0,0,0,0,0,0,0,0,0,0,0,0,0,0,1,3,0,4,0,0,17,4,3,0,0,0,0,9,0,0,0,0,2,1,0,0,15
CHEMBL3752939,2,6,3,2,2,0,0,0,0,2,0,0,0,0,2,1,0,0,0,0,0,0,0,0,0,0,6,0,5,4,0,0,0,3,0,0,0,2,0,1,1,2,17
CHEMBL3752954,1,8,3,2,1,0,0,0,0,2,0,0,0,0,2,0,0,0,0,0,0,0,0,0,0,0,0,0,5,1,0,0,0,3,2,1,1,3,1,2,1,2,9
CHEMBL3752973,2,7,3,2,2,0,0,0,0,2,0,0,0,0,3,0,0,0,0,0,0,0,0,0,0,0,0,0,5,2,0,1,1,2,0,0,0,2,1,1,2,1,11
CHEMBL3752973,2,7,3,2,2,0,0,0,0,2,0,0,0,0,3,0,0,0,0,0,0,0,0,0,0,0,0,0,5,2,0,1,1,2,0,0,0,2,1,1,2,1,11
CHEMBL3752976,2,7,3,2,1,1,1,0,0,2,0,0,0,0,2,0,0,0,0,0,0,0,0,0,0,0,0,0,5,1,0,0,0,3,0,0,0,2,1,0,1,1,10
CHEMBL3752976,2,7,3,2,1,1,1,0,0,2,0,0,0,0,2,0,0,0,0,0,0,0,0,0,0,0,0,0,5,1,0,0,0,3,0,0,0,2,1,0,1,1,10
CHEMBL3752983,3,9,3,2,0,0,0,0,0,2,0,0,0,0,2,0,0,0,0,0,0,0,0,0,0,0,0,0,5,1,0,0,0,4,0,0,0,2,1,3,1,2,9
CHEMBL3752994,3,6,3,2,2,0,0,0,0,2,0,0,0,0,2,0,0,0,0,0,0,0,0,0,0,0,0,0,5,2,0,0,0,2,0,0,0,2,0,0,1,2,11
CHEMBL3752994,3,6,3,2,2,0,0,0,0,2,0,0,0,0,2,0,0,0,0,0,0,0,0,0,0,0,0,0,5,2,0,0,0,2,0,0,0,2,0,0,1,2,11
CHEMBL3752998,3,11,3,2,1,0,0,0,0,2,1,1,0,0,2,0,0,0,0,0,0,0,0,0,0,0,0,0,5,1,0,0,0,5,0,0,0,3,1,6,1,3,11
CHEMBL3752998,3,11,3,2,1,0,0,0,0,2,1,1,0,0,2,0,0,0,0,0,0,0,0,0,0,0,0,0,5,1,0,0,0,5,0,0,0,3,1,6,1,3,11
CHEMBL3753000,1,8,3,2,0,0,0,0,0,2,0,0,0,0,0,0,0,0,0,0,0,0,0,0,0,0,0,1,6,0,0,0,0,5,0,0,0,2,0,1,0,2,10
CHEMBL3753034,2,5,4,1,0,1,1,0,0,0,0,0,0,0,0,1,0,0,0,0,0,0,0,0,0,0,6,0,5,0,0,0,0,2,0,0,0,0,0,0,0,0,12
CHEMBL3753034,2,5,4,1,0,1,1,0,0,0,0,0,0,0,0,1,0,0,0,0,0,0,0,0,0,0,6,0,5,0,0,0,0,2,0,0,0,0,0,0,0,0,12
CHEMBL3753063,2,8,3,2,0,0,0,0,0,2,0,0,0,0,2,0,0,0,0,0,0,0,0,0,0,0,0,0,5,1,0,0,0,2,0,0,0,2,1,0,1,2,9
CHEMBL3753063,2,8,3,2,0,0,0,0,0,2,0,0,0,0,2,0,0,0,0,0,0,0,0,0,0,0,0,0,5,1,0,0,0,2,0,0,0,2,1,0,1,2,9
CHEMBL3753084,3,9,4,2,1,0,0,0,0,1,0,0,0,0,0,0,0,0,0,0,0,0,0,0,0,0,0,0,5,0,0,0,0,1,0,0,0,1,0,1,0,1,9
CHEMBL3753084,3,9,4,2,1,0,0,0,0,1,0,0,0,0,0,0,0,0,0,0,0,0,0,0,0,0,0,0,5,0,0,0,0,1,0,0,0,1,0,1,0,1,9
CHEMBL3753089,2,8,3,2,2,0,0,0,0,2,0,0,0,0,2,0,0,0,0,0,0,0,0,0,0,0,6,0,5,2,0,0,0,2,0,0,0,2,1,3,1,2,17
CHEMBL3753089,2,8,3,2,2,0,0,0,0,2,0,0,0,0,2,0,0,0,0,0,0,0,0,0,0,0,6,0,5,2,0,0,0,2,0,0,0,2,1,3,1,2,17
CHEMBL3753104,1,8,2,2,2,0,0,0,0,2,0,0,0,0,2,0,0,0,0,0,0,0,0,0,0,0,0,0,5,1,0,0,0,4,0,0,0,2,1,4,1,2,10
CHEMBL3753109,2,6,3,2,1,0,0,0,0,2,0,0,0,0,2,0,0,0,0,0,0,0,0,0,0,0,6,0,5,2,0,1,1,4,0,0,0,2,1,2,1,2,17
CHEMBL3753109,2,6,3,2,1,0,0,0,0,2,0,0,0,0,2,0,0,0,0,0,0,0,0,0,0,0,6,0,5,2,0,1,1,4,0,0,0,2,1,2,1,2,17
CHEMBL3753112,1,7,3,2,0,0,0,0,0,3,0,0,0,0,0,0,0,0,0,0,0,0,0,0,0,0,0,1,6,0,0,0,0,6,0,0,0,3,0,1,0,3,11
CHEMBL3753120,2,7,3,2,1,0,0,0,0,2,0,0,0,0,2,0,0,0,0,0,0,0,0,0,0,0,10,0,6,1,0,0,0,4,0,0,0,2,1,2,1,2,20
CHEMBL3753169,4,7,3,3,1,0,0,0,0,2,0,0,0,0,2,0,0,0,0,0,0,0,0,0,0,0,0,0,5,1,0,0,0,2,0,0,0,2,1,0,1,1,10
CHEMBL3753169,4,7,3,3,1,0,0,0,0,2,0,0,0,0,2,0,0,0,0,0,0,0,0,0,0,0,0,0,5,1,0,0,0,2,0,0,0,2,1,0,1,1,10
CHEMBL3753182,1,8,3,2,1,0,0,0,0,3,0,0,0,0,2,0,0,0,0,0,0,0,0,0,0,0,0,0,5,1,0,0,0,3,0,0,0,2,1,2,1,2,11
CHEMBL3753191,1,8,3,2,1,1,0,0,0,2,0,0,0,0,2,0,0,0,0,0,0,0,0,0,0,0,0,0,5,1,0,0,0,3,0,0,0,2,1,1,1,2,9
CHEMBL3753191,1,8,3,2,1,1,0,0,0,2,0,0,0,0,2,0,0,0,0,0,0,0,0,0,0,0,0,0,5,1,0,0,0,3,0,0,0,2,1,1,1,2,9
CHEMBL3753196,2,7,5,2,1,0,0,0,0,1,0,0,0,0,0,0,0,0,0,0,0,0,0,0,0,0,0,0,8,0,0,0,0,1,0,0,0,1,0,0,0,1,11
CHEMBL3753258,1,8,4,1,0,0,0,0,0,1,0,0,0,0,0,1,0,0,0,0,0,0,0,0,0,0,12,0,5,0,0,0,0,2,0,0,0,1,0,4,0,1,18
CHEMBL3753258,1,8,4,1,0,0,0,0,0,1,0,0,0,0,0,1,0,0,0,0,0,0,0,0,0,0,12,0,5,0,0,0,0,2,0,0,0,1,0,4,0,1,18
CHEMBL3753272,2,6,3,2,1,0,0,0,0,2,0,0,0,0,3,0,0,0,0,0,0,0,0,0,0,0,0,0,5,2,0,0,0,4,0,0,0,2,1,1,2,1,11
CHEMBL3753272,2,6,3,2,1,0,0,0,0,2,0,0,0,0,3,0,0,0,0,0,0,0,0,0,0,0,0,0,5,2,0,0,0,4,0,0,0,2,1,1,2,1,11
CHEMBL3753279,2,8,3,2,0,0,0,0,0,2,0,0,0,0,0,0,0,0,0,0,0,0,0,0,0,0,0,1,6,0,0,0,0,4,0,0,0,2,0,0,0,2,9
CHEMBL3753281,2,8,3,2,1,0,0,0,0,1,0,0,0,0,0,0,0,0,0,0,0,0,0,0,0,0,0,0,5,0,0,0,0,3,0,0,0,1,0,1,0,1,9
CHEMBL3753281,2,8,3,2,1,0,0,0,0,1,0,0,0,0,0,0,0,0,0,0,0,0,0,0,0,0,0,0,5,0,0,0,0,3,0,0,0,1,0,1,0,1,9
CHEMBL3753297,2,8,3,1,1,0,0,0,0,2,1,1,0,0,2,0,0,0,0,0,0,0,0,0,0,0,0,0,5,1,0,0,0,5,0,0,0,3,1,2,1,3,10
CHEMBL3753307,2,7,3,2,2,0,0,0,0,2,0,0,0,0,2,0,0,0,0,0,0,0,0,0,0,0,0,0,5,2,0,0,0,2,0,0,0,2,1,0,2,1,10
CHEMBL3753307,2,7,3,2,2,0,0,0,0,2,0,0,0,0,2,0,0,0,0,0,0,0,0,0,0,0,0,0,5,2,0,0,0,2,0,0,0,2,1,0,2,1,10
CHEMBL3753352,3,5,3,2,2,0,0,0,0,2,0,0,0,0,3,0,0,0,0,0,0,0,0,0,0,0,0,0,5,2,0,0,0,2,0,0,0,2,1,0,2,1,12
CHEMBL3753352,3,5,3,2,2,0,0,0,0,2,0,0,0,0,3,0,0,0,0,0,0,0,0,0,0,0,0,0,5,2,0,0,0,2,0,0,0,2,1,0,2,1,12
CHEMBL3753369,1,9,4,2,1,0,0,0,0,2,0,0,0,0,2,0,0,0,0,0,0,0,0,0,0,0,0,0,5,1,0,0,0,2,0,0,0,2,1,0,1,2,10
CHEMBL3753373,2,8,4,2,2,0,0,0,0,2,0,0,0,0,3,0,0,0,0,0,0,0,0,0,0,0,6,0,5,4,0,1,1,3,2,1,1,2,1,5,2,1,19
CHEMBL3753373,2,8,4,2,2,0,0,0,0,2,0,0,0,0,3,0,0,0,0,0,0,0,0,0,0,0,6,0,5,4,0,1,1,3,2,1,1,2,1,5,2,1,19
CHEMBL3753375,2,7,3,2,1,0,0,0,0,2,0,0,0,0,1,0,0,0,0,0,0,0,0,0,0,0,0,0,5,1,0,0,0,4,0,0,0,2,1,1,1,2,10
CHEMBL3753398,1,9,3,2,1,0,0,0,0,1,0,0,0,0,0,0,0,0,0,0,0,0,0,0,0,0,0,0,5,0,0,0,0,1,0,0,0,1,0,1,0,1,9
CHEMBL3753398,1,9,3,2,1,0,0,0,0,1,0,0,0,0,0,0,0,0,0,0,0,0,0,0,0,0,0,0,5,0,0,0,0,1,0,0,0,1,0,1,0,1,9
CHEMBL3753403,3,7,4,2,1,0,0,0,0,2,0,0,0,0,2,0,0,0,0,0,0,0,0,0,0,0,0,0,5,1,0,0,0,2,0,0,0,2,1,0,1,2,10
CHEMBL3753403,3,7,4,2,1,0,0,0,0,2,0,0,0,0,2,0,0,0,0,0,0,0,0,0,0,0,0,0,5,1,0,0,0,2,0,0,0,2,1,0,1,2,10
CHEMBL3753425,2,6,3,1,0,0,0,0,0,1,0,0,0,0,0,1,0,0,0,0,0,0,0,0,0,0,6,0,5,0,0,0,0,2,0,0,0,1,0,0,0,1,11
CHEMBL3753425,2,6,3,1,0,0,0,0,0,1,0,0,0,0,0,1,0,0,0,0,0,0,0,0,0,0,6,0,5,0,0,0,0,2,0,0,0,1,0,0,0,1,11
CHEMBL3753439,2,8,3,2,0,0,0,0,0,2,0,0,0,0,2,0,0,0,0,0,0,0,0,0,0,0,6,0,5,1,0,0,0,4,0,0,0,2,1,3,1,2,15
CHEMBL3753447,2,8,4,2,2,0,0,0,0,2,0,0,0,0,3,0,0,0,0,0,0,0,0,0,0,0,6,0,5,2,0,1,1,2,0,0,0,2,1,4,2,1,18
CHEMBL3753447,2,8,4,2,2,0,0,0,0,2,0,0,0,0,3,0,0,0,0,0,0,0,0,0,0,0,6,0,5,2,0,1,1,2,0,0,0,2,1,4,2,1,18
CHEMBL3753463,2,6,4,2,2,0,0,0,0,2,0,0,0,0,3,0,0,0,0,0,0,0,0,0,0,0,0,0,5,2,0,1,1,3,0,0,0,3,1,2,2,2,13
CHEMBL3753505,2,9,3,2,1,1,1,0,0,0,0,0,0,0,0,0,0,0,0,0,0,0,0,0,0,0,0,0,5,0,0,0,0,1,0,0,0,0,0,0,0,0,8
CHEMBL3753548,1,8,3,2,1,0,0,0,0,2,0,0,0,0,2,0,0,0,0,0,0,0,0,0,0,0,0,0,5,1,0,0,0,4,0,0,0,2,1,2,1,2,9
CHEMBL3753573,2,6,3,2,2,0,0,0,0,2,0,0,0,0,2,0,0,0,0,0,0,0,0,0,0,0,6,0,5,4,0,0,0,3,0,0,0,5,0,3,1,2,18
CHEMBL3753582,2,7,3,2,0,0,0,0,0,3,0,0,0,0,0,0,0,0,0,0,0,0,0,0,0,0,0,1,6,0,0,0,0,5,0,0,0,3,0,0,0,3,10
CHEMBL3753593,1,8,3,2,1,0,0,0,0,2,0,0,0,0,2,0,0,0,0,0,0,0,0,0,0,0,0,1,5,1,0,0,0,4,0,0,0,2,1,1,1,2,10
CHEMBL3753611,2,9,3,2,2,0,0,0,0,2,0,0,0,0,3,0,0,0,0,0,0,0,0,0,0,0,6,0,5,2,0,0,0,2,0,0,0,2,1,4,2,1,17
CHEMBL3753611,2,9,3,2,2,0,0,0,0,2,0,0,0,0,3,0,0,0,0,0,0,0,0,0,0,0,6,0,5,2,0,0,0,2,0,0,0,2,1,4,2,1,17
CHEMBL3753620,2,7,3,2,1,0,0,0,0,2,0,0,0,0,2,0,0,0,0,0,0,0,0,0,0,0,0,0,5,1,0,0,0,2,0,0,0,2,1,0,1,1,10
CHEMBL3753620,2,7,3,2,1,0,0,0,0,2,0,0,0,0,2,0,0,0,0,0,0,0,0,0,0,0,0,0,5,1,0,0,0,2,0,0,0,2,1,0,1,1,10
CHEMBL3753629,3,7,3,2,2,0,0,0,0,2,0,0,0,0,2,0,0,0,0,0,0,0,0,0,0,0,0,0,5,2,0,0,0,2,0,0,0,2,0,0,1,2,11
CHEMBL3753645,2,7,3,2,1,0,0,0,0,2,1,1,0,0,2,0,0,0,0,0,0,0,0,0,0,0,0,0,5,1,0,0,0,5,0,0,0,3,1,3,1,2,11
CHEMBL3753667,2,7,3,2,2,0,0,0,0,2,0,0,0,0,2,0,0,0,0,0,0,0,0,0,0,0,0,0,5,2,0,1,1,2,0,0,0,2,1,1,1,2,11
CHEMBL3753667,2,7,3,2,2,0,0,0,0,2,0,0,0,0,2,0,0,0,0,0,0,0,0,0,0,0,0,0,5,2,0,1,1,2,0,0,0,2,1,1,1,2,11
CHEMBL3753695,2,6,3,2,1,0,0,0,0,2,0,0,0,0,2,0,0,0,0,0,0,0,0,0,0,0,0,0,5,2,0,1,1,3,0,0,0,3,2,0,1,2,11
CHEMBL3753724,2,8,4,2,1,0,0,0,0,2,0,0,0,0,2,0,0,0,0,0,0,0,0,0,0,0,0,0,5,1,0,0,0,2,0,0,0,2,1,1,1,2,10
CHEMBL3753736,1,8,3,2,2,0,0,0,0,1,0,0,0,0,0,0,0,0,0,0,0,0,0,0,0,0,0,1,5,0,0,0,0,4,0,0,0,1,0,1,0,1,11
CHEMBL3753773,1,6,4,1,0,1,1,0,0,0,0,0,0,0,0,1,0,0,0,0,0,0,0,0,0,0,12,0,5,0,0,0,0,2,0,0,0,0,0,2,0,0,18
CHEMBL3753776,2,8,4,2,1,0,0,0,0,2,0,0,0,0,2,0,0,0,0,0,0,0,0,0,0,0,0,0,5,1,0,0,0,2,0,0,0,2,1,1,1,2,10
CHEMBL3753778,2,8,3,2,1,2,2,0,0,0,0,0,0,0,0,0,0,0,0,0,1,1,0,2,0,0,5,2,5,1,0,0,0,9,0,0,0,1,2,5,1,1,14
CHEMBL3753803,3,6,3,2,3,0,0,0,0,2,0,0,0,0,3,0,0,0,0,0,0,0,0,0,0,0,0,0,5,3,0,1,1,2,0,0,0,2,0,2,2,1,13
CHEMBL3753803,3,6,3,2,3,0,0,0,0,2,0,0,0,0,3,0,0,0,0,0,0,0,0,0,0,0,0,0,5,3,0,1,1,2,0,0,0,2,0,2,2,1,13
CHEMBL3753810,3,6,4,2,2,0,0,0,0,2,0,0,0,0,3,0,0,0,0,0,0,0,0,0,0,0,0,0,5,2,0,1,1,2,0,0,0,2,1,1,2,1,12
CHEMBL3753810,3,6,4,2,2,0,0,0,0,2,0,0,0,0,3,0,0,0,0,0,0,0,0,0,0,0,0,0,5,2,0,1,1,2,0,0,0,2,1,1,2,1,12
CHEMBL3753824,1,8,4,1,0,0,0,0,0,1,0,0,0,0,0,1,0,0,0,0,0,0,0,0,0,0,12,0,5,0,0,0,0,2,0,0,0,1,0,4,0,1,18
CHEMBL3753842,3,6,3,2,1,0,0,0,0,2,1,1,0,0,2,0,0,0,0,0,0,0,0,0,0,0,0,0,5,1,0,0,0,6,2,1,1,4,1,3,1,3,12
CHEMBL3753845,2,7,5,2,1,1,1,0,0,0,0,0,0,0,0,0,0,0,0,0,0,0,0,0,0,0,0,0,8,0,0,0,0,1,0,0,0,0,0,0,0,0,11
CHEMBL3753855,2,6,3,2,1,0,0,0,0,3,0,0,0,0,1,0,0,0,0,0,0,0,0,0,0,0,0,0,5,2,0,0,0,3,0,0,0,3,0,0,2,2,11
CHEMBL3753920,2,7,4,2,2,0,0,0,0,2,0,0,0,0,2,0,0,0,0,0,0,0,0,0,0,0,0,0,5,1,0,0,0,2,0,0,0,2,1,1,1,2,11
CHEMBL3753920,2,7,4,2,2,0,0,0,0,2,0,0,0,0,2,0,0,0,0,0,0,0,0,0,0,0,0,0,5,1,0,0,0,2,0,0,0,2,1,1,1,2,11
CHEMBL3753928,1,6,3,1,0,1,1,0,0,0,0,0,0,0,0,1,1,0,0,0,0,0,0,0,0,0,6,0,5,0,0,0,0,2,0,0,0,0,0,0,0,0,11
CHEMBL3753971,1,8,4,1,0,1,1,0,0,0,0,0,0,0,0,1,0,0,0,0,0,0,0,0,0,0,12,0,5,0,0,0,0,2,0,0,0,0,0,4,0,0,18
CHEMBL3753971,1,8,4,1,0,1,1,0,0,0,0,0,0,0,0,1,0,0,0,0,0,0,0,0,0,0,12,0,5,0,0,0,0,2,0,0,0,0,0,4,0,0,18
CHEMBL3753997,1,8,3,2,1,0,0,0,0,2,0,0,0,0,2,0,0,0,0,0,0,0,0,0,0,0,0,0,5,1,0,0,0,2,0,0,0,2,1,1,1,2,10
CHEMBL3753997,1,8,3,2,1,0,0,0,0,2,0,0,0,0,2,0,0,0,0,0,0,0,0,0,0,0,0,0,5,1,0,0,0,2,0,0,0,2,1,1,1,2,10
CHEMBL3754046,2,7,3,2,1,0,0,0,0,3,1,1,0,0,1,0,0,0,0,0,0,0,0,0,0,0,0,0,5,2,0,0,0,6,0,0,0,4,0,3,2,4,12
CHEMBL3754054,2,6,3,2,3,0,0,0,0,2,0,0,0,0,3,0,0,0,0,0,0,0,0,0,0,0,6,0,5,3,0,1,1,2,0,0,0,2,1,3,2,1,19
CHEMBL3754054,2,6,3,2,3,0,0,0,0,2,0,0,0,0,3,0,0,0,0,0,0,0,0,0,0,0,6,0,5,3,0,1,1,2,0,0,0,2,1,3,2,1,19
CHEMBL3754055,2,7,4,2,2,0,0,0,1,2,0,0,0,0,3,0,0,0,0,0,0,0,0,0,0,0,6,0,5,2,0,1,1,3,0,0,0,2,1,3,2,1,18
CHEMBL3754055,2,7,4,2,2,0,0,0,1,2,0,0,0,0,3,0,0,0,0,0,0,0,0,0,0,0,6,0,5,2,0,1,1,3,0,0,0,2,1,3,2,1,18
CHEMBL3754061,2,6,5,2,1,0,0,0,0,2,0,0,0,0,2,0,0,0,0,0,0,0,0,0,0,0,0,0,8,1,0,0,0,2,0,0,0,2,1,0,1,2,12
CHEMBL3754061,2,6,5,2,1,0,0,0,0,2,0,0,0,0,2,0,0,0,0,0,0,0,0,0,0,0,0,0,8,1,0,0,0,2,0,0,0,2,1,0,1,2,12
CHEMBL3754063,3,12,4,2,1,0,0,0,0,2,0,0,0,0,2,0,0,0,0,0,0,0,0,0,0,0,0,0,5,1,0,0,0,2,0,0,0,2,1,5,1,2,10
CHEMBL3754063,3,12,4,2,1,0,0,0,0,2,0,0,0,0,2,0,0,0,0,0,0,0,0,0,0,0,0,0,5,1,0,0,0,2,0,0,0,2,1,5,1,2,10
CHEMBL3754133,1,8,4,2,1,1,1,0,0,2,0,0,0,0,2,0,0,0,0,0,0,0,0,0,0,0,0,0,5,1,0,0,0,3,0,0,0,2,1,0,1,2,11
CHEMBL3754150,2,5,3,2,2,0,0,0,0,2,0,0,0,0,3,0,0,0,0,0,0,0,0,0,0,0,6,0,5,2,0,1,1,4,0,0,0,2,1,2,2,1,18
CHEMBL3754157,2,7,3,2,0,0,0,0,0,2,0,0,0,0,1,0,0,0,0,0,0,0,0,0,0,0,6,2,8,4,0,0,0,6,0,0,0,3,0,0,2,3,16
CHEMBL3754168,2,7,3,2,2,0,0,0,0,2,0,0,0,0,2,0,0,0,0,0,0,0,0,0,0,0,6,0,5,2,0,0,0,2,0,0,0,2,0,2,1,2,17
CHEMBL3754168,2,7,3,2,2,0,0,0,0,2,0,0,0,0,2,0,0,0,0,0,0,0,0,0,0,0,6,0,5,2,0,0,0,2,0,0,0,2,0,2,1,2,17
CHEMBL3754174,3,7,3,2,1,0,0,0,0,2,0,0,0,0,2,0,0,0,0,0,0,0,0,0,0,0,0,0,5,1,0,0,0,4,0,0,0,2,1,2,1,1,10
CHEMBL3754174,3,7,3,2,1,0,0,0,0,2,0,0,0,0,2,0,0,0,0,0,0,0,0,0,0,0,0,0,5,1,0,0,0,4,0,0,0,2,1,2,1,1,10
CHEMBL3754183,3,6,3,2,2,0,0,0,0,2,0,0,0,0,3,0,0,0,0,0,0,0,0,0,0,0,0,0,5,2,0,0,0,2,0,0,0,2,1,0,2,1,11
CHEMBL3754183,3,6,3,2,2,0,0,0,0,2,0,0,0,0,3,0,0,0,0,0,0,0,0,0,0,0,0,0,5,2,0,0,0,2,0,0,0,2,1,0,2,1,11
CHEMBL3754184,4,6,3,3,1,0,0,0,0,2,0,0,0,0,2,0,0,0,0,0,0,0,0,0,0,0,0,0,5,1,0,0,0,2,0,0,0,2,1,0,1,1,11
CHEMBL3754184,4,6,3,3,1,0,0,0,0,2,0,0,0,0,2,0,0,0,0,0,0,0,0,0,0,0,0,0,5,1,0,0,0,2,0,0,0,2,1,0,1,1,11
CHEMBL3754186,3,12,3,2,2,0,0,0,0,2,0,0,0,0,2,0,0,0,0,0,0,0,0,0,0,0,0,0,5,2,0,0,0,2,0,0,0,2,0,6,1,2,11
CHEMBL3754186,3,12,3,2,2,0,0,0,0,2,0,0,0,0,2,0,0,0,0,0,0,0,0,0,0,0,0,0,5,2,0,0,0,2,0,0,0,2,0,6,1,2,11
CHEMBL3754204,2,5,3,2,3,0,0,0,0,2,0,0,0,0,3,0,0,0,0,0,0,0,0,0,0,0,6,0,5,3,0,1,1,2,0,0,0,2,1,2,2,1,19
CHEMBL3754204,2,5,3,2,3,0,0,0,0,2,0,0,0,0,3,0,0,0,0,0,0,0,0,0,0,0,6,0,5,3,0,1,1,2,0,0,0,2,1,2,2,1,19
CHEMBL3754220,3,7,4,2,1,0,0,0,0,2,0,0,0,0,2,0,0,0,0,0,0,0,0,0,0,0,0,0,5,1,0,0,0,2,0,0,0,2,1,0,1,2,10
CHEMBL3754220,3,7,4,2,1,0,0,0,0,2,0,0,0,0,2,0,0,0,0,0,0,0,0,0,0,0,0,0,5,1,0,0,0,2,0,0,0,2,1,0,1,2,10
CHEMBL3754222,4,6,3,3,1,0,0,0,0,3,0,0,0,0,1,0,0,0,0,0,0,0,0,0,0,0,0,0,5,2,0,0,0,3,0,0,0,3,0,0,2,2,11
CHEMBL3754222,4,6,3,3,1,0,0,0,0,3,0,0,0,0,1,0,0,0,0,0,0,0,0,0,0,0,0,0,5,2,0,0,0,3,0,0,0,3,0,0,2,2,11
CHEMBL3754227,3,8,3,2,0,0,0,0,0,2,0,1,0,0,2,0,0,0,0,0,0,0,0,0,0,0,0,0,5,1,0,0,0,5,0,0,0,3,1,2,1,3,10
CHEMBL3754241,2,8,3,2,0,0,0,0,0,2,0,0,0,0,2,0,0,0,0,0,0,0,0,0,0,0,6,0,5,1,0,0,0,4,0,0,0,2,1,2,1,2,15
CHEMBL3754253,2,5,4,2,2,0,0,0,0,1,0,0,0,0,3,0,0,0,0,0,0,0,0,0,0,0,12,2,7,2,0,1,1,4,0,0,0,2,1,2,2,1,26
CHEMBL3754259,2,7,4,2,2,0,0,0,0,2,0,0,0,0,3,0,0,0,0,0,0,0,0,0,0,0,6,0,5,2,0,1,1,2,0,0,0,2,1,3,2,1,18
CHEMBL3754259,2,7,4,2,2,0,0,0,0,2,0,0,0,0,3,0,0,0,0,0,0,0,0,0,0,0,6,0,5,2,0,1,1,2,0,0,0,2,1,3,2,1,18
CHEMBL3754260,2,6,3,2,2,0,0,0,0,2,0,0,0,0,2,0,0,0,0,0,0,0,0,0,0,0,6,0,5,4,0,0,0,2,0,0,0,2,1,1,1,2,17
CHEMBL3754260,2,6,3,2,2,0,0,0,0,2,0,0,0,0,2,0,0,0,0,0,0,0,0,0,0,0,6,0,5,4,0,0,0,2,0,0,0,2,1,1,1,2,17
CHEMBL3754275,1,7,4,2,1,0,0,0,0,2,0,0,0,0,2,0,0,0,0,0,0,0,0,0,0,0,0,1,5,1,0,0,0,4,0,0,0,2,1,0,1,2,10
CHEMBL3754285,3,12,4,2,1,0,0,0,0,2,0,0,0,0,2,0,0,0,0,0,0,0,0,0,0,0,0,0,5,1,0,0,0,2,0,0,0,2,1,5,1,2,10
CHEMBL3754285,3,12,4,2,1,0,0,0,0,2,0,0,0,0,2,0,0,0,0,0,0,0,0,0,0,0,0,0,5,1,0,0,0,2,0,0,0,2,1,5,1,2,10
CHEMBL3754296,4,6,3,3,1,0,0,0,0,2,0,0,0,0,2,0,0,0,0,0,0,0,0,0,0,0,0,0,5,1,0,0,0,2,0,0,0,2,1,0,1,1,11
CHEMBL3754296,4,6,3,3,1,0,0,0,0,2,0,0,0,0,2,0,0,0,0,0,0,0,0,0,0,0,0,0,5,1,0,0,0,2,0,0,0,2,1,0,1,1,11
CHEMBL3754305,1,6,3,1,0,0,0,0,0,1,0,0,0,0,0,1,0,1,0,0,0,0,0,0,0,0,6,0,5,0,0,0,0,2,0,0,0,1,0,0,0,1,11
CHEMBL3754305,1,6,3,1,0,0,0,0,0,1,0,0,0,0,0,1,0,1,0,0,0,0,0,0,0,0,6,0,5,0,0,0,0,2,0,0,0,1,0,0,0,1,11
CHEMBL3754311,1,8,3,2,1,0,0,0,0,2,0,0,0,0,2,0,0,0,0,0,0,0,0,0,0,0,0,0,5,1,0,0,0,3,0,0,0,2,1,1,1,2,9
CHEMBL3754325,3,11,3,2,1,0,0,0,0,2,0,0,0,0,3,0,0,0,0,0,0,0,0,0,0,0,0,0,5,2,0,0,0,3,0,0,0,2,1,5,2,1,11
CHEMBL3754366,3,14,4,2,1,0,0,0,0,2,0,0,0,0,2,0,0,0,0,0,0,0,0,0,0,0,0,0,5,1,0,0,0,2,0,0,0,2,1,7,1,2,10
CHEMBL3754366,3,14,4,2,1,0,0,0,0,2,0,0,0,0,2,0,0,0,0,0,0,0,0,0,0,0,0,0,5,1,0,0,0,2,0,0,0,2,1,7,1,2,10
CHEMBL3754378,2,5,4,2,2,0,0,1,0,1,0,0,0,0,3,0,0,0,0,0,0,0,0,0,0,0,12,2,7,2,0,1,1,6,0,0,0,2,1,3,2,1,26
CHEMBL3754425,2,8,3,2,1,0,0,0,0,2,0,0,0,0,1,0,0,0,0,0,0,0,0,0,0,0,0,0,5,1,0,0,0,2,0,0,0,2,1,0,1,2,9
CHEMBL3754425,2,8,3,2,1,0,0,0,0,2,0,0,0,0,1,0,0,0,0,0,0,0,0,0,0,0,0,0,5,1,0,0,0,2,0,0,0,2,1,0,1,2,9
CHEMBL3754433,2,7,3,2,1,0,0,0,0,2,0,0,0,0,2,0,0,0,0,0,0,0,0,0,0,0,10,0,6,1,0,0,0,4,0,0,0,2,1,2,1,2,20
CHEMBL3754455,1,6,4,1,0,0,0,0,0,1,0,0,0,0,0,1,0,0,0,0,0,0,0,0,0,0,12,0,5,0,0,0,0,2,0,0,0,1,0,2,0,1,18
CHEMBL3754455,1,6,4,1,0,0,0,0,0,1,0,0,0,0,0,1,0,0,0,0,0,0,0,0,0,0,12,0,5,0,0,0,0,2,0,0,0,1,0,2,0,1,18
CHEMBL3754457,2,5,4,1,0,1,1,0,0,0,0,0,0,0,0,1,0,0,0,0,0,0,0,0,0,0,6,0,5,0,0,0,0,2,0,0,0,0,0,0,0,0,12
CHEMBL3754457,2,5,4,1,0,1,1,0,0,0,0,0,0,0,0,1,0,0,0,0,0,0,0,0,0,0,6,0,5,0,0,0,0,2,0,0,0,0,0,0,0,0,12
CHEMBL3754469,1,8,4,2,1,1,1,0,0,2,0,0,0,0,2,0,0,0,0,0,0,0,0,0,0,0,0,0,5,1,0,0,0,3,0,0,0,2,1,0,1,2,11
CHEMBL3754471,3,7,4,2,1,0,0,0,0,2,0,0,0,0,2,0,0,0,0,0,0,0,0,0,0,0,0,0,5,1,0,0,0,2,0,0,0,2,1,0,1,2,10
CHEMBL3754471,3,7,4,2,1,0,0,0,0,2,0,0,0,0,2,0,0,0,0,0,0,0,0,0,0,0,0,0,5,1,0,0,0,2,0,0,0,2,1,0,1,2,10
CHEMBL3754473,2,6,3,2,2,0,0,0,0,2,0,0,0,0,2,0,0,0,0,0,0,0,0,0,0,0,0,0,5,2,0,1,1,2,0,0,0,2,1,0,1,2,11
CHEMBL3754473,2,6,3,2,2,0,0,0,0,2,0,0,0,0,2,0,0,0,0,0,0,0,0,0,0,0,0,0,5,2,0,1,1,2,0,0,0,2,1,0,1,2,11
CHEMBL3754482,2,5,4,1,0,0,0,0,0,1,0,0,0,0,0,1,0,0,0,0,0,0,0,0,0,0,6,0,5,0,0,0,0,2,0,0,0,1,0,0,0,1,12
CHEMBL3754482,2,5,4,1,0,0,0,0,0,1,0,0,0,0,0,1,0,0,0,0,0,0,0,0,0,0,6,0,5,0,0,0,0,2,0,0,0,1,0,0,0,1,12
CHEMBL3754485,2,8,3,2,1,0,0,0,0,1,0,0,0,0,0,0,0,0,0,0,0,0,0,0,0,0,0,0,5,0,0,0,0,1,0,0,0,1,0,0,0,0,9
CHEMBL3754485,2,8,3,2,1,0,0,0,0,1,0,0,0,0,0,0,0,0,0,0,0,0,0,0,0,0,0,0,5,0,0,0,0,1,0,0,0,1,0,0,0,0,9
CHEMBL3754489,2,7,3,2,0,0,0,0,0,2,0,0,0,0,2,0,0,0,0,0,0,0,0,0,0,0,12,0,5,1,0,0,0,6,0,0,0,2,1,4,1,2,22
CHEMBL3754504,1,8,4,1,0,0,0,0,0,2,0,0,0,0,2,0,0,0,0,0,0,0,0,0,0,0,0,0,5,1,0,0,0,2,0,0,0,2,1,0,1,2,9
CHEMBL3754505,2,7,3,2,2,0,0,0,0,2,0,0,0,0,2,0,0,0,0,0,0,0,0,0,0,0,6,0,5,2,0,0,0,2,0,0,0,2,1,2,1,2,17
CHEMBL3754505,2,7,3,2,2,0,0,0,0,2,0,0,0,0,2,0,0,0,0,0,0,0,0,0,0,0,6,0,5,2,0,0,0,2,0,0,0,2,1,2,1,2,17
CHEMBL3754516,2,7,3,2,1,0,0,0,0,2,1,1,0,0,1,0,0,0,0,0,0,0,0,0,0,0,0,0,5,1,0,0,0,5,0,0,0,2,1,2,1,2,11
CHEMBL3754516,2,7,3,2,1,0,0,0,0,2,1,1,0,0,1,0,0,0,0,0,0,0,0,0,0,0,0,0,5,1,0,0,0,5,0,0,0,2,1,2,1,2,11
CHEMBL3754519,1,8,3,2,1,1,1,0,1,1,0,0,0,0,2,0,0,0,0,0,0,0,0,0,0,0,0,1,5,1,0,0,0,4,0,0,0,1,1,1,1,1,11
CHEMBL3754530,1,8,3,1,1,1,1,0,0,1,0,0,0,0,2,0,0,0,0,0,0,0,0,0,0,0,0,0,5,1,0,0,0,3,0,0,0,1,1,0,1,1,9
CHEMBL3754538,2,8,3,2,1,0,0,0,0,2,0,0,0,0,2,0,0,0,0,0,0,0,0,0,0,0,6,0,5,3,0,0,0,3,0,0,0,5,1,3,1,2,16
CHEMBL3754538,2,8,3,2,1,0,0,0,0,2,0,0,0,0,2,0,0,0,0,0,0,0,0,0,0,0,6,0,5,3,0,0,0,3,0,0,0,5,1,3,1,2,16
CHEMBL3754543,2,7,3,2,1,0,0,0,0,3,1,1,0,0,1,0,0,0,0,0,0,0,0,0,0,0,0,0,5,2,0,0,0,6,0,0,0,4,0,3,2,4,12
CHEMBL3754546,3,5,3,2,3,0,0,0,0,2,0,0,0,0,3,0,0,0,0,0,0,0,0,0,0,0,0,0,5,3,0,1,1,2,0,0,0,2,0,1,2,1,13
CHEMBL3754546,3,5,3,2,3,0,0,0,0,2,0,0,0,0,3,0,0,0,0,0,0,0,0,0,0,0,0,0,5,3,0,1,1,2,0,0,0,2,0,1,2,1,13
CHEMBL3754547,1,8,3,2,0,1,0,0,0,2,0,0,0,0,0,0,0,0,0,0,0,0,0,0,0,0,0,1,6,0,0,0,0,5,0,0,0,2,0,1,0,2,9
CHEMBL3754567,2,7,3,2,1,0,0,0,1,2,0,0,0,0,2,0,0,0,0,0,0,0,0,0,0,0,12,0,5,5,0,0,0,8,4,2,2,2,2,6,1,2,25
CHEMBL3754603,2,7,4,2,1,0,0,0,0,2,0,0,0,0,2,0,0,0,0,0,0,0,0,0,0,0,6,0,5,1,0,0,0,3,0,0,0,5,1,3,1,2,17
CHEMBL3754681,1,6,3,1,2,1,1,0,0,1,0,0,0,0,3,0,0,0,0,0,0,0,0,0,0,0,0,0,5,2,0,1,1,4,0,0,0,1,1,1,2,0,11
CHEMBL3754696,2,7,3,2,0,0,0,0,0,3,0,0,0,1,1,0,0,0,0,0,0,0,0,0,0,0,0,0,5,2,0,0,0,4,0,0,0,4,2,0,2,3,10
CHEMBL3754696,2,7,3,2,0,0,0,0,0,3,0,0,0,1,1,0,0,0,0,0,0,0,0,0,0,0,0,0,5,2,0,0,0,4,0,0,0,4,2,0,2,3,10
CHEMBL3754701,3,10,3,2,2,0,0,0,0,2,0,0,0,0,2,0,0,0,0,0,0,0,0,0,0,0,0,0,5,2,0,0,0,2,0,0,0,2,0,4,1,2,11
CHEMBL3754701,3,10,3,2,2,0,0,0,0,2,0,0,0,0,2,0,0,0,0,0,0,0,0,0,0,0,0,0,5,2,0,0,0,2,0,0,0,2,0,4,1,2,11
CHEMBL3754711,3,8,4,2,1,0,0,0,0,1,0,0,0,0,0,0,0,0,0,0,0,0,0,0,0,0,0,0,5,0,0,0,0,1,0,0,0,1,0,0,0,1,9
CHEMBL3754711,3,8,4,2,1,0,0,0,0,1,0,0,0,0,0,0,0,0,0,0,0,0,0,0,0,0,0,0,5,0,0,0,0,1,0,0,0,1,0,0,0,1,9
CHEMBL3754719,2,9,3,2,1,0,0,0,0,2,0,0,0,0,2,0,0,0,0,0,0,0,0,0,0,0,0,0,5,1,0,0,0,2,0,0,0,2,1,1,1,2,9
CHEMBL3754719,2,9,3,2,1,0,0,0,0,2,0,0,0,0,2,0,0,0,0,0,0,0,0,0,0,0,0,0,5,1,0,0,0,2,0,0,0,2,1,1,1,2,9
CHEMBL3754720,2,7,3,2,1,0,0,0,0,2,0,0,0,0,2,0,0,0,0,0,0,0,0,0,0,0,0,0,5,1,0,0,0,2,0,0,0,2,1,0,1,1,10
CHEMBL3754720,2,7,3,2,1,0,0,0,0,2,0,0,0,0,2,0,0,0,0,0,0,0,0,0,0,0,0,0,5,1,0,0,0,2,0,0,0,2,1,0,1,1,10
CHEMBL3754724,2,8,3,2,0,0,0,0,0,2,0,0,0,0,2,0,0,0,0,0,0,0,0,0,0,0,0,0,5,1,0,0,0,4,0,0,0,2,1,2,1,2,9
CHEMBL3754729,3,8,3,2,1,0,0,0,0,1,1,1,0,0,0,0,0,0,0,0,0,0,0,0,0,0,0,0,5,0,0,0,0,4,0,0,0,2,0,2,0,2,10
CHEMBL3754729,3,8,3,2,1,0,0,0,0,1,1,1,0,0,0,0,0,0,0,0,0,0,0,0,0,0,0,0,5,0,0,0,0,4,0,0,0,2,0,2,0,2,10
CHEMBL3754779,3,8,3,2,1,0,0,0,0,1,1,1,0,0,0,0,0,0,0,0,0,0,0,0,0,0,0,0,5,0,0,0,0,4,0,0,0,2,0,2,0,2,10
CHEMBL3754779,3,8,3,2,1,0,0,0,0,1,1,1,0,0,0,0,0,0,0,0,0,0,0,0,0,0,0,0,5,0,0,0,0,4,0,0,0,2,0,2,0,2,10
CHEMBL3754787,2,4,3,2,3,0,0,0,0,2,0,0,0,0,3,0,0,0,0,0,0,0,0,0,0,0,6,0,5,5,0,1,1,3,0,0,0,5,0,3,2,1,20
CHEMBL375497,0,0,0,0,0,0,0,2,0,0,0,1,0,1,1,0,0,0,1,0,1,1,1,3,0,0,15,3,1,2,0,0,0,12,0,0,0,0,1,5,0,0,13
CHEMBL376039,0,6,0,0,1,0,0,0,0,1,0,0,0,0,4,0,0,0,0,0,0,1,0,1,0,0,12,1,3,5,0,0,0,3,0,0,0,0,2,1,1,0,14
CHEMBL376303,0,0,0,0,0,0,0,1,0,0,0,0,0,0,0,0,0,0,0,0,0,0,0,0,1,1,12,0,0,4,0,0,0,7,4,2,2,2,0,7,0,1,16
CHEMBL376371,0,0,0,0,0,0,0,0,0,0,0,0,0,0,0,0,0,0,0,0,1,2,0,3,0,0,23,3,3,0,0,0,0,5,0,0,0,0,0,2,0,0,22
CHEMBL376473,2,1,2,0,0,2,2,2,0,1,0,0,0,2,2,1,0,0,0,0,0,0,0,0,0,0,6,1,2,2,0,0,0,8,0,0,0,1,1,1,0,1,12
CHEMBL376649,0,0,0,0,0,0,0,1,0,0,0,0,0,0,0,0,0,1,0,0,0,0,0,0,1,1,12,0,0,2,0,0,0,6,2,1,1,2,0,6,0,1,15
CHEMBL376786,0,0,0,0,0,0,0,0,0,0,0,0,0,2,2,0,0,0,1,0,1,1,1,3,0,0,21,3,1,3,0,0,0,8,0,0,0,0,1,3,0,0,20
CHEMBL377576,0,1,0,0,0,0,0,0,0,0,0,0,0,0,0,0,0,0,0,0,1,1,0,2,0,0,11,2,1,4,0,0,0,5,0,0,0,0,0,1,0,0,12
CHEMBL377626,0,0,0,0,0,0,0,1,0,0,0,0,1,2,3,0,0,0,1,0,1,1,1,3,0,0,21,3,1,3,2,0,0,11,0,0,0,0,1,4,0,0,19
CHEMBL377766,0,0,0,0,0,0,0,0,0,0,0,0,0,2,3,0,0,0,1,0,1,1,1,3,0,0,21,3,1,3,0,0,0,8,0,0,0,0,1,3,0,0,19
CHEMBL377770,0,0,0,0,0,0,0,0,0,0,0,0,0,0,0,0,0,1,0,0,1,1,0,2,0,0,11,2,0,0,0,0,0,5,0,0,0,0,1,2,0,0,10
CHEMBL379019,0,0,0,0,0,0,0,2,0,0,0,0,0,0,0,0,0,0,0,0,1,2,1,4,0,0,20,4,1,0,0,0,0,11,0,0,0,0,1,5,0,0,18
CHEMBL3793091,0,1,0,0,0,0,0,0,0,0,0,0,0,2,2,0,0,1,1,0,0,1,1,2,0,0,16,2,1,3,0,0,0,5,0,0,0,0,1,2,0,0,14
CHEMBL3793530,0,1,0,0,0,0,0,1,0,0,0,0,0,2,2,0,0,0,1,1,0,1,1,3,0,0,15,3,1,3,0,0,0,9,0,0,0,1,0,3,0,0,13
CHEMBL3793576,0,1,0,0,0,0,0,0,0,0,0,0,0,2,2,0,0,1,1,1,0,1,1,3,0,0,15,3,1,3,0,0,0,7,0,0,0,1,0,2,0,0,13
CHEMBL3794417,0,1,0,0,0,0,0,0,0,0,0,0,0,2,3,0,0,1,1,0,0,1,1,2,0,0,16,2,1,3,0,0,0,5,0,0,0,0,2,2,0,0,14
CHEMBL3794430,0,1,0,0,0,0,0,0,0,0,0,0,0,2,2,0,0,0,1,0,0,1,1,2,0,0,16,2,1,3,0,0,0,5,0,0,0,0,1,2,0,0,14
CHEMBL3798461,2,9,6,2,0,0,0,0,0,1,0,0,0,0,0,0,0,0,0,0,0,0,0,0,0,0,0,0,7,0,0,0,0,1,0,0,0,1,0,0,0,1,9
CHEMBL3799189,1,6,0,0,1,1,1,0,0,0,0,1,0,1,3,2,0,0,0,0,0,0,0,0,0,0,6,1,1,2,0,1,1,6,0,0,0,0,1,7,0,0,11
CHEMBL3799363,2,7,2,2,2,0,0,0,0,2,0,0,0,0,2,0,0,0,0,0,0,0,0,0,0,0,0,0,5,1,0,0,0,2,0,0,0,2,1,0,1,2,10
CHEMBL3800417,2,9,3,2,0,0,0,0,0,1,0,0,0,0,0,0,0,0,0,0,0,0,0,0,0,0,0,1,6,0,0,0,0,3,0,0,0,1,0,0,0,1,8
CHEMBL3804849,0,2,1,0,0,0,0,0,0,0,0,1,0,1,2,1,0,0,0,0,1,1,0,2,1,1,11,3,0,6,0,0,0,11,0,0,0,2,2,5,0,0,14
CHEMBL3804993,0,2,1,0,0,0,0,1,0,0,0,0,0,0,0,0,0,0,0,0,1,1,0,2,1,1,11,3,0,6,0,0,0,11,2,1,1,0,1,6,0,0,14
CHEMBL3805008,0,2,1,0,0,0,0,0,0,0,0,0,0,0,0,0,0,0,0,0,1,1,0,2,1,1,11,3,0,6,0,0,0,9,2,1,1,0,1,6,0,0,15
CHEMBL3805021,0,2,1,0,0,0,0,0,0,0,1,1,0,1,2,0,0,0,0,0,1,1,0,2,1,1,11,3,0,6,0,0,0,11,0,0,0,0,1,6,0,0,14
CHEMBL3805048,0,2,1,0,0,0,0,0,0,0,0,0,0,0,0,0,0,1,0,0,1,1,0,2,1,1,11,3,0,4,0,0,0,8,0,0,0,0,1,4,0,0,13
CHEMBL3805149,0,2,1,0,0,0,0,2,0,0,0,0,0,0,0,0,0,0,0,0,1,1,0,2,1,1,11,3,0,4,0,0,0,12,0,0,0,0,1,6,0,0,13
CHEMBL3805173,0,2,1,0,0,0,0,1,0,0,0,0,0,0,0,0,0,1,0,0,1,1,0,2,1,1,11,3,0,4,0,0,0,10,0,0,0,0,1,5,0,0,13
CHEMBL3805211,0,2,1,0,0,0,0,2,0,0,0,0,0,0,0,0,0,0,0,0,1,1,0,2,1,1,11,5,1,4,0,0,0,12,0,0,0,0,1,4,0,0,13
CHEMBL3805310,1,2,1,0,0,0,0,0,0,0,0,0,0,0,0,0,0,1,0,0,1,1,0,2,1,1,11,3,0,4,0,0,0,8,0,0,0,0,1,4,0,0,13
CHEMBL3805388,3,2,1,0,0,0,0,1,0,0,0,0,0,0,0,0,0,0,0,0,1,1,0,2,1,1,11,3,0,4,0,0,0,10,0,0,0,0,3,5,0,0,13
CHEMBL3805481,0,2,1,0,0,0,0,0,0,0,0,0,0,0,0,0,1,1,0,0,1,1,0,2,1,1,11,3,0,4,0,0,0,8,0,0,0,0,1,4,0,0,13
CHEMBL3805539,0,6,1,0,0,0,0,1,0,0,0,0,0,0,0,0,0,1,0,0,1,1,0,2,1,1,11,3,0,4,0,0,0,10,0,0,0,0,1,6,0,0,14
CHEMBL3805657,0,2,1,0,0,0,0,0,0,0,0,0,0,0,0,0,0,0,0,0,1,1,0,2,1,1,11,3,0,8,0,0,0,10,0,0,0,2,1,5,0,1,14
CHEMBL3805678,0,2,1,0,0,0,0,2,0,0,0,0,0,0,0,0,0,0,0,0,1,1,0,2,1,1,11,3,0,4,0,0,0,12,0,0,0,0,1,6,0,0,13
CHEMBL3805733,0,6,1,0,0,0,0,1,0,0,0,0,0,0,0,0,0,0,0,0,1,1,0,2,1,1,11,3,0,4,0,0,0,10,0,0,0,0,1,6,0,0,14
CHEMBL3805814,0,2,1,0,0,0,0,1,0,0,0,0,0,0,0,0,0,0,0,0,1,1,0,2,1,1,11,3,0,4,0,0,0,10,0,0,0,0,1,5,0,0,13
CHEMBL3805820,2,2,1,0,0,0,0,1,0,0,0,0,0,0,0,0,0,0,0,0,1,1,0,2,1,1,11,3,0,4,0,0,0,10,0,0,0,0,3,5,0,0,13
CHEMBL3805839,0,2,1,0,0,0,0,0,0,0,0,0,0,0,0,0,0,3,0,0,1,1,0,2,1,1,11,3,0,4,0,0,0,8,0,0,0,0,1,4,0,0,13
CHEMBL3805851,0,2,1,0,0,0,0,0,0,0,0,0,0,0,0,0,0,0,0,0,1,3,0,5,1,1,14,6,1,4,0,0,0,10,0,0,0,0,1,4,0,0,13
CHEMBL3806046,0,2,1,0,0,0,0,0,0,0,0,0,1,0,0,0,0,0,0,0,1,1,0,2,1,1,11,3,0,4,2,0,0,9,0,0,0,0,1,4,0,0,13
CHEMBL3806075,2,2,1,0,0,0,0,1,0,0,0,0,0,0,0,0,0,0,0,0,1,1,0,2,1,1,11,3,0,4,0,0,0,10,0,0,0,0,1,5,0,0,13
CHEMBL3806151,0,2,1,0,0,0,0,0,0,0,0,0,0,0,0,0,0,0,0,0,1,3,0,5,1,1,14,6,1,4,0,0,0,10,0,0,0,0,1,4,0,0,13
CHEMBL3806159,0,2,1,0,0,0,0,0,0,0,0,0,0,0,0,0,0,2,0,0,1,1,0,2,1,1,11,3,0,4,0,0,0,8,0,0,0,0,1,4,0,0,13
CHEMBL3806185,1,2,1,0,0,0,0,0,0,0,0,0,0,0,0,0,0,1,0,0,1,1,0,2,1,1,11,3,0,4,0,0,0,8,0,0,0,0,3,4,0,0,13
CHEMBL3806282,0,2,1,0,0,0,0,0,0,0,0,0,1,0,0,0,1,0,0,0,1,1,0,2,1,1,11,3,0,4,2,0,0,9,0,0,0,0,1,4,0,0,13
CHEMBL3806301,0,2,1,0,0,0,0,0,0,0,0,0,0,0,0,0,1,0,0,0,1,1,0,2,1,1,17,3,0,6,0,0,0,11,2,1,1,0,1,7,0,0,20
CHEMBL381014,0,0,0,0,0,0,0,1,0,0,0,0,0,0,0,0,2,0,0,0,0,1,0,1,0,0,16,1,1,0,0,0,0,4,0,0,0,0,0,2,0,0,15
CHEMBL381194,0,0,0,0,1,0,0,0,0,0,0,0,0,0,0,0,0,0,0,0,0,1,0,1,0,0,18,1,0,6,0,0,0,2,0,0,0,0,1,3,0,0,19
CHEMBL3818279,0,0,0,0,0,0,0,0,0,0,0,0,0,0,0,0,0,1,0,0,1,1,0,2,0,0,21,2,1,0,0,0,0,5,0,0,0,0,0,2,0,0,20
CHEMBL3818338,2,9,4,2,2,0,0,0,0,1,0,0,0,0,0,0,0,0,0,0,0,0,0,0,0,0,0,0,5,0,0,0,0,1,0,0,0,1,0,2,0,1,10
CHEMBL3818343,0,1,0,0,0,0,0,0,0,0,0,0,1,0,0,0,0,0,0,0,1,2,0,3,0,0,17,3,0,0,2,0,0,7,0,0,0,3,1,6,0,0,17
CHEMBL3818442,2,7,4,2,0,1,1,0,0,1,0,0,0,0,2,0,0,0,0,1,0,0,0,1,0,0,5,1,6,2,0,0,0,4,0,0,0,1,1,0,0,1,13
CHEMBL3818720,0,1,0,0,0,0,0,1,0,0,0,1,0,0,2,0,1,0,1,0,0,0,1,1,0,0,22,1,1,2,0,0,0,5,0,0,0,0,1,4,0,0,21
CHEMBL3818720,0,1,0,0,0,0,0,1,0,0,0,1,0,0,2,0,1,0,1,0,0,0,1,1,0,0,22,1,1,2,0,0,0,5,0,0,0,0,1,4,0,0,21
CHEMBL3818725,2,5,3,2,2,0,0,0,0,2,0,0,0,0,3,0,0,0,0,0,1,1,0,2,0,0,5,2,5,2,0,1,1,7,0,0,0,2,2,1,2,0,16
CHEMBL3818728,2,8,4,2,2,0,0,0,0,2,0,0,0,0,2,0,0,0,0,0,0,0,0,0,0,0,0,0,5,1,0,0,0,2,0,0,0,2,1,2,1,2,11
CHEMBL381883,0,0,0,0,0,0,0,1,0,0,0,0,0,0,0,0,0,0,0,0,0,0,0,0,1,1,6,0,0,2,0,0,0,5,2,1,1,3,0,4,0,0,9
CHEMBL3819184,2,7,3,2,1,0,0,0,0,2,0,0,0,0,2,0,0,0,0,0,1,1,0,2,0,0,5,2,5,1,0,0,0,7,0,0,0,2,2,1,1,1,14
CHEMBL3819549,2,6,4,2,3,1,1,0,0,1,0,0,0,0,3,0,0,0,0,0,0,0,0,0,0,0,0,0,5,2,0,1,1,2,0,0,0,1,1,2,2,0,13
CHEMBL382482,1,1,0,0,0,0,0,1,0,0,0,0,0,0,0,0,0,0,0,0,0,0,0,0,1,1,6,0,0,2,0,0,0,6,2,1,1,2,0,6,0,1,9
CHEMBL382500,0,0,0,0,0,0,0,2,0,0,0,0,0,0,0,0,0,0,0,0,1,1,1,3,0,0,20,3,1,0,0,0,0,11,0,0,0,0,1,5,0,0,19
CHEMBL382679,0,0,0,0,0,0,0,0,0,0,0,0,0,0,0,0,1,0,0,0,2,1,0,3,0,0,20,3,1,0,0,0,0,8,0,0,0,0,1,3,0,0,20
CHEMBL3827037,1,1,1,0,0,0,0,2,0,0,1,2,0,0,0,0,0,0,0,0,0,0,0,0,0,0,12,3,2,0,0,0,0,14,0,0,0,2,0,5,0,2,15
CHEMBL382902,0,0,0,0,0,0,0,1,0,0,0,0,0,0,0,0,1,0,0,0,1,2,1,4,0,0,20,4,1,0,0,0,0,9,0,0,0,0,1,4,0,0,18
CHEMBL383145,0,0,0,0,1,0,0,0,0,0,0,0,0,0,0,0,0,0,0,0,0,1,0,1,0,0,18,1,3,6,0,0,0,2,0,0,0,0,1,1,0,0,19
CHEMBL383806,0,2,0,0,1,0,0,0,0,0,0,0,0,0,0,0,0,1,0,0,0,1,0,1,0,0,12,1,1,4,0,0,0,2,0,0,0,0,0,1,0,0,13
CHEMBL383807,0,2,0,0,1,0,0,0,0,0,0,0,0,0,0,0,1,0,0,0,0,1,0,1,0,0,12,1,1,4,0,0,0,2,0,0,0,0,0,1,0,0,13
CHEMBL38439,2,8,0,1,0,0,0,0,0,0,0,2,0,0,0,0,0,0,0,0,0,1,0,1,0,0,6,2,0,0,0,0,0,7,0,0,0,1,0,8,0,1,9
CHEMBL38472,1,9,0,1,0,0,0,0,0,0,0,2,0,0,0,0,0,0,0,0,0,1,0,1,0,0,6,2,0,0,0,0,0,6,0,0,0,3,0,8,0,0,9
CHEMBL38472,1,9,0,1,0,0,0,0,0,0,0,2,0,0,0,0,0,0,0,0,0,1,0,1,0,0,6,2,0,0,0,0,0,6,0,0,0,3,0,8,0,0,9
CHEMBL38510,1,2,0,1,0,0,0,0,0,0,0,2,0,0,0,0,0,0,0,0,0,1,0,1,0,0,6,2,0,0,0,0,0,6,0,0,0,3,0,1,0,0,9
CHEMBL38550,2,10,0,1,0,0,0,0,0,0,0,2,0,0,0,0,0,0,0,0,0,1,0,1,0,0,6,2,0,0,0,0,0,7,0,0,0,1,0,10,0,1,9
CHEMBL386630,2,8,3,2,1,1,1,0,0,1,0,0,0,0,2,0,0,0,0,0,0,0,0,0,0,0,0,0,5,1,0,0,0,2,0,0,0,1,1,0,1,1,9
CHEMBL387386,1,0,0,0,0,0,0,1,0,0,0,0,0,0,0,0,0,0,0,0,0,0,0,0,1,1,12,0,0,2,0,0,0,5,2,1,1,3,0,6,0,0,15
CHEMBL387518,0,0,0,0,0,0,0,0,0,1,0,0,0,1,5,0,0,0,0,0,1,3,0,4,0,0,17,4,3,4,0,0,0,8,0,0,0,0,1,2,0,0,15
CHEMBL387892,0,0,0,0,0,0,0,1,0,0,0,1,0,0,1,0,0,0,1,0,1,1,1,3,0,0,15,3,1,2,0,0,0,10,0,0,0,0,1,3,0,0,13
CHEMBL388093,0,0,0,0,0,0,0,1,0,0,0,0,1,0,0,1,0,0,0,0,1,2,0,3,0,0,17,3,0,0,2,0,0,10,0,0,0,0,0,5,0,0,16
CHEMBL388187,1,0,0,0,0,0,0,0,0,0,0,0,2,0,0,0,0,0,0,0,1,2,0,3,0,0,17,3,0,0,4,0,0,7,0,0,0,0,0,3,0,0,16
CHEMBL388291,0,0,0,0,0,0,0,0,0,0,0,0,1,0,0,1,0,0,0,0,1,2,0,3,0,0,17,3,0,0,2,0,0,8,0,0,0,0,0,4,0,0,16
CHEMBL388374,2,2,0,0,1,0,0,2,0,1,0,0,0,1,2,1,0,0,0,0,0,0,0,0,0,0,12,1,1,2,0,0,0,6,0,0,0,1,0,4,0,1,16
CHEMBL388375,2,1,0,0,2,1,1,1,0,0,0,0,0,0,0,1,0,0,0,0,0,0,0,0,0,0,12,0,0,2,0,1,1,4,0,0,0,0,0,6,0,0,17
CHEMBL388506,0,0,0,0,0,0,0,0,0,0,0,0,1,0,0,1,0,0,0,0,1,2,0,3,0,0,17,3,0,0,2,0,0,8,0,0,0,0,0,4,0,0,16
CHEMBL388507,0,0,0,0,0,0,0,1,0,0,0,0,1,0,0,1,1,0,0,0,1,2,0,3,0,0,17,3,0,0,2,0,0,10,0,0,0,0,0,5,0,0,16
CHEMBL388515,0,0,0,0,0,0,0,0,0,0,0,0,2,0,0,0,0,0,0,0,1,2,0,3,0,0,17,3,0,0,4,0,0,5,0,0,0,0,0,3,0,0,16
CHEMBL388604,0,0,0,0,0,0,0,1,0,0,0,1,0,0,2,0,0,0,1,0,1,2,1,4,0,0,15,4,1,2,0,0,0,10,0,0,0,0,2,3,0,0,12
CHEMBL38877,2,4,0,1,0,0,0,0,0,0,0,2,0,0,0,0,0,0,0,0,0,1,0,1,0,0,6,2,0,0,0,0,0,7,0,0,0,1,0,4,0,1,9
CHEMBL388930,0,0,0,0,0,0,0,0,0,1,0,0,0,1,4,0,0,0,0,0,1,1,0,2,0,0,17,2,0,6,0,0,0,7,2,1,1,0,1,5,0,0,18
CHEMBL388959,0,2,0,0,1,0,0,0,0,1,0,0,0,0,4,0,0,0,0,0,0,1,0,1,0,0,12,1,1,5,0,0,0,3,0,0,0,0,2,1,1,0,14
CHEMBL3891718,0,0,0,0,0,0,0,1,1,0,0,0,0,0,0,0,2,0,0,0,2,2,0,4,1,1,22,8,0,4,0,0,0,22,0,0,0,0,4,9,0,0,25
CHEMBL3893614,0,1,1,0,0,0,0,0,0,0,0,0,0,0,0,0,0,2,0,0,1,2,0,3,0,0,15,3,1,0,0,0,0,7,0,0,0,0,1,2,0,0,14
CHEMBL389433,0,0,0,0,0,0,0,0,0,0,0,0,0,0,0,0,1,0,0,1,1,2,0,4,0,0,20,4,1,0,0,0,0,9,0,0,0,1,2,3,0,0,19
CHEMBL3894912,2,0,0,0,0,0,0,1,1,0,0,0,0,0,0,0,2,0,0,0,1,1,0,2,1,1,17,6,0,0,0,0,0,17,0,0,0,2,1,9,0,1,22
CHEMBL389924,2,2,0,0,1,0,0,1,0,1,0,0,0,1,2,2,0,0,0,0,0,0,0,0,0,0,12,1,1,2,0,0,0,5,0,0,0,1,0,3,0,1,16
CHEMBL389925,2,1,0,0,2,0,0,1,0,1,0,0,0,1,3,2,0,0,0,0,0,0,0,0,0,0,12,0,0,5,0,1,1,5,0,0,0,1,1,6,1,0,17
CHEMBL390077,0,0,0,0,0,0,0,0,0,0,0,0,1,0,0,0,1,0,0,0,1,2,0,3,0,0,17,3,0,0,2,0,0,8,0,0,0,3,0,6,0,0,17
CHEMBL390078,0,0,0,0,0,0,0,0,0,0,0,0,1,0,0,1,0,0,0,0,1,2,0,3,0,0,17,3,0,0,2,0,0,8,0,0,0,0,0,4,0,0,16
CHEMBL390079,0,0,0,0,0,0,0,0,0,0,0,0,1,0,0,1,0,1,0,0,1,2,0,3,0,0,17,3,0,0,2,0,0,8,0,0,0,0,0,4,0,0,16
CHEMBL390152,0,0,0,0,0,0,0,1,0,0,0,1,0,0,1,0,0,0,1,0,1,1,1,3,0,0,15,3,1,2,0,0,0,10,0,0,0,0,1,4,0,0,13
CHEMBL390364,2,0,0,0,2,0,0,2,0,1,0,0,0,1,3,1,0,0,0,0,0,0,0,0,0,0,12,0,0,5,0,1,1,6,0,0,0,1,1,7,1,0,17
CHEMBL390496,0,0,0,0,0,0,0,0,0,0,0,0,1,0,0,0,0,0,0,0,1,2,0,3,0,0,17,3,0,0,2,0,0,8,0,0,0,3,0,6,0,0,17
CHEMBL390569,1,3,0,0,1,0,0,1,0,0,0,0,0,0,0,0,0,0,0,1,0,1,0,2,0,0,11,2,1,2,0,0,0,6,0,0,0,1,1,3,0,0,12
CHEMBL3905734,1,1,0,0,1,0,0,0,2,0,0,0,0,0,0,0,0,0,0,0,0,0,0,0,0,0,18,0,0,8,0,0,0,3,2,1,1,0,0,5,0,0,21
CHEMBL390717,0,0,0,0,0,0,0,1,0,0,0,0,1,0,0,0,1,0,0,0,1,2,0,3,0,0,17,3,0,0,2,0,0,10,0,0,0,3,0,7,0,0,17
CHEMBL390731,2,1,0,0,2,0,0,1,0,1,0,0,0,1,3,1,0,0,0,0,0,0,0,0,0,0,12,0,0,5,0,1,1,8,0,0,0,1,1,9,1,0,17
CHEMBL3913908,1,0,0,0,0,0,0,1,1,0,0,0,0,0,0,0,2,0,0,0,1,1,0,2,1,1,17,6,0,0,0,0,0,17,0,0,0,2,1,9,0,1,21
CHEMBL3914106,1,0,0,0,0,0,0,0,1,1,0,1,0,2,2,0,0,0,1,0,0,2,1,3,1,1,22,3,1,9,0,1,1,12,0,0,0,5,3,7,1,0,25
CHEMBL39152,1,7,0,1,0,0,0,0,0,0,0,2,0,0,0,0,0,0,0,0,0,1,0,1,0,0,6,2,0,0,0,0,0,6,0,0,0,3,0,6,0,0,9
CHEMBL3916057,1,0,0,0,1,0,0,0,3,0,0,0,0,0,0,0,0,0,0,0,0,0,0,0,0,0,18,0,0,6,0,0,0,3,0,0,0,0,0,3,0,0,20
CHEMBL3919759,1,2,1,0,0,0,0,0,0,0,0,0,0,0,0,0,0,2,0,0,1,2,0,3,0,0,15,3,1,0,0,0,0,7,0,0,0,0,2,3,0,0,14
CHEMBL3922888,0,1,0,0,0,0,0,1,1,0,0,0,0,0,0,0,2,0,0,0,1,1,0,2,1,1,17,6,0,0,0,0,0,17,0,0,0,2,1,9,0,1,22
CHEMBL3923127,1,1,1,0,0,1,0,0,0,0,0,0,0,0,0,0,0,1,0,0,1,2,0,3,0,0,15,3,1,0,0,0,0,8,0,0,0,0,1,4,0,0,16
CHEMBL3924170,0,0,0,0,0,0,0,1,1,1,0,1,0,2,2,0,0,0,1,0,0,2,1,3,1,1,22,3,1,9,0,1,1,14,0,0,0,5,2,8,1,0,25
CHEMBL3924257,1,1,1,0,0,0,0,0,0,0,0,0,0,0,0,0,0,2,0,0,1,2,0,3,0,0,15,3,1,0,0,0,0,7,0,0,0,0,2,2,0,0,14
CHEMBL39248,2,8,3,2,0,0,0,0,0,2,0,0,0,0,2,0,0,0,0,0,0,0,0,0,0,0,0,0,5,1,0,0,0,4,0,0,0,2,1,1,1,2,9
CHEMBL39248,2,8,3,2,0,0,0,0,0,2,0,0,0,0,2,0,0,0,0,0,0,0,0,0,0,0,0,0,5,1,0,0,0,4,0,0,0,2,1,1,1,2,9
CHEMBL3925065,1,0,0,0,1,0,0,1,0,0,0,1,0,0,0,1,0,0,0,0,0,0,0,0,0,0,18,0,0,8,0,0,0,6,2,1,1,2,0,7,0,0,22
CHEMBL3926174,0,0,0,0,0,0,0,2,1,1,0,1,0,2,2,0,0,0,1,0,0,2,1,3,1,1,22,3,1,9,0,1,1,16,0,0,0,5,4,9,1,0,25
CHEMBL39275,2,5,0,1,0,0,0,0,0,0,0,2,0,0,0,0,0,0,0,0,0,1,0,1,0,0,6,2,0,0,0,0,0,7,0,0,0,1,0,5,0,1,9
CHEMBL3931836,0,2,0,0,0,0,0,1,1,0,0,0,0,0,0,0,2,0,0,0,1,1,0,2,1,1,17,7,0,0,0,0,0,19,0,0,0,2,1,9,0,1,22
CHEMBL3938615,0,0,0,0,0,0,0,1,1,0,0,0,0,0,0,0,2,0,0,0,1,1,0,2,1,1,17,6,0,0,0,0,0,17,0,0,0,0,1,9,0,0,22
CHEMBL39403,1,1,0,0,0,0,0,0,1,0,0,0,0,0,0,0,0,1,0,0,1,1,0,2,0,0,17,3,1,0,0,0,0,8,0,0,0,0,1,4,0,0,18
CHEMBL3941042,0,0,0,0,0,0,0,0,1,1,0,1,0,2,2,0,0,0,1,0,0,1,1,2,1,1,22,2,1,9,0,1,1,10,0,0,0,5,2,7,1,0,26
CHEMBL39423,1,0,0,0,0,0,0,0,0,0,0,0,0,0,0,0,0,1,0,0,2,1,0,3,0,0,20,3,1,0,0,0,0,8,0,0,0,0,1,4,0,0,20
CHEMBL3942918,1,1,0,0,1,0,0,1,0,0,0,1,0,0,0,1,0,0,0,0,0,0,0,0,0,0,18,0,0,6,0,0,0,5,0,0,0,2,0,7,0,0,21
CHEMBL39434,2,8,3,2,0,0,0,0,0,2,0,0,0,0,2,0,0,0,0,0,0,0,0,0,0,0,0,0,5,1,0,0,0,6,0,0,0,2,1,3,1,2,9
CHEMBL39434,2,8,3,2,0,0,0,0,0,2,0,0,0,0,2,0,0,0,0,0,0,0,0,0,0,0,0,0,5,1,0,0,0,6,0,0,0,2,1,3,1,2,9
CHEMBL3944017,1,1,0,0,1,0,0,0,3,0,0,0,0,0,0,0,0,0,0,0,0,0,0,0,0,0,18,0,0,6,0,0,0,3,0,0,0,0,0,4,0,0,20
CHEMBL3948254,1,1,0,0,1,0,0,0,1,0,0,0,0,0,0,2,0,0,0,0,0,0,0,0,0,0,18,0,0,6,0,0,0,3,0,0,0,0,0,4,0,0,20
CHEMBL3948337,0,1,1,0,0,0,0,0,0,0,0,0,0,0,0,0,0,1,0,0,1,2,0,3,0,0,19,3,2,0,0,0,0,7,0,0,0,0,1,2,0,0,18
CHEMBL394855,0,0,0,0,1,0,0,0,0,1,0,0,0,1,3,4,0,0,0,0,0,0,0,0,0,0,12,0,0,5,0,1,1,5,0,0,0,1,1,3,1,0,15
CHEMBL39513,2,6,0,1,0,0,0,0,0,0,0,2,0,0,0,0,0,0,0,0,0,1,0,1,0,0,6,2,0,0,0,0,0,7,0,0,0,1,0,6,0,1,9
CHEMBL3951973,0,1,1,0,0,0,0,0,0,0,0,0,0,0,0,0,1,2,0,0,1,2,0,3,0,0,15,3,1,0,0,0,0,7,0,0,0,0,1,2,0,0,14
CHEMBL3952032,0,0,0,0,0,0,0,1,1,0,0,0,1,0,0,0,2,0,0,0,1,1,0,2,1,1,17,6,0,0,0,0,0,18,0,0,0,2,1,9,0,1,21
CHEMBL3959541,0,0,0,0,0,0,0,0,1,1,0,1,0,2,2,0,0,0,1,0,1,1,1,3,1,1,27,3,1,9,0,1,1,11,0,0,0,5,4,8,1,0,31
CHEMBL3960724,0,0,0,0,0,0,0,1,1,0,0,0,0,0,0,0,2,0,0,0,1,1,0,3,1,1,22,7,0,4,0,0,0,19,0,0,0,0,1,9,0,0,25
CHEMBL3961033,1,0,0,0,1,0,0,0,2,0,0,1,0,0,0,0,0,0,0,0,0,0,0,0,0,0,18,0,0,8,0,0,0,6,2,1,1,2,0,7,0,0,23
CHEMBL3961452,1,1,0,0,1,0,0,0,2,0,0,1,0,0,0,0,0,0,0,0,0,0,0,0,0,0,18,0,0,8,0,0,0,6,2,1,1,2,0,8,0,0,23
CHEMBL3964421,0,0,0,0,0,0,0,1,1,0,0,0,0,0,0,0,2,0,0,0,1,1,0,2,1,1,17,6,0,0,0,0,0,19,0,0,0,2,1,11,0,1,21
CHEMBL39661,2,9,0,1,0,0,0,0,0,0,0,2,0,0,0,0,0,0,0,0,0,1,0,1,0,0,6,2,0,0,0,0,0,7,0,0,0,1,0,9,0,1,9
CHEMBL39661,2,9,0,1,0,0,0,0,0,0,0,2,0,0,0,0,0,0,0,0,0,1,0,1,0,0,6,2,0,0,0,0,0,7,0,0,0,1,0,9,0,1,9
CHEMBL3968178,0,0,0,0,0,0,0,1,1,0,0,0,0,0,0,0,2,0,0,0,1,1,0,2,1,1,17,6,0,0,0,0,0,17,0,0,0,2,1,9,0,0,22
CHEMBL397728,0,0,0,0,0,0,0,0,0,1,0,0,0,0,4,0,0,0,0,0,1,1,0,2,0,0,17,2,0,4,0,0,0,6,0,0,0,0,1,4,0,0,17
CHEMBL3977491,1,0,0,0,1,0,0,0,1,0,0,0,0,0,0,2,0,0,0,0,0,0,0,0,0,0,18,0,0,6,0,0,0,3,0,0,0,0,0,3,0,0,20
CHEMBL39781,2,3,0,1,0,0,0,0,0,0,0,2,0,0,0,0,0,0,0,0,0,1,0,1,0,0,6,2,0,0,0,0,0,7,0,0,0,1,0,3,0,1,9
CHEMBL39782,1,3,0,1,0,0,0,0,0,0,0,2,0,0,0,0,0,0,0,0,0,1,0,1,0,0,6,2,0,0,0,0,0,7,0,0,0,1,0,2,0,1,9
CHEMBL3980889,0,0,0,0,0,0,0,1,1,0,0,0,0,0,0,0,2,0,0,0,1,1,0,2,1,1,17,6,0,0,0,0,0,19,0,0,0,4,1,10,0,2,22
CHEMBL3983734,0,0,0,0,0,0,0,1,1,0,0,0,0,0,0,0,2,0,0,0,1,1,0,2,1,1,17,6,0,0,0,0,0,17,0,0,0,2,1,8,0,1,21
CHEMBL39840,2,11,0,1,0,0,0,0,0,0,0,2,0,0,0,0,0,0,0,0,0,1,0,1,0,0,6,2,0,0,0,0,0,7,0,0,0,1,0,11,0,1,9
CHEMBL3984531,1,0,0,0,1,0,0,0,2,0,0,0,0,0,0,0,0,0,0,0,0,0,0,0,0,0,18,0,0,8,0,0,0,3,2,1,1,0,0,4,0,0,21
CHEMBL399910,0,1,0,0,0,0,0,1,0,1,0,0,0,2,2,2,0,0,0,0,0,0,0,0,0,0,12,1,1,2,0,0,0,5,0,0,0,1,1,1,0,1,14
CHEMBL40125,1,5,0,1,0,0,0,0,0,0,0,2,0,0,0,0,0,0,0,0,0,1,0,1,0,0,6,2,0,0,0,0,0,6,0,0,0,3,0,4,0,0,9
CHEMBL402970,0,1,0,0,0,0,0,2,0,1,0,0,0,1,2,1,0,0,0,0,0,0,0,0,0,0,12,1,1,2,0,0,0,6,0,0,0,1,0,2,0,1,14
CHEMBL404225,0,1,0,0,0,0,0,1,0,1,0,0,0,1,2,0,0,0,0,0,0,0,0,0,0,0,16,1,3,2,0,0,0,3,0,0,0,1,0,1,0,1,18
CHEMBL40432,2,8,3,2,0,0,0,0,0,2,0,0,0,0,2,0,0,0,0,0,0,0,0,0,0,0,0,0,5,1,0,0,0,4,0,0,0,2,1,2,1,2,9
CHEMBL40432,2,8,3,2,0,0,0,0,0,2,0,0,0,0,2,0,0,0,0,0,0,0,0,0,0,0,0,0,5,1,0,0,0,4,0,0,0,2,1,2,1,2,9
CHEMBL404981,1,0,0,0,0,0,0,1,0,0,0,1,0,0,0,0,0,0,0,0,0,0,0,0,0,0,12,0,0,2,0,0,0,6,2,1,1,2,0,6,0,0,15
CHEMBL405881,0,0,0,0,0,0,0,1,0,0,0,0,0,0,0,0,0,0,0,0,0,0,0,0,1,1,18,0,0,8,0,0,0,6,4,2,2,3,0,8,0,0,22
CHEMBL4060208,0,0,0,0,0,0,0,0,2,1,0,0,0,1,2,0,0,0,0,0,0,1,0,2,1,1,23,4,2,7,0,1,1,13,0,0,0,5,2,7,1,0,28
CHEMBL4063099,2,0,0,0,0,0,0,0,1,0,0,1,0,0,1,0,0,0,1,0,0,1,1,3,0,0,21,3,1,2,0,0,0,10,0,0,0,0,0,5,0,0,19
CHEMBL4067000,2,0,0,0,0,1,0,0,0,0,0,0,0,0,0,0,0,0,0,0,1,2,0,3,0,0,15,3,1,0,0,0,0,6,0,0,0,0,0,3,0,0,15
CHEMBL4068601,0,0,0,0,0,0,0,0,2,1,0,0,0,1,2,0,0,0,0,0,0,2,0,2,1,1,28,4,3,7,0,1,1,13,0,0,0,5,2,7,1,0,33
CHEMBL4070331,4,0,0,0,0,0,0,0,2,0,0,2,0,0,2,0,0,0,2,0,0,0,2,2,0,0,20,2,2,4,0,0,0,12,0,0,0,0,0,7,0,0,20
CHEMBL407092,0,0,0,0,0,0,0,1,0,0,0,1,1,0,2,0,0,0,0,0,0,0,0,0,0,0,18,0,0,4,2,0,0,7,2,1,1,2,0,7,0,0,21
CHEMBL4071689,1,0,0,0,0,1,0,0,0,0,0,0,0,0,0,0,0,0,0,0,1,2,0,3,0,0,15,3,1,0,0,0,0,6,0,0,0,0,0,4,0,0,16
CHEMBL4074186,4,0,0,0,0,0,0,0,1,0,1,2,0,1,2,0,0,0,1,0,0,1,2,3,0,0,15,3,1,4,0,0,0,13,0,0,0,0,1,7,0,0,14
CHEMBL4077246,0,0,0,0,0,1,0,1,0,0,0,0,1,0,0,0,0,2,0,0,1,4,0,5,0,0,29,5,0,0,6,0,0,9,0,0,0,0,2,8,0,0,27
CHEMBL4077259,0,0,0,0,0,0,0,0,2,1,0,0,0,1,2,0,0,0,0,0,0,0,0,0,0,1,18,2,2,7,0,1,1,11,0,0,0,7,2,7,1,0,26
CHEMBL4078790,3,0,0,0,0,0,0,0,1,0,1,2,0,1,1,0,0,0,1,0,0,1,1,3,0,0,15,3,1,4,0,0,0,13,0,0,0,0,0,7,0,0,14
CHEMBL407953,0,0,0,0,0,0,0,1,0,0,0,1,0,0,2,0,0,0,0,0,0,0,0,0,0,0,18,0,0,4,0,0,0,6,2,1,1,2,0,7,0,0,21
CHEMBL4080256,2,0,0,0,0,1,0,0,0,0,0,0,0,0,0,0,0,0,0,0,1,2,0,3,0,0,15,3,1,0,0,0,0,6,0,0,0,0,0,3,0,0,15
CHEMBL4080420,3,0,0,0,0,1,0,0,0,0,0,0,0,0,0,0,0,1,0,0,1,2,0,3,0,0,15,3,1,0,0,0,0,6,0,0,0,0,0,2,0,0,14
CHEMBL4080965,0,0,0,0,0,0,0,0,0,0,0,1,0,0,1,0,0,0,1,0,0,1,1,2,0,0,16,2,1,2,0,0,0,5,0,0,0,0,0,1,0,0,14
CHEMBL4087613,2,0,0,0,0,0,0,0,1,0,0,1,0,0,1,0,0,0,1,0,0,1,2,3,0,0,15,3,1,2,0,0,0,10,0,0,0,0,0,4,0,0,13
CHEMBL4091260,0,0,0,0,0,0,0,2,0,0,0,2,0,0,2,0,0,0,2,0,0,0,2,2,0,0,20,2,2,4,0,0,0,10,0,0,0,0,0,3,0,0,18
CHEMBL409271,0,0,0,0,0,0,0,1,0,0,0,1,1,0,2,0,0,0,0,0,0,0,0,0,1,1,18,0,0,2,2,0,0,9,0,0,0,4,0,8,0,1,22
CHEMBL409448,0,0,0,0,0,0,0,1,0,0,0,1,0,0,2,0,0,0,0,0,0,0,0,0,0,0,18,0,0,6,0,0,0,7,4,2,2,2,0,8,0,0,22
CHEMBL4095313,2,1,0,0,0,0,0,0,1,0,1,2,0,0,1,0,0,0,1,0,0,1,1,3,0,0,15,3,1,2,0,0,0,13,0,0,0,1,0,7,0,1,14
CHEMBL4098297,2,0,0,0,0,1,0,0,0,0,0,0,0,0,0,0,0,0,0,0,1,2,0,3,0,0,15,3,1,0,0,0,0,6,0,0,0,0,0,3,0,0,15
CHEMBL4098604,0,0,0,0,0,0,0,0,2,1,0,0,0,1,2,0,0,0,0,0,0,1,0,1,1,1,24,3,2,7,0,1,1,11,0,0,0,5,2,7,1,0,30
CHEMBL4098990,0,0,0,0,0,0,0,0,0,0,0,1,0,0,1,0,0,0,1,0,0,1,1,2,0,0,16,2,1,2,0,0,0,5,0,0,0,0,0,1,0,0,14
CHEMBL4099909,0,0,0,0,0,0,0,0,0,0,0,1,0,0,1,0,0,0,1,0,0,1,1,2,0,0,16,2,1,2,0,0,0,5,0,0,0,0,0,1,0,0,14
CHEMBL4100188,2,0,0,0,0,0,0,0,1,0,0,1,0,0,1,0,0,0,1,0,0,1,2,3,0,0,21,3,1,2,0,0,0,10,0,0,0,0,0,5,0,0,19
CHEMBL4103066,3,0,0,0,0,0,0,0,1,0,0,1,0,0,1,0,0,0,1,0,0,1,1,3,0,0,15,3,1,2,0,0,0,10,0,0,0,0,0,4,0,0,13
CHEMBL41033,2,7,2,2,1,0,0,0,0,2,0,0,0,0,2,0,0,0,0,0,0,0,0,0,0,0,0,0,5,1,0,0,0,3,0,0,0,3,1,0,1,2,10
CHEMBL41033,2,7,2,2,1,0,0,0,0,2,0,0,0,0,2,0,0,0,0,0,0,0,0,0,0,0,0,0,5,1,0,0,0,3,0,0,0,3,1,0,1,2,10
CHEMBL410525,8,9,5,5,1,0,0,0,0,0,1,2,0,0,0,0,0,0,0,0,0,0,0,0,0,0,0,0,7,0,0,0,0,5,0,0,0,3,0,3,0,1,15
CHEMBL4105495,2,0,0,0,0,0,0,0,1,0,0,1,0,0,1,0,0,0,1,0,0,1,2,3,0,0,15,3,1,2,0,0,0,10,0,0,0,0,0,4,0,0,13
CHEMBL41066,1,8,0,1,0,0,0,0,0,0,0,2,0,0,0,0,0,0,0,0,0,1,0,1,0,0,6,2,0,0,0,0,0,6,0,0,0,3,0,7,0,0,9
CHEMBL411316,2,7,3,2,1,2,2,0,0,1,0,0,0,0,2,0,0,0,0,0,0,0,0,0,0,0,0,0,5,1,0,0,0,3,0,0,0,1,1,0,1,1,10
CHEMBL4126284,1,0,0,0,1,0,0,0,1,0,0,0,0,0,0,0,0,1,0,0,0,1,0,1,1,1,18,3,0,4,0,1,1,8,0,0,0,2,0,6,0,1,22
CHEMBL4126996,0,1,0,0,1,0,0,0,1,0,0,0,0,0,0,0,0,1,0,0,0,1,0,1,1,1,18,3,0,4,0,1,1,8,0,0,0,2,0,6,0,1,23
CHEMBL4128368,0,0,0,0,1,0,0,0,1,0,0,0,0,0,0,0,0,1,0,0,0,1,0,1,1,1,18,3,0,4,0,1,1,8,0,0,0,0,0,6,0,0,23
CHEMBL4129721,1,0,0,0,1,0,0,0,1,0,0,1,0,0,0,0,0,1,0,0,0,1,0,1,0,0,18,3,0,4,0,1,1,9,0,0,0,1,0,5,0,1,22
CHEMBL413344,0,2,0,0,1,0,0,0,0,1,0,0,0,0,4,0,0,0,0,0,0,2,0,2,0,0,12,2,1,5,0,0,0,5,0,0,0,0,2,1,1,0,13
CHEMBL41429,1,1,0,0,0,0,0,0,1,0,0,0,0,0,0,0,0,1,0,0,1,2,0,3,0,0,17,4,1,0,0,0,0,8,0,0,0,0,1,4,0,0,17
CHEMBL41517,2,8,3,2,0,0,0,0,0,2,0,0,0,0,2,0,0,0,0,0,0,0,0,0,0,0,0,0,5,1,0,0,0,4,0,0,0,2,1,2,1,2,9
CHEMBL41517,2,8,3,2,0,0,0,0,0,2,0,0,0,0,2,0,0,0,0,0,0,0,0,0,0,0,0,0,5,1,0,0,0,4,0,0,0,2,1,2,1,2,9
CHEMBL415725,0,0,1,0,0,0,0,0,0,0,0,0,0,0,0,0,2,0,0,0,0,1,0,1,0,0,18,1,0,0,0,0,0,2,0,0,0,0,0,3,0,0,18
CHEMBL415753,0,2,0,0,1,0,0,0,0,1,0,0,0,0,4,0,0,0,0,1,0,1,0,2,0,0,11,2,1,5,0,0,0,3,0,0,0,0,3,1,1,0,13
CHEMBL4159101,0,2,1,0,0,0,0,0,0,0,0,0,0,0,0,0,2,1,0,2,0,0,0,2,2,2,36,2,2,8,0,0,0,8,0,0,0,6,0,13,0,0,41
CHEMBL4159159,0,0,0,0,0,0,0,1,0,0,0,0,0,0,0,0,1,0,0,1,1,2,0,4,0,0,20,4,1,0,0,0,0,9,0,0,0,0,1,4,0,0,18
CHEMBL4159184,0,2,1,0,0,0,0,0,0,0,0,0,0,0,0,0,0,0,0,2,0,0,0,2,2,2,36,2,2,8,0,0,0,8,0,0,0,6,0,14,0,0,42
CHEMBL415952,0,1,1,0,0,0,0,0,0,0,0,0,0,0,0,0,0,0,0,0,1,1,0,2,0,0,17,2,0,0,0,0,0,5,0,0,0,0,1,5,0,0,17
CHEMBL4159524,0,2,1,0,0,0,0,0,0,0,0,0,0,0,0,0,0,0,0,2,0,0,0,2,2,2,36,2,2,10,0,0,0,9,2,1,1,6,0,16,0,0,44
CHEMBL4159550,0,2,0,1,0,0,0,2,0,0,0,1,0,0,0,0,0,0,0,2,0,0,0,2,2,2,36,3,3,8,0,0,0,15,0,0,0,8,0,14,0,0,43
CHEMBL4160335,0,0,0,0,0,0,0,1,0,0,0,0,0,0,0,0,0,1,0,1,1,1,0,3,0,0,20,3,1,0,0,0,0,9,0,0,0,0,1,4,0,0,19
CHEMBL4160591,0,2,1,0,0,0,0,0,0,0,0,0,0,0,0,0,0,0,0,2,0,0,0,2,2,2,36,2,2,8,0,0,0,8,0,0,0,6,0,15,0,0,43
CHEMBL4161492,0,0,0,0,0,0,0,0,0,0,0,0,0,0,0,0,1,1,0,1,1,2,0,4,0,0,20,4,1,0,0,0,0,7,0,0,0,0,1,3,0,0,18
CHEMBL4161789,0,0,0,0,0,0,0,0,0,0,0,0,0,0,0,0,0,1,0,1,1,1,0,3,0,0,20,5,2,0,0,0,0,11,0,0,0,0,1,3,0,0,19
CHEMBL4161859,0,2,1,0,0,0,0,2,0,0,0,0,0,0,0,1,0,0,0,2,0,0,0,2,2,2,36,2,2,8,0,0,0,13,0,0,0,6,0,15,0,0,41
CHEMBL4162163,2,2,1,0,0,0,0,0,0,0,0,0,0,0,0,1,0,0,0,2,0,0,0,2,2,2,36,2,2,8,0,0,0,9,0,0,0,6,0,13,0,0,41
CHEMBL4162549,0,0,0,0,0,0,0,1,0,0,0,0,0,0,0,0,1,0,0,1,1,2,0,4,0,0,20,4,1,0,0,0,0,9,0,0,0,0,1,4,0,0,18
CHEMBL4162572,0,2,1,0,0,0,0,0,0,0,0,0,0,0,0,1,0,0,0,2,0,0,0,2,2,2,36,2,2,12,0,0,0,11,4,2,2,6,0,15,0,0,43
CHEMBL416282,1,8,3,2,1,0,0,0,0,3,0,0,0,0,2,0,0,0,0,0,0,0,0,0,0,0,0,0,5,1,0,0,0,3,0,0,0,3,1,2,1,2,10
CHEMBL4162907,0,3,1,0,0,0,0,0,0,0,0,0,0,0,0,0,2,0,0,2,0,0,0,2,2,2,42,2,5,8,0,0,0,8,0,0,0,6,0,13,0,0,47
CHEMBL4162931,0,0,0,0,0,0,0,0,0,0,0,0,0,0,0,0,0,1,0,1,1,2,0,4,0,0,20,6,2,0,0,0,0,11,0,0,0,0,1,3,0,0,18
CHEMBL4163649,0,2,1,0,0,0,0,0,0,0,0,0,0,0,0,0,2,0,0,2,0,0,0,2,2,2,36,2,2,8,0,0,0,8,0,0,0,6,0,14,0,0,42
CHEMBL4163704,0,0,0,0,0,0,0,1,0,0,0,0,0,0,0,0,0,1,0,1,1,1,0,3,0,0,20,3,1,0,0,0,0,9,0,0,0,0,1,4,0,0,19
CHEMBL4163983,0,2,1,0,0,0,0,0,0,0,0,0,0,0,0,0,0,2,0,2,0,0,0,2,2,2,36,2,2,10,0,0,0,9,2,1,1,6,0,14,0,0,42
CHEMBL4164126,0,0,0,0,0,0,0,0,0,0,0,0,0,0,0,0,2,0,0,1,1,1,0,3,0,0,20,3,1,0,0,0,0,7,0,0,0,0,1,3,0,0,19
CHEMBL4165064,0,2,1,0,0,0,0,2,0,0,0,0,0,0,0,0,0,0,0,2,0,0,0,2,2,2,36,2,2,8,0,0,0,12,0,0,0,6,0,15,0,0,41
CHEMBL4165988,0,0,0,0,0,0,0,0,0,0,0,0,0,0,0,0,1,1,0,1,1,2,0,4,0,0,20,4,1,0,0,0,0,7,0,0,0,0,1,3,0,0,18
CHEMBL4166016,0,2,1,0,0,0,0,0,0,0,0,0,0,0,0,1,2,0,0,2,0,0,0,2,2,2,36,2,2,8,0,0,0,9,0,0,0,6,0,13,0,0,41
CHEMBL416616,1,0,0,0,0,0,0,0,0,0,0,0,0,0,0,0,0,1,0,0,2,1,0,3,0,0,20,3,1,0,0,0,0,8,0,0,0,0,1,4,0,0,20
CHEMBL4166364,0,2,1,0,0,0,0,0,0,0,0,0,0,0,0,1,0,0,0,2,0,0,0,2,2,2,36,2,2,12,0,0,0,11,4,2,2,6,0,15,0,0,43
CHEMBL4166769,0,2,0,1,0,0,0,0,0,0,0,1,0,0,0,0,2,0,0,2,0,0,0,2,2,2,36,3,3,8,0,0,0,11,0,0,0,8,0,12,0,0,43
CHEMBL4167098,0,2,1,0,0,0,0,0,0,0,0,0,0,0,0,0,0,1,0,2,0,0,0,2,2,2,36,2,2,8,0,0,0,8,0,0,0,6,0,15,0,0,43
CHEMBL4167430,0,2,1,0,0,0,0,0,0,0,0,0,1,0,0,0,2,0,0,2,0,0,0,2,2,2,36,2,2,8,2,0,0,9,0,0,0,6,0,13,0,0,41
CHEMBL4167569,0,0,0,0,0,0,0,0,0,0,0,0,0,0,0,0,1,1,0,1,1,1,0,3,0,0,20,3,1,0,0,0,0,7,0,0,0,0,1,3,0,0,19
CHEMBL4167841,0,2,1,0,0,0,0,0,0,0,0,0,1,0,0,0,0,2,0,2,0,0,0,2,2,2,36,2,2,8,2,0,0,9,0,0,0,6,0,13,0,0,41
CHEMBL4168266,0,2,0,1,0,0,0,0,0,0,0,1,0,0,0,0,0,0,0,2,0,0,0,2,2,2,36,3,3,12,0,0,0,13,4,2,2,8,0,14,0,0,45
CHEMBL4169419,0,0,0,0,0,0,0,0,0,0,0,0,0,0,0,0,2,0,0,1,1,2,0,4,0,0,20,4,1,0,0,0,0,7,0,0,0,0,1,3,0,0,18
CHEMBL4169756,0,2,1,0,0,0,0,0,0,0,0,0,0,0,0,0,0,1,0,2,0,0,0,2,2,2,36,2,2,8,0,0,0,8,0,0,0,6,0,13,0,0,41
CHEMBL4169784,0,2,1,0,0,0,0,0,0,0,0,0,0,0,0,1,2,0,0,2,0,0,0,2,2,2,36,2,2,8,0,0,0,9,0,0,0,6,0,13,0,0,41
CHEMBL4169808,0,0,0,0,0,0,0,1,0,0,0,0,0,0,0,0,0,1,0,1,1,2,0,4,0,0,20,4,1,0,0,0,0,9,0,0,0,0,1,4,0,0,18
CHEMBL4170175,1,2,1,0,0,0,0,0,0,0,0,0,0,0,0,0,2,0,0,2,1,0,0,3,2,2,43,3,5,8,0,0,0,11,0,0,0,6,0,14,0,0,48
CHEMBL4170393,2,2,1,0,0,0,0,0,0,0,0,0,0,0,0,0,0,0,0,2,0,0,0,2,2,2,36,2,2,8,0,0,0,8,0,0,0,6,0,13,0,0,41
CHEMBL4170504,0,2,1,0,0,0,0,0,0,0,0,0,0,0,0,1,0,0,0,2,0,0,0,2,2,2,36,2,2,8,0,0,0,9,0,0,0,6,0,15,0,0,43
CHEMBL4170868,0,0,0,0,0,0,0,0,0,0,0,0,0,0,0,0,1,0,0,1,1,2,0,4,0,0,20,6,2,0,0,0,0,11,0,0,0,0,1,3,0,0,18
CHEMBL4170941,0,0,0,0,0,0,0,1,0,0,0,0,0,0,0,0,1,0,0,1,1,1,0,3,0,0,20,3,1,0,0,0,0,9,0,0,0,0,1,4,0,0,19
CHEMBL4171198,0,2,1,0,0,0,0,0,0,0,0,0,0,0,0,0,2,0,0,2,0,0,0,2,2,2,36,2,2,8,0,0,0,8,0,0,0,6,0,13,0,0,41
CHEMBL4171996,0,0,0,0,0,0,0,0,0,0,0,0,0,0,0,0,1,1,0,1,1,1,0,3,0,0,20,3,1,0,0,0,0,7,0,0,0,0,1,3,0,0,19
CHEMBL4172433,0,0,0,0,0,0,0,0,0,0,0,0,0,0,0,0,1,0,0,1,1,1,0,3,0,0,20,5,2,0,0,0,0,11,0,0,0,0,1,3,0,0,19
CHEMBL4172837,0,2,1,0,0,0,0,0,0,0,0,0,0,0,0,1,0,0,0,2,0,0,0,2,2,2,36,2,2,12,0,0,0,11,4,2,2,6,0,15,0,0,43
CHEMBL4172955,0,2,1,0,0,0,0,0,0,0,0,0,0,0,0,0,0,0,0,2,0,0,0,2,2,2,36,2,2,12,0,0,0,10,4,2,2,6,0,15,0,0,43
CHEMBL4173231,0,0,0,0,0,0,0,1,0,0,0,0,0,0,0,0,0,1,0,1,1,2,0,4,0,0,20,4,1,0,0,0,0,9,0,0,0,0,1,4,0,0,18
CHEMBL4173619,0,2,1,0,0,0,0,4,0,0,0,0,0,0,0,1,0,0,0,2,0,0,0,2,2,2,36,2,2,8,0,0,0,17,0,0,0,6,0,17,0,0,41
CHEMBL4173941,0,2,1,0,0,0,0,2,0,0,0,0,0,0,0,1,0,0,0,2,0,0,0,2,2,2,36,2,2,8,0,0,0,13,0,0,0,6,0,15,0,0,41
CHEMBL4174326,0,2,1,0,0,0,0,0,0,0,0,0,0,0,0,0,0,0,0,2,0,0,0,2,2,2,36,2,2,8,0,0,0,8,0,0,0,6,0,16,0,0,44
CHEMBL4174373,0,0,0,0,0,0,0,1,0,0,0,0,0,0,0,0,1,0,0,1,1,1,0,3,0,0,20,3,1,0,0,0,0,9,0,0,0,0,1,4,0,0,19
CHEMBL4174637,0,2,1,0,0,0,0,0,0,0,0,0,0,0,0,0,0,0,0,2,0,0,0,2,2,2,36,2,2,10,0,0,0,9,2,1,1,6,0,14,0,0,42
CHEMBL4174670,0,2,0,1,0,0,0,0,0,0,0,1,0,0,0,0,0,0,0,2,0,0,0,2,2,2,36,3,3,12,0,0,0,13,4,2,2,8,0,14,0,0,45
CHEMBL4175438,0,0,0,0,0,0,0,0,0,0,0,0,0,0,0,0,0,2,0,1,1,1,0,3,0,0,20,3,1,0,0,0,0,7,0,0,0,0,1,3,0,0,19
CHEMBL4175698,0,2,1,0,0,0,0,0,0,0,0,0,1,0,0,0,0,0,0,2,0,0,0,2,2,2,36,2,2,8,2,0,0,9,0,0,0,6,0,15,0,0,43
CHEMBL41761,1,0,0,0,0,0,0,0,0,0,0,0,0,0,0,0,0,1,0,0,2,1,0,3,0,0,20,3,1,0,0,0,0,8,0,0,0,0,1,4,0,0,20
CHEMBL4176600,0,0,0,0,0,0,0,0,0,0,0,0,0,0,0,0,0,2,0,1,1,2,0,4,0,0,20,4,1,0,0,0,0,7,0,0,0,0,1,3,0,0,18
CHEMBL4176982,0,2,1,0,0,0,0,0,0,0,0,0,0,0,0,1,0,0,0,2,0,0,0,2,2,2,36,2,2,12,0,0,0,11,4,2,2,6,0,15,0,0,43
CHEMBL419131,0,2,0,0,1,0,0,1,0,1,0,0,0,0,4,0,0,0,0,0,0,1,0,1,0,0,12,1,1,5,0,0,0,5,0,0,0,0,2,2,1,0,14
CHEMBL419619,0,2,3,0,0,0,0,1,0,0,0,0,0,0,0,0,0,0,0,0,0,1,0,1,0,0,12,1,3,0,0,0,0,4,0,0,0,0,1,2,0,0,14
CHEMBL4204862,0,0,0,0,0,0,0,0,0,0,0,0,0,0,0,0,0,0,0,1,0,0,0,1,0,0,15,1,1,0,0,0,0,2,0,0,0,0,0,1,0,0,15
CHEMBL4206988,0,0,0,0,1,0,0,2,0,0,0,0,0,0,0,0,0,0,0,0,0,0,0,0,0,0,12,0,0,6,0,1,1,5,2,1,1,0,0,5,0,0,15
CHEMBL4207348,2,4,0,1,0,1,1,0,0,1,0,1,0,2,4,0,0,0,0,0,0,1,1,2,0,0,11,3,1,4,0,0,0,8,0,0,0,1,2,4,0,1,14
CHEMBL4207850,0,0,0,0,0,0,0,0,0,0,0,0,1,0,0,0,0,0,0,1,0,1,0,2,0,0,15,2,1,0,2,0,0,5,0,0,0,0,0,1,0,0,14
CHEMBL4207995,2,3,0,1,0,0,0,0,0,1,0,0,0,2,2,0,0,0,0,0,0,1,1,2,0,0,11,2,1,2,0,0,0,3,0,0,0,1,2,2,0,1,11
CHEMBL4209034,0,0,0,0,0,0,0,0,0,0,0,0,0,0,0,0,0,0,0,1,0,1,0,2,0,0,15,2,1,0,0,0,0,4,0,0,0,0,0,1,0,0,14
CHEMBL421018,4,7,3,3,1,0,0,0,0,2,0,0,0,0,2,0,0,0,0,0,0,0,0,0,0,0,0,0,5,1,0,0,0,2,0,0,0,2,1,0,1,1,10
CHEMBL4210489,0,0,0,0,0,0,0,0,0,0,0,0,0,0,0,0,0,0,0,1,0,0,0,1,0,0,15,1,1,0,2,0,0,2,0,0,0,0,0,1,0,0,15
CHEMBL4211193,2,3,0,1,0,0,0,0,0,1,0,1,0,2,4,0,0,0,0,0,0,1,1,2,0,0,11,2,1,4,0,0,0,5,0,0,0,3,2,3,0,1,12
CHEMBL421149,0,0,0,0,0,0,0,0,0,0,0,0,1,2,5,0,0,0,1,0,1,1,1,3,0,0,19,3,2,4,2,0,0,9,0,0,0,0,1,2,0,0,17
CHEMBL4212612,2,3,0,1,0,0,0,1,0,1,0,0,0,2,2,0,0,0,0,0,0,1,1,2,0,0,11,2,1,2,0,0,0,5,0,0,0,1,2,3,0,1,11
CHEMBL4212655,1,0,0,0,0,0,0,0,0,0,0,0,0,0,0,0,0,0,0,1,0,0,0,1,0,0,15,1,1,2,0,0,0,3,2,1,1,0,0,2,0,0,16
CHEMBL4212918,2,3,0,1,0,0,0,0,0,1,0,2,0,2,4,0,0,0,0,0,0,1,1,2,0,0,11,4,1,4,0,0,0,11,0,0,0,2,2,4,0,1,15
CHEMBL4214618,2,3,0,1,0,1,0,0,0,1,0,1,0,2,4,0,0,0,0,0,0,1,1,2,0,0,11,2,1,4,0,0,0,8,0,0,0,1,2,6,0,1,13
CHEMBL421491,1,8,3,2,1,2,1,0,0,1,0,0,0,0,2,0,0,0,0,0,0,0,0,0,0,0,0,0,5,1,0,0,0,3,0,0,0,1,1,1,1,1,9
CHEMBL421491,1,8,3,2,1,2,1,0,0,1,0,0,0,0,2,0,0,0,0,0,0,0,0,0,0,0,0,0,5,1,0,0,0,3,0,0,0,1,1,1,1,1,9
CHEMBL4216885,0,0,0,0,0,0,0,0,0,0,0,0,0,0,0,0,0,0,0,0,1,0,0,1,0,0,15,1,1,2,0,0,0,4,2,1,1,0,0,2,0,0,16
CHEMBL421829,0,0,0,0,0,0,0,0,0,0,0,0,0,3,4,0,0,0,1,0,1,1,1,3,0,0,19,3,2,4,0,0,0,8,0,0,0,0,1,2,0,0,17
CHEMBL422093,0,0,0,0,0,0,0,0,2,0,0,0,0,0,0,0,2,0,0,0,0,0,0,0,0,0,12,2,0,0,0,0,0,5,0,0,0,0,0,3,0,0,15
CHEMBL4224728,0,0,0,0,0,0,0,1,0,0,0,0,0,0,0,0,0,0,0,0,0,3,0,4,0,0,17,4,0,0,0,0,0,10,0,0,0,0,0,3,0,0,13
CHEMBL4224875,0,0,0,0,0,0,0,0,0,0,0,0,0,0,0,0,0,0,0,0,0,3,1,5,0,0,16,5,0,0,0,0,0,10,0,0,0,0,0,2,0,0,11
CHEMBL4224993,0,0,0,0,0,0,0,1,0,0,0,0,0,0,0,0,0,0,0,0,0,3,0,4,0,0,17,4,0,0,0,0,0,10,0,0,0,0,0,3,0,0,13
CHEMBL4225257,0,0,0,0,0,0,0,0,0,0,0,0,0,0,0,0,1,0,0,0,0,3,0,4,0,0,17,4,0,0,0,0,0,8,0,0,0,0,0,2,0,0,13
CHEMBL4225521,0,0,0,0,0,0,0,0,0,0,0,0,0,0,0,0,0,0,0,0,0,4,0,5,0,0,17,5,0,0,0,0,0,10,0,0,0,0,0,2,0,0,12
CHEMBL4225998,0,0,0,0,0,0,0,0,0,0,0,0,0,0,0,0,0,0,0,0,0,3,0,5,0,0,20,5,1,0,0,0,0,10,0,0,0,0,0,2,0,0,15
CHEMBL422610,2,7,3,2,1,0,0,0,0,2,0,0,0,0,2,0,0,0,0,0,1,1,0,2,0,0,11,2,7,4,0,1,1,5,0,0,0,2,1,3,0,2,19
CHEMBL4227126,0,0,0,0,0,0,0,0,0,0,0,0,0,0,0,1,0,0,0,0,0,3,0,4,0,0,17,4,0,0,0,0,0,9,0,0,0,0,0,2,0,0,13
CHEMBL4227385,0,0,0,0,0,0,0,0,0,0,0,0,0,0,0,1,0,0,0,0,0,3,0,4,0,0,17,4,0,0,0,0,0,9,0,0,0,0,2,2,0,0,13
CHEMBL4227458,0,0,0,0,0,0,0,0,0,0,0,0,0,0,0,0,0,0,0,0,0,4,0,5,0,0,17,5,0,0,0,0,0,10,0,0,0,0,0,2,0,0,12
CHEMBL4227725,0,0,0,0,0,0,0,0,0,0,0,0,0,0,0,0,0,0,0,0,0,3,0,5,0,0,16,5,0,0,0,0,0,10,0,0,0,0,0,2,0,0,11
CHEMBL4227979,0,0,0,0,0,0,0,0,0,0,0,0,0,0,0,1,0,0,0,0,0,3,0,4,0,0,17,4,0,0,0,0,0,9,0,0,0,0,0,2,0,0,13
CHEMBL4228031,0,0,0,0,0,0,0,0,0,0,0,0,0,0,0,0,0,0,0,0,1,4,0,6,0,0,20,6,1,0,0,0,0,13,0,0,0,0,2,2,0,0,15
CHEMBL4228236,1,0,0,0,0,0,0,0,0,0,0,0,0,0,0,1,0,0,0,0,0,3,0,4,0,0,17,4,0,0,0,0,0,9,0,0,0,0,2,2,0,0,13
CHEMBL4228244,0,0,0,0,0,0,0,0,0,0,0,0,0,0,0,0,0,0,0,0,0,4,0,6,0,0,20,6,1,0,0,0,0,12,0,0,0,0,0,2,0,0,14
CHEMBL4228303,0,0,0,0,0,0,0,0,0,0,0,0,0,0,0,0,0,0,0,0,0,4,0,5,0,0,17,5,0,0,0,0,0,10,0,0,0,0,0,2,0,0,12
CHEMBL4228495,0,0,0,0,0,0,0,0,0,0,0,0,0,0,0,1,1,0,0,0,0,3,0,4,0,0,17,4,0,0,0,0,0,9,0,0,0,0,2,2,0,0,13
CHEMBL422858,2,2,0,0,0,0,0,1,0,0,0,0,0,0,0,0,0,0,0,0,0,1,1,2,0,0,11,2,0,0,0,0,0,4,0,0,0,0,0,5,0,0,9
CHEMBL4228753,0,0,0,0,0,0,0,1,0,0,0,0,0,0,0,0,0,0,0,0,0,3,0,4,0,0,17,4,0,0,0,0,0,10,0,0,0,0,0,3,0,0,13
CHEMBL4228819,0,0,0,0,0,0,0,0,0,0,0,0,0,0,0,0,0,0,0,0,0,3,1,5,0,0,20,5,1,0,0,0,0,10,0,0,0,0,0,2,0,0,15
CHEMBL4229012,0,0,0,0,0,0,0,0,0,0,0,0,0,0,0,0,1,0,0,0,0,3,0,4,0,0,17,4,0,0,0,0,0,8,0,0,0,0,0,2,0,0,13
CHEMBL4229074,0,0,0,0,0,0,0,1,0,0,0,0,0,0,0,1,0,0,0,0,0,3,0,4,0,0,17,4,0,0,0,0,0,11,0,0,0,0,2,3,0,0,13
CHEMBL4229272,0,0,0,0,0,0,0,0,0,0,0,0,0,0,0,0,1,0,0,0,0,3,0,4,0,0,17,4,0,0,0,0,0,8,0,0,0,0,0,2,0,0,13
CHEMBL423096,1,8,2,2,2,1,0,0,0,2,0,0,0,0,2,0,0,0,0,0,0,0,0,0,0,0,0,0,5,1,0,0,0,5,0,0,0,2,1,5,1,2,10
CHEMBL423613,1,3,0,0,0,0,0,0,0,0,1,1,0,0,2,0,0,0,0,0,1,1,0,2,0,0,11,2,1,2,0,0,0,8,0,0,0,0,1,4,0,0,12
CHEMBL423772,3,4,3,2,2,0,0,0,0,1,1,1,0,0,3,0,0,0,0,0,0,0,0,0,0,0,0,0,3,2,0,1,1,4,0,0,0,1,1,2,2,0,11
CHEMBL424162,1,8,2,2,2,0,0,0,0,2,0,0,0,0,2,0,0,0,0,0,0,0,0,0,0,0,0,0,5,1,0,0,0,4,0,0,0,2,1,4,1,2,10
CHEMBL424185,1,8,2,2,2,0,0,0,0,2,0,0,0,0,2,0,0,0,0,0,0,0,0,0,0,1,0,0,5,1,0,0,0,4,0,0,0,4,1,4,1,3,11
CHEMBL424203,0,2,0,0,1,0,0,0,0,1,0,0,0,0,4,0,0,0,0,0,0,1,0,1,0,0,12,1,1,5,0,0,0,3,0,0,0,0,2,1,1,0,14
CHEMBL424414,1,0,0,0,0,0,0,0,0,0,0,1,0,0,2,0,0,0,1,1,0,0,0,1,0,0,10,1,1,2,0,0,0,3,0,0,0,2,1,0,0,0,10
CHEMBL424556,0,2,0,0,1,0,0,0,0,1,0,0,0,0,4,0,0,0,0,0,0,2,0,2,0,0,12,2,1,5,0,0,0,3,0,0,0,0,2,1,1,0,13
CHEMBL424960,0,2,0,0,1,0,0,0,0,0,0,0,0,0,0,0,0,1,0,0,0,1,0,1,0,0,12,1,1,4,0,0,0,2,0,0,0,0,1,1,0,0,13
CHEMBL425054,0,2,0,0,1,0,0,1,0,0,0,0,0,0,0,0,0,0,0,0,0,1,0,1,0,0,12,1,1,4,0,0,0,4,0,0,0,0,0,2,0,0,13
CHEMBL425194,1,6,3,1,0,0,0,1,0,1,0,0,0,0,0,1,0,0,0,0,0,0,0,0,0,0,6,0,5,0,0,0,0,4,0,0,0,1,0,1,0,1,11
CHEMBL425323,1,2,0,0,1,0,0,1,0,0,0,0,0,0,0,0,0,0,0,0,0,1,0,1,0,0,12,1,1,4,0,0,0,4,0,0,0,0,0,3,0,0,13
CHEMBL425670,2,2,0,0,1,0,0,2,0,1,0,0,0,1,2,0,0,0,0,0,0,0,0,0,0,0,12,1,1,2,0,0,0,9,0,0,0,1,0,7,0,1,16
CHEMBL426541,0,0,0,0,0,0,0,1,0,0,0,0,0,0,0,0,0,0,0,0,0,0,0,0,1,1,18,0,0,2,0,0,0,5,2,1,1,3,0,7,0,0,21
CHEMBL427247,0,0,0,0,0,0,0,0,0,0,0,1,0,0,2,0,0,0,1,0,1,1,1,3,0,0,15,3,1,2,0,0,0,8,0,0,0,0,2,2,0,0,13
CHEMBL428780,0,0,0,0,0,0,0,0,0,0,0,0,0,0,0,0,0,0,0,0,1,2,0,3,0,0,17,3,0,0,0,0,0,7,0,0,0,0,1,3,0,0,15
CHEMBL4288256,0,0,0,0,1,0,0,0,1,0,0,0,0,0,0,0,1,0,0,0,1,1,0,2,1,1,23,4,0,8,0,1,1,13,0,0,0,0,1,9,0,0,28
CHEMBL4289930,1,0,0,0,0,0,0,0,1,0,0,1,0,0,0,0,2,0,0,0,1,1,0,2,0,0,17,6,0,0,0,0,0,18,0,0,0,1,1,8,0,1,21
CHEMBL4291002,1,0,0,0,1,0,0,0,1,0,1,1,0,0,0,0,1,0,0,0,1,1,0,2,0,0,17,4,0,4,0,1,1,17,0,0,0,3,1,11,0,0,23
CHEMBL429788,2,8,3,2,2,0,0,0,0,2,0,0,0,0,2,0,0,0,0,0,0,0,0,0,0,0,6,0,5,4,0,0,0,3,2,1,1,2,1,4,1,2,18
CHEMBL430879,0,0,0,0,0,0,0,0,0,0,0,0,1,0,0,0,0,0,0,0,1,2,0,3,0,0,17,3,0,0,2,0,0,8,0,0,0,3,0,6,0,0,17
CHEMBL431843,2,6,3,1,0,0,0,0,0,0,1,1,0,0,0,0,0,0,0,0,0,1,0,1,0,0,6,1,0,0,0,0,0,5,0,0,0,0,0,4,0,0,11
CHEMBL431859,2,0,0,0,0,0,0,0,0,0,0,0,0,0,0,0,0,1,0,0,2,1,0,3,0,0,20,3,1,0,0,0,0,8,0,0,0,0,1,4,0,0,20
CHEMBL432751,2,7,3,2,2,0,0,0,0,1,0,0,0,0,2,0,0,0,0,0,0,1,0,1,0,0,6,1,5,3,0,0,0,3,0,0,0,1,1,1,1,1,15
CHEMBL433728,0,2,3,0,0,0,0,0,0,0,0,0,0,0,0,0,0,0,0,0,0,0,0,1,0,0,11,1,3,0,0,0,0,2,0,0,0,0,0,1,0,0,13
CHEMBL433737,1,2,0,0,0,0,0,1,0,0,0,0,0,0,0,0,0,0,0,0,0,1,1,2,0,0,11,2,0,0,0,0,0,4,0,0,0,0,0,5,0,0,9
CHEMBL436369,0,0,0,0,0,0,0,0,0,0,0,0,0,0,0,0,0,0,0,0,1,1,0,2,0,0,17,2,0,0,0,0,0,5,0,0,0,0,1,3,0,0,17
CHEMBL436515,0,1,0,0,0,0,0,1,0,0,0,0,0,0,0,0,0,0,0,0,0,0,0,0,1,1,12,0,0,2,0,0,0,6,2,1,1,2,0,7,0,1,15
CHEMBL437497,0,4,0,0,0,0,0,1,0,0,0,0,0,0,0,0,0,0,0,0,0,0,0,0,1,1,6,0,0,2,0,0,0,5,2,1,1,3,0,5,0,0,10
CHEMBL437731,0,0,0,0,0,0,0,0,0,0,0,1,0,0,2,0,0,0,1,0,1,1,1,3,0,0,21,3,1,2,0,0,0,10,0,0,0,0,2,4,0,0,19
CHEMBL438549,0,2,3,0,0,0,0,1,0,0,0,0,0,0,0,0,0,0,0,1,0,1,0,2,0,0,11,2,3,0,0,0,0,6,0,0,0,1,1,2,0,0,13
CHEMBL438802,0,0,0,0,0,0,0,0,0,0,1,1,0,0,2,0,0,0,0,0,0,1,0,1,0,0,16,1,1,2,0,0,0,5,0,0,0,0,0,3,0,0,16
CHEMBL439241,0,1,0,0,0,0,0,1,0,1,0,0,0,1,2,1,0,0,0,0,0,0,0,0,0,0,16,1,3,2,0,0,0,4,0,0,0,1,0,1,0,1,18
CHEMBL439950,2,9,3,2,1,1,1,0,0,0,0,0,0,0,0,0,0,0,0,0,0,0,0,0,0,0,0,0,5,0,0,0,0,1,0,0,0,0,0,0,0,0,8
CHEMBL439950,2,9,3,2,1,1,1,0,0,0,0,0,0,0,0,0,0,0,0,0,0,0,0,0,0,0,0,0,5,0,0,0,0,1,0,0,0,0,0,0,0,0,8
CHEMBL44,0,0,0,0,0,0,0,0,0,0,0,0,0,3,2,3,0,0,1,0,0,0,1,1,0,0,16,1,1,3,0,0,0,6,0,0,0,0,1,1,0,0,15
CHEMBL440691,1,9,3,2,1,2,1,0,0,0,0,0,0,0,0,0,0,0,0,0,0,0,0,0,0,0,0,0,5,0,0,0,0,2,0,0,0,0,0,1,0,0,8
CHEMBL440691,1,9,3,2,1,2,1,0,0,0,0,0,0,0,0,0,0,0,0,0,0,0,0,0,0,0,0,0,5,0,0,0,0,2,0,0,0,0,0,1,0,0,8
CHEMBL440832,3,9,4,2,2,0,0,0,0,2,0,0,0,0,3,0,0,0,0,0,0,0,0,0,0,0,0,0,5,2,0,1,1,2,0,0,0,2,1,4,2,1,12
CHEMBL440832,3,9,4,2,2,0,0,0,0,2,0,0,0,0,3,0,0,0,0,0,0,0,0,0,0,0,0,0,5,2,0,1,1,2,0,0,0,2,1,4,2,1,12
CHEMBL440930,0,2,3,0,0,0,0,0,0,0,0,0,0,0,0,0,0,0,0,0,0,1,0,1,0,0,12,1,3,0,0,0,0,2,0,0,0,0,0,1,0,0,14
CHEMBL441260,2,2,2,0,3,0,0,0,0,1,0,1,0,0,4,0,0,0,0,0,0,0,0,0,0,0,0,1,3,3,0,0,0,4,0,0,0,1,1,0,3,0,10
CHEMBL441367,0,0,0,0,0,0,0,0,0,0,0,0,0,0,0,0,1,0,0,0,1,1,0,2,0,0,11,2,0,0,0,0,0,5,0,0,0,0,1,2,0,0,10
CHEMBL441404,1,7,0,1,0,0,0,0,0,0,0,2,0,0,0,0,0,0,0,0,0,1,0,1,0,0,6,2,0,0,0,0,0,6,0,0,0,3,0,6,0,0,9
CHEMBL442262,0,1,0,0,1,0,0,1,0,1,0,0,0,0,4,0,0,0,0,0,0,1,0,1,0,0,12,1,1,5,0,0,0,5,0,0,0,0,2,2,1,0,14
CHEMBL442373,0,0,0,0,0,0,0,0,0,0,0,0,1,2,5,0,0,0,1,0,1,1,1,3,0,0,19,3,2,4,2,0,0,9,0,0,0,0,2,2,0,0,17
CHEMBL442542,2,7,2,2,1,0,0,0,0,2,0,0,0,0,2,0,0,0,0,0,0,0,0,0,0,0,0,0,5,1,0,0,0,4,0,0,0,2,1,2,1,2,10
CHEMBL442542,2,7,2,2,1,0,0,0,0,2,0,0,0,0,2,0,0,0,0,0,0,0,0,0,0,0,0,0,5,1,0,0,0,4,0,0,0,2,1,2,1,2,10
CHEMBL442813,2,1,0,0,0,1,0,1,0,0,0,1,0,0,1,0,0,0,1,0,0,0,1,1,0,0,10,2,2,2,0,0,0,6,0,0,0,0,0,1,0,0,11
CHEMBL443066,0,0,0,0,0,0,0,1,0,0,0,1,0,0,2,0,0,0,0,0,0,0,0,0,1,1,18,0,0,2,0,0,0,8,0,0,0,4,0,8,0,1,22
CHEMBL443530,2,9,3,2,1,1,1,0,0,0,1,1,0,0,0,0,0,0,0,0,0,0,0,0,0,0,0,0,5,0,0,0,0,4,0,0,0,1,0,3,0,1,9
CHEMBL4436270,8,0,0,0,0,0,0,0,0,0,0,0,0,0,0,0,0,0,0,0,0,0,0,0,2,2,18,0,0,8,0,0,0,4,0,0,0,6,4,8,0,0,22
CHEMBL4436270,8,0,0,0,0,0,0,0,0,0,0,0,0,0,0,0,0,0,0,0,0,0,0,0,2,2,18,0,0,8,0,0,0,4,0,0,0,6,4,8,0,0,22
CHEMBL4437198,2,1,0,0,0,0,0,0,0,0,0,0,0,0,0,1,0,0,0,0,0,3,0,4,0,0,17,4,0,0,0,0,0,13,0,0,0,2,3,6,0,0,16
CHEMBL4437348,0,0,0,0,1,0,0,0,0,0,0,0,0,0,0,0,0,0,0,0,1,2,0,3,0,0,17,3,0,4,0,0,0,3,0,0,0,0,1,4,0,0,17
CHEMBL4439561,0,0,0,0,0,0,0,0,0,0,0,0,0,0,0,0,0,0,0,0,0,0,0,0,2,2,18,0,0,12,0,0,0,6,4,2,2,6,0,10,0,0,24
CHEMBL4439561,0,0,0,0,0,0,0,0,0,0,0,0,0,0,0,0,0,0,0,0,0,0,0,0,2,2,18,0,0,12,0,0,0,6,4,2,2,6,0,10,0,0,24
CHEMBL4439573,0,1,0,0,0,0,0,0,0,0,0,0,0,0,0,0,0,2,0,0,1,3,0,4,0,0,15,4,1,0,0,0,0,9,0,0,0,0,1,3,0,0,14
CHEMBL444068,6,5,3,3,0,0,0,0,0,0,1,1,0,0,0,0,0,0,0,0,0,1,0,1,0,0,6,1,1,0,0,0,0,5,0,0,0,0,0,4,0,0,13
CHEMBL4441579,0,0,0,0,1,0,0,0,0,0,0,0,0,0,0,0,2,0,0,0,1,2,0,3,0,0,17,3,0,4,0,0,0,3,0,0,0,0,1,4,0,0,17
CHEMBL4444996,0,0,0,0,0,0,0,0,0,0,0,0,2,0,0,0,0,0,0,0,0,0,0,0,2,2,18,0,0,8,4,0,0,6,0,0,0,6,0,8,0,0,22
CHEMBL4444996,0,0,0,0,0,0,0,0,0,0,0,0,2,0,0,0,0,0,0,0,0,0,0,0,2,2,18,0,0,8,4,0,0,6,0,0,0,6,0,8,0,0,22
CHEMBL4446561,0,0,0,0,0,0,0,0,0,0,0,0,0,0,0,0,2,0,0,0,0,0,0,0,2,2,18,0,0,8,0,0,0,4,0,0,0,6,0,6,0,0,22
CHEMBL4446561,0,0,0,0,0,0,0,0,0,0,0,0,0,0,0,0,2,0,0,0,0,0,0,0,2,2,18,0,0,8,0,0,0,4,0,0,0,6,0,6,0,0,22
CHEMBL4448018,0,0,0,0,0,0,0,0,2,0,0,0,0,0,0,0,0,0,0,0,0,0,0,0,2,2,18,0,0,8,0,0,0,6,0,0,0,6,0,8,0,0,22
CHEMBL4448018,0,0,0,0,0,0,0,0,2,0,0,0,0,0,0,0,0,0,0,0,0,0,0,0,2,2,18,0,0,8,0,0,0,6,0,0,0,6,0,8,0,0,22
CHEMBL444844,1,4,0,1,0,0,0,0,0,0,0,2,0,0,0,0,0,0,0,0,0,1,0,1,0,0,6,2,0,0,0,0,0,6,0,0,0,3,0,3,0,0,9
CHEMBL4449929,2,0,0,0,0,0,0,0,0,0,0,0,0,0,0,0,0,0,0,0,0,0,0,0,2,2,18,0,0,8,0,0,0,4,0,0,0,6,0,8,0,0,22
CHEMBL4449929,2,0,0,0,0,0,0,0,0,0,0,0,0,0,0,0,0,0,0,0,0,0,0,0,2,2,18,0,0,8,0,0,0,4,0,0,0,6,0,8,0,0,22
CHEMBL4450923,0,0,0,0,1,0,0,0,0,0,0,0,0,0,0,0,0,0,0,0,1,2,0,3,0,0,17,3,0,4,0,0,0,3,0,0,0,0,1,4,0,0,17
CHEMBL4451577,4,3,0,0,2,0,0,1,0,0,0,0,0,0,0,2,0,0,0,0,0,0,0,0,0,0,12,1,1,4,0,1,1,4,0,0,0,0,0,4,0,0,17
CHEMBL4451962,3,8,4,2,1,0,0,0,0,1,0,0,0,0,0,0,0,0,0,0,0,0,0,0,0,0,0,0,5,0,0,0,0,1,0,0,0,1,0,0,0,1,9
CHEMBL4453517,0,0,0,0,1,0,0,0,0,0,0,0,0,0,0,0,2,0,0,0,1,2,0,3,0,0,17,3,0,4,0,0,0,3,0,0,0,0,1,4,0,0,17
CHEMBL445362,1,8,3,2,1,0,0,0,0,2,0,0,0,0,2,0,0,0,0,0,0,0,0,0,0,0,0,0,5,1,0,0,0,3,0,0,0,2,1,1,1,2,9
CHEMBL4453737,0,2,0,0,0,0,0,0,0,0,0,1,0,0,0,1,1,0,1,1,0,0,0,2,0,0,11,2,0,2,0,0,0,9,0,0,0,4,1,6,0,0,12
CHEMBL4454152,0,0,0,0,1,0,0,0,0,0,0,0,0,0,0,0,0,0,0,0,1,2,0,3,0,0,17,3,0,4,0,0,0,3,0,0,0,0,1,4,0,0,17
CHEMBL4454530,0,0,0,0,1,0,0,0,0,0,0,0,0,0,0,0,0,0,0,0,1,2,0,3,0,0,17,3,0,4,0,0,0,3,0,0,0,0,1,4,0,0,17
CHEMBL4454575,2,8,4,2,1,0,0,0,0,2,0,0,0,0,2,0,0,0,0,0,0,0,0,0,0,0,0,0,5,1,0,0,0,3,0,0,0,3,1,2,1,2,11
CHEMBL4460718,0,0,0,0,0,0,0,0,0,0,0,0,0,0,0,0,2,0,0,0,0,0,0,0,2,2,18,0,0,8,0,0,0,4,0,0,0,6,0,8,0,0,22
CHEMBL4460718,0,0,0,0,0,0,0,0,0,0,0,0,0,0,0,0,2,0,0,0,0,0,0,0,2,2,18,0,0,8,0,0,0,4,0,0,0,6,0,8,0,0,22
CHEMBL446083,0,2,0,0,0,0,0,0,0,0,0,1,0,0,0,0,0,0,0,0,0,1,0,1,0,0,12,2,1,0,0,0,0,6,0,0,0,1,0,1,0,1,13
CHEMBL4460869,3,7,5,2,0,0,0,0,0,1,0,0,0,0,0,0,0,0,0,0,0,0,0,0,0,0,0,1,7,0,0,0,0,3,0,0,0,1,0,0,0,1,10
CHEMBL4462178,0,0,0,0,0,0,0,0,0,0,0,0,0,0,0,0,0,0,0,0,0,0,0,0,2,2,26,0,2,8,0,0,0,4,0,0,0,6,0,8,0,0,30
CHEMBL4462178,0,0,0,0,0,0,0,0,0,0,0,0,0,0,0,0,0,0,0,0,0,0,0,0,2,2,26,0,2,8,0,0,0,4,0,0,0,6,0,8,0,0,30
CHEMBL4464506,0,1,0,0,0,0,0,0,0,0,0,0,0,0,0,0,0,0,0,1,0,0,0,1,1,1,15,1,1,0,0,0,0,4,0,0,0,3,0,6,0,0,17
CHEMBL4465348,0,0,0,0,0,0,0,0,0,0,0,0,1,0,0,0,0,1,0,0,1,2,0,3,0,0,17,3,0,0,2,0,0,8,0,0,0,3,0,6,0,0,17
CHEMBL4465694,4,2,0,0,3,0,0,0,0,0,0,0,0,0,0,3,0,0,0,0,0,0,0,0,0,0,12,0,0,4,0,1,1,3,0,0,0,0,0,6,0,0,18
CHEMBL446706,0,0,0,0,0,0,0,0,0,0,0,0,0,0,0,1,1,0,0,0,1,2,1,4,0,0,20,4,1,0,0,0,0,8,0,0,0,0,1,3,0,0,18
CHEMBL4468397,0,0,0,0,1,0,0,0,0,0,0,0,0,0,0,0,1,0,0,0,1,2,0,3,0,0,17,3,0,4,0,0,0,3,0,0,0,0,1,4,0,0,17
CHEMBL4468497,2,8,4,2,1,0,0,0,0,2,0,0,0,0,2,0,0,0,0,0,0,0,0,0,0,0,0,0,5,1,0,0,0,3,0,0,0,3,1,2,1,2,11
CHEMBL4468933,0,0,0,0,1,0,0,0,0,0,0,0,0,0,0,0,0,0,0,0,1,2,0,3,0,0,17,3,0,4,0,0,0,3,0,0,0,0,1,4,0,0,17
CHEMBL4474808,0,1,0,0,0,1,1,0,2,0,0,0,0,0,0,1,0,1,0,0,0,1,0,1,0,0,10,2,1,0,0,0,0,8,0,0,0,0,2,2,0,0,12
CHEMBL448463,1,3,0,0,1,0,0,1,0,0,0,1,0,0,0,0,0,0,0,0,0,0,0,0,0,0,6,2,1,3,0,2,2,6,0,0,0,1,1,3,0,0,11
CHEMBL449065,1,0,0,0,0,0,0,3,0,0,0,1,0,0,2,0,0,0,1,0,1,0,0,1,0,0,10,1,1,2,0,0,0,10,0,0,0,0,1,3,0,0,10
CHEMBL45,1,1,0,0,0,0,0,1,0,0,0,1,0,0,0,0,0,0,0,1,0,0,0,1,0,0,9,1,1,0,0,0,0,7,0,0,0,2,0,5,0,0,11
CHEMBL450666,1,0,0,0,1,0,0,0,0,2,0,1,0,1,5,0,0,0,1,0,1,0,0,1,0,0,6,1,1,8,0,1,1,6,0,0,0,2,3,0,2,0,10
CHEMBL45068,0,2,0,0,0,0,0,0,0,1,0,0,0,2,2,4,0,0,0,0,0,0,0,0,0,0,12,0,0,2,0,0,0,5,0,0,0,1,1,4,0,1,13
CHEMBL451168,0,1,0,0,0,0,0,1,0,1,0,0,0,1,2,3,0,0,0,0,0,0,0,0,0,0,12,1,1,2,0,0,0,6,0,0,0,1,0,1,0,1,14
CHEMBL451201,0,0,0,0,0,0,0,0,0,0,0,0,1,2,2,0,0,0,1,0,1,1,1,3,0,0,21,3,1,3,2,0,0,9,0,0,0,0,1,3,0,0,20
CHEMBL4514474,0,0,0,0,0,0,0,0,0,0,0,0,0,0,0,0,0,0,0,0,1,2,0,3,0,0,17,3,0,2,0,0,0,7,2,1,1,0,0,6,0,0,18
CHEMBL4514728,2,8,4,2,2,0,0,0,0,2,0,0,0,0,2,0,0,0,0,0,0,0,0,0,0,0,0,0,5,1,0,0,0,2,0,0,0,2,1,2,1,2,11
CHEMBL451532,1,1,0,0,0,6,5,1,0,1,0,0,0,2,2,2,0,0,0,0,0,0,0,0,0,0,12,3,1,2,0,0,0,19,0,0,0,1,1,6,0,1,24
CHEMBL4515706,4,2,0,0,3,0,0,1,0,0,0,0,0,0,0,3,0,0,0,0,0,0,0,0,0,0,12,0,0,4,0,1,1,5,0,0,0,0,0,7,0,0,18
CHEMBL4515880,2,7,3,2,1,1,1,0,0,2,0,0,0,0,2,0,0,0,0,0,0,0,0,0,0,0,0,0,5,1,0,0,0,3,0,0,0,2,1,0,1,2,10
CHEMBL4516755,1,0,0,0,0,0,0,0,0,0,0,0,0,0,0,0,0,0,0,1,0,0,0,1,1,1,15,1,1,4,0,0,0,4,0,0,0,3,1,3,0,0,17
CHEMBL4517318,1,8,3,2,1,1,0,0,0,2,0,0,0,0,2,0,0,0,0,0,0,0,0,0,0,0,0,0,5,1,0,0,0,3,0,0,0,2,1,1,1,2,9
CHEMBL4517895,4,3,0,0,2,0,0,2,0,0,0,0,0,0,0,2,0,0,0,0,0,0,0,0,0,0,12,1,1,4,0,1,1,6,0,0,0,0,0,5,0,0,17
CHEMBL4517937,4,2,0,0,2,1,1,2,0,0,0,0,0,0,0,1,0,0,0,0,0,0,0,0,0,0,12,1,1,4,0,1,1,6,0,0,0,0,0,5,0,0,18
CHEMBL4520027,2,7,3,2,1,1,1,0,0,2,0,0,0,0,2,0,0,0,0,0,0,0,0,0,0,0,0,0,5,1,0,0,0,3,0,0,0,2,1,0,1,2,10
CHEMBL4520056,2,9,4,2,2,0,0,0,0,1,0,0,0,0,0,0,0,0,0,0,0,0,0,0,0,0,0,0,5,0,0,0,0,1,0,0,0,1,0,2,0,1,10
CHEMBL452018,0,0,0,0,0,0,0,0,0,0,0,0,0,0,0,0,0,1,0,0,2,1,0,3,0,0,20,3,1,0,0,0,0,8,0,0,0,0,1,4,0,0,19
CHEMBL4520995,0,0,0,0,0,0,0,0,0,0,0,0,0,0,0,0,0,0,0,0,1,2,0,3,0,0,17,3,0,2,0,0,0,7,2,1,1,0,0,5,0,0,17
CHEMBL4526477,0,0,0,0,1,0,0,0,0,0,0,0,0,0,0,0,0,0,0,0,1,2,0,3,0,0,17,3,0,4,0,0,0,5,0,0,0,0,1,4,0,0,17
CHEMBL4526798,0,0,0,0,0,0,0,0,0,0,0,0,0,0,0,0,0,0,0,0,1,2,0,3,0,0,17,3,0,2,0,0,0,7,2,1,1,0,0,6,0,0,18
CHEMBL4527809,0,0,0,0,0,0,0,0,0,0,0,0,2,0,0,0,0,0,0,0,0,0,0,0,2,2,18,0,0,8,4,0,0,6,0,0,0,6,0,8,0,0,22
CHEMBL4527809,0,0,0,0,0,0,0,0,0,0,0,0,2,0,0,0,0,0,0,0,0,0,0,0,2,2,18,0,0,8,4,0,0,6,0,0,0,6,0,8,0,0,22
CHEMBL4531367,0,0,0,0,0,0,0,2,0,0,0,0,0,0,0,0,0,0,0,0,0,0,0,0,2,2,18,0,0,8,0,0,0,8,0,0,0,6,0,10,0,0,22
CHEMBL4531367,0,0,0,0,0,0,0,2,0,0,0,0,0,0,0,0,0,0,0,0,0,0,0,0,2,2,18,0,0,8,0,0,0,8,0,0,0,6,0,10,0,0,22
CHEMBL453233,1,0,0,0,0,0,0,2,0,0,0,1,0,0,2,0,0,0,1,0,1,0,0,1,0,0,10,1,1,2,0,0,0,8,0,0,0,0,1,2,0,0,10
CHEMBL453417,1,0,0,0,0,0,0,1,0,0,0,1,0,0,2,0,0,0,1,1,0,0,0,1,0,0,10,1,1,2,0,0,0,5,0,0,0,2,1,1,0,0,10
CHEMBL453448,0,3,0,0,0,0,0,0,0,0,0,0,0,0,0,3,0,0,0,0,0,0,0,0,0,0,12,0,0,0,0,0,0,3,0,0,0,0,0,4,0,0,12
CHEMBL4536389,0,0,0,0,0,0,0,0,0,0,0,0,0,0,0,0,0,2,0,0,0,0,0,0,2,2,18,0,0,8,0,0,0,4,0,0,0,6,0,8,0,0,22
CHEMBL4536389,0,0,0,0,0,0,0,0,0,0,0,0,0,0,0,0,0,2,0,0,0,0,0,0,2,2,18,0,0,8,0,0,0,4,0,0,0,6,0,8,0,0,22
CHEMBL4536893,0,0,0,0,0,0,0,0,0,0,0,0,0,0,0,0,0,0,0,0,1,2,0,3,0,0,17,3,0,2,0,0,0,7,2,1,1,0,0,5,0,0,17
CHEMBL453736,0,0,0,0,0,0,0,0,0,0,0,0,1,0,0,1,0,0,0,0,1,2,0,3,0,0,17,3,0,0,2,0,0,7,0,0,0,0,1,3,0,0,16
CHEMBL4537791,0,0,0,0,0,0,0,0,0,0,0,0,0,0,0,0,0,0,0,1,0,0,0,1,1,1,15,1,1,0,0,0,0,4,0,0,0,3,0,4,0,0,17
CHEMBL4540847,0,1,0,0,0,0,0,1,0,0,0,0,0,0,0,1,0,0,0,0,1,1,0,2,0,0,17,3,1,0,0,0,0,8,0,0,0,0,1,2,0,0,18
CHEMBL454226,1,0,0,0,0,0,0,3,0,0,0,1,0,0,2,0,0,0,1,1,0,0,0,1,0,0,10,1,1,2,0,0,0,9,0,0,0,2,1,3,0,0,10
CHEMBL4543747,0,0,0,0,0,0,0,2,0,0,0,0,0,0,0,0,0,0,0,0,0,0,0,0,2,2,18,0,0,8,0,0,0,8,0,0,0,6,0,8,0,0,22
CHEMBL4543747,0,0,0,0,0,0,0,2,0,0,0,0,0,0,0,0,0,0,0,0,0,0,0,0,2,2,18,0,0,8,0,0,0,8,0,0,0,6,0,8,0,0,22
CHEMBL454421,7,9,5,4,1,0,0,0,0,0,0,2,0,0,0,0,0,0,0,0,0,0,0,0,0,0,0,1,7,0,0,0,0,5,0,0,0,4,0,1,0,0,15
CHEMBL454580,6,3,0,0,3,0,0,0,0,0,0,0,0,3,5,4,0,0,1,0,0,0,1,1,0,0,14,1,2,4,0,0,0,7,0,0,0,0,1,6,0,0,19
CHEMBL4545917,0,0,0,0,1,0,0,0,0,0,0,0,0,0,0,0,0,0,0,0,1,2,0,3,0,0,17,3,0,4,0,0,0,5,0,0,0,0,1,4,0,0,17
CHEMBL4546916,0,0,0,0,0,0,0,0,0,0,0,0,1,0,0,0,0,0,0,0,1,2,0,3,0,0,23,3,0,2,2,0,0,8,2,1,1,0,0,6,0,0,23
CHEMBL454705,1,1,3,0,1,0,0,0,0,0,0,0,0,0,0,5,0,0,0,0,0,0,1,1,0,0,27,3,8,0,0,0,0,11,0,0,0,0,0,2,0,0,32
CHEMBL4547558,0,0,0,0,0,0,0,0,0,0,0,0,0,0,0,0,0,0,0,0,1,2,0,3,0,0,11,3,0,2,0,0,0,6,2,1,1,0,3,3,0,0,11
CHEMBL4553272,4,2,0,0,3,0,0,1,0,0,0,0,0,0,0,2,0,0,0,0,0,0,0,0,0,0,12,0,0,4,0,1,1,4,0,0,0,0,0,7,0,0,18
CHEMBL4555477,0,0,0,0,0,0,0,0,0,0,0,0,0,0,0,0,0,0,0,0,0,0,0,0,2,2,18,0,0,12,0,0,0,6,4,2,2,6,0,10,0,0,24
CHEMBL4555477,0,0,0,0,0,0,0,0,0,0,0,0,0,0,0,0,0,0,0,0,0,0,0,0,2,2,18,0,0,12,0,0,0,6,4,2,2,6,0,10,0,0,24
CHEMBL455593,1,0,0,0,0,0,0,4,0,0,0,1,0,0,2,0,0,0,1,0,1,0,0,1,0,0,10,1,1,2,0,0,0,12,0,0,0,0,1,4,0,0,10
CHEMBL4556427,0,0,0,0,0,0,0,0,0,0,0,0,0,0,0,0,0,0,0,0,0,0,0,0,2,2,18,0,0,8,0,0,0,4,0,0,0,6,0,10,0,0,24
CHEMBL4556427,0,0,0,0,0,0,0,0,0,0,0,0,0,0,0,0,0,0,0,0,0,0,0,0,2,2,18,0,0,8,0,0,0,4,0,0,0,6,0,10,0,0,24
CHEMBL4556775,0,0,0,0,0,0,0,0,0,0,0,0,0,0,0,0,0,0,0,0,1,2,0,3,0,0,23,3,0,2,0,0,0,7,2,1,1,0,0,7,0,0,24
CHEMBL455832,0,0,0,0,0,0,0,0,0,0,0,0,0,0,0,2,0,0,0,0,1,2,0,3,0,0,17,3,0,0,0,0,0,7,0,0,0,0,1,3,0,0,16
CHEMBL4560281,0,0,0,0,0,0,0,0,0,0,0,0,0,0,0,0,0,0,0,0,1,2,0,3,0,0,23,3,0,2,0,0,0,7,2,1,1,0,0,7,0,0,24
CHEMBL456062,2,3,0,0,1,0,0,1,0,0,0,0,0,0,0,2,0,0,0,0,0,0,0,0,0,0,12,1,1,0,0,0,0,4,0,0,0,0,0,3,0,0,15
CHEMBL4561656,0,0,0,0,1,0,0,0,0,0,0,0,0,0,0,0,1,0,0,0,1,2,0,3,0,0,17,3,0,4,0,0,0,3,0,0,0,0,1,4,0,0,17
CHEMBL4562457,0,0,0,0,1,0,0,0,0,0,0,0,0,0,0,0,0,0,0,0,1,2,0,3,0,0,17,3,0,4,0,0,0,3,0,0,0,0,1,4,0,0,17
CHEMBL4563511,0,0,0,0,0,0,0,0,0,0,0,0,0,0,0,0,0,0,0,0,1,2,0,3,0,0,23,3,0,4,0,0,0,8,4,2,2,0,0,7,0,0,24
CHEMBL4564168,0,0,0,0,0,0,0,0,0,0,0,0,1,0,0,0,0,0,0,0,1,2,0,3,0,0,17,3,0,2,2,0,0,8,2,1,1,0,0,5,0,0,17
CHEMBL4564333,3,7,5,2,1,0,0,0,0,1,0,0,0,0,0,0,0,0,0,0,0,0,0,0,0,0,0,0,5,0,0,1,1,1,0,0,0,1,0,0,0,1,10
CHEMBL4564431,1,0,0,0,0,0,0,0,0,0,0,0,0,0,0,0,1,0,0,1,0,0,0,1,0,0,15,1,1,2,0,1,1,4,0,0,0,1,1,3,0,0,17
CHEMBL4567479,2,0,0,0,0,0,0,0,0,2,0,0,0,0,4,0,0,0,0,0,0,0,0,0,2,2,18,0,0,12,0,0,0,6,0,0,0,8,0,10,0,2,24
CHEMBL4567479,2,0,0,0,0,0,0,0,0,2,0,0,0,0,4,0,0,0,0,0,0,0,0,0,2,2,18,0,0,12,0,0,0,6,0,0,0,8,0,10,0,2,24
CHEMBL4568316,0,2,0,0,0,2,0,0,2,2,0,0,0,4,8,2,0,0,0,0,0,0,0,0,0,0,12,0,2,8,0,0,0,10,0,0,0,0,2,8,0,0,16
CHEMBL4568674,0,0,0,0,0,0,0,0,0,0,0,0,1,0,0,0,0,0,0,0,1,2,0,3,0,0,17,3,0,2,2,0,0,8,2,1,1,0,0,5,0,0,17
CHEMBL4570681,0,0,0,0,0,0,0,0,0,0,0,0,0,0,0,0,0,0,0,0,0,0,0,0,2,2,18,0,0,12,0,0,0,6,4,2,2,6,0,10,0,0,24
CHEMBL4570681,0,0,0,0,0,0,0,0,0,0,0,0,0,0,0,0,0,0,0,0,0,0,0,0,2,2,18,0,0,12,0,0,0,6,4,2,2,6,0,10,0,0,24
CHEMBL457261,3,3,0,0,2,0,0,0,0,0,0,0,0,3,3,5,0,0,1,0,0,0,1,1,0,0,16,1,1,3,0,0,0,8,0,0,0,0,1,6,0,0,19
CHEMBL457262,3,3,0,0,2,0,0,1,0,0,0,0,0,3,3,4,0,0,1,0,0,0,1,1,0,0,16,1,1,3,0,0,0,9,0,0,0,0,1,7,0,0,19
CHEMBL457263,2,4,0,0,1,0,0,0,0,0,0,0,0,0,0,3,0,0,0,0,0,0,0,0,0,0,12,0,0,0,0,0,0,3,0,0,0,0,0,6,0,0,14
CHEMBL4574913,0,0,0,0,0,0,0,0,0,0,0,0,0,0,0,0,1,0,0,0,1,2,0,3,0,0,17,3,0,2,0,0,0,7,2,1,1,0,0,5,0,0,17
CHEMBL4575939,0,0,0,0,0,0,0,0,0,0,0,0,0,0,0,0,0,0,0,0,1,2,0,3,0,0,17,3,0,4,0,0,0,8,4,2,2,0,0,6,0,0,18
CHEMBL4575994,2,6,4,2,3,0,0,0,0,2,0,0,0,0,3,0,0,0,0,0,0,0,0,0,0,0,0,0,5,2,0,1,1,2,0,0,0,2,1,2,2,1,13
CHEMBL457678,2,2,0,0,0,1,0,2,0,1,0,0,0,1,2,2,0,0,0,0,0,0,0,0,0,0,12,2,3,2,0,0,0,8,0,0,0,1,0,2,0,1,16
CHEMBL457679,2,1,0,0,1,0,0,0,0,0,0,0,0,3,3,4,0,0,1,0,0,0,1,1,0,0,16,1,1,3,0,0,0,7,0,0,0,0,1,3,0,0,17
CHEMBL457680,2,2,0,0,1,0,0,1,0,1,0,0,0,2,2,3,0,0,0,0,0,0,0,0,0,0,12,1,1,2,0,0,0,6,0,0,0,1,1,3,0,1,16
CHEMBL457686,2,2,0,0,1,0,0,1,0,1,0,0,0,1,2,3,0,0,0,0,0,0,0,0,0,0,12,1,1,2,0,0,0,6,0,0,0,1,0,3,0,1,16
CHEMBL458187,3,3,0,0,2,0,0,0,0,0,0,0,0,3,3,4,0,0,1,0,0,0,1,1,0,0,16,1,1,3,0,0,0,7,0,0,0,0,1,6,0,0,19
CHEMBL458188,2,1,0,0,1,0,0,0,0,0,0,0,0,0,0,3,0,0,0,0,0,0,1,1,0,0,15,1,1,0,0,0,0,5,0,0,0,0,0,3,0,0,16
CHEMBL4582591,0,1,1,0,0,0,0,0,0,0,0,0,0,0,0,0,0,0,0,0,1,2,0,3,0,0,17,3,0,0,0,0,0,3,0,0,0,0,1,5,0,0,16
CHEMBL4583456,0,1,0,0,0,0,0,2,0,0,0,0,0,0,0,0,0,0,0,0,1,1,0,2,0,0,17,3,1,0,0,0,0,9,0,0,0,0,1,3,0,0,18
CHEMBL458395,0,1,0,0,0,0,0,1,0,1,0,0,0,2,2,4,0,0,0,0,0,0,0,0,0,0,12,1,1,2,0,0,0,7,0,0,0,1,1,1,0,1,14
CHEMBL4585518,8,0,0,0,0,0,0,0,0,0,0,0,0,0,0,0,0,0,0,0,0,0,0,0,2,2,18,0,0,8,0,0,0,4,0,0,0,6,4,8,0,0,22
CHEMBL4590541,0,0,0,0,0,0,0,0,0,0,0,0,0,0,0,0,0,0,0,0,0,0,0,0,2,2,18,0,0,8,0,0,0,4,0,0,0,6,0,8,0,0,22
CHEMBL4590541,0,0,0,0,0,0,0,0,0,0,0,0,0,0,0,0,0,0,0,0,0,0,0,0,2,2,18,0,0,8,0,0,0,4,0,0,0,6,0,8,0,0,22
CHEMBL4592407,0,0,0,0,0,0,0,0,0,0,0,0,0,0,0,0,0,0,0,0,1,2,0,3,0,0,23,3,0,2,0,0,0,7,2,1,1,0,0,6,0,0,23
CHEMBL459502,0,0,0,0,0,0,0,1,0,0,0,0,0,0,0,0,2,0,0,0,1,1,0,2,0,0,17,2,0,0,0,0,0,9,0,0,0,0,1,6,0,0,17
CHEMBL459502,0,0,0,0,0,0,0,1,0,0,0,0,0,0,0,0,2,0,0,0,1,1,0,2,0,0,17,2,0,0,0,0,0,9,0,0,0,0,1,6,0,0,17
CHEMBL459503,0,0,0,0,0,0,0,0,0,0,0,0,0,0,0,1,0,0,0,0,1,1,0,2,0,0,17,6,2,0,0,0,0,14,0,0,0,0,1,3,0,0,17
CHEMBL459503,0,0,0,0,0,0,0,0,0,0,0,0,0,0,0,1,0,0,0,0,1,1,0,2,0,0,17,6,2,0,0,0,0,14,0,0,0,0,1,3,0,0,17
CHEMBL460026,1,8,0,0,5,0,0,0,0,0,0,1,0,0,0,0,0,0,0,0,0,0,0,0,0,0,0,0,0,0,0,5,5,2,0,0,0,2,0,13,0,0,11
CHEMBL460382,0,1,0,0,0,0,0,0,0,0,0,0,0,0,0,0,0,0,0,0,1,1,0,3,0,0,14,3,1,0,0,0,0,7,0,0,0,0,1,3,0,0,12
CHEMBL462879,4,3,0,0,1,1,0,1,0,0,0,0,0,3,5,3,0,0,1,0,0,0,1,1,0,0,14,1,2,4,0,0,0,9,0,0,0,0,1,6,0,0,16
CHEMBL463168,0,2,0,0,0,0,0,1,0,0,0,0,0,0,0,2,0,0,0,0,0,0,0,0,0,0,12,1,1,0,0,0,0,4,0,0,0,0,0,1,0,0,13
CHEMBL463241,2,0,0,0,1,0,0,1,0,0,0,0,0,0,0,2,0,0,0,0,0,0,1,1,0,0,15,2,2,2,0,1,1,6,0,0,0,0,0,1,0,0,17
CHEMBL463254,2,4,0,0,1,0,0,1,0,0,0,0,0,0,0,2,0,0,0,0,0,0,0,0,0,0,12,0,0,0,0,0,0,4,0,0,0,0,0,7,0,0,14
CHEMBL463255,2,3,0,0,1,0,0,2,0,0,0,0,0,0,0,3,0,0,0,0,0,0,0,0,0,0,12,1,1,0,0,0,0,7,0,0,0,0,0,4,0,0,15
CHEMBL463256,4,2,0,0,2,1,1,1,0,1,0,0,0,2,2,3,0,0,0,0,0,0,0,0,0,0,12,1,1,2,0,0,0,7,0,0,0,1,1,5,0,0,19
CHEMBL463435,2,1,0,0,1,0,0,1,0,0,0,0,0,0,0,2,0,0,0,0,0,0,1,1,0,0,15,1,1,0,0,0,0,6,0,0,0,0,0,4,0,0,16
CHEMBL463452,2,1,0,0,1,0,0,0,0,0,0,0,0,3,3,5,0,0,1,0,0,0,1,1,0,0,16,1,1,3,0,0,0,8,0,0,0,0,1,3,0,0,17
CHEMBL463453,0,0,0,0,0,1,1,1,0,1,0,0,0,2,2,4,0,0,0,0,0,0,0,0,0,0,12,1,1,2,0,0,0,8,0,0,0,1,1,1,0,0,15
CHEMBL463454,0,3,0,0,0,0,0,1,0,0,0,0,0,0,0,2,0,0,0,0,0,0,0,0,0,0,12,0,0,0,0,0,0,4,0,0,0,0,0,5,0,0,12
CHEMBL4634777,1,1,0,0,0,0,0,1,0,0,0,0,0,2,4,0,0,0,1,0,1,1,1,3,0,0,19,3,2,4,0,0,0,10,0,0,0,0,1,4,0,0,17
CHEMBL463638,1,1,0,0,3,0,0,1,0,1,1,1,0,1,4,5,0,0,0,0,0,0,0,0,0,0,18,0,0,8,0,2,2,11,0,0,0,2,1,11,2,0,26
CHEMBL464007,4,2,0,0,2,0,0,0,0,0,0,0,0,3,3,4,0,0,1,0,0,0,1,1,0,0,16,1,1,3,0,0,0,7,0,0,0,0,1,5,0,0,19
CHEMBL464428,2,1,0,0,2,0,0,0,0,1,0,0,0,1,3,3,0,0,0,0,0,0,0,0,0,0,12,0,0,5,0,1,1,4,0,0,0,1,1,5,1,0,17
CHEMBL464472,0,3,0,0,0,0,0,2,0,0,0,0,0,0,0,2,0,0,0,0,0,0,0,0,0,0,12,0,0,0,0,0,0,6,0,0,0,0,0,6,0,0,12
CHEMBL465435,0,4,0,0,0,0,0,0,0,0,0,1,0,0,1,0,0,0,1,0,0,0,1,1,0,0,6,1,1,2,0,0,0,3,0,0,0,0,1,0,0,0,5
CHEMBL465845,0,3,0,0,0,0,0,3,0,0,0,0,0,0,0,1,0,0,0,0,0,0,0,0,0,0,12,0,0,0,0,0,0,7,0,0,0,0,0,7,0,0,12
CHEMBL465879,0,3,0,0,0,0,0,1,0,0,0,0,0,0,0,2,0,0,0,0,0,0,0,0,0,0,12,0,0,0,0,0,0,4,0,0,0,0,0,5,0,0,12
CHEMBL465880,2,1,0,0,2,0,0,0,0,1,0,0,0,1,3,4,0,0,0,0,0,0,0,0,0,0,12,0,0,5,0,1,1,5,0,0,0,1,1,5,1,0,17
CHEMBL465881,2,1,0,0,1,0,0,0,0,0,0,0,0,0,0,3,0,0,0,0,0,0,1,1,0,0,15,1,1,0,0,0,0,5,0,0,0,0,0,3,0,0,16
CHEMBL468410,0,0,0,0,0,0,0,0,0,0,0,0,1,0,0,0,0,0,0,1,1,1,0,3,0,0,20,3,1,0,2,0,0,8,0,0,0,0,1,3,0,0,20
CHEMBL468419,0,3,0,0,0,0,0,0,0,0,0,0,1,0,0,0,0,0,0,0,1,1,0,2,0,0,11,2,1,0,2,0,0,6,0,0,0,0,1,1,0,0,11
CHEMBL468419,0,3,0,0,0,0,0,0,0,0,0,0,1,0,0,0,0,0,0,0,1,1,0,2,0,0,11,2,1,0,2,0,0,6,0,0,0,0,1,1,0,0,11
CHEMBL469260,0,0,0,0,0,0,0,0,0,0,0,0,1,0,0,0,0,0,0,1,1,1,0,3,0,0,20,3,1,0,2,0,0,8,0,0,0,0,1,3,0,0,20
CHEMBL469266,0,0,0,0,0,0,0,0,0,0,0,0,0,0,0,0,0,0,0,1,0,0,0,1,0,0,15,1,1,2,0,0,0,3,2,1,1,0,0,2,0,0,16
CHEMBL469444,2,2,0,0,1,0,0,1,0,1,0,0,0,1,2,2,0,0,0,0,0,0,0,0,0,0,12,1,1,2,0,0,0,5,0,0,0,1,0,3,0,1,16
CHEMBL4743255,0,1,0,0,1,0,0,0,0,0,0,0,1,0,0,3,0,1,0,0,0,0,0,0,0,0,18,0,0,6,0,0,0,4,0,0,0,0,0,4,0,1,20
CHEMBL4745681,0,0,0,0,1,0,0,0,1,0,0,0,0,0,0,2,0,0,0,0,1,2,0,3,0,0,23,3,0,6,0,0,0,8,0,0,0,0,2,5,0,0,23
CHEMBL4747849,0,1,0,0,1,0,0,0,0,0,0,0,1,0,0,3,0,0,0,0,0,0,0,0,0,0,18,0,0,6,0,0,0,4,0,0,0,0,0,4,0,1,20
CHEMBL4749692,0,0,0,0,1,0,0,0,0,0,0,0,0,0,0,3,0,0,0,0,1,2,0,3,0,0,23,3,0,6,0,0,0,8,0,0,0,0,2,5,0,0,23
CHEMBL4750835,0,0,0,0,1,0,0,0,1,0,0,0,0,0,0,2,0,0,0,0,1,2,0,3,0,0,23,3,0,6,0,0,0,8,0,0,0,0,1,5,0,0,23
CHEMBL4752568,0,0,0,0,1,0,0,0,0,0,0,0,0,0,0,3,0,1,0,0,1,2,0,3,0,0,23,3,0,6,0,0,0,8,0,0,0,0,2,5,0,0,23
CHEMBL4753594,0,0,0,0,1,0,0,0,0,0,0,0,0,0,0,3,0,1,0,0,1,1,0,2,0,0,23,2,0,6,0,0,0,8,0,0,0,0,1,5,0,0,24
CHEMBL4753984,0,0,0,0,1,0,0,0,0,0,0,0,0,0,0,3,0,0,0,0,1,2,0,3,0,0,23,3,0,6,0,0,0,8,0,0,0,0,1,5,0,0,23
CHEMBL4755831,0,0,0,0,1,0,0,0,1,0,0,0,0,0,0,2,0,0,0,0,1,1,0,2,0,0,23,2,0,6,0,0,0,8,0,0,0,0,1,5,0,0,24
CHEMBL475943,0,0,0,0,0,0,0,0,0,0,0,0,0,0,0,0,0,0,0,0,1,1,0,3,0,0,20,3,1,0,0,0,0,8,0,0,0,0,0,5,0,0,19
CHEMBL475944,0,2,0,0,0,0,0,0,0,0,0,0,0,0,0,0,1,0,0,0,1,1,0,3,0,0,22,3,0,0,0,0,0,7,0,0,0,0,1,6,0,0,21
CHEMBL4760286,0,1,0,0,1,0,0,0,1,0,0,0,1,0,0,2,0,0,0,0,0,0,0,0,0,0,18,0,0,6,0,0,0,4,0,0,0,0,0,4,0,1,20
CHEMBL476126,1,0,0,0,0,0,0,2,0,0,0,1,0,0,2,0,0,0,1,1,0,0,0,1,0,0,10,1,1,2,0,0,0,7,0,0,0,2,1,2,0,0,10
CHEMBL4761359,0,0,0,0,1,0,0,0,1,0,0,0,0,0,0,2,0,0,0,0,1,1,0,2,0,0,23,2,0,6,0,0,0,8,0,0,0,0,1,5,0,0,24
CHEMBL476143,0,0,0,0,0,0,0,0,0,0,0,0,0,0,0,0,1,0,0,0,1,1,0,3,0,0,16,3,0,0,0,0,0,8,0,0,0,0,0,5,0,0,15
CHEMBL4763409,0,1,0,0,1,0,0,0,0,0,0,0,1,0,0,2,0,0,0,0,0,0,0,0,0,0,18,0,0,6,0,0,0,3,0,0,0,0,0,4,0,1,20
CHEMBL4764457,0,0,0,0,1,0,0,0,0,0,0,0,0,0,0,3,0,1,0,0,1,2,0,3,0,0,23,3,0,6,0,0,0,8,0,0,0,0,1,5,0,0,23
CHEMBL476979,0,0,0,0,0,0,0,0,0,0,0,0,0,0,0,0,1,0,0,0,1,1,0,3,0,0,22,3,0,0,0,0,0,8,0,0,0,0,0,6,0,0,21
CHEMBL4777271,0,0,0,0,1,0,0,0,0,0,0,0,0,0,0,2,0,0,0,0,1,1,0,2,0,0,23,2,0,6,0,0,0,7,0,0,0,0,1,5,0,0,24
CHEMBL4778401,0,0,0,0,1,0,0,0,0,0,0,0,0,0,0,3,0,0,0,0,1,1,0,2,0,0,23,2,0,6,0,0,0,8,0,0,0,0,1,5,0,0,24
CHEMBL478023,0,1,0,0,1,0,0,0,0,0,0,0,0,0,0,0,2,0,0,0,1,2,0,3,0,0,17,3,0,2,0,1,1,6,0,0,0,0,0,7,0,0,18
CHEMBL478024,3,1,0,1,1,0,0,0,0,0,0,0,0,0,0,0,0,0,0,0,1,2,0,3,0,0,17,3,0,2,0,1,1,6,0,0,0,0,0,8,0,0,19
CHEMBL4780337,0,0,0,0,1,0,0,0,0,0,0,0,0,0,0,3,0,0,0,0,1,1,0,2,0,0,23,2,0,6,0,0,0,8,0,0,0,0,1,5,0,0,24
CHEMBL478647,3,0,0,1,0,0,0,0,0,0,0,0,0,0,0,0,0,0,0,0,1,1,0,2,0,0,21,2,1,0,0,0,0,6,0,0,0,0,0,6,0,0,22
CHEMBL478648,0,0,0,0,0,0,0,0,0,0,0,0,0,0,0,0,2,0,0,0,1,1,0,2,0,0,21,2,1,0,0,0,0,6,0,0,0,0,0,5,0,0,21
CHEMBL479366,0,0,0,0,0,0,0,0,0,0,0,0,1,0,0,0,0,0,0,0,1,2,0,3,0,0,17,3,0,0,2,0,0,7,0,0,0,3,1,5,0,0,17
CHEMBL479385,0,0,0,0,0,0,0,0,0,0,0,0,1,0,0,1,1,0,0,0,1,2,0,3,0,0,17,3,0,0,2,0,0,7,0,0,0,0,1,3,0,0,16
CHEMBL479551,0,0,0,0,0,0,0,0,0,0,0,0,1,0,0,0,1,0,0,0,1,2,0,3,0,0,17,3,0,0,2,0,0,7,0,0,0,3,1,5,0,0,17
CHEMBL479559,0,0,0,0,0,0,0,0,0,0,0,0,1,0,0,0,0,0,0,0,1,2,0,3,0,0,17,3,0,0,2,0,0,7,0,0,0,3,1,5,0,0,17
CHEMBL479737,0,0,0,0,0,0,0,0,0,0,0,0,0,0,0,0,0,0,0,0,1,2,0,3,0,0,17,3,0,0,0,0,0,7,0,0,0,6,1,7,0,0,18
CHEMBL4797578,0,0,0,0,1,0,0,0,0,0,0,0,0,0,0,2,0,0,0,0,1,2,0,3,0,0,23,3,0,6,0,0,0,7,0,0,0,0,1,5,0,0,23
CHEMBL479928,0,0,0,0,0,0,0,0,0,0,0,0,0,0,0,0,0,0,0,0,1,2,0,3,0,0,17,3,0,0,0,0,0,7,0,0,0,6,1,7,0,0,18
CHEMBL479942,0,0,0,0,0,0,0,0,0,0,0,0,0,0,0,0,0,0,0,0,1,2,0,3,0,0,17,3,0,0,0,0,0,7,0,0,0,6,1,7,0,0,18
CHEMBL4800654,0,1,0,0,1,0,0,0,0,0,0,0,0,0,0,2,0,0,0,0,0,0,0,0,0,1,18,1,0,4,0,0,0,6,0,0,0,2,0,5,0,1,24
CHEMBL480321,0,0,0,0,0,0,0,0,0,0,0,0,1,0,0,0,0,0,0,0,1,2,0,3,0,0,17,3,0,0,2,0,0,7,0,0,0,3,1,5,0,0,17
CHEMBL480451,0,0,0,0,0,0,0,0,0,0,0,0,0,0,0,2,0,0,0,0,1,2,0,3,0,0,17,3,0,0,0,0,0,7,0,0,0,0,1,3,0,0,16
CHEMBL480514,0,0,0,0,0,0,0,0,0,0,0,0,0,0,0,2,0,0,0,0,1,2,0,3,0,0,17,3,0,0,0,0,0,7,0,0,0,0,1,3,0,0,16
CHEMBL480515,0,0,0,0,0,0,0,2,0,0,0,0,0,0,0,2,0,0,0,0,1,2,0,3,0,0,17,3,0,0,0,0,0,11,0,0,0,0,1,5,0,0,16
CHEMBL480516,0,0,0,0,0,0,0,2,0,0,0,0,0,0,0,2,0,0,0,0,1,2,0,3,0,0,17,3,0,0,0,0,0,11,0,0,0,0,1,5,0,0,16
CHEMBL480718,0,3,0,0,0,0,0,0,0,0,0,0,1,0,0,0,0,0,0,0,1,1,0,2,0,0,11,2,1,0,2,0,0,6,0,0,0,0,1,1,0,0,11
CHEMBL481091,0,0,0,0,0,0,0,0,0,0,0,0,1,0,0,1,0,0,0,0,1,2,0,3,0,0,17,3,0,0,2,0,0,7,0,0,0,0,1,3,0,0,16
CHEMBL481092,0,3,0,0,0,0,0,0,0,0,0,0,1,0,0,0,0,0,0,0,1,1,0,2,0,0,11,2,1,0,2,0,0,6,0,0,0,0,1,1,0,0,11
CHEMBL48160,1,8,3,2,1,1,1,0,0,2,0,0,0,0,2,0,0,0,0,0,0,0,0,0,0,0,0,0,5,1,0,0,0,3,0,0,0,2,1,2,1,2,10
CHEMBL482693,1,0,0,0,0,0,0,0,0,0,0,1,0,0,2,0,0,0,1,1,0,0,0,1,0,0,10,3,3,2,0,0,0,7,0,0,0,2,1,0,0,0,10
CHEMBL484579,1,8,3,2,1,0,0,0,0,2,0,0,0,0,2,0,0,0,0,0,0,0,0,0,0,0,0,0,5,1,0,0,0,2,0,0,0,2,1,1,1,2,9
CHEMBL484584,2,8,3,2,0,0,0,0,0,2,0,0,0,0,2,0,0,0,0,0,0,0,0,0,0,0,6,0,5,1,0,0,0,4,0,0,0,2,1,2,1,2,15
CHEMBL48460,1,8,3,2,1,1,1,0,0,2,0,0,0,0,2,0,0,0,0,0,0,0,0,0,0,0,0,0,5,1,0,0,0,3,0,0,0,2,1,2,1,2,10
CHEMBL4847316,0,0,0,0,0,0,0,0,0,0,0,0,1,0,0,0,0,0,0,0,0,0,0,0,1,1,18,0,0,8,2,1,1,5,0,0,0,3,0,5,0,0,20
CHEMBL4852023,5,5,2,2,0,0,0,0,0,0,0,0,0,0,0,1,0,0,0,0,0,0,0,0,0,0,6,0,3,0,0,0,0,1,0,0,0,0,0,1,0,0,10
CHEMBL4858552,0,0,0,0,0,0,0,0,0,0,0,0,0,0,0,0,0,0,0,0,1,1,0,2,0,0,17,2,0,0,0,0,0,10,0,0,0,2,1,8,0,0,19
CHEMBL4859743,6,5,1,2,1,1,0,0,0,0,0,0,0,0,0,0,0,0,0,0,0,0,0,0,0,0,0,3,3,0,0,0,0,5,0,0,0,0,0,1,0,0,9
CHEMBL4863718,4,7,2,3,2,0,0,0,0,0,0,0,0,0,0,0,0,0,0,0,0,0,0,0,0,0,0,0,3,0,0,0,0,0,0,0,0,0,0,1,0,0,8
CHEMBL4866633,5,6,3,2,1,0,0,0,0,0,0,0,0,0,0,0,0,0,0,0,0,0,0,0,0,0,0,1,4,0,0,0,0,3,0,0,0,0,0,0,0,0,9
CHEMBL486853,6,9,5,4,2,0,0,0,0,0,0,1,1,0,0,0,0,0,0,0,0,0,0,0,0,0,0,0,5,0,0,0,0,3,0,0,0,2,0,4,0,1,13
CHEMBL4868867,0,0,0,0,0,0,0,2,0,0,0,0,0,0,0,0,0,0,0,1,0,1,0,2,1,1,27,2,1,8,0,1,1,13,0,0,0,1,0,9,0,0,28
CHEMBL4870604,0,0,0,0,0,0,0,2,0,0,0,0,0,0,0,0,0,0,0,0,0,0,0,0,1,1,18,0,0,8,0,1,1,8,0,0,0,3,0,7,0,0,20
CHEMBL487113,3,7,4,2,1,0,0,0,0,2,0,0,0,0,2,0,0,0,0,0,0,0,0,0,0,0,0,0,5,1,0,0,0,2,0,0,0,2,1,0,1,2,10
CHEMBL4874326,0,0,0,0,0,0,0,1,0,0,0,0,0,0,0,0,1,0,0,0,1,1,0,2,0,0,17,2,0,0,0,0,0,12,0,0,0,2,1,9,0,0,19
CHEMBL4874928,4,7,1,3,2,0,0,0,0,1,0,0,0,0,2,0,0,0,0,0,0,0,0,0,0,0,0,0,3,1,0,0,0,1,0,0,0,1,1,1,1,1,8
CHEMBL4875917,5,4,2,2,0,1,1,0,0,0,0,0,0,0,0,1,0,0,0,0,0,0,0,0,0,0,6,0,3,0,0,0,0,2,0,0,0,0,0,1,0,0,11
CHEMBL487887,7,9,5,5,1,0,0,0,0,1,0,1,0,0,0,0,0,0,0,0,0,0,0,0,0,0,0,0,7,0,0,0,0,3,0,0,0,3,0,1,0,1,14
CHEMBL487888,7,9,5,5,1,0,0,0,0,0,0,1,0,0,0,0,0,0,0,0,0,0,0,0,0,0,0,0,7,0,0,0,0,3,0,0,0,4,0,1,0,1,14
CHEMBL488,1,3,0,1,0,0,0,0,1,0,0,2,0,0,0,0,0,0,0,0,0,0,0,0,0,0,6,1,0,0,0,0,0,5,0,0,0,3,0,2,0,0,10
CHEMBL488,1,3,0,1,0,0,0,0,1,0,0,2,0,0,0,0,0,0,0,0,0,0,0,0,0,0,6,1,0,0,0,0,0,5,0,0,0,3,0,2,0,0,10
CHEMBL488050,0,0,0,0,0,0,0,0,0,0,0,0,0,0,0,0,1,0,0,0,2,1,0,3,0,0,20,3,1,0,0,0,0,8,0,0,0,0,1,4,0,0,19
CHEMBL488513,1,3,0,0,0,0,0,2,0,0,0,1,0,1,3,1,0,0,0,0,0,0,0,0,0,0,6,2,3,2,0,0,0,10,0,0,0,0,1,4,0,0,10
CHEMBL488848,1,3,0,0,0,2,2,2,0,0,0,1,0,1,3,1,0,0,0,0,0,0,0,0,0,0,6,1,1,2,0,0,0,10,0,0,0,0,1,6,0,0,10
CHEMBL489,1,1,0,0,1,0,0,1,1,0,0,0,0,0,0,1,0,0,0,0,0,0,0,0,0,0,18,0,0,6,0,0,0,6,0,0,0,0,0,8,0,0,21
CHEMBL489187,1,2,0,0,0,0,0,0,0,0,0,0,0,0,0,0,0,0,0,0,1,1,0,2,0,0,23,2,0,0,0,0,0,5,0,0,0,0,1,6,0,0,23
CHEMBL489188,0,2,0,0,0,0,0,0,0,0,0,0,0,0,0,0,1,0,0,0,1,1,0,2,0,0,23,2,0,0,0,0,0,5,0,0,0,0,1,6,0,0,23
CHEMBL489189,0,2,0,0,0,0,0,0,0,0,0,0,0,0,0,0,0,1,0,0,1,1,0,2,0,0,23,2,0,0,0,0,0,5,0,0,0,0,1,6,0,0,23
CHEMBL489359,0,2,0,0,0,0,0,0,0,0,0,0,0,0,0,0,2,0,0,0,1,1,0,2,0,0,23,2,0,0,0,0,0,5,0,0,0,0,1,6,0,0,23
CHEMBL489360,0,2,0,0,0,0,0,0,0,0,0,0,0,0,0,0,0,2,0,0,1,1,0,2,0,0,23,2,0,0,0,0,0,5,0,0,0,0,1,6,0,0,23
CHEMBL489986,0,0,0,0,0,0,0,0,0,0,0,0,0,0,0,0,0,1,0,0,1,1,0,2,0,0,23,2,0,0,0,0,0,6,0,0,0,0,0,6,0,0,23
CHEMBL490187,1,0,0,0,0,0,0,0,0,0,0,0,0,0,0,0,0,0,0,0,1,1,0,2,0,0,23,2,0,0,0,0,0,6,0,0,0,0,0,6,0,0,23
CHEMBL490194,0,0,0,0,0,0,0,0,0,0,0,0,0,0,0,0,2,0,0,0,1,1,0,2,0,0,23,2,0,0,0,0,0,6,0,0,0,0,0,6,0,0,23
CHEMBL490584,0,2,0,0,0,0,0,1,0,0,0,0,0,0,0,0,0,0,0,0,1,1,0,2,0,0,23,2,0,0,0,0,0,7,0,0,0,0,1,7,0,0,23
CHEMBL490673,0,0,0,0,1,0,0,0,0,0,0,0,0,0,0,2,0,0,0,0,0,0,0,0,0,0,12,0,0,6,0,1,1,3,2,1,1,0,0,3,0,0,15
CHEMBL490794,0,0,0,0,0,0,0,0,0,0,0,0,0,0,0,0,0,0,0,0,1,1,0,2,0,0,23,2,0,0,0,0,0,6,0,0,0,0,0,6,0,0,23
CHEMBL490795,1,0,0,0,0,0,0,0,0,0,0,0,0,0,0,0,0,0,0,0,1,1,0,2,0,0,23,2,0,0,0,0,0,6,0,0,0,0,0,6,0,0,23
CHEMBL490867,1,0,0,0,0,0,0,2,0,0,0,1,0,0,2,0,0,0,1,0,1,0,0,1,0,0,10,1,1,2,0,0,0,8,0,0,0,0,1,2,0,0,10
CHEMBL491010,0,1,0,0,1,0,0,0,0,0,0,0,0,0,0,0,0,0,0,0,1,2,0,3,0,0,21,3,1,2,0,1,1,6,0,0,0,0,0,7,0,0,22
CHEMBL491013,0,0,0,0,0,0,0,0,0,0,0,0,0,0,0,0,1,0,0,0,1,1,0,2,0,0,23,2,0,0,0,0,0,6,0,0,0,0,0,6,0,0,23
CHEMBL491023,3,2,0,1,0,0,0,0,0,0,0,0,0,0,0,0,0,0,0,0,1,1,0,2,0,0,23,2,0,0,0,0,0,5,0,0,0,0,1,7,0,0,24
CHEMBL491213,0,0,0,0,0,0,0,0,0,0,0,0,0,0,0,0,0,1,0,0,1,1,0,2,0,0,23,2,0,0,0,0,0,6,0,0,0,0,0,6,0,0,23
CHEMBL491214,0,0,0,0,0,0,0,1,0,0,0,0,0,0,0,0,0,0,0,0,1,1,0,2,0,0,23,2,0,0,0,0,0,8,0,0,0,0,0,7,0,0,23
CHEMBL491215,0,0,0,0,0,0,0,1,0,0,0,0,0,0,0,0,0,0,0,0,1,1,0,2,0,0,23,2,0,0,0,0,0,8,0,0,0,0,0,7,0,0,23
CHEMBL491222,0,2,0,0,0,0,0,0,0,0,0,0,0,0,0,0,0,0,0,0,1,1,0,2,0,0,23,2,0,0,0,0,0,5,0,0,0,0,1,6,0,0,23
CHEMBL491692,0,2,0,0,0,0,0,0,0,1,0,0,0,1,2,2,0,0,0,0,0,0,0,0,0,0,12,0,0,2,0,0,0,3,0,0,0,1,1,4,0,1,13
CHEMBL491824,0,0,0,0,0,0,0,0,0,0,0,0,0,0,0,0,0,2,0,0,1,1,0,2,0,0,23,2,0,0,0,0,0,6,0,0,0,0,0,6,0,0,23
CHEMBL491825,3,0,0,1,0,0,0,0,0,0,0,0,0,0,0,0,2,0,0,0,1,1,0,2,0,0,17,2,0,0,0,0,0,6,0,0,0,0,0,6,0,0,18
CHEMBL492382,1,0,0,0,0,0,0,3,0,0,0,1,0,0,2,0,0,0,1,0,1,0,0,1,0,0,10,1,1,2,0,0,0,10,0,0,0,0,1,3,0,0,10
CHEMBL492762,0,0,0,0,0,0,0,1,0,0,0,1,0,1,1,0,0,0,1,0,1,0,0,1,0,0,10,3,3,2,0,0,0,10,0,0,0,0,0,1,0,0,10
CHEMBL492763,1,0,0,0,0,0,0,0,0,0,0,1,0,0,2,0,0,0,1,0,1,0,0,1,0,0,10,3,3,2,0,0,0,8,0,0,0,0,1,0,0,0,10
CHEMBL492818,0,2,0,0,0,0,0,0,0,1,0,0,0,2,2,5,0,0,0,0,0,0,0,0,0,0,12,0,0,2,0,0,0,6,0,0,0,1,1,4,0,1,13
CHEMBL493173,1,0,0,0,0,0,0,2,0,0,0,1,0,0,2,0,0,0,1,0,1,0,0,1,0,0,10,1,1,2,0,0,0,8,0,0,0,0,1,2,0,0,10
CHEMBL493174,1,0,0,0,0,0,0,2,0,0,0,1,0,0,2,0,0,0,1,1,0,0,0,1,0,0,10,1,1,2,0,0,0,7,0,0,0,2,1,2,0,0,10
CHEMBL493181,1,0,0,0,0,0,0,3,0,0,0,1,0,0,2,0,0,0,1,1,0,0,0,1,0,0,10,1,1,2,0,0,0,9,0,0,0,2,1,3,0,0,10
CHEMBL493182,1,0,0,0,0,0,0,4,0,0,0,1,0,0,2,0,0,0,1,1,0,0,0,1,0,0,10,1,1,2,0,0,0,11,0,0,0,2,1,4,0,0,10
CHEMBL494713,0,1,0,0,0,0,0,2,0,0,0,0,0,0,0,0,0,0,0,0,0,1,0,1,0,0,22,1,1,0,0,0,0,6,0,0,0,0,0,5,0,0,21
CHEMBL495563,0,0,0,0,0,0,0,1,0,0,0,0,0,0,0,0,0,0,0,0,1,2,1,4,0,0,16,4,0,0,0,0,0,7,0,0,0,0,1,4,0,0,13
CHEMBL495565,1,1,0,0,0,0,0,0,0,0,0,0,0,0,0,0,1,0,0,0,2,3,0,5,0,0,20,5,1,0,0,0,0,12,0,0,0,0,1,4,0,0,17
CHEMBL495565,1,1,0,0,0,0,0,0,0,0,0,0,0,0,0,0,1,0,0,0,2,3,0,5,0,0,20,5,1,0,0,0,0,12,0,0,0,0,1,4,0,0,17
CHEMBL495566,0,0,0,0,0,0,0,0,0,0,0,0,0,0,0,0,0,0,0,0,0,3,0,3,0,0,24,3,0,0,0,0,0,6,0,0,0,0,0,3,0,0,21
CHEMBL495567,0,0,0,0,0,0,0,1,1,0,0,0,0,0,0,0,1,0,0,0,0,2,0,2,0,0,20,2,2,0,0,0,0,8,0,0,0,0,2,3,0,0,19
CHEMBL495567,0,0,0,0,0,0,0,1,1,0,0,0,0,0,0,0,1,0,0,0,0,2,0,2,0,0,20,2,2,0,0,0,0,8,0,0,0,0,2,3,0,0,19
CHEMBL495574,0,1,0,0,0,0,0,0,0,0,0,0,0,0,0,0,0,0,0,0,0,2,0,2,0,0,16,2,1,2,0,0,0,3,2,1,1,0,0,3,0,0,15
CHEMBL495777,0,1,0,0,0,0,0,1,0,0,0,0,0,0,0,1,0,0,0,0,0,1,0,1,0,0,16,1,1,2,0,0,0,6,2,1,1,0,2,4,0,0,16
CHEMBL496375,0,0,0,0,0,0,0,1,0,0,0,0,0,3,2,1,0,0,1,0,0,1,1,2,0,0,22,2,1,3,0,0,0,10,0,0,0,0,2,5,0,0,20
CHEMBL496634,1,10,0,0,5,0,0,0,0,0,0,1,0,0,0,0,0,0,0,0,0,0,0,0,0,0,0,0,0,0,0,5,5,2,0,0,0,2,0,15,0,0,11
CHEMBL496777,0,0,0,0,0,0,0,0,0,0,0,0,0,0,2,0,0,0,0,0,2,1,0,3,0,0,20,3,1,4,0,0,0,10,2,1,1,0,2,6,0,0,21
CHEMBL496777,0,0,0,0,0,0,0,0,0,0,0,0,0,0,2,0,0,0,0,0,2,1,0,3,0,0,20,3,1,4,0,0,0,10,2,1,1,0,2,6,0,0,21
CHEMBL49732,0,0,0,0,0,0,0,1,0,0,0,1,0,0,1,0,0,0,1,0,0,0,1,1,0,0,10,1,1,2,0,0,0,5,0,0,0,0,0,1,0,0,9
CHEMBL497614,0,0,0,0,0,0,0,1,0,0,0,0,0,0,0,0,2,0,0,0,0,2,0,2,0,0,18,2,0,4,0,0,0,6,0,0,0,1,2,5,0,0,18
CHEMBL50,0,0,0,0,0,0,0,0,0,0,0,0,0,3,3,5,0,0,1,0,0,0,1,1,0,0,16,1,1,3,0,0,0,8,0,0,0,0,1,1,0,0,15
CHEMBL500976,0,0,0,0,0,0,0,0,0,0,0,0,1,0,0,1,0,0,0,0,1,2,0,3,0,0,17,3,0,0,2,0,0,7,0,0,0,0,1,3,0,0,16
CHEMBL503399,0,0,0,0,0,0,0,0,0,0,0,0,0,0,0,2,0,0,0,0,0,2,0,3,0,0,17,3,0,0,0,0,0,6,0,0,0,0,0,2,0,0,14
CHEMBL503538,1,0,0,0,0,0,0,2,0,0,0,1,0,0,2,0,0,0,1,1,0,0,0,1,0,0,10,1,1,2,0,0,0,7,0,0,0,2,1,2,0,0,10
CHEMBL506858,1,0,0,0,0,0,0,1,0,0,0,1,0,0,2,0,0,0,1,0,1,0,0,1,0,0,10,1,1,2,0,0,0,6,0,0,0,0,1,1,0,0,10
CHEMBL5069811,1,1,0,0,1,0,0,0,0,0,0,0,0,0,0,2,0,0,0,0,0,1,0,1,0,0,18,1,0,4,0,0,0,4,0,0,0,0,0,4,0,0,19
CHEMBL5072101,1,1,0,0,1,0,0,0,0,0,0,0,0,0,0,2,0,0,0,0,1,1,0,2,0,0,17,2,0,4,0,0,0,7,0,0,0,0,1,5,0,0,18
CHEMBL5072827,1,7,4,2,1,0,0,0,0,2,0,0,0,0,2,0,0,0,0,0,0,0,0,0,0,0,0,1,6,1,0,0,0,4,0,0,0,2,1,0,1,2,10
CHEMBL5074047,1,3,0,0,1,0,0,0,0,0,0,0,0,0,0,2,0,0,0,1,0,1,0,2,0,0,17,2,0,4,0,0,0,6,0,0,0,1,0,6,0,0,18
CHEMBL5075144,1,1,0,0,1,0,0,0,0,0,0,0,0,0,0,2,0,0,0,1,0,1,0,2,0,0,17,2,0,6,0,0,0,6,0,0,0,1,0,4,0,0,18
CHEMBL5077976,1,0,0,0,1,0,0,0,0,0,0,0,0,0,0,2,0,0,0,0,0,1,0,1,0,0,18,1,0,6,0,0,0,4,0,0,0,0,0,3,0,0,19
CHEMBL5080066,1,2,0,0,1,0,0,0,0,0,0,0,0,0,0,2,0,0,0,0,0,1,0,1,0,0,18,1,0,4,0,0,0,4,0,0,0,0,0,5,0,0,19
CHEMBL5081446,1,2,0,0,1,0,0,0,0,0,0,0,0,0,0,2,0,0,0,1,0,1,0,2,0,0,17,2,0,4,0,0,0,6,0,0,0,1,0,5,0,0,18
CHEMBL5082245,1,1,0,0,1,0,0,0,0,0,0,0,0,0,0,2,0,0,0,0,0,1,0,1,0,0,18,1,0,6,0,0,0,4,0,0,0,0,0,4,0,0,19
CHEMBL5082681,1,0,0,0,1,0,0,0,0,0,0,0,0,0,0,2,0,0,0,1,0,1,0,2,0,0,17,2,0,6,0,0,0,6,0,0,0,1,0,3,0,0,18
CHEMBL5087363,1,0,0,0,1,0,0,0,0,0,0,0,0,0,0,2,0,0,0,0,1,1,0,2,0,0,17,2,0,4,0,0,0,7,0,0,0,0,1,4,0,0,18
CHEMBL5092560,1,3,0,0,1,0,0,0,0,0,0,0,0,0,0,2,0,0,0,0,0,1,0,1,0,0,18,1,0,4,0,0,0,4,0,0,0,0,0,6,0,0,19
CHEMBL5092843,1,2,0,0,1,0,0,0,0,0,0,0,0,0,0,2,0,0,0,0,0,1,0,1,0,0,18,1,0,4,0,0,0,4,0,0,0,0,0,5,0,0,19
CHEMBL509750,0,0,0,0,0,0,0,0,0,0,0,0,0,0,0,1,1,0,0,1,0,2,0,3,0,0,23,3,0,0,0,0,0,7,0,0,0,1,0,3,0,0,21
CHEMBL509750,0,0,0,0,0,0,0,0,0,0,0,0,0,0,0,1,1,0,0,1,0,2,0,3,0,0,23,3,0,0,0,0,0,7,0,0,0,1,0,3,0,0,21
CHEMBL509962,0,0,0,0,0,0,0,0,0,0,0,0,1,0,0,0,0,0,0,1,0,0,0,1,0,0,15,1,1,0,2,0,0,3,0,0,0,0,0,1,0,0,15
CHEMBL512578,0,0,0,0,0,0,0,0,0,0,0,0,0,0,0,3,0,0,0,0,0,0,1,1,0,0,15,1,1,0,0,0,0,5,0,0,0,0,0,1,0,0,14
CHEMBL512994,0,0,0,0,0,0,0,0,0,0,0,0,1,0,0,0,0,0,0,1,1,2,0,4,0,0,20,4,1,0,2,0,0,8,0,0,0,0,1,3,0,0,19
CHEMBL513168,0,0,0,0,0,0,0,0,0,0,0,0,1,0,0,0,0,0,0,1,1,2,0,4,0,0,20,4,1,0,2,0,0,8,0,0,0,0,1,3,0,0,19
CHEMBL513615,0,0,0,0,0,0,0,0,0,0,0,0,0,0,0,1,0,1,0,0,1,1,0,2,0,0,17,4,1,0,0,0,0,10,0,0,0,0,1,3,0,0,17
CHEMBL513615,0,0,0,0,0,0,0,0,0,0,0,0,0,0,0,1,0,1,0,0,1,1,0,2,0,0,17,4,1,0,0,0,0,10,0,0,0,0,1,3,0,0,17
CHEMBL514514,0,0,0,0,0,0,0,0,0,0,0,0,0,0,0,0,2,0,0,0,1,1,0,3,0,0,20,3,1,0,0,0,0,8,0,0,0,0,0,5,0,0,19
CHEMBL514745,1,1,0,0,3,0,0,0,0,1,1,1,0,1,4,5,0,0,0,0,0,0,0,0,0,0,18,0,0,8,0,2,2,9,0,0,0,2,1,10,2,0,26
CHEMBL516275,3,0,0,1,0,0,0,0,0,0,0,0,0,0,0,0,0,0,0,0,1,1,0,2,0,0,23,2,0,0,0,0,0,6,0,0,0,0,0,7,0,0,24
CHEMBL516643,0,0,0,0,0,0,0,0,0,0,0,0,0,2,2,0,0,0,1,0,1,1,1,3,0,0,21,3,1,5,0,0,0,9,2,1,1,0,1,4,0,0,21
CHEMBL517347,0,0,0,0,0,0,0,0,0,0,0,0,0,0,0,0,3,0,0,0,1,1,0,3,0,0,16,3,0,0,0,0,0,8,0,0,0,0,0,5,0,0,15
CHEMBL5173597,1,0,0,0,0,0,0,1,0,0,0,0,0,0,0,0,0,1,0,0,1,2,1,4,0,0,20,4,1,0,0,0,0,9,0,0,0,0,1,5,0,0,18
CHEMBL5174567,1,0,0,0,0,0,0,1,0,0,0,0,0,0,0,0,1,0,0,0,1,2,1,4,0,0,20,4,1,0,0,0,0,9,0,0,0,0,1,5,0,0,18
CHEMBL5175025,0,0,0,0,0,0,0,0,0,0,0,0,0,0,0,1,1,0,0,0,1,2,1,4,0,0,20,4,1,0,0,0,0,8,0,0,0,0,1,3,0,0,18
CHEMBL5175340,0,0,0,0,0,0,0,0,0,0,0,0,0,0,0,1,0,1,0,0,1,2,1,4,0,0,20,4,1,0,0,0,0,8,0,0,0,0,1,3,0,0,18
CHEMBL5176279,1,1,0,0,0,0,0,1,0,0,1,1,0,0,0,0,0,0,0,0,0,1,0,2,0,0,15,2,1,2,0,1,1,11,0,0,0,2,0,8,0,1,16
CHEMBL5177269,1,1,0,0,0,0,0,1,0,0,0,0,0,0,0,0,0,1,0,0,1,2,1,4,0,0,20,4,1,0,0,0,0,9,0,0,0,0,1,5,0,0,18
CHEMBL5177518,1,1,0,0,0,0,0,1,0,0,0,0,0,0,0,0,1,0,0,0,1,2,1,4,0,0,20,4,1,0,0,0,0,9,0,0,0,0,1,5,0,0,18
CHEMBL5177928,0,0,0,0,0,0,0,1,0,0,0,1,0,0,0,0,0,0,0,0,0,0,0,0,0,0,10,2,1,3,0,1,1,9,0,0,0,3,2,4,0,0,14
CHEMBL517816,3,0,0,1,0,0,0,0,0,0,0,0,0,0,0,0,0,0,0,0,1,2,0,4,0,0,16,4,0,0,0,0,0,8,0,0,0,0,0,6,0,0,15
CHEMBL5178202,0,0,0,0,0,0,0,0,0,0,0,0,0,0,0,1,1,0,0,0,1,2,1,4,0,0,20,4,1,0,0,0,0,8,0,0,0,0,1,3,0,0,18
CHEMBL5179009,1,1,0,0,0,0,0,1,0,0,0,0,1,0,0,0,0,0,0,0,1,2,1,4,0,0,20,4,1,0,2,0,0,10,0,0,0,0,1,5,0,0,18
CHEMBL5184004,1,0,0,0,0,0,0,1,0,0,0,0,0,0,0,0,1,0,0,0,1,2,1,4,0,0,20,4,1,0,0,0,0,9,0,0,0,0,1,5,0,0,18
CHEMBL518414,0,1,0,0,1,3,3,0,0,0,1,1,0,0,1,4,0,0,0,0,0,0,0,0,0,0,12,1,0,3,0,1,1,14,0,0,0,1,0,9,1,0,20
CHEMBL5184565,1,6,3,1,0,0,0,0,1,1,0,0,0,0,0,1,0,0,0,0,0,0,0,0,0,0,6,0,5,0,0,0,0,3,0,0,0,1,0,0,0,1,11
CHEMBL5184829,0,3,3,0,0,0,0,0,0,0,0,1,0,0,0,0,0,0,0,1,0,2,0,3,0,0,15,5,4,2,0,0,0,9,0,0,0,3,2,4,0,1,20
CHEMBL5185187,0,0,0,0,0,0,0,1,0,0,0,0,0,0,0,0,1,0,0,0,1,2,1,4,0,0,20,4,1,0,0,0,0,9,0,0,0,0,1,4,0,0,18
CHEMBL518586,0,2,0,0,0,0,0,0,0,0,0,0,0,0,0,0,1,0,0,0,1,1,0,3,0,0,16,3,0,0,0,0,0,7,0,0,0,0,1,5,0,0,15
CHEMBL5186519,0,0,0,0,0,0,0,1,0,0,0,0,0,0,0,0,1,0,0,0,1,2,1,4,0,0,20,4,1,0,0,0,0,9,0,0,0,0,1,4,0,0,18
CHEMBL518761,0,0,0,0,0,0,0,0,0,0,0,0,1,0,0,0,0,0,0,0,1,2,0,3,0,0,17,3,0,0,2,0,0,7,0,0,0,3,1,5,0,0,17
CHEMBL519436,0,0,0,0,0,0,0,0,0,0,0,0,0,0,0,0,1,0,0,0,2,4,0,6,0,0,20,6,1,0,0,0,0,8,0,0,0,0,2,3,0,0,17
CHEMBL5195433,1,0,0,0,0,0,0,0,0,0,0,2,1,3,2,0,0,0,1,0,2,1,1,4,0,0,16,4,0,4,0,0,0,11,0,0,0,0,2,4,0,0,15
CHEMBL5197552,0,0,0,0,0,0,0,1,0,0,0,0,0,0,0,0,1,0,0,0,1,2,1,4,0,0,20,4,1,0,0,0,0,9,0,0,0,0,1,5,0,0,18
CHEMBL519937,0,0,0,0,0,0,0,0,0,0,0,0,1,0,0,1,0,0,0,0,1,2,0,3,0,0,17,3,0,0,2,0,0,7,0,0,0,0,1,3,0,0,16
CHEMBL52,2,2,2,0,0,0,0,0,0,0,0,0,0,0,0,4,0,0,0,0,0,0,0,0,0,0,12,0,0,0,0,0,0,4,0,0,0,0,0,5,0,0,14
CHEMBL5203413,1,0,0,0,0,0,0,1,0,0,0,0,1,0,0,0,0,0,0,0,1,2,1,4,0,0,20,4,1,0,2,0,0,10,0,0,0,0,1,5,0,0,18
CHEMBL5204674,1,1,0,0,0,0,0,1,0,0,0,0,0,0,0,0,1,0,0,0,1,2,1,4,0,0,20,4,1,0,0,0,0,9,0,0,0,0,1,5,0,0,18
CHEMBL5205534,1,1,0,0,0,0,0,1,0,0,0,0,0,0,0,0,1,0,0,0,1,2,1,4,0,0,20,4,1,0,0,0,0,9,0,0,0,0,1,5,0,0,18
CHEMBL521591,0,0,0,0,0,0,0,0,0,0,0,0,0,0,0,0,1,0,0,0,1,1,0,2,0,0,23,2,0,0,0,0,0,6,0,0,0,0,0,6,0,0,23
CHEMBL521600,0,2,0,0,0,0,0,1,0,0,0,0,0,0,0,0,0,0,0,0,1,1,0,2,0,0,23,2,0,0,0,0,0,7,0,0,0,0,1,7,0,0,23
CHEMBL522089,1,2,0,0,0,0,0,0,0,0,0,0,0,0,0,0,0,0,0,0,1,1,0,2,0,0,23,2,0,0,0,0,0,5,0,0,0,0,1,6,0,0,23
CHEMBL522733,0,0,0,0,0,0,0,1,0,0,0,0,0,0,0,1,0,0,0,0,1,1,0,2,0,0,17,4,1,0,0,0,0,12,0,0,0,0,1,4,0,0,17
CHEMBL522733,0,0,0,0,0,0,0,1,0,0,0,0,0,0,0,1,0,0,0,0,1,1,0,2,0,0,17,4,1,0,0,0,0,12,0,0,0,0,1,4,0,0,17
CHEMBL522917,0,0,0,0,0,0,0,0,0,0,0,0,0,2,2,0,0,0,1,0,1,1,1,3,0,0,21,3,1,3,0,0,0,8,0,0,0,0,1,3,0,0,20
CHEMBL523231,0,1,0,0,0,0,0,1,0,0,0,0,0,0,0,2,0,0,0,0,0,1,0,1,0,0,16,1,1,0,0,0,0,6,0,0,0,0,2,3,0,0,15
CHEMBL523232,0,1,0,0,0,0,0,0,0,0,0,0,0,0,0,0,0,0,0,0,1,3,0,4,0,0,21,4,1,2,0,0,0,10,2,1,1,0,3,5,0,0,19
CHEMBL523813,0,2,0,0,0,0,0,0,0,0,0,0,0,0,0,0,0,1,0,0,1,1,0,2,0,0,23,2,0,0,0,0,0,5,0,0,0,0,1,6,0,0,23
CHEMBL523973,3,0,0,1,0,0,0,0,0,0,0,0,0,0,0,0,0,0,0,0,1,1,0,3,0,0,16,3,0,0,0,0,0,8,0,0,0,0,0,6,0,0,16
CHEMBL52509,0,3,0,0,0,0,0,0,0,0,0,0,0,0,0,0,0,0,0,0,1,2,0,3,0,0,11,3,1,0,0,0,0,7,0,0,0,0,1,1,0,0,10
CHEMBL525379,0,0,0,0,0,0,0,0,0,0,0,0,0,2,2,0,0,0,1,0,1,1,1,3,0,0,21,3,1,5,0,0,0,9,2,1,1,0,1,4,0,0,21
CHEMBL5265802,2,8,3,2,1,2,2,0,0,0,0,0,0,0,0,0,0,0,0,0,0,0,0,0,0,0,0,0,5,0,0,0,0,2,0,0,0,0,0,0,0,0,9
CHEMBL5265808,3,8,5,2,0,0,0,0,0,0,1,2,0,0,0,0,0,0,0,0,0,0,0,0,0,0,6,2,7,0,0,0,0,7,0,0,0,2,0,5,0,2,20
CHEMBL5265837,2,8,3,2,2,0,0,0,0,2,0,0,0,0,2,0,0,0,0,0,0,0,0,0,0,0,6,0,5,4,0,0,0,3,2,1,1,2,1,4,1,2,18
CHEMBL5265932,1,1,0,0,0,1,0,1,0,0,0,0,0,0,0,0,2,0,0,0,0,1,1,2,0,0,21,2,1,0,0,0,0,7,0,0,0,0,0,5,0,0,20
CHEMBL5265959,1,5,3,1,0,0,0,0,0,1,0,0,0,0,0,1,0,0,0,0,0,0,0,0,0,0,6,0,5,0,0,0,0,4,0,0,0,1,0,1,0,1,12
CHEMBL5266109,1,9,3,2,1,0,0,0,0,2,0,0,0,0,2,0,0,0,0,0,0,0,0,0,0,0,0,0,5,1,0,0,0,2,0,0,0,2,1,2,1,2,9
CHEMBL5266298,2,7,3,2,1,0,0,0,0,3,0,0,0,0,1,0,0,0,0,0,0,0,0,0,0,0,0,0,5,2,0,0,0,3,0,0,0,3,0,0,2,3,10
CHEMBL5266491,2,7,2,2,1,0,0,0,0,2,0,0,0,0,2,0,0,0,0,0,0,0,0,0,0,0,0,0,5,1,0,0,0,3,0,0,0,3,1,0,1,2,10
CHEMBL5266502,3,10,4,2,1,1,1,0,0,0,0,0,0,0,0,0,0,0,0,0,0,0,0,0,0,0,0,0,5,0,0,0,0,1,0,0,0,0,0,2,0,0,9
CHEMBL5266519,2,6,3,2,2,0,0,0,0,2,0,0,0,0,2,0,0,0,0,0,0,0,0,0,0,0,0,0,5,2,0,1,1,2,0,0,0,2,1,0,1,2,11
CHEMBL5266533,0,0,0,0,0,0,0,0,0,1,0,0,0,0,4,1,0,0,0,0,1,1,0,2,0,0,17,2,0,4,0,0,0,7,0,0,0,0,1,4,0,0,17
CHEMBL5266594,2,7,3,2,0,0,0,0,0,2,0,0,0,0,2,0,0,0,0,1,0,1,0,2,0,0,5,2,7,2,0,0,0,4,0,0,0,2,2,0,0,2,11
CHEMBL5266626,2,8,3,2,1,1,1,0,0,1,0,0,0,0,0,0,0,0,0,0,0,0,0,0,0,0,0,0,5,0,0,0,0,2,0,0,0,1,0,0,0,1,9
CHEMBL5266698,2,6,3,2,1,0,0,0,0,2,0,0,0,0,0,0,0,0,0,0,0,0,0,0,0,0,0,1,6,0,0,1,1,4,0,0,0,2,0,0,0,2,11
CHEMBL5266818,3,8,4,2,1,1,1,0,0,1,0,0,0,0,2,0,0,0,0,0,0,0,0,0,0,0,0,0,5,1,0,0,0,2,0,0,0,1,1,1,1,1,10
CHEMBL5266867,3,8,3,2,1,0,0,0,0,2,0,0,0,0,3,0,0,0,0,0,0,0,0,0,0,0,0,0,5,2,0,0,0,4,0,0,0,2,1,4,2,1,11
CHEMBL5266927,3,8,4,2,2,0,0,0,0,2,0,0,0,0,3,0,0,0,0,0,0,0,0,0,0,0,0,0,5,2,0,1,1,2,0,0,0,2,1,3,2,1,12
CHEMBL5266933,3,7,4,2,2,0,0,0,0,2,0,0,0,0,3,0,0,0,0,0,0,0,0,0,0,0,0,0,5,2,0,1,1,2,0,0,0,2,1,2,2,1,12
CHEMBL5266953,3,10,4,2,1,1,1,0,0,1,0,0,0,0,2,0,0,0,0,0,0,0,0,0,0,0,0,0,5,1,0,0,0,2,0,0,0,1,1,3,1,1,10
CHEMBL5266984,2,5,3,2,2,0,0,0,0,2,0,0,0,0,3,0,0,0,0,0,0,0,0,0,0,0,6,0,5,2,0,1,1,4,0,0,0,2,1,3,2,1,18
CHEMBL5266995,2,8,5,2,0,0,0,1,0,1,0,0,0,0,0,0,0,0,0,0,0,0,0,0,0,0,12,2,7,0,0,0,0,6,0,0,0,2,0,3,0,3,23
CHEMBL5267234,2,5,3,2,2,0,0,0,0,2,0,0,0,0,3,0,0,0,0,0,0,0,0,0,0,0,6,0,5,2,0,1,1,4,0,0,0,2,1,3,2,1,18
CHEMBL5267423,2,8,5,2,0,0,0,0,0,1,0,0,0,0,0,0,0,0,0,0,0,0,0,0,0,0,6,2,7,0,0,0,0,3,0,0,0,3,0,1,0,3,17
CHEMBL5267610,2,7,3,2,1,0,0,0,0,2,0,0,0,0,2,0,0,0,0,0,1,1,0,2,0,0,11,2,7,4,0,1,1,5,0,0,0,2,1,3,0,2,19
CHEMBL5267688,2,6,3,2,2,0,0,0,0,2,0,0,0,0,2,0,0,0,0,0,0,0,0,0,0,0,6,0,5,4,0,0,0,2,0,0,0,2,0,1,1,2,17
CHEMBL5267848,2,8,3,2,0,0,0,0,0,2,0,0,0,0,2,0,0,0,0,0,0,0,0,0,0,0,0,0,5,1,0,0,0,6,0,0,0,2,1,3,1,2,9
CHEMBL5267859,3,6,3,2,1,0,0,0,0,2,0,0,0,0,2,0,0,0,0,0,0,0,0,0,1,1,6,1,8,5,0,0,0,5,0,0,0,2,1,2,1,2,19
CHEMBL5267873,1,9,3,2,1,0,0,0,0,2,0,0,1,0,2,0,0,0,0,0,0,0,0,0,0,0,0,0,5,1,0,0,0,3,0,0,0,2,1,1,1,3,9
CHEMBL5267929,1,6,3,1,0,0,0,0,0,1,0,1,0,1,1,1,0,0,0,0,0,1,0,1,0,0,12,1,5,2,0,0,0,7,0,0,0,3,0,3,0,1,18
CHEMBL5267936,2,8,4,2,1,1,1,0,0,1,0,0,0,0,1,0,0,0,0,0,0,0,0,0,0,0,6,0,5,3,0,0,0,2,0,0,0,0,0,1,1,0,16
CHEMBL5268117,3,5,3,2,2,0,0,0,0,2,1,1,0,0,3,0,0,0,0,0,0,0,0,0,0,0,0,0,5,2,0,1,1,5,0,0,0,3,1,2,2,2,13
CHEMBL5268139,2,7,3,2,1,0,0,1,0,2,0,0,0,0,2,0,0,0,0,0,0,0,0,0,0,0,6,0,5,1,0,0,0,4,0,0,0,2,1,2,1,2,16
CHEMBL5268166,2,9,4,2,1,0,0,0,0,2,0,0,0,0,2,0,0,0,0,0,0,0,0,0,0,0,6,0,5,1,0,0,0,2,0,0,0,2,1,3,1,2,16
CHEMBL5268195,2,9,4,2,1,0,0,0,0,2,0,0,0,0,2,0,0,0,0,0,0,0,0,0,0,0,6,0,5,1,0,0,0,2,0,0,0,2,1,3,1,2,16
CHEMBL5268211,3,9,4,2,1,0,0,0,0,2,0,0,0,0,2,0,0,0,0,0,0,0,0,0,0,0,0,0,5,1,0,0,0,2,0,0,0,2,1,2,1,2,10
CHEMBL5268215,2,11,3,2,2,0,0,0,0,2,0,0,0,0,2,0,0,0,0,0,0,0,0,0,0,0,6,0,5,2,0,0,0,2,0,0,0,2,0,6,1,2,17
CHEMBL5268383,1,8,4,1,0,0,0,0,0,2,0,0,0,0,2,0,0,0,0,0,0,0,0,0,0,0,0,0,5,1,0,0,0,2,0,0,0,2,1,0,1,2,9
CHEMBL5268471,2,7,4,2,1,0,0,0,0,2,0,0,0,0,2,0,0,0,0,0,0,0,0,0,0,0,0,0,5,1,0,0,0,3,0,0,0,2,1,1,1,2,11
CHEMBL5268507,3,9,3,2,1,0,0,0,0,0,2,2,0,0,0,0,0,0,0,0,0,0,0,0,0,0,0,0,5,0,0,0,0,6,0,0,0,2,0,5,0,2,10
CHEMBL5268515,1,8,3,2,0,0,0,0,0,2,0,0,0,0,2,0,0,0,0,0,0,0,0,0,0,0,0,0,5,1,0,0,0,3,0,0,0,3,1,1,1,2,10
CHEMBL5268519,2,6,3,2,1,1,1,0,0,2,0,0,0,0,2,0,0,0,0,0,0,0,0,0,0,0,0,0,5,1,0,0,0,4,2,1,1,3,1,1,1,2,11
CHEMBL5268650,1,4,3,2,3,0,0,0,0,2,0,0,0,0,3,0,0,0,0,0,0,0,0,0,0,0,0,0,5,3,0,2,2,2,0,0,0,2,1,1,2,1,13
CHEMBL5268672,1,8,3,2,1,0,0,0,0,2,0,0,0,0,1,0,0,0,0,0,0,0,0,0,0,0,0,0,5,1,0,0,0,3,0,0,0,2,1,1,1,2,10
CHEMBL5268721,3,9,3,2,2,0,0,0,0,2,0,0,0,0,3,0,0,0,0,0,0,0,0,0,0,0,0,0,5,2,0,0,0,2,0,0,0,2,1,3,2,1,11
CHEMBL5268776,2,7,2,2,1,0,0,0,0,2,0,0,0,0,2,0,0,0,0,0,0,0,0,0,0,0,0,0,5,1,0,0,0,4,0,0,0,2,1,2,1,2,10
CHEMBL5268832,2,8,4,2,0,2,2,0,0,1,0,0,0,0,0,0,0,0,0,0,0,0,0,0,0,0,0,0,5,0,0,0,0,3,0,0,0,1,0,0,0,1,9
CHEMBL5268836,2,5,3,2,1,0,0,0,0,3,0,0,0,0,2,0,0,0,0,0,0,0,0,0,0,0,0,0,5,3,0,0,0,4,0,0,0,4,0,0,3,2,12
CHEMBL5268850,3,6,3,2,1,0,0,0,0,2,0,0,0,0,2,0,0,0,0,0,0,0,0,0,0,0,0,0,5,2,0,0,0,4,0,0,0,2,0,2,1,2,11
CHEMBL5268890,2,8,4,1,0,0,0,0,0,1,0,0,0,0,0,1,0,0,0,0,0,0,0,0,0,0,6,0,5,0,0,0,0,2,0,0,0,1,0,3,0,1,12
CHEMBL5269004,3,8,3,2,1,0,0,0,0,2,0,0,0,0,2,0,0,0,0,0,0,0,0,0,0,0,0,0,5,1,0,0,0,4,0,0,0,2,1,3,1,2,10
CHEMBL5269029,3,9,4,2,1,0,0,0,0,2,0,0,0,0,2,0,0,0,0,0,0,0,0,0,0,0,6,0,5,1,0,0,0,2,0,0,0,2,1,3,1,2,16
CHEMBL5269083,3,9,5,2,0,0,0,1,0,0,1,2,0,0,0,0,0,0,0,0,0,0,0,0,0,0,6,2,7,0,0,0,0,9,0,0,0,2,0,7,0,2,20
CHEMBL5269206,3,9,4,2,2,0,0,0,0,2,0,0,0,0,3,0,0,0,0,0,0,0,0,0,0,0,0,0,5,2,0,1,1,2,0,0,0,2,1,4,2,1,12
CHEMBL5269208,2,10,4,2,1,0,0,0,0,2,0,0,0,0,2,0,0,0,0,0,0,0,0,0,0,0,6,0,5,1,0,0,0,2,0,0,0,2,1,4,1,2,16
CHEMBL5269252,2,11,4,2,1,0,0,0,0,2,0,0,0,0,2,0,0,0,0,0,0,0,0,0,0,0,6,0,5,1,0,0,0,2,0,0,0,2,1,5,1,2,16
CHEMBL5269293,2,7,3,2,2,0,0,0,0,2,0,0,0,0,2,0,0,0,0,0,0,0,0,0,0,0,6,0,5,4,0,0,0,3,2,1,1,2,1,3,1,2,18
CHEMBL5269555,1,7,4,1,1,0,0,0,0,3,0,0,0,0,1,0,0,0,0,0,0,0,0,0,0,0,0,0,5,2,0,0,0,3,0,0,0,3,1,0,2,3,10
CHEMBL5269707,2,5,3,2,3,0,0,0,0,2,0,0,0,0,3,0,0,0,0,0,0,0,0,0,0,0,6,0,5,3,0,1,1,2,0,0,0,2,0,2,2,1,19
CHEMBL5269737,2,8,3,2,1,1,1,0,0,1,0,0,0,0,1,0,0,0,0,0,0,0,0,0,0,0,0,0,5,1,0,0,0,2,0,0,0,1,1,0,1,1,9
CHEMBL5269756,2,8,5,2,0,0,0,1,0,0,1,1,0,0,0,0,0,0,0,0,0,0,0,0,0,0,6,2,7,0,0,0,0,8,0,0,0,1,0,5,0,1,19
CHEMBL5269817,2,8,3,2,1,1,1,0,0,1,0,0,0,0,2,0,0,0,0,0,0,0,0,0,0,0,0,0,5,1,0,0,0,2,0,0,0,1,1,0,1,1,9
CHEMBL5269898,2,7,3,2,1,0,0,0,0,2,0,0,0,0,2,0,0,0,0,0,0,0,0,0,0,0,0,0,5,1,0,0,0,4,0,0,0,2,1,1,1,2,10
CHEMBL5269979,3,11,3,2,2,0,0,0,0,2,0,0,0,0,3,0,0,0,0,0,0,0,0,0,0,0,0,0,5,2,0,0,0,2,0,0,0,2,1,5,2,1,11
CHEMBL5270023,1,0,0,0,0,1,0,1,0,0,0,0,0,0,0,0,0,1,0,0,0,1,1,2,0,0,21,2,1,0,0,0,0,7,0,0,0,0,0,5,0,0,20
CHEMBL5270074,3,10,3,2,1,0,0,0,0,2,1,1,0,0,2,0,0,0,0,0,0,0,0,0,0,0,0,0,5,1,0,0,0,5,0,0,0,3,1,5,1,3,11
CHEMBL5270108,2,6,3,2,1,0,0,0,0,2,0,0,0,0,2,0,0,0,0,0,0,0,0,0,0,0,0,0,5,3,0,0,0,3,2,1,1,2,1,1,1,2,11
CHEMBL5270141,3,8,4,2,2,1,1,0,0,1,0,0,0,0,3,0,0,0,0,0,0,0,0,0,0,0,0,0,5,2,0,1,1,2,0,0,0,1,1,3,2,0,12
CHEMBL5270168,2,6,3,2,1,1,1,0,0,2,0,0,0,0,2,0,0,0,0,0,0,0,0,0,0,0,0,0,5,1,0,0,0,4,2,1,1,3,1,1,1,2,11
CHEMBL5270259,3,8,3,2,2,0,0,0,0,2,0,0,0,0,3,0,0,0,0,0,0,0,0,0,0,0,6,0,5,2,0,0,0,2,0,0,0,2,1,3,2,1,17
CHEMBL5270376,3,5,4,2,2,0,0,0,0,1,0,1,0,0,3,0,0,0,0,0,0,0,0,0,0,0,6,2,7,2,0,1,1,5,0,0,0,3,1,2,2,2,21
CHEMBL5270517,3,7,3,3,1,0,0,0,0,2,0,0,0,0,2,0,0,0,0,0,0,0,0,0,0,0,0,0,5,1,0,0,0,3,0,0,0,2,1,1,1,1,11
CHEMBL5270578,2,4,3,2,2,0,0,0,0,2,0,0,0,0,3,0,0,0,0,0,0,0,0,0,0,0,0,0,5,3,0,1,1,4,0,0,0,2,0,1,2,1,13
CHEMBL5270644,2,8,5,2,0,0,0,1,0,0,1,1,0,0,0,0,0,0,0,0,0,0,0,0,0,0,12,2,7,0,0,0,0,8,0,0,0,1,0,6,0,1,25
CHEMBL5270764,3,7,3,2,1,0,0,0,0,2,0,0,0,0,2,0,0,0,0,0,0,0,0,0,0,0,0,0,5,1,0,0,0,4,0,0,0,2,1,2,1,2,10
CHEMBL5270920,2,8,5,2,0,0,0,0,0,0,1,1,0,0,0,0,0,0,0,0,0,0,0,0,0,0,12,2,7,0,0,0,0,6,0,0,0,1,0,5,0,1,25
CHEMBL5270927,2,5,3,2,2,0,0,1,0,2,0,0,0,0,3,0,0,0,0,0,0,0,0,0,0,0,6,0,5,2,0,1,1,4,0,0,0,2,1,2,2,1,18
CHEMBL5270933,1,6,3,2,2,0,0,0,0,2,0,0,0,0,2,0,0,0,0,0,0,0,0,0,0,0,0,0,5,2,0,1,1,2,0,0,0,2,1,1,1,2,11
CHEMBL5270986,2,5,3,1,0,0,0,0,0,1,0,0,0,0,0,1,0,0,0,0,0,0,0,0,0,0,6,0,5,0,0,0,0,4,0,0,0,1,0,2,0,1,12
CHEMBL5271052,0,0,0,0,0,1,0,1,0,0,0,0,0,0,0,0,0,0,0,0,0,1,1,2,0,0,21,2,1,0,0,0,0,7,0,0,0,0,0,4,0,0,20
CHEMBL5271071,0,0,0,0,0,0,0,1,0,1,0,0,0,0,4,0,0,0,0,0,1,1,0,2,0,0,17,2,0,4,0,0,0,8,0,0,0,0,1,6,0,0,17
CHEMBL5271092,1,4,3,2,3,0,0,0,0,2,0,0,0,0,3,0,0,0,0,0,0,0,0,0,0,0,0,0,5,3,0,2,2,2,0,0,0,2,1,1,2,1,13
CHEMBL5271144,0,0,0,0,0,0,0,1,0,1,0,0,0,0,4,0,0,0,0,0,1,1,0,2,0,0,17,2,0,4,0,0,0,8,0,0,0,0,1,6,0,0,17
CHEMBL5271187,3,10,4,2,1,0,0,0,0,1,0,0,0,0,0,0,0,0,0,0,0,0,0,0,0,0,0,0,5,0,0,0,0,1,0,0,0,1,0,2,0,1,9
CHEMBL5271283,2,8,4,1,0,0,0,0,0,1,0,0,0,0,0,1,0,0,0,0,0,0,0,0,0,0,6,0,5,0,0,0,0,2,0,0,0,1,0,3,0,1,12
CHEMBL5271503,2,8,4,1,0,1,1,0,0,0,0,0,0,0,0,1,0,0,0,0,0,0,0,0,0,0,6,0,5,0,0,0,0,2,0,0,0,0,0,3,0,0,12
CHEMBL5271509,1,8,4,1,1,0,0,0,0,2,0,0,0,0,2,0,0,0,0,0,0,0,0,0,0,0,0,0,5,1,0,0,0,2,0,0,0,2,1,0,1,2,9
CHEMBL5271543,2,7,2,2,1,0,0,0,0,2,0,0,0,0,2,0,0,0,0,0,0,0,0,0,0,0,0,0,5,1,0,0,0,3,0,0,0,3,1,0,1,2,10
CHEMBL5271636,1,0,0,0,0,0,0,0,0,0,0,1,0,1,1,0,1,0,1,0,2,1,0,4,0,0,16,4,0,2,0,0,0,9,0,0,0,0,2,2,0,0,14
CHEMBL5271678,3,7,3,2,1,0,0,0,0,2,0,0,0,0,2,0,0,0,0,0,0,0,0,0,0,0,0,0,5,1,0,0,0,4,0,0,0,2,1,2,1,2,10
CHEMBL5271680,2,6,5,2,1,0,0,0,0,2,0,0,0,0,2,0,0,0,0,0,0,0,0,0,0,0,0,0,8,1,0,0,0,2,0,0,0,2,1,0,1,2,12
CHEMBL5271699,2,7,3,2,0,0,0,0,0,3,0,0,0,1,1,0,0,0,0,0,0,0,0,0,0,0,0,0,5,2,0,0,0,5,0,0,0,3,0,1,2,3,10
CHEMBL5271771,2,8,3,2,3,0,0,0,0,2,0,0,0,0,3,0,0,0,0,0,0,0,0,0,0,0,6,0,5,3,0,1,1,2,0,0,0,2,0,5,2,1,19
CHEMBL5271891,1,6,3,2,2,0,0,0,0,2,0,0,0,0,3,0,0,0,0,0,0,0,0,0,0,0,0,0,5,2,0,1,1,2,0,0,0,2,1,1,2,1,11
CHEMBL5271912,2,6,3,2,1,0,0,0,0,2,0,0,0,0,2,0,0,0,0,0,0,0,0,0,0,0,0,0,5,2,0,1,1,4,0,0,0,2,1,1,1,2,11
CHEMBL5271963,1,9,3,2,1,0,0,0,0,2,0,0,0,0,2,0,0,0,0,0,0,0,0,0,0,0,0,0,5,1,0,0,0,2,0,0,0,2,1,2,1,2,10
CHEMBL5271982,1,9,3,2,1,2,1,0,0,0,0,0,0,0,0,0,0,0,0,0,0,0,0,0,0,0,0,0,5,0,0,0,0,2,0,0,0,0,0,1,0,0,8
CHEMBL5272287,3,13,3,2,1,0,0,0,0,2,1,1,0,0,2,0,0,0,0,0,0,0,0,0,0,0,0,0,5,1,0,0,0,5,0,0,0,3,1,8,1,3,11
CHEMBL5272328,3,10,4,2,1,0,0,0,0,2,0,0,0,0,2,0,0,0,0,0,0,0,0,0,0,0,0,0,5,1,0,0,0,2,0,0,0,2,1,3,1,2,10
CHEMBL5272564,3,8,5,2,0,0,0,0,0,1,0,1,0,0,0,0,0,0,0,0,0,0,0,0,0,0,6,2,7,0,0,0,0,5,0,0,0,3,0,2,0,4,18
CHEMBL5272700,1,0,0,0,0,1,0,1,0,0,0,0,0,0,0,0,1,0,0,0,0,1,1,2,0,0,21,2,1,0,0,0,0,7,0,0,0,0,0,5,0,0,20
CHEMBL5272891,3,7,3,2,0,0,0,0,0,3,0,0,0,1,1,0,0,0,0,0,0,0,0,0,0,0,0,0,5,2,0,0,0,5,0,0,0,3,0,2,2,3,10
CHEMBL5273068,0,0,0,0,0,0,0,0,0,1,0,0,0,0,4,0,0,0,0,0,1,1,0,2,0,0,23,2,0,4,0,0,0,6,0,0,0,0,1,5,0,0,23
CHEMBL5273116,2,6,3,2,1,0,0,0,0,2,0,0,0,0,2,0,0,0,0,0,0,0,0,0,0,0,0,0,5,1,0,0,0,2,0,0,0,2,1,0,1,1,11
CHEMBL5273164,1,6,3,2,2,1,0,0,0,2,0,0,0,0,2,0,0,0,0,0,0,0,0,0,0,0,0,0,5,2,0,1,1,3,0,0,0,2,1,1,1,2,11
CHEMBL5273177,1,6,3,2,2,0,0,0,0,2,0,0,0,0,3,0,0,0,0,0,0,0,0,0,0,0,0,0,5,2,0,1,1,2,0,0,0,2,1,1,2,1,11
CHEMBL5273309,2,10,3,2,2,0,0,0,0,2,0,0,0,0,3,0,0,0,0,0,0,0,0,0,0,0,6,0,5,2,0,0,0,2,0,0,0,2,1,5,2,1,17
CHEMBL5273350,2,6,3,2,1,0,0,0,1,2,0,0,0,0,2,0,0,0,0,0,0,0,0,0,0,0,0,1,8,1,0,0,0,4,0,0,0,2,1,0,1,2,12
CHEMBL5273362,3,10,4,2,2,0,0,0,0,2,0,0,0,0,3,0,0,0,0,0,0,0,0,0,0,0,0,0,5,2,0,1,1,2,0,0,0,2,1,5,2,1,12
CHEMBL5273384,2,7,3,1,0,0,0,0,0,1,0,0,0,0,0,1,0,0,0,0,0,0,0,0,0,0,6,0,5,0,0,0,0,4,0,0,0,1,0,4,0,1,12
CHEMBL5273492,1,1,0,0,0,0,0,1,0,1,0,0,0,0,4,0,0,0,0,0,1,1,0,2,0,0,17,2,0,4,0,0,0,8,0,0,0,0,1,6,0,0,17
CHEMBL5273506,1,7,3,2,1,1,1,0,0,2,0,0,0,0,2,0,0,0,0,0,0,0,0,0,0,0,0,0,5,1,0,0,0,3,0,0,0,2,1,1,1,1,11
CHEMBL5273549,2,8,3,2,0,1,1,0,0,2,0,0,0,0,0,0,0,0,0,0,0,0,0,0,0,0,0,0,5,0,0,0,0,3,0,0,0,2,0,0,0,2,9
CHEMBL5273618,3,5,4,2,2,0,0,0,0,2,0,0,0,0,3,0,0,0,0,0,0,0,0,0,0,0,0,0,5,2,0,1,1,2,0,0,0,2,1,0,2,1,12
CHEMBL5273646,3,9,5,2,0,0,0,0,0,0,1,2,0,0,0,0,0,0,0,0,0,0,0,0,0,0,6,2,7,0,0,0,0,7,0,0,0,2,0,6,0,2,20
CHEMBL5273888,3,9,3,2,1,0,0,0,0,2,1,1,0,0,2,0,0,0,0,0,0,0,0,0,0,0,0,0,5,1,0,0,0,5,0,0,0,3,1,4,1,3,11
CHEMBL5273960,2,8,3,2,0,0,0,0,0,2,0,0,0,0,2,0,0,0,0,0,0,0,0,0,0,0,0,0,5,1,0,0,0,6,0,0,0,2,1,3,1,2,9
CHEMBL5274084,1,3,0,0,0,0,0,1,0,1,0,0,0,0,4,0,0,0,0,0,1,1,0,2,0,0,17,2,0,4,0,0,0,8,0,0,0,0,1,9,0,0,17
CHEMBL5274139,1,3,0,0,0,0,0,1,0,1,0,0,0,0,4,0,0,0,0,0,1,1,0,2,0,0,17,2,0,4,0,0,0,8,0,0,0,0,1,9,0,0,17
CHEMBL5274290,3,7,3,2,1,0,0,0,0,2,1,1,0,0,2,0,0,0,0,0,0,0,0,0,0,0,0,0,5,1,0,0,0,5,0,0,0,3,1,2,1,3,11
CHEMBL5274299,2,6,3,2,1,1,1,0,0,3,0,0,0,0,1,0,0,0,0,0,0,0,0,0,0,0,0,0,5,2,0,0,0,4,0,0,0,3,0,0,2,2,11
CHEMBL5274335,1,1,0,0,0,1,0,1,0,0,0,0,0,0,0,0,0,1,0,0,0,1,1,2,0,0,21,2,1,0,0,0,0,7,0,0,0,0,0,5,0,0,20
CHEMBL5274501,3,12,4,2,1,0,0,0,0,2,0,0,0,0,2,0,0,0,0,0,0,0,0,0,0,0,0,0,5,1,0,0,0,2,0,0,0,2,1,5,1,2,10
CHEMBL5274587,2,8,3,2,1,0,0,0,0,3,0,0,0,0,1,0,0,0,0,0,0,0,0,0,0,0,0,0,5,2,0,0,0,3,0,0,0,3,0,1,2,3,10
CHEMBL5274708,1,8,3,2,0,0,0,0,0,2,0,0,0,0,0,0,0,0,0,0,0,0,0,0,0,0,0,1,6,0,0,0,0,5,0,0,0,2,0,1,0,2,10
CHEMBL5274777,2,8,5,2,0,1,1,0,0,0,0,0,0,0,0,0,0,0,0,0,0,0,0,0,0,0,12,2,7,0,0,0,0,4,0,0,0,1,0,2,0,1,23
CHEMBL5274832,1,8,3,2,0,0,0,0,0,2,0,0,0,0,0,0,0,0,0,0,0,0,0,0,0,0,0,1,6,0,0,0,0,5,0,0,0,2,0,1,0,2,10
CHEMBL5274863,1,9,3,2,1,2,1,0,0,0,0,0,0,0,0,0,0,0,0,0,0,0,0,0,0,0,0,0,5,0,0,0,0,2,0,0,0,0,0,1,0,0,8
CHEMBL5274867,1,7,3,2,1,3,2,0,0,1,0,0,0,0,2,0,0,0,0,0,0,0,0,0,0,0,0,0,5,1,0,0,0,4,0,0,0,1,1,1,1,1,10
CHEMBL5274890,2,7,3,2,0,0,0,0,0,2,0,0,0,0,2,0,0,0,0,0,1,1,0,2,0,0,11,2,7,2,0,0,0,5,0,0,0,2,1,2,0,2,17
CHEMBL5274998,1,8,3,2,1,0,0,0,0,2,0,0,1,0,2,0,0,0,0,0,0,0,0,0,0,0,0,0,5,1,0,0,0,3,0,0,0,2,1,0,1,2,9
CHEMBL5275053,2,7,3,2,1,0,0,0,0,2,0,0,0,0,2,0,0,0,0,0,0,0,0,0,0,0,0,0,5,1,0,0,0,4,0,0,0,2,1,1,1,2,10
CHEMBL5275063,3,10,3,2,1,0,0,0,0,2,1,1,0,0,2,0,0,0,0,0,0,0,0,0,0,0,0,0,5,1,0,0,0,5,0,0,0,3,1,5,1,3,11
CHEMBL5275068,1,8,3,2,1,2,1,0,0,1,0,0,0,0,1,0,0,0,0,0,0,0,0,0,0,0,0,0,5,1,0,0,0,3,0,0,0,1,1,1,1,1,9
CHEMBL5275153,2,6,3,2,1,0,0,0,0,2,0,0,0,0,2,0,0,0,0,0,0,0,0,0,0,0,0,1,8,1,0,0,0,4,0,0,0,2,1,0,1,2,11
CHEMBL5275215,4,7,5,2,1,0,0,0,0,2,0,0,0,0,2,0,0,0,0,0,0,0,0,0,0,0,0,0,5,1,0,0,0,2,0,0,0,2,1,1,1,2,11
CHEMBL5275417,3,11,3,2,1,0,0,0,0,2,1,1,0,0,2,0,0,0,0,0,0,0,0,0,0,0,0,0,5,1,0,0,0,5,0,0,0,3,1,6,1,3,11
CHEMBL5275448,1,4,3,2,3,0,0,0,0,2,0,0,0,0,3,0,0,0,0,0,0,0,0,0,0,0,0,0,5,3,0,2,2,2,0,0,0,2,1,1,2,1,13
CHEMBL5275593,3,8,4,2,1,1,1,0,0,0,0,0,0,0,0,0,0,0,0,0,0,0,0,0,0,0,0,0,5,0,0,0,0,1,0,0,0,0,0,0,0,0,9
CHEMBL5275668,1,6,3,2,2,0,0,0,0,2,0,0,0,0,2,0,0,0,0,0,0,0,0,0,0,0,0,0,5,2,0,1,1,3,0,0,0,2,1,1,1,2,12
CHEMBL5275714,2,7,3,2,1,0,0,0,0,2,0,0,0,0,2,0,0,0,0,0,0,0,0,0,0,0,0,0,5,1,0,0,0,2,0,0,0,2,1,0,1,2,10
CHEMBL5275747,0,0,0,0,0,0,0,0,0,1,0,0,0,0,4,1,0,0,0,0,1,1,0,2,0,0,17,2,0,4,0,0,0,7,0,0,0,0,1,4,0,0,17
CHEMBL5275758,2,7,3,2,1,1,1,0,0,2,0,0,0,0,1,0,0,0,0,0,0,0,0,0,0,0,0,0,5,2,0,0,0,3,0,0,0,2,0,0,2,2,10
CHEMBL5275780,2,10,4,2,2,0,0,0,0,2,0,0,0,0,3,0,0,0,0,0,0,0,0,0,0,0,6,0,5,2,0,1,1,2,0,0,0,2,1,6,2,1,18
CHEMBL5275798,2,8,3,2,1,1,1,0,0,1,0,0,0,0,1,0,0,0,0,0,0,0,0,0,0,0,0,0,5,1,0,0,0,2,0,0,0,1,1,0,1,1,9
CHEMBL5275846,1,9,3,2,1,0,0,0,0,2,0,0,0,0,2,0,0,0,0,0,0,0,0,0,0,0,0,0,5,1,0,0,0,2,0,0,0,2,1,2,1,2,9
CHEMBL5275933,2,8,4,2,1,1,1,1,0,1,0,0,0,0,1,0,0,0,0,0,0,0,0,0,0,0,6,0,5,3,0,0,0,4,0,0,0,0,0,2,1,0,16
CHEMBL5276017,2,8,5,2,0,1,1,0,0,0,0,0,0,0,0,0,0,0,0,0,0,0,0,0,0,0,6,2,7,0,0,0,0,4,0,0,0,1,0,1,0,1,17
CHEMBL5276018,3,8,5,2,1,0,0,0,0,0,0,0,0,0,0,0,0,0,0,0,0,0,0,0,0,0,6,2,7,0,0,0,0,3,0,0,0,1,0,1,0,1,18
CHEMBL5276194,3,7,3,2,2,0,0,0,0,2,0,0,0,0,3,0,0,0,0,0,0,0,0,0,0,0,0,0,5,2,0,1,1,4,0,0,0,2,1,4,2,1,12
CHEMBL5276442,2,8,5,2,0,0,0,0,0,1,0,0,0,0,0,0,0,0,0,0,0,0,0,0,0,0,6,2,7,0,0,0,0,4,0,0,0,2,0,1,0,3,17
CHEMBL5276820,2,8,3,2,2,0,0,0,1,2,0,0,0,0,2,0,0,0,0,0,0,0,0,0,0,0,6,0,5,2,0,0,0,3,0,0,0,2,1,3,1,2,17
CHEMBL5276910,2,8,4,1,0,1,1,0,0,0,0,0,0,0,0,1,0,0,0,0,0,0,0,0,0,0,6,0,5,0,0,0,0,2,0,0,0,0,0,3,0,0,12
CHEMBL5276919,3,8,5,2,0,0,0,1,0,0,1,2,0,0,0,0,0,0,0,0,0,0,0,0,0,0,6,2,7,0,0,0,0,9,0,0,0,2,0,6,0,2,20
CHEMBL5276930,3,5,3,2,2,0,0,0,0,2,0,0,0,0,3,0,0,0,0,0,0,0,0,0,0,0,0,0,5,2,0,0,0,2,0,0,0,2,1,0,2,1,12
CHEMBL5276932,2,7,3,2,0,0,0,0,0,2,0,0,0,0,2,0,0,0,0,0,1,1,0,2,0,0,11,2,7,4,0,0,0,6,2,1,1,2,1,3,0,2,18
CHEMBL5277126,1,1,0,0,0,0,0,1,0,1,0,0,0,0,4,0,0,0,0,0,1,1,0,2,0,0,17,2,0,4,0,0,0,8,0,0,0,0,1,7,0,0,17
CHEMBL5277162,3,5,3,2,2,0,0,0,0,2,0,0,0,0,3,0,0,0,0,0,0,0,0,0,0,0,0,0,5,2,0,1,1,4,0,0,0,2,1,2,2,1,12
CHEMBL5277286,2,7,3,2,2,0,0,0,0,2,0,0,0,0,3,0,0,0,0,0,0,0,0,0,0,0,6,0,5,2,0,0,0,2,0,0,0,2,1,2,2,1,17
CHEMBL5277446,3,8,4,2,1,0,0,0,0,2,0,0,0,0,2,0,0,0,0,0,0,0,0,0,0,0,0,0,5,1,0,0,0,2,0,0,0,2,1,1,1,2,10
CHEMBL5277564,3,6,3,2,1,0,0,0,0,3,1,1,0,0,1,0,0,0,0,0,0,0,0,0,0,0,0,0,5,2,0,0,0,6,0,0,0,4,0,2,2,3,12
CHEMBL5277644,2,8,4,2,2,0,0,0,0,2,0,0,0,0,3,0,0,0,0,0,0,0,0,0,0,0,6,0,5,2,0,1,1,2,0,0,0,2,1,4,2,1,18
CHEMBL5277659,1,8,3,2,1,3,2,0,0,0,0,0,0,0,0,0,0,0,0,0,0,0,0,0,0,0,0,0,5,0,0,0,0,3,0,0,0,0,0,1,0,0,9
CHEMBL5277776,1,1,0,0,0,1,0,1,0,0,0,0,0,0,0,0,0,0,0,0,0,1,1,2,0,0,21,2,1,0,0,0,0,7,0,0,0,0,0,5,0,0,20
CHEMBL5277888,2,8,3,2,1,0,0,0,0,1,1,1,0,0,2,0,0,0,0,0,0,0,0,0,0,0,0,0,5,1,0,0,0,4,0,0,0,2,1,3,1,1,10
CHEMBL5277901,2,8,3,2,0,0,0,0,0,2,0,0,0,0,2,0,0,0,0,0,0,0,0,0,0,0,0,0,5,1,0,0,0,3,0,0,0,3,1,0,1,2,9
CHEMBL5277945,2,7,3,2,3,0,0,0,0,2,0,0,0,0,3,0,0,0,0,0,0,0,0,0,0,0,6,0,5,3,0,1,1,2,0,0,0,2,0,4,2,1,19
CHEMBL5277980,3,13,3,2,1,0,0,0,0,2,1,1,0,0,2,0,0,0,0,0,0,0,0,0,0,0,0,0,5,1,0,0,0,5,0,0,0,3,1,8,1,3,11
CHEMBL5278036,0,0,0,0,0,1,0,1,0,0,0,0,0,0,0,0,2,0,0,0,0,1,1,2,0,0,21,2,1,0,0,0,0,7,0,0,0,0,0,4,0,0,20
CHEMBL5278102,2,7,4,2,1,0,0,0,0,2,0,0,0,0,2,0,0,0,0,0,0,0,0,0,0,0,6,0,5,1,0,0,0,2,0,0,0,2,1,1,1,2,16
CHEMBL5278107,3,4,3,2,2,0,0,0,0,2,0,0,0,0,3,0,0,0,0,0,0,0,0,0,0,0,0,0,5,3,0,1,1,4,0,0,0,2,0,2,2,1,13
CHEMBL5278229,0,0,0,0,0,0,0,1,0,1,0,0,0,0,4,0,0,0,0,0,1,1,0,2,0,0,17,2,0,4,0,0,0,8,0,0,0,0,1,5,0,0,17
CHEMBL5278253,1,7,3,2,1,0,0,0,0,3,0,0,0,0,1,0,0,0,0,0,0,0,0,0,0,0,0,0,5,2,0,0,0,4,0,0,0,3,0,1,2,3,11
CHEMBL5278342,3,8,3,2,1,0,0,0,0,2,1,1,0,0,2,0,0,0,0,0,0,0,0,0,0,0,0,0,5,1,0,0,0,5,0,0,0,3,1,3,1,3,11
CHEMBL5278365,2,9,3,2,1,1,1,0,0,0,1,1,0,0,0,0,0,0,0,0,0,0,0,0,0,0,0,0,5,0,0,0,0,4,0,0,0,1,0,3,0,1,9
CHEMBL5278613,2,9,4,2,0,0,0,0,0,2,0,0,0,0,0,0,0,0,0,0,0,0,0,0,0,0,0,0,5,0,0,0,0,2,0,0,0,2,0,0,0,3,8
CHEMBL5278675,1,8,3,2,1,1,0,0,0,2,0,0,0,0,1,0,0,0,0,0,0,0,0,0,0,0,0,0,5,1,0,0,0,3,0,0,0,2,1,1,1,2,9
CHEMBL5278956,4,6,3,3,0,0,0,0,0,3,0,0,0,1,1,0,0,0,0,0,0,0,0,0,0,0,0,0,5,2,0,0,0,5,0,0,0,2,0,1,2,2,11
CHEMBL5278979,2,5,3,1,0,0,0,0,0,1,0,0,0,0,0,1,0,0,0,0,0,0,0,0,0,0,6,0,5,0,0,0,0,4,0,0,0,1,0,2,0,1,12
CHEMBL5279060,2,7,4,2,1,0,0,0,0,2,0,0,0,0,2,0,0,0,0,0,0,0,0,0,0,0,0,0,5,1,0,0,0,2,0,0,0,2,1,0,1,2,10
CHEMBL5279139,3,7,3,3,1,1,0,0,0,2,0,0,0,0,2,0,0,0,0,0,0,0,0,0,0,0,0,0,5,1,0,0,0,3,0,0,0,2,1,1,1,1,10
CHEMBL5279329,2,6,3,2,1,0,0,0,0,2,0,0,0,0,2,0,0,0,0,0,0,0,0,0,0,0,0,0,5,2,0,0,0,4,0,0,0,2,0,1,1,2,11
CHEMBL5279458,3,8,3,2,1,0,0,0,0,2,0,0,0,0,2,0,0,0,0,0,0,0,0,0,0,0,0,0,5,1,0,0,0,4,0,0,0,2,1,3,1,2,10
CHEMBL5279628,2,7,4,2,1,0,0,0,0,2,0,0,0,0,2,0,0,0,0,0,0,0,0,0,0,0,6,0,5,1,0,0,0,2,0,0,0,2,1,1,1,2,16
CHEMBL5279731,2,7,3,2,1,0,0,0,0,2,0,0,0,0,2,0,0,0,0,0,1,1,0,2,0,0,11,2,7,4,0,1,1,5,0,0,0,2,1,3,0,2,19
CHEMBL5279752,2,8,4,2,1,0,0,0,0,2,0,0,0,0,2,0,0,0,0,0,0,0,0,0,0,0,6,0,5,1,0,0,0,2,0,0,0,2,1,2,1,2,16
CHEMBL5279864,2,5,3,2,2,0,0,0,0,2,0,0,0,0,3,0,0,0,0,0,0,0,0,0,0,0,0,0,5,2,0,1,1,2,0,0,0,2,1,0,2,0,12
CHEMBL5279883,3,8,4,2,2,0,0,0,0,2,0,0,0,0,3,0,0,0,0,0,0,0,0,0,0,0,0,0,5,2,0,1,1,2,0,0,0,2,1,3,2,1,12
CHEMBL5280054,3,12,3,2,2,0,0,0,0,2,0,0,0,0,3,0,0,0,0,0,0,0,0,0,0,0,0,0,5,2,0,0,0,2,0,0,0,2,1,6,2,1,11
CHEMBL5280059,2,7,3,2,1,0,0,0,0,2,0,0,0,0,2,0,0,0,0,0,0,0,0,0,0,0,6,0,5,1,0,0,0,4,0,0,0,2,1,3,1,2,16
CHEMBL5280069,1,6,3,2,2,0,0,0,0,2,0,0,0,0,2,0,0,0,0,0,0,0,0,0,0,0,0,0,5,2,0,1,1,2,0,0,0,2,1,1,1,2,11
CHEMBL5280326,1,1,0,0,0,1,0,1,0,0,0,0,0,0,0,0,1,0,0,0,0,1,1,2,0,0,21,2,1,0,0,0,0,7,0,0,0,0,0,5,0,0,20
CHEMBL5280449,1,5,4,1,0,1,1,0,0,0,0,0,0,0,0,1,0,0,0,0,0,0,0,0,0,0,12,0,5,0,0,0,0,2,0,0,0,0,0,1,0,0,18
CHEMBL5280521,1,8,3,2,1,0,0,0,0,2,0,0,0,0,2,0,0,0,0,0,0,0,0,0,0,0,0,0,5,1,0,0,0,3,0,0,0,2,1,1,1,2,10
CHEMBL5280552,2,8,3,2,1,0,0,0,0,1,0,0,0,0,0,0,0,0,0,0,0,0,0,0,0,0,0,0,5,0,0,0,0,1,0,0,0,1,0,0,0,0,9
CHEMBL5280814,3,8,3,2,0,0,0,0,0,2,1,1,0,0,2,0,0,0,0,0,0,0,0,0,0,0,0,0,5,1,0,0,0,5,0,0,0,3,1,2,1,3,10
CHEMBL5280921,3,6,4,2,2,1,1,0,0,1,0,0,0,0,3,0,0,0,0,0,0,0,0,0,0,0,0,0,5,2,0,1,1,2,0,0,0,1,1,1,2,0,12
CHEMBL5281055,2,7,3,2,2,1,1,0,0,0,0,0,0,0,0,0,0,0,0,0,0,0,0,0,0,0,0,0,5,1,0,1,1,1,0,0,0,0,0,0,0,0,10
CHEMBL5281163,2,12,4,2,1,0,0,0,0,2,0,0,0,0,2,0,0,0,0,0,0,0,0,0,0,0,6,0,5,1,0,0,0,2,0,0,0,2,1,6,1,2,16
CHEMBL5281207,2,8,5,2,0,1,1,1,0,0,0,0,0,0,0,0,0,0,0,0,0,0,0,0,0,0,6,2,7,0,0,0,0,5,0,0,0,2,0,2,0,1,17
CHEMBL5281249,2,7,3,2,1,0,0,1,0,2,0,0,0,0,2,0,0,0,0,0,0,0,0,0,0,0,6,0,5,1,0,0,0,4,0,0,0,2,1,2,1,2,16
CHEMBL5281289,0,1,0,0,0,0,0,3,0,0,0,0,0,0,0,0,0,0,0,0,1,2,0,3,1,1,27,4,2,4,0,0,0,12,0,0,0,0,1,8,0,0,27
CHEMBL5281414,3,6,3,2,1,0,0,0,0,2,1,1,0,0,2,0,0,0,0,0,0,0,0,0,0,0,0,0,5,2,0,1,1,5,0,0,0,3,1,2,1,3,12
CHEMBL5281465,2,9,3,2,1,1,1,0,0,0,0,0,0,0,0,0,0,0,0,0,0,0,0,0,0,0,0,0,5,0,0,0,0,1,0,0,0,0,0,0,0,0,8
CHEMBL5281469,2,10,4,2,2,0,0,0,0,2,0,0,0,0,3,0,0,0,0,0,0,0,0,0,0,0,6,0,5,2,0,1,1,2,0,0,0,2,1,6,2,1,18
CHEMBL5281516,3,9,4,2,1,0,0,0,0,1,0,0,0,0,0,0,0,0,0,0,0,0,0,0,0,0,0,0,5,0,0,0,0,1,0,0,0,1,0,1,0,1,9
CHEMBL5281599,3,6,3,2,1,0,0,0,0,2,0,0,0,0,3,0,0,0,0,0,0,0,0,0,0,0,0,0,5,2,0,0,0,4,0,0,0,2,1,2,2,1,11
CHEMBL5281632,1,6,3,1,0,0,0,0,0,1,0,1,0,1,1,1,0,0,0,0,0,1,0,1,0,0,12,1,5,2,0,0,0,7,0,0,0,3,0,3,0,1,18
CHEMBL5281692,1,8,3,2,2,0,0,0,0,2,0,0,0,0,2,0,0,0,0,0,0,0,0,0,0,0,0,0,5,1,0,0,0,2,0,0,0,2,1,1,1,2,10
CHEMBL5281733,2,8,3,2,1,1,1,0,0,1,0,0,0,0,0,0,0,0,0,0,0,0,0,0,0,0,0,0,5,0,0,0,0,2,0,0,0,1,0,0,0,0,9
CHEMBL5281772,2,8,5,2,1,1,1,0,0,0,0,0,0,0,0,0,0,0,0,0,0,0,0,0,0,0,0,0,8,0,0,0,0,1,0,0,0,0,0,0,0,0,10
CHEMBL5281823,2,8,5,2,0,0,0,0,0,0,1,1,0,0,0,0,0,0,0,0,0,0,0,0,0,0,6,2,7,0,0,0,0,6,0,0,0,1,0,4,0,1,19
CHEMBL5281951,2,8,5,2,0,1,1,1,0,0,0,0,0,0,0,0,0,0,0,0,0,0,0,0,0,0,12,2,7,0,0,0,0,6,0,0,0,1,0,3,0,1,23
CHEMBL5281972,1,0,0,0,0,0,0,0,0,0,0,1,1,1,1,0,0,0,1,0,2,1,1,4,0,0,16,4,0,2,0,0,0,10,0,0,0,0,2,3,0,0,14
CHEMBL5282019,3,7,3,2,1,0,0,0,0,2,1,1,0,0,2,0,0,0,0,0,0,0,0,0,0,0,0,0,5,1,0,0,0,5,0,0,0,3,1,2,1,3,11
CHEMBL5282027,2,7,4,2,2,0,0,0,0,2,0,0,0,0,3,0,0,0,0,0,0,0,0,0,0,0,6,0,5,4,0,1,1,3,2,1,1,2,1,4,2,1,19
CHEMBL5282258,1,8,3,2,1,1,1,0,0,1,0,0,0,0,2,0,0,0,0,0,0,0,0,0,0,0,0,0,5,1,0,0,0,2,0,0,0,1,1,1,1,1,10
CHEMBL5282309,3,6,4,2,2,0,0,0,0,2,0,0,0,0,3,0,0,0,0,0,0,0,0,0,0,0,0,0,5,2,0,1,1,2,0,0,0,2,1,1,2,1,12
CHEMBL5282619,2,6,4,2,2,0,0,0,0,2,0,0,0,0,3,0,0,0,0,0,0,0,0,0,0,0,6,0,5,2,0,1,1,2,0,0,0,2,1,2,2,1,18
CHEMBL5282687,2,5,4,2,2,0,0,0,0,2,0,0,0,0,3,0,0,0,0,0,0,0,0,0,0,0,6,0,5,2,0,1,1,2,0,0,0,2,1,1,2,1,18
CHEMBL5282717,1,6,3,1,0,1,1,0,0,0,0,0,0,1,3,1,0,0,0,0,0,0,0,0,0,0,6,0,5,2,0,0,0,3,0,0,0,0,1,1,0,0,12
CHEMBL5282836,1,8,3,2,1,1,0,0,0,2,0,0,0,0,1,0,0,0,0,0,0,0,0,0,0,0,0,0,5,1,0,0,0,3,0,0,0,2,1,1,1,2,9
CHEMBL5282873,3,9,3,2,1,0,0,0,1,0,1,1,0,0,0,0,0,0,0,0,1,1,0,2,0,0,5,3,5,0,0,0,0,11,0,0,0,1,1,4,0,1,16
CHEMBL5282922,1,8,3,2,1,0,0,0,0,2,0,0,0,0,2,0,0,0,0,0,0,0,0,0,0,0,0,0,5,1,0,0,0,2,0,0,0,2,1,1,1,2,9
CHEMBL5282986,2,8,3,2,0,0,0,0,0,2,0,0,0,0,2,0,0,0,0,0,0,0,0,0,0,0,0,0,5,1,0,0,0,4,0,0,0,2,1,1,1,2,9
CHEMBL5283138,1,6,3,1,0,0,0,0,0,1,0,1,0,0,1,1,0,0,0,0,0,1,0,1,0,0,12,1,5,2,0,0,0,7,0,0,0,3,0,3,0,1,18
CHEMBL5283268,2,8,5,2,0,1,1,0,0,0,0,0,0,0,0,0,0,0,0,0,0,0,0,0,0,0,6,2,7,0,0,0,0,3,0,0,0,2,0,1,0,1,17
CHEMBL5283276,1,1,0,0,0,0,0,1,0,1,0,0,0,0,4,0,0,0,0,0,1,1,0,2,0,0,17,2,0,4,0,0,0,8,0,0,0,0,1,6,0,0,17
CHEMBL5283375,2,7,2,2,1,0,0,0,0,2,0,0,0,0,2,0,0,0,0,0,0,0,0,0,0,0,0,0,5,1,0,0,0,6,0,0,0,2,1,3,1,2,10
CHEMBL5283443,1,9,3,2,2,0,0,0,0,2,0,0,0,0,2,0,0,0,0,0,0,0,0,0,0,0,0,0,5,1,0,0,0,2,0,0,0,2,1,2,1,2,10
CHEMBL5283480,3,12,4,2,1,0,0,0,0,1,0,0,0,0,0,0,0,0,0,0,0,0,0,0,0,0,0,0,5,0,0,0,0,1,0,0,0,1,0,4,0,1,9
CHEMBL5283592,1,7,3,2,1,2,1,0,0,2,0,0,0,0,2,0,0,0,0,0,0,0,0,0,0,0,0,0,5,1,0,0,0,4,0,0,0,2,1,1,1,1,10
CHEMBL5283697,1,7,3,2,1,1,0,0,0,3,0,0,0,0,1,0,0,0,0,0,0,0,0,0,0,0,0,0,5,2,0,0,0,4,0,0,0,3,0,1,2,3,10
CHEMBL5283707,3,5,4,2,2,0,0,1,0,1,0,1,0,0,3,0,0,0,0,0,0,0,0,0,0,0,6,2,7,2,0,1,1,7,0,0,0,3,1,3,2,2,21
CHEMBL5283822,1,0,0,0,0,1,0,1,0,0,0,0,0,0,0,0,0,0,0,0,0,1,1,2,0,0,21,2,1,0,0,0,0,7,0,0,0,0,0,5,0,0,20
CHEMBL5283868,3,7,3,2,2,0,0,0,0,2,0,0,0,0,3,0,0,0,0,0,0,0,0,0,0,0,0,0,5,2,0,1,1,4,0,0,0,2,1,4,2,1,12
CHEMBL5283920,3,5,4,2,2,0,0,0,0,2,0,0,0,0,3,0,0,0,0,0,0,0,0,0,0,0,0,0,5,2,0,1,1,2,0,0,0,2,1,0,2,1,12
CHEMBL5283967,2,8,3,2,0,0,0,0,0,2,0,0,0,0,0,0,0,0,0,0,0,0,0,0,0,0,0,1,6,0,0,0,0,4,0,0,0,2,0,0,0,2,9
CHEMBL5283978,2,8,5,2,0,0,0,1,0,1,0,0,0,0,0,0,0,0,0,0,0,0,0,0,0,0,6,2,7,0,0,0,0,5,0,0,0,3,0,2,0,3,17
CHEMBL5284015,4,7,5,2,1,0,0,0,0,2,0,0,0,0,2,0,0,0,0,0,0,0,0,0,0,0,0,0,5,1,0,0,0,2,0,0,0,2,1,1,1,2,11
CHEMBL5284085,1,8,3,2,1,0,0,0,0,2,0,0,0,0,2,0,0,0,0,0,0,0,0,0,0,0,0,0,5,1,0,0,0,2,0,0,0,2,1,1,1,2,9
CHEMBL5284111,2,10,3,2,1,0,0,0,0,2,0,0,0,0,2,0,0,0,0,0,0,0,0,0,0,0,0,0,5,1,0,0,0,2,0,0,0,2,1,2,1,2,9
CHEMBL5284198,2,8,3,2,2,0,0,0,0,2,0,0,0,0,3,0,0,0,0,0,0,0,0,0,0,0,6,0,5,2,0,0,0,2,0,0,0,2,1,3,2,1,17
CHEMBL5284435,1,8,3,2,1,1,1,0,0,1,0,0,0,0,0,0,0,0,0,0,0,0,0,0,0,0,0,0,5,0,0,0,0,3,0,0,0,1,0,1,0,0,10
CHEMBL5284524,3,5,3,2,2,0,0,0,0,2,1,1,0,0,3,0,0,0,0,0,0,0,0,0,0,0,0,0,5,2,0,1,1,5,0,0,0,3,1,2,2,2,13
CHEMBL5284594,1,5,4,1,0,0,0,0,0,1,0,0,0,0,0,1,0,0,0,0,0,0,0,0,0,0,12,0,5,0,0,0,0,2,0,0,0,1,0,1,0,1,18
CHEMBL5284663,3,9,3,2,1,0,0,0,0,2,1,1,0,0,2,0,0,0,0,0,0,0,0,0,0,0,0,0,5,1,0,0,0,5,0,0,0,3,1,4,1,3,11
CHEMBL5284734,2,8,4,2,2,0,0,0,1,2,0,0,0,0,3,0,0,0,0,0,0,0,0,0,0,0,6,0,5,2,0,1,1,3,0,0,0,2,1,4,2,1,18
CHEMBL5284738,2,10,4,2,1,0,0,0,0,2,0,0,0,0,2,0,0,0,0,0,0,0,0,0,0,0,6,0,5,1,0,0,0,2,0,0,0,2,1,4,1,2,16
CHEMBL5284742,1,5,4,1,0,0,0,0,0,1,0,0,0,0,0,1,0,0,0,0,0,0,0,0,0,0,12,0,5,0,0,0,0,2,0,0,0,1,0,1,0,1,18
CHEMBL5284759,3,9,4,2,1,0,0,0,0,2,0,0,0,0,2,0,0,0,0,0,0,0,0,0,0,0,0,0,5,1,0,0,0,2,0,0,0,2,1,2,1,2,10
CHEMBL5284760,1,1,0,0,0,0,0,1,0,1,0,0,0,0,4,0,0,0,0,0,1,1,0,2,0,0,17,2,0,4,0,0,0,8,0,0,0,0,1,7,0,0,17
CHEMBL5284841,2,7,3,2,0,0,0,0,0,2,0,0,0,0,2,0,0,0,0,0,1,1,0,2,0,0,11,2,7,2,0,0,0,5,0,0,0,2,1,2,0,2,17
CHEMBL5284912,3,11,4,2,2,0,0,0,0,2,0,0,0,0,3,0,0,0,0,0,0,0,0,0,0,0,0,0,5,2,0,1,1,2,0,0,0,2,1,6,2,1,12
CHEMBL5284938,2,7,4,2,2,0,0,0,0,2,0,0,0,0,3,0,0,0,0,0,0,0,0,0,0,0,6,0,5,2,0,1,1,2,0,0,0,2,1,3,2,1,18
CHEMBL5285274,2,8,3,2,2,0,0,0,0,2,0,0,0,0,3,0,0,0,0,0,0,0,0,0,0,0,6,0,5,2,0,0,0,2,0,0,0,2,1,4,2,1,18
CHEMBL5285355,1,5,3,1,0,0,0,0,0,1,0,0,0,0,0,1,0,0,0,0,0,0,0,0,0,0,6,0,5,0,0,0,0,4,0,0,0,1,0,1,0,1,12
CHEMBL5285390,1,5,4,1,0,1,1,0,0,0,0,0,0,0,0,1,0,0,0,0,0,0,0,0,0,0,12,0,5,0,0,0,0,2,0,0,0,0,0,1,0,0,18
CHEMBL5285403,3,7,4,2,1,1,1,0,0,1,0,0,0,0,2,0,0,0,0,0,0,0,0,0,0,0,0,0,5,1,0,0,0,2,0,0,0,1,1,0,1,1,10
CHEMBL5285526,3,8,4,2,1,1,1,0,0,0,0,0,0,0,0,0,0,0,0,0,0,0,0,0,0,0,0,0,5,0,0,0,0,1,0,0,0,0,0,0,0,0,9
CHEMBL5285636,0,0,0,0,0,0,0,1,0,1,0,0,0,0,4,0,0,0,0,0,1,1,0,2,0,0,17,2,0,4,0,0,0,8,0,0,0,0,1,5,0,0,17
CHEMBL5285644,2,8,4,2,1,0,0,0,0,1,1,1,0,0,1,0,0,0,0,0,0,0,0,0,0,0,6,0,5,3,0,0,0,4,0,0,0,0,0,4,1,0,18
CHEMBL5285647,3,10,4,2,2,0,0,0,0,2,0,0,0,0,3,0,0,0,0,0,0,0,0,0,0,0,0,0,5,2,0,1,1,2,0,0,0,2,1,5,2,1,12
CHEMBL5285796,1,8,3,2,1,0,0,0,0,2,0,0,0,0,2,0,0,0,0,0,0,0,0,0,0,0,0,0,5,1,0,0,0,2,0,0,0,2,1,0,1,2,9
CHEMBL5285807,2,7,3,2,0,0,0,0,0,2,0,0,0,0,2,0,0,0,0,0,1,1,0,2,0,0,11,2,7,4,0,0,0,6,2,1,1,2,1,3,0,2,18
CHEMBL5285813,2,9,4,2,1,0,0,0,0,2,0,0,0,0,2,0,0,0,0,0,0,0,0,0,0,0,6,0,5,1,0,0,0,2,0,0,0,2,1,4,1,2,17
CHEMBL5285831,3,11,4,2,1,0,0,0,0,2,0,0,0,0,2,0,0,0,0,0,0,0,0,0,0,0,0,0,5,1,0,0,0,2,0,0,0,2,1,4,1,2,10
CHEMBL5285898,2,4,3,2,3,0,0,0,0,2,0,0,0,0,3,0,0,0,0,0,0,0,0,0,0,0,6,0,5,5,0,1,1,2,0,0,0,2,0,1,2,1,19
CHEMBL5285921,1,6,3,2,2,0,0,0,0,2,0,0,0,0,3,0,0,0,0,0,0,0,0,0,0,0,0,0,5,2,0,1,1,2,0,0,0,2,1,1,2,1,11
CHEMBL5285990,3,8,3,2,2,0,0,0,0,2,0,0,0,0,3,0,0,0,0,0,0,0,0,0,0,0,0,0,5,2,0,0,0,2,0,0,0,2,1,2,2,1,11
CHEMBL5286151,2,5,4,2,2,0,0,0,0,1,0,0,0,0,3,0,0,0,0,0,0,0,0,0,0,0,6,2,7,2,0,1,1,3,0,0,0,3,1,1,2,1,20
CHEMBL5286286,2,8,3,2,1,1,0,0,0,1,1,1,0,0,0,0,0,0,0,0,0,0,0,0,0,0,0,0,5,0,0,0,0,5,0,0,0,2,0,3,0,2,10
CHEMBL5286289,2,5,4,2,2,0,0,0,1,2,0,0,0,0,3,0,0,0,0,0,0,0,0,0,0,0,6,0,5,2,0,1,1,3,0,0,0,2,1,1,2,1,18
CHEMBL5286458,1,6,3,1,0,0,0,0,0,1,1,1,0,0,1,0,0,0,0,0,0,1,1,2,0,0,11,2,5,2,0,0,0,6,0,0,0,1,0,3,0,1,15
CHEMBL5286506,3,8,5,2,1,0,0,1,0,0,0,0,0,0,0,0,0,0,0,0,0,0,0,0,0,0,6,2,7,0,0,0,0,5,0,0,0,1,0,2,0,1,18
CHEMBL5286569,2,5,4,2,2,0,0,1,0,1,0,0,0,0,3,0,0,0,0,0,0,0,0,0,0,0,6,2,7,2,0,1,1,5,0,0,0,3,1,2,2,1,20
CHEMBL5286772,3,9,3,2,2,0,0,0,0,2,1,1,0,0,3,0,0,0,0,0,0,0,0,0,0,0,0,0,5,2,0,1,1,5,0,0,0,3,1,6,2,2,13
CHEMBL5286833,1,6,3,2,2,0,0,0,0,2,0,0,0,0,2,0,0,0,0,0,0,0,0,0,0,0,0,0,5,2,0,1,1,2,0,0,0,2,1,1,1,2,11
CHEMBL5286866,3,5,4,2,2,1,1,0,0,1,0,0,0,0,3,0,0,0,0,0,0,0,0,0,0,0,0,0,5,2,0,1,1,2,0,0,0,1,1,0,2,0,12
CHEMBL5286895,2,7,4,2,1,1,0,0,0,2,0,0,0,0,2,0,0,0,0,0,0,0,0,0,0,0,0,0,5,1,0,0,0,3,0,0,0,2,1,1,1,2,10
CHEMBL5286964,3,9,4,2,1,1,1,0,0,0,0,0,0,0,0,0,0,0,0,0,0,0,0,0,0,0,0,0,5,0,0,0,0,1,0,0,0,0,0,1,0,0,9
CHEMBL5287003,2,7,3,2,1,0,0,0,0,2,1,1,0,0,2,0,0,0,0,0,0,0,0,0,0,0,0,0,5,1,0,0,0,5,0,0,0,3,1,3,1,2,11
CHEMBL5287052,3,10,4,2,1,1,1,0,0,0,0,0,0,0,0,0,0,0,0,0,0,0,0,0,0,0,0,0,5,0,0,0,0,1,0,0,0,0,0,2,0,0,9
CHEMBL5287070,3,8,5,2,1,0,0,0,0,0,0,0,0,0,0,0,0,0,0,0,0,0,0,0,0,0,12,2,7,0,0,0,0,3,0,0,0,1,0,2,0,1,24
CHEMBL5287129,3,6,3,2,1,0,0,0,0,2,1,1,0,0,2,0,0,0,0,0,0,0,0,0,0,0,0,0,5,1,0,0,0,6,2,1,1,4,1,3,1,3,12
CHEMBL5287331,3,8,5,2,0,0,0,1,0,1,0,1,0,0,0,0,0,0,0,0,0,0,0,0,0,0,6,2,7,0,0,0,0,7,0,0,0,3,0,3,0,4,18
CHEMBL5287457,1,0,0,0,0,1,0,1,0,0,0,0,0,0,0,0,2,0,0,0,0,1,1,2,0,0,21,2,1,0,0,0,0,7,0,0,0,0,0,5,0,0,20
CHEMBL5287473,3,12,3,2,1,0,0,0,0,2,1,1,0,0,2,0,0,0,0,0,0,0,0,0,0,0,0,0,5,1,0,0,0,5,0,0,0,3,1,7,1,3,11
CHEMBL5287480,1,8,3,2,1,2,1,0,0,1,0,0,0,0,1,0,0,0,0,0,0,0,0,0,0,0,0,0,5,1,0,0,0,3,0,0,0,1,1,1,1,1,9
CHEMBL5287546,2,12,4,2,1,0,0,0,0,2,0,0,0,0,2,0,0,0,0,0,0,0,0,0,0,0,6,0,5,1,0,0,0,2,0,0,0,2,1,6,1,2,16
CHEMBL5287563,2,9,4,2,2,0,0,0,0,2,0,0,0,0,3,0,0,0,0,0,0,0,0,0,0,0,6,0,5,2,0,1,1,2,0,0,0,2,1,5,2,1,18
CHEMBL5287750,0,0,0,0,1,0,0,1,0,0,0,0,0,0,0,2,0,0,0,0,0,0,0,0,0,0,18,0,0,4,0,1,1,4,0,0,0,0,0,5,0,0,20
CHEMBL5287766,2,10,4,2,1,0,0,0,0,2,0,0,0,0,2,0,0,0,0,0,0,0,0,0,0,0,6,0,5,1,0,0,0,2,0,0,0,2,1,4,1,2,16
CHEMBL5287841,1,8,4,1,1,0,0,0,0,2,0,0,0,0,2,0,0,0,0,0,0,0,0,0,0,0,0,0,5,1,0,0,0,2,0,0,0,2,1,0,1,2,9
CHEMBL5287894,3,6,3,2,1,0,0,0,0,2,0,0,0,0,2,0,0,0,0,0,0,0,0,0,1,1,6,1,8,5,0,0,0,5,0,0,0,2,1,2,1,2,19
CHEMBL5288111,2,9,3,2,1,1,0,0,0,0,1,1,0,0,0,0,0,0,0,0,0,0,0,0,0,0,0,0,5,0,0,0,0,4,0,0,0,1,0,3,0,1,9
CHEMBL5288187,3,7,3,2,2,0,0,0,0,2,0,0,0,0,3,0,0,0,0,0,0,0,0,0,0,0,0,0,5,2,0,0,0,2,0,0,0,2,1,1,2,1,11
CHEMBL5288188,1,8,3,2,1,0,0,0,0,2,0,0,0,0,2,0,0,0,0,0,0,0,0,0,0,0,0,0,5,1,0,0,0,3,0,0,0,2,1,1,1,2,10
CHEMBL5288289,1,9,3,2,1,0,0,0,0,1,0,0,0,0,0,0,0,0,0,0,0,0,0,0,0,0,0,0,5,0,0,0,0,2,0,0,0,1,0,1,0,1,9
CHEMBL5288360,3,8,5,2,1,0,0,1,0,0,0,0,0,0,0,0,0,0,0,0,0,0,0,0,0,0,12,2,7,0,0,0,0,5,0,0,0,1,0,3,0,1,24
CHEMBL5288418,1,8,3,2,1,2,1,0,0,1,0,0,0,0,2,0,0,0,0,0,0,0,0,0,0,0,0,0,5,1,0,0,0,3,0,0,0,1,1,1,1,1,9
CHEMBL5288430,3,6,3,2,1,0,0,0,0,2,0,1,0,0,2,0,0,0,0,0,0,0,0,0,0,0,0,1,8,1,0,0,0,6,0,0,0,3,1,1,1,3,13
CHEMBL5288485,3,8,3,2,1,0,0,0,0,2,1,1,0,0,2,0,0,0,0,0,0,0,0,0,0,0,0,0,5,1,0,0,0,5,0,0,0,3,1,3,1,3,11
CHEMBL5288513,1,9,3,2,1,1,1,0,0,1,0,0,0,0,0,0,0,0,0,0,0,0,0,0,0,0,0,0,5,0,0,0,0,2,0,0,0,1,0,1,0,1,9
CHEMBL5288515,2,10,3,2,2,0,0,0,0,2,0,0,0,0,2,0,0,0,0,0,0,0,0,0,0,0,6,0,5,2,0,0,0,2,0,0,0,2,0,5,1,2,17
CHEMBL5288626,2,7,3,1,0,0,0,0,0,1,0,0,0,0,0,1,0,0,0,0,0,0,0,0,0,0,6,0,5,0,0,0,0,4,0,0,0,1,0,4,0,1,12
CHEMBL5288646,1,8,3,2,1,0,0,0,0,2,0,0,0,0,1,0,0,0,0,0,0,0,0,0,0,0,0,0,5,1,0,0,0,3,0,0,0,2,1,1,1,2,10
CHEMBL5288725,2,8,5,2,0,0,0,0,0,1,0,0,0,0,0,0,0,0,0,0,0,0,0,0,0,0,12,2,7,0,0,0,0,4,0,0,0,2,0,2,0,3,23
CHEMBL5288828,3,7,4,2,2,0,0,0,0,2,0,0,0,0,3,0,0,0,0,0,0,0,0,0,0,0,0,0,5,2,0,1,1,2,0,0,0,2,1,2,2,1,12
CHEMBL5288833,1,8,3,2,1,0,0,0,0,2,0,0,0,0,2,0,0,0,0,0,0,0,0,0,0,0,0,0,5,1,0,0,0,2,0,0,0,2,1,1,1,2,9
CHEMBL5288881,3,9,4,2,1,0,0,0,0,2,0,0,0,0,2,0,0,0,0,0,0,0,0,0,0,0,0,0,5,1,0,0,0,2,0,0,0,2,1,2,1,2,10
CHEMBL5289056,1,6,3,1,0,0,0,0,0,1,0,1,0,0,1,1,0,0,0,0,0,1,0,1,0,0,12,1,5,2,0,0,0,7,0,0,0,3,0,3,0,1,18
CHEMBL5289192,3,6,3,2,1,0,0,0,0,3,1,1,0,0,1,0,0,0,0,0,0,0,0,0,0,0,0,0,5,2,0,0,0,6,0,0,0,4,0,2,2,3,12
CHEMBL5289206,3,11,4,2,2,0,0,0,0,2,0,0,0,0,3,0,0,0,0,0,0,0,0,0,0,0,0,0,5,2,0,1,1,2,0,0,0,2,1,6,2,1,12
CHEMBL5289229,2,7,3,2,1,0,0,0,0,2,0,0,0,0,2,0,0,0,0,0,0,0,0,0,0,0,0,0,5,1,0,0,0,2,0,0,0,2,1,0,1,1,10
CHEMBL5289279,2,5,3,2,2,0,0,1,0,2,0,0,0,0,3,0,0,0,0,0,0,0,0,0,0,0,6,0,5,2,0,1,1,4,0,0,0,2,1,2,2,1,18
CHEMBL5289394,2,8,5,2,1,0,0,0,0,1,0,0,0,0,0,0,0,0,0,0,0,0,0,0,0,0,0,0,8,0,0,0,0,1,0,0,0,1,0,0,0,1,10
CHEMBL5289535,3,10,3,2,2,0,0,0,0,2,0,0,0,0,3,0,0,0,0,0,0,0,0,0,0,0,0,0,5,2,0,0,0,2,0,0,0,2,1,4,2,1,11
CHEMBL5289592,2,9,4,2,2,0,0,0,0,2,0,0,0,0,3,0,0,0,0,0,0,0,0,0,0,0,6,0,5,2,0,1,1,2,0,0,0,2,1,5,2,1,18
CHEMBL5289628,2,8,5,2,0,1,1,1,0,0,0,0,0,0,0,0,0,0,0,0,0,0,0,0,0,0,6,2,7,0,0,0,0,6,0,0,0,1,0,2,0,1,17
CHEMBL5289646,2,5,3,2,2,0,0,0,0,2,0,0,0,0,3,0,0,0,0,0,0,0,0,0,0,0,0,0,5,2,0,1,1,4,0,0,0,2,1,1,2,1,12
CHEMBL5289821,2,7,3,2,1,1,1,0,0,2,0,0,0,0,2,0,0,0,0,0,0,0,0,0,0,0,0,0,5,1,0,0,0,3,0,0,0,2,1,0,1,2,10
CHEMBL5289932,2,6,3,2,1,0,0,0,0,2,0,0,0,0,3,0,0,0,0,0,0,0,0,0,0,0,0,0,5,2,0,0,0,2,0,0,0,2,1,0,2,1,11
CHEMBL5290103,2,6,3,2,2,1,1,0,0,1,0,0,0,0,2,0,0,0,0,0,0,0,0,0,0,0,0,0,5,2,0,1,1,2,0,0,0,1,1,0,1,1,11
CHEMBL5290133,3,12,3,2,1,0,0,0,0,2,1,1,0,0,2,0,0,0,0,0,0,0,0,0,0,0,0,0,5,1,0,0,0,5,0,0,0,3,1,7,1,3,11
CHEMBL5290211,3,10,4,2,1,0,0,0,0,1,0,0,0,0,0,0,0,0,0,0,0,0,0,0,0,0,0,0,5,0,0,0,0,1,0,0,0,1,0,2,0,1,9
CHEMBL5290320,3,9,3,2,1,0,0,0,0,2,0,0,0,0,2,0,0,0,0,0,0,0,0,0,0,0,0,0,5,1,0,0,0,4,0,0,0,2,1,4,1,2,10
CHEMBL5290344,2,7,4,2,2,0,0,0,0,2,0,0,0,0,3,0,0,0,0,0,0,0,0,0,0,0,6,0,5,2,0,1,1,2,0,0,0,2,1,3,2,1,18
CHEMBL5290446,3,9,3,2,2,0,0,0,0,2,1,1,0,0,3,0,0,0,0,0,0,0,0,0,0,0,0,0,5,2,0,1,1,5,0,0,0,3,1,6,2,2,13
CHEMBL5290511,3,9,4,2,1,1,1,0,0,0,0,0,0,0,0,0,0,0,0,0,0,0,0,0,0,0,0,0,5,0,0,0,0,1,0,0,0,0,0,1,0,0,9
CHEMBL5290564,2,9,3,2,2,0,0,0,0,2,0,0,0,0,2,0,0,0,0,0,0,0,0,0,0,0,6,0,5,2,0,0,0,2,0,0,0,2,0,4,1,2,17
CHEMBL5290646,2,5,4,2,2,0,0,0,0,2,0,0,0,0,3,0,0,0,0,0,0,0,0,0,0,0,6,0,5,2,0,1,1,2,0,0,0,2,1,1,2,1,18
CHEMBL5290731,2,7,3,2,1,1,1,0,0,1,0,0,0,0,0,0,0,0,0,0,1,1,0,2,0,0,5,2,5,0,0,0,0,7,0,0,0,1,1,1,0,0,14
CHEMBL5290751,2,8,4,2,2,0,0,0,0,2,0,0,0,0,3,0,0,0,0,0,0,0,0,0,0,0,6,0,5,2,0,1,1,2,0,0,0,2,1,4,2,1,18
CHEMBL5290784,2,8,4,2,0,0,0,0,0,3,0,0,0,0,0,0,0,0,0,0,0,0,0,0,0,0,0,0,5,0,0,0,0,3,0,0,0,3,0,0,0,5,9
CHEMBL5290788,2,7,3,2,1,0,0,0,0,3,0,0,0,0,1,0,0,0,0,0,0,0,0,0,0,0,0,0,5,2,0,0,0,3,0,0,0,3,0,0,2,3,10
CHEMBL5290853,3,13,4,2,1,0,0,0,0,1,0,0,0,0,0,0,0,0,0,0,0,0,0,0,0,0,0,0,5,0,0,0,0,1,0,0,0,1,0,5,0,1,9
CHEMBL5290876,1,8,3,2,1,2,1,0,0,1,0,0,0,0,0,0,0,0,0,0,0,0,0,0,0,0,0,0,5,0,0,0,0,3,0,0,0,1,0,1,0,0,9
CHEMBL5290922,1,5,3,1,0,1,1,0,0,0,0,0,0,0,0,1,0,0,0,0,0,0,0,0,0,0,6,0,5,0,0,0,0,4,0,0,0,0,0,1,0,0,12
CHEMBL5290960,2,7,3,2,2,0,0,0,1,2,0,0,0,0,2,0,0,0,0,0,0,0,0,0,0,0,6,0,5,2,0,0,0,3,0,0,0,2,1,2,1,2,17
CHEMBL5291085,2,9,3,2,3,0,0,0,0,2,0,0,0,0,3,0,0,0,0,0,0,0,0,0,0,0,6,0,5,3,0,1,1,2,0,0,0,2,0,6,2,1,19
CHEMBL5291132,3,7,3,2,1,0,0,0,0,2,1,1,0,0,2,0,0,0,0,0,0,0,0,0,0,0,0,0,5,1,0,0,0,5,0,0,0,3,1,2,1,3,11
CHEMBL5291168,3,6,3,2,1,0,0,0,0,2,1,1,0,0,2,0,0,0,0,0,0,0,0,0,0,0,0,0,5,1,0,0,0,6,2,1,1,4,1,3,1,3,12
CHEMBL5291192,2,6,4,2,2,0,0,0,0,2,0,0,0,0,3,0,0,0,0,0,0,0,0,0,0,0,6,0,5,2,0,1,1,2,0,0,0,2,1,2,2,1,18
CHEMBL5291212,2,11,4,2,1,0,0,0,0,2,0,0,0,0,2,0,0,0,0,0,0,0,0,0,0,0,6,0,5,1,0,0,0,2,0,0,0,2,1,5,1,2,16
CHEMBL5291258,1,6,4,1,2,0,0,0,0,2,0,0,0,0,2,0,0,0,0,0,0,0,0,0,0,0,0,0,5,2,0,1,1,2,0,0,0,2,1,0,1,2,11
CHEMBL5291270,2,8,4,2,1,0,0,0,0,2,0,0,0,0,2,0,0,0,0,0,0,0,0,0,0,0,6,0,5,1,0,0,0,2,0,0,0,2,1,2,1,2,16
CHEMBL5291323,2,8,3,2,0,0,0,0,0,2,0,0,0,0,0,0,0,0,0,0,0,0,0,0,0,0,0,1,6,0,0,0,0,4,0,0,0,2,0,0,0,2,9
CHEMBL5291406,3,9,3,2,1,0,0,0,0,2,0,0,0,0,2,0,0,0,0,0,0,0,0,0,0,0,0,0,5,1,0,0,0,4,0,0,0,2,1,4,1,2,10
CHEMBL5291408,2,7,3,2,1,0,0,0,0,2,1,1,0,0,1,0,0,0,0,0,0,0,0,0,0,0,0,0,5,2,0,0,0,5,0,0,0,3,0,3,2,2,11
CHEMBL5291483,2,8,5,2,0,0,0,1,0,1,0,0,0,0,0,0,0,0,0,0,0,0,0,0,0,0,6,2,7,0,0,0,0,6,0,0,0,2,0,2,0,3,17
CHEMBL5291490,2,8,4,2,1,0,0,1,0,1,1,1,0,0,1,0,0,0,0,0,0,0,0,0,0,0,6,0,5,3,0,0,0,6,0,0,0,0,0,5,1,0,18
CHEMBL53068,0,2,0,0,1,0,0,0,0,0,0,0,0,0,0,0,0,0,0,0,1,2,0,3,0,0,11,3,1,2,0,0,0,7,0,0,0,0,1,2,0,0,11
CHEMBL53290,0,4,0,0,1,0,0,0,0,0,0,0,0,0,0,0,0,0,0,0,1,2,0,3,0,0,11,3,1,2,0,0,0,7,0,0,0,0,1,4,0,0,11
CHEMBL53343,2,1,0,0,0,0,0,2,0,1,0,0,0,2,2,1,0,0,0,0,0,0,0,0,0,0,12,1,1,2,0,0,0,6,0,0,0,1,1,2,0,1,14
CHEMBL53644,0,4,1,0,0,0,0,0,0,0,0,0,0,0,0,0,0,0,0,0,1,1,0,2,0,0,11,2,1,0,0,0,0,5,0,0,0,0,1,3,0,0,11
CHEMBL5393912,0,0,0,0,0,0,0,0,0,0,0,0,0,0,0,0,1,0,0,0,2,2,0,4,0,0,20,4,1,0,0,0,0,6,0,0,0,0,1,4,0,0,18
CHEMBL5393946,0,0,0,0,0,0,0,0,0,0,0,0,0,0,0,0,0,1,0,0,2,2,0,4,0,0,20,4,1,0,0,0,0,6,0,0,0,0,1,4,0,0,18
CHEMBL5394007,0,1,0,0,1,0,0,0,0,0,0,0,0,0,0,1,0,0,0,0,1,1,0,2,1,1,23,3,0,4,0,0,0,9,0,0,0,2,0,8,0,1,30
CHEMBL5394067,1,1,0,0,0,0,0,0,0,0,0,0,0,0,0,0,0,0,0,0,2,1,0,3,0,0,20,3,1,0,0,0,0,8,0,0,0,0,1,5,0,0,20
CHEMBL5394126,0,0,0,0,0,0,0,0,0,0,0,1,0,0,1,0,0,0,1,0,1,2,1,4,0,0,15,4,1,2,0,0,0,8,0,0,0,0,2,2,0,0,12
CHEMBL5394223,1,4,0,1,0,0,0,0,1,0,0,2,0,0,0,0,0,0,0,0,0,0,0,0,0,0,6,1,0,0,0,0,0,5,0,0,0,3,0,4,0,0,10
CHEMBL5394232,0,0,1,0,0,0,0,0,0,0,0,1,0,0,0,0,0,0,0,0,0,0,0,0,0,0,12,2,0,1,0,2,2,4,0,0,0,1,1,3,0,0,16
CHEMBL5394424,0,0,0,0,0,0,0,0,0,0,0,0,0,0,0,0,1,0,0,0,2,1,0,3,0,0,20,3,1,0,0,0,0,9,0,0,0,0,1,4,0,0,20
CHEMBL5394486,0,0,0,0,0,0,0,0,0,0,0,0,1,0,0,0,0,0,0,0,1,2,0,3,0,0,17,3,0,0,2,0,0,6,0,0,0,0,1,3,0,0,15
CHEMBL5394546,0,1,0,0,1,0,0,0,0,0,0,0,0,0,0,2,0,0,0,0,1,2,0,3,0,1,23,4,0,4,0,0,0,11,0,0,0,2,0,6,0,1,27
CHEMBL5394566,0,2,1,0,0,0,0,0,0,0,0,0,0,0,0,0,0,1,0,1,0,1,0,2,0,0,17,2,0,0,0,0,0,4,0,0,0,1,0,5,0,0,17
CHEMBL5394706,0,0,0,0,0,0,0,0,0,0,0,0,0,0,0,0,0,0,0,0,2,1,0,3,0,0,20,3,1,0,0,0,0,8,0,0,0,0,1,4,0,0,19
CHEMBL5394720,2,2,0,0,0,0,0,1,0,0,0,0,0,0,0,0,0,0,0,0,0,1,1,2,0,0,11,2,0,0,0,0,0,4,0,0,0,0,1,5,0,0,9
CHEMBL5394799,0,0,0,0,0,0,0,0,0,0,0,0,1,0,0,0,0,0,0,0,1,2,0,3,1,1,17,3,0,4,2,0,0,11,0,0,0,3,0,9,0,0,19
CHEMBL5394879,1,1,0,0,1,0,0,0,0,0,0,0,0,0,0,1,0,0,0,0,1,1,0,2,1,1,17,3,0,4,0,0,0,9,0,0,0,2,0,6,0,1,23
CHEMBL5395012,0,2,1,0,0,0,0,0,0,0,0,0,0,0,0,0,0,2,0,1,0,1,0,2,0,0,17,2,0,0,0,0,0,4,0,0,0,1,0,5,0,0,17
CHEMBL5395040,0,1,0,0,1,0,0,0,0,0,0,1,1,0,0,0,0,1,0,0,0,0,0,0,0,0,12,2,0,3,2,2,2,5,0,0,0,1,1,4,0,0,17
CHEMBL5395094,0,0,0,0,0,0,0,0,0,0,0,0,0,0,0,0,0,0,0,0,2,1,0,3,0,0,20,3,1,0,0,0,0,8,0,0,0,0,1,4,0,0,19
CHEMBL5395326,0,0,0,0,0,0,0,0,0,0,0,0,1,0,0,0,0,2,0,0,1,2,0,3,0,0,17,3,0,0,2,0,0,8,0,0,0,3,0,6,0,0,17
CHEMBL5395333,0,0,0,0,0,0,0,0,0,0,0,0,0,0,0,0,1,0,0,0,1,1,1,3,0,0,14,3,1,0,0,0,0,7,0,0,0,0,1,2,0,0,12
CHEMBL5395351,1,5,1,0,0,0,0,0,1,0,0,2,0,0,0,0,0,0,0,0,0,0,0,0,0,0,6,1,0,0,0,0,0,6,0,0,0,2,0,6,0,2,10
CHEMBL5395602,1,1,0,0,0,0,0,0,0,0,0,0,1,0,0,0,0,1,0,0,2,1,0,3,0,0,20,3,1,0,2,0,0,9,0,0,0,0,1,5,0,0,20
CHEMBL5395683,0,2,1,0,0,0,0,0,0,0,0,1,0,0,0,0,0,0,0,0,0,0,0,0,0,0,12,2,0,1,0,2,2,4,0,0,0,1,1,5,0,0,16
CHEMBL5395694,0,0,0,0,0,0,0,0,0,0,0,0,1,0,0,0,0,0,0,0,1,2,0,3,0,0,17,3,0,0,2,0,0,8,0,0,0,3,0,7,0,0,18
CHEMBL5395753,0,1,0,0,0,0,0,0,0,0,0,0,1,0,0,0,0,0,0,0,1,2,0,3,0,0,17,3,0,0,2,0,0,7,0,0,0,3,1,6,0,0,17
CHEMBL5396048,1,0,0,0,0,0,0,0,0,0,0,0,0,0,0,0,0,2,0,0,1,1,0,2,0,0,15,2,1,0,0,0,0,5,0,0,0,0,1,2,0,0,14
CHEMBL5396276,0,4,1,0,0,0,0,0,0,0,0,1,0,0,0,0,0,0,0,0,0,0,0,0,0,0,12,2,0,1,0,2,2,4,0,0,0,1,1,7,0,0,16
CHEMBL5396371,1,3,1,0,0,0,0,0,1,0,0,2,0,0,0,0,0,0,0,0,0,0,0,0,0,0,6,1,0,0,0,0,0,6,0,0,0,2,0,4,0,2,10
CHEMBL5396408,0,3,1,0,0,0,0,0,0,0,0,0,0,0,0,0,0,1,0,1,0,1,0,2,0,0,17,2,0,0,0,0,0,4,0,0,0,1,0,6,0,0,17
CHEMBL5396464,0,1,0,0,0,0,0,0,0,0,0,0,1,0,0,1,0,1,0,0,1,2,0,3,0,0,17,3,0,0,2,0,0,8,0,0,0,0,0,5,0,0,16
CHEMBL5396706,1,6,0,1,0,0,0,0,1,0,0,1,0,0,0,0,0,0,0,0,0,0,0,0,0,0,6,1,0,0,0,0,0,4,0,0,0,2,0,6,0,0,9
CHEMBL5396802,0,1,0,0,1,0,0,1,0,0,0,0,0,0,0,2,0,0,0,0,0,0,0,0,1,1,18,1,0,4,0,0,0,9,0,0,0,2,0,8,0,1,26
CHEMBL5397043,6,5,3,3,0,0,0,0,0,0,1,1,0,0,0,0,0,0,0,0,0,1,0,1,0,0,6,1,1,0,0,0,0,5,0,0,0,0,0,4,0,0,13
CHEMBL5397197,0,2,0,0,0,0,0,0,0,0,0,0,1,0,0,0,0,1,0,0,1,2,0,3,0,0,17,3,0,0,2,0,0,8,0,0,0,3,0,8,0,0,17
CHEMBL5397228,1,7,0,1,0,0,0,0,1,0,0,2,0,0,0,0,0,0,0,0,0,0,0,0,0,0,6,1,0,0,0,0,0,5,0,0,0,3,0,7,0,0,10
CHEMBL5397257,0,0,0,0,0,0,0,0,0,0,0,0,0,0,0,0,0,1,0,0,1,3,1,5,0,0,20,5,1,0,0,0,0,5,0,0,0,0,2,3,0,0,17
CHEMBL5397541,0,3,1,0,0,0,0,0,0,0,0,0,0,0,0,0,0,1,0,1,0,1,0,2,0,0,17,2,0,0,0,0,0,4,0,0,0,1,0,6,0,0,17
CHEMBL5397559,0,3,1,0,0,0,0,0,2,0,0,0,0,0,0,0,0,0,0,1,0,1,0,2,0,0,17,2,0,0,0,0,0,6,0,0,0,1,0,6,0,0,17
CHEMBL5397563,0,0,0,0,0,0,0,0,0,0,0,0,1,0,0,1,0,0,0,0,1,2,0,3,0,0,21,3,1,0,2,0,0,8,0,0,0,0,0,4,0,0,20
CHEMBL5397670,0,1,0,0,0,0,0,0,0,0,0,0,1,0,0,0,0,0,0,0,1,2,0,3,0,0,17,3,0,0,2,0,0,8,0,0,0,3,0,7,0,0,17
CHEMBL5397796,0,2,0,0,0,0,0,0,0,0,0,0,1,0,0,0,0,1,0,0,1,2,0,3,0,0,17,3,0,0,2,0,0,6,0,0,0,0,1,5,0,0,16
CHEMBL5398069,2,2,1,0,0,0,0,0,0,0,0,0,0,0,0,0,0,0,0,1,0,1,0,2,0,0,17,2,0,0,0,0,0,4,0,0,0,1,0,5,0,0,17
CHEMBL5398138,0,2,0,0,0,0,0,0,0,0,0,0,1,0,0,0,0,0,0,0,1,2,0,3,0,0,17,3,0,0,2,0,0,10,0,0,0,3,0,10,0,0,17
CHEMBL5398185,0,1,0,0,0,0,0,3,0,1,0,0,0,1,2,0,0,0,0,0,0,0,0,0,0,0,12,1,1,2,0,0,0,7,0,0,0,1,0,3,0,1,14
CHEMBL5398199,0,0,0,0,0,0,0,0,0,0,0,0,0,0,0,1,0,0,0,0,1,2,0,3,0,0,17,3,0,0,0,0,0,7,0,0,0,0,0,4,0,0,16
CHEMBL5398403,0,0,0,0,0,0,0,0,0,0,0,0,0,0,0,1,0,2,0,0,1,2,0,3,0,0,17,3,0,0,0,0,0,7,0,0,0,0,0,4,0,0,16
CHEMBL5398511,0,2,1,0,0,0,0,0,0,1,0,0,0,0,3,0,0,0,0,0,0,1,0,1,0,0,12,1,1,2,0,0,0,3,0,0,0,1,2,1,0,1,13
CHEMBL5398724,0,1,0,0,1,0,0,1,0,0,0,0,0,0,0,1,0,0,0,0,1,2,0,3,1,1,23,4,0,4,0,0,0,13,0,0,0,2,0,9,0,1,29
CHEMBL5398810,2,2,1,0,0,0,0,0,0,0,0,0,0,0,0,0,0,0,0,1,0,1,0,2,0,0,17,2,0,0,0,0,0,4,0,0,0,1,0,5,0,0,17
CHEMBL5398859,0,0,0,0,0,0,0,0,0,0,0,0,0,0,0,0,2,0,0,0,1,2,0,4,0,0,22,4,0,0,0,0,0,7,0,0,0,0,0,4,0,0,20
CHEMBL5398866,1,1,0,0,1,0,0,1,0,0,0,0,0,0,0,1,0,0,0,0,1,1,0,2,1,1,17,3,0,4,0,0,0,11,0,0,0,2,0,7,0,1,23
CHEMBL5398997,0,0,0,0,0,0,0,0,0,0,0,0,1,0,0,1,1,0,0,0,1,2,0,3,0,0,21,3,1,0,2,0,0,8,0,0,0,0,0,4,0,0,20
CHEMBL5399056,0,1,0,0,1,0,0,0,0,0,0,0,0,0,0,1,0,0,0,0,1,1,0,2,0,1,23,3,0,4,0,0,0,8,0,0,0,2,0,6,0,1,28
CHEMBL5399449,0,2,0,0,0,0,0,0,0,0,0,0,1,0,0,1,0,1,0,0,1,2,0,3,0,0,17,3,0,0,2,0,0,8,0,0,0,0,0,6,0,0,16
CHEMBL5399600,0,0,0,0,0,0,0,1,0,0,0,0,0,0,0,0,0,1,0,0,1,1,0,2,0,0,15,2,1,0,0,0,0,7,0,0,0,0,1,3,0,0,14
CHEMBL5400021,0,1,0,0,0,0,0,0,0,0,0,0,0,0,0,0,1,0,0,1,1,2,0,4,0,0,20,4,1,0,0,0,0,5,0,0,0,1,2,4,0,0,18
CHEMBL5400203,0,1,0,0,1,0,0,0,0,0,0,0,0,0,0,1,0,0,0,0,1,1,0,2,0,1,23,3,0,4,0,0,0,8,0,0,0,2,0,7,0,1,29
CHEMBL5400347,0,4,1,0,0,0,0,0,0,1,0,0,0,0,3,0,0,0,0,0,0,1,0,1,0,0,12,1,1,2,0,0,0,3,0,0,0,1,2,3,0,1,13
CHEMBL5400406,0,1,0,0,0,0,0,0,0,0,0,0,1,0,0,0,0,0,0,1,1,2,0,4,0,0,20,4,1,0,2,0,0,6,0,0,0,0,1,4,0,0,19
CHEMBL5400488,0,1,0,0,0,0,0,1,0,0,0,0,1,0,0,1,0,0,0,0,1,2,0,3,0,0,17,3,0,0,2,0,0,10,0,0,0,0,0,7,0,0,16
CHEMBL5400511,0,0,0,0,0,0,0,0,0,0,0,0,0,0,0,0,1,0,0,0,2,2,0,4,0,0,20,4,1,0,0,0,0,8,0,0,0,0,1,4,0,0,18
CHEMBL5400514,0,0,0,0,0,0,0,0,0,0,0,0,1,0,0,0,0,0,0,0,2,1,0,3,0,0,20,3,1,0,2,0,0,10,0,0,0,0,1,4,0,0,20
CHEMBL5400554,0,0,0,0,0,0,0,0,0,0,0,0,0,0,0,0,0,0,0,0,1,2,0,3,0,0,17,3,0,0,0,0,0,7,0,0,0,3,0,6,0,0,17
CHEMBL5400682,0,0,0,0,0,0,0,0,0,0,0,0,0,0,0,0,0,2,0,0,1,2,0,3,0,0,17,3,0,0,0,0,0,7,0,0,0,3,0,6,0,0,17
CHEMBL5400803,0,1,0,0,1,0,0,0,0,0,0,0,0,0,0,1,0,0,0,0,1,1,0,2,0,1,27,3,1,4,0,0,0,10,0,0,0,2,0,6,0,1,32
CHEMBL5400890,1,4,1,0,0,0,0,0,1,0,0,2,0,0,0,0,0,0,0,0,0,0,0,0,0,0,6,1,0,0,0,0,0,6,0,0,0,2,0,5,0,2,10
CHEMBL5401017,1,1,0,0,0,0,0,0,0,0,0,0,0,0,0,0,0,1,0,0,2,1,0,3,0,0,20,3,1,0,0,0,0,8,0,0,0,0,1,5,0,0,20
CHEMBL5401146,0,1,0,0,1,0,0,0,0,0,0,0,0,0,0,1,0,1,0,0,1,1,0,2,0,1,23,3,0,4,0,0,0,10,0,0,0,2,0,6,0,1,28
CHEMBL5401315,0,0,0,0,0,0,0,0,0,0,0,0,1,0,0,1,0,0,0,0,1,2,0,3,0,0,17,3,0,0,2,0,0,10,0,0,0,0,0,6,0,0,16
CHEMBL5401445,0,3,1,0,0,0,0,0,0,0,0,0,1,0,0,0,0,0,0,1,0,1,0,2,0,0,17,2,0,0,2,0,0,5,0,0,0,1,0,6,0,0,17
CHEMBL5401526,4,6,3,2,0,0,0,0,0,0,1,1,0,0,0,0,0,0,0,0,0,1,0,1,0,0,6,1,1,0,0,0,0,5,0,0,0,1,0,4,0,1,12
CHEMBL5401549,4,3,4,1,0,0,0,0,0,0,1,1,0,0,0,0,0,0,0,0,0,1,0,1,0,0,6,1,0,0,0,0,0,5,0,0,0,1,1,5,0,1,12
CHEMBL5401648,0,1,0,0,0,0,0,0,1,0,0,0,1,0,0,1,0,2,0,0,0,0,0,0,0,0,12,2,0,1,2,2,2,7,0,0,0,2,0,5,0,0,16
CHEMBL5401807,0,1,1,0,0,0,0,0,0,0,0,1,0,0,0,0,0,0,0,0,0,0,0,0,0,0,12,2,0,1,0,2,2,4,0,0,0,1,1,4,0,0,16
CHEMBL5401856,2,2,1,0,0,0,0,0,0,0,0,0,0,0,0,0,0,0,0,1,0,1,0,2,0,0,17,2,0,0,0,0,0,4,0,0,0,1,0,5,0,0,17
CHEMBL5401946,0,0,0,0,0,0,0,0,0,0,0,0,1,0,0,1,0,2,0,0,1,2,0,3,0,0,17,3,0,0,2,0,0,8,0,0,0,0,0,4,0,0,16
CHEMBL5401971,0,3,1,0,0,0,0,0,0,0,0,0,0,0,0,0,0,0,0,1,0,1,0,2,0,0,17,2,0,0,0,0,0,4,0,0,0,1,0,8,0,0,19
CHEMBL5402030,0,0,0,0,0,0,0,0,0,0,0,0,0,0,0,0,0,1,0,0,2,2,0,4,0,0,20,4,1,0,0,0,0,6,0,0,0,0,1,4,0,0,18
CHEMBL5402090,0,1,0,0,0,0,0,0,0,0,0,0,1,0,0,1,0,0,0,0,1,2,0,3,0,0,17,3,0,0,2,0,0,8,0,0,0,0,0,5,0,0,16
CHEMBL5402193,0,0,0,0,0,0,0,0,0,0,0,0,1,0,0,0,1,0,0,0,1,2,0,3,0,0,17,3,0,0,2,0,0,8,0,0,0,3,0,6,0,0,17
CHEMBL5402384,0,0,0,0,0,0,0,0,0,0,0,0,1,0,0,1,2,0,0,0,1,2,0,3,0,0,17,3,0,0,2,0,0,8,0,0,0,0,0,4,0,0,16
CHEMBL5402392,0,1,0,0,1,0,0,0,0,0,0,0,0,0,0,1,0,0,0,0,1,1,0,2,0,1,23,3,0,4,0,0,0,10,0,0,0,2,0,7,0,1,29
CHEMBL5402413,0,0,0,0,0,0,0,0,0,0,0,0,1,0,0,0,2,0,0,0,1,2,0,3,0,0,17,3,0,0,2,0,0,8,0,0,0,3,0,6,0,0,17
CHEMBL5402457,0,2,0,0,0,0,0,0,0,0,0,0,1,0,0,1,0,0,0,0,1,2,0,3,0,0,17,3,0,0,2,0,0,8,0,0,0,0,0,6,0,0,16
CHEMBL5402619,0,0,0,0,0,0,0,0,0,0,0,0,1,0,0,1,0,0,0,0,1,2,0,3,0,0,17,3,0,0,2,0,0,10,0,0,0,0,0,7,0,0,16
CHEMBL5402637,0,3,1,0,0,0,0,0,0,0,0,0,0,0,0,0,0,2,0,1,0,1,0,2,0,0,17,2,0,0,0,0,0,4,0,0,0,1,0,6,0,0,17
CHEMBL5402711,0,1,0,0,0,0,0,0,0,0,0,0,0,0,0,0,0,1,0,1,1,2,0,4,0,0,20,4,1,0,0,0,0,5,0,0,0,1,2,4,0,0,18
CHEMBL5403080,0,1,0,0,1,0,0,0,0,0,0,0,0,0,0,1,0,0,0,0,1,1,0,2,1,1,23,3,0,4,0,0,0,9,0,0,0,2,0,6,0,1,29
CHEMBL5403263,1,4,1,0,0,0,0,0,0,0,0,0,0,0,0,0,0,1,0,1,0,1,0,2,0,0,17,2,0,0,0,0,0,4,0,0,0,1,0,7,0,0,17
CHEMBL5403643,0,0,0,0,0,0,0,0,0,0,0,0,0,0,0,0,0,0,0,0,1,1,1,3,0,0,14,3,1,0,0,0,0,7,0,0,0,0,1,2,0,0,12
CHEMBL5403749,0,0,0,0,0,0,0,0,0,0,0,0,0,0,0,0,0,0,0,0,1,2,0,3,0,0,15,3,1,0,0,0,0,7,0,0,0,0,1,2,0,0,13
CHEMBL5403786,0,1,0,0,1,0,0,0,0,0,0,0,0,0,0,1,0,0,0,0,1,1,0,2,0,1,23,3,0,4,0,0,0,10,0,0,0,2,0,6,0,1,28
CHEMBL5403912,0,1,0,0,0,0,0,0,0,0,0,0,0,0,0,0,0,1,0,1,1,1,0,3,0,0,20,3,1,0,0,0,0,7,0,0,0,0,1,4,0,0,20
CHEMBL5404029,1,8,1,1,0,0,0,0,1,0,0,2,0,0,0,0,0,0,0,0,0,0,0,0,0,0,6,1,0,0,0,0,0,6,0,0,0,1,0,8,0,1,11
CHEMBL5404063,0,1,0,0,1,0,0,0,0,0,0,0,0,0,0,1,0,0,0,0,1,2,0,3,1,1,23,4,0,4,0,0,0,11,0,0,0,2,0,8,0,1,29
CHEMBL5404073,0,3,1,0,0,0,0,0,0,0,0,0,1,0,0,1,0,0,0,0,1,2,0,3,0,0,17,3,1,0,2,0,0,8,0,0,0,0,0,4,0,0,17
CHEMBL5404343,0,2,1,0,0,0,0,2,0,0,0,0,0,0,0,0,0,0,0,1,0,1,0,2,0,0,17,2,0,0,0,0,0,8,0,0,0,1,0,7,0,0,17
CHEMBL5404404,1,3,1,0,0,0,0,0,0,0,0,0,0,0,0,0,0,0,0,1,0,1,0,2,0,0,17,2,0,0,0,0,0,4,0,0,0,1,0,6,0,0,17
CHEMBL5404624,0,1,0,0,0,0,0,0,0,0,0,0,1,0,0,0,0,2,0,0,1,2,0,3,0,0,17,3,0,0,2,0,0,8,0,0,0,3,0,7,0,0,17
CHEMBL5404699,0,1,0,0,1,0,0,1,0,0,0,0,0,0,0,1,0,0,0,0,1,1,0,2,0,1,23,3,0,4,0,0,0,10,0,0,0,2,0,7,0,1,28
CHEMBL5404820,0,0,0,0,0,0,0,0,0,0,0,0,1,0,0,1,0,2,0,0,1,2,0,3,0,0,17,3,0,0,2,0,0,8,0,0,0,0,0,4,0,0,16
CHEMBL5405156,1,0,0,0,0,0,0,0,0,0,0,0,0,0,0,0,0,1,0,0,1,1,0,2,0,0,15,2,1,0,0,0,0,5,0,0,0,0,1,2,0,0,14
CHEMBL5405284,0,2,1,0,0,0,0,0,0,1,0,0,0,0,3,0,0,0,0,0,0,1,0,1,0,0,12,1,1,2,0,0,0,3,0,0,0,1,2,1,0,1,13
CHEMBL5405593,0,1,0,0,0,0,0,4,0,1,0,0,0,1,2,0,0,0,0,0,0,0,0,0,0,0,12,1,1,2,0,0,0,9,0,0,0,1,0,4,0,1,14
CHEMBL5405854,0,2,0,0,0,0,0,0,0,0,0,1,0,0,0,0,0,0,0,0,0,0,0,0,0,0,6,2,0,1,0,2,2,4,0,0,0,1,1,3,0,0,9
CHEMBL5405944,0,1,0,0,1,0,0,0,0,0,0,0,0,0,0,1,0,0,0,0,1,2,0,3,0,1,23,4,0,4,0,0,0,10,0,0,0,2,0,7,0,1,28
CHEMBL5406056,0,0,0,0,0,1,0,0,0,0,0,0,0,0,0,0,1,0,0,0,0,1,1,2,0,0,21,2,1,0,0,0,0,5,0,0,0,0,0,3,0,0,20
CHEMBL5406205,3,4,3,0,0,0,0,0,0,0,1,1,0,0,0,0,0,0,0,0,0,1,0,1,0,0,6,1,0,0,0,0,0,5,0,0,0,1,1,5,0,1,10
CHEMBL5406393,0,1,0,0,0,0,0,0,0,0,0,0,1,0,0,0,0,0,0,0,1,2,0,3,0,0,17,3,0,0,2,0,0,8,0,0,0,3,0,7,0,0,17
CHEMBL5406470,0,2,1,0,0,0,0,0,0,0,0,1,0,0,0,0,0,0,0,0,0,0,0,0,0,0,12,2,0,1,0,2,2,4,0,0,0,1,1,5,0,0,16
CHEMBL5406734,0,1,0,0,0,0,0,0,0,0,0,0,1,0,0,1,0,0,0,0,1,2,0,3,0,0,17,3,0,0,2,0,0,7,0,0,0,0,1,4,0,0,16
CHEMBL5406968,4,2,4,1,0,0,0,0,0,0,1,1,0,0,0,0,0,0,0,0,0,1,0,1,0,0,6,1,0,0,0,0,0,5,0,0,0,1,1,4,0,1,12
CHEMBL5407335,0,1,0,0,1,0,0,0,0,0,0,0,0,0,0,1,0,0,0,0,1,1,0,2,1,1,23,3,0,4,0,0,0,11,0,0,0,2,0,6,0,1,29
CHEMBL5407480,1,1,0,0,0,0,0,0,0,0,0,0,0,0,0,0,1,0,0,0,2,1,0,3,0,0,20,3,1,0,0,0,0,8,0,0,0,0,1,5,0,0,20
CHEMBL5407494,5,2,3,2,0,0,0,0,0,0,1,1,0,0,0,0,0,0,0,0,0,1,0,1,0,0,6,1,0,0,0,0,0,5,0,0,0,0,0,4,0,0,12
CHEMBL5407526,0,2,0,0,0,0,0,0,0,0,0,0,1,0,0,1,1,0,0,0,1,2,0,3,0,0,17,3,0,0,2,0,0,8,0,0,0,0,0,6,0,0,16
CHEMBL5407805,2,1,0,0,0,0,0,0,0,0,0,0,0,0,0,0,0,1,0,0,2,1,0,3,0,0,20,3,1,0,0,0,0,8,0,0,0,0,1,5,0,0,21
CHEMBL5408038,0,1,0,0,1,0,0,0,0,0,0,0,0,0,0,1,1,0,0,0,1,2,0,3,0,1,23,4,0,4,0,0,0,10,0,0,0,2,0,6,0,1,27
CHEMBL5408436,0,0,0,0,0,0,0,0,0,0,0,0,1,0,0,1,0,0,0,0,1,2,0,3,0,0,21,3,1,0,2,0,0,8,0,0,0,0,0,4,0,0,20
CHEMBL5408745,0,1,0,0,0,0,0,0,0,0,0,0,0,0,0,0,2,0,0,0,2,2,0,4,0,0,26,4,1,0,0,0,0,6,0,0,0,0,1,6,0,0,25
CHEMBL5408823,0,1,0,0,0,0,0,0,0,0,0,0,1,0,0,0,0,0,0,1,1,1,0,3,0,0,20,3,1,0,2,0,0,8,0,0,0,0,1,4,0,0,20
CHEMBL5408838,0,3,1,0,0,0,0,0,0,0,0,0,0,0,0,0,0,1,0,1,0,1,0,2,0,0,17,2,0,0,0,0,0,4,0,0,0,1,0,6,0,0,17
CHEMBL5408847,0,1,0,0,0,0,0,0,0,0,0,0,1,0,0,0,0,0,0,0,1,2,1,4,0,0,20,4,1,0,2,0,0,10,0,0,0,3,0,7,0,0,19
CHEMBL5409215,1,2,0,0,0,0,0,0,1,0,0,0,0,0,0,0,0,1,0,0,1,1,0,2,0,0,17,3,1,0,0,0,0,8,0,0,0,0,1,5,0,0,18
CHEMBL5409338,0,8,0,0,0,0,0,0,0,0,0,0,1,0,0,0,0,0,0,0,1,2,0,3,0,0,17,3,0,0,2,0,0,10,0,0,0,3,0,16,0,0,17
CHEMBL5409533,0,0,0,0,0,0,0,0,0,0,0,0,0,0,0,0,0,1,0,0,2,2,0,4,0,0,20,4,1,0,0,0,0,6,0,0,0,0,1,4,0,0,18
CHEMBL540958,2,0,0,0,0,1,0,0,0,0,0,0,0,0,0,0,0,0,0,0,0,2,0,2,0,0,18,2,0,0,0,0,0,5,0,0,0,0,0,3,0,0,17
CHEMBL5409753,4,3,0,0,2,0,0,2,0,0,0,0,0,0,0,2,0,0,0,0,0,0,0,0,0,0,12,1,1,4,0,1,1,6,0,0,0,0,0,5,0,0,17
CHEMBL5409914,1,2,0,0,0,0,0,0,0,0,0,0,0,0,0,0,0,1,0,0,2,1,0,3,0,0,20,3,1,0,0,0,0,8,0,0,0,0,1,6,0,0,20
CHEMBL5410004,0,1,0,0,1,0,0,0,0,0,0,0,0,0,0,1,0,0,0,0,1,1,0,2,0,1,23,3,0,4,0,0,0,10,0,0,0,2,0,6,0,1,28
CHEMBL5410011,0,0,0,0,0,0,0,0,0,0,0,0,0,0,0,1,1,0,0,0,1,2,0,3,0,0,17,3,0,0,0,0,0,6,0,0,0,0,1,3,0,0,16
CHEMBL5410174,1,1,0,0,0,0,0,0,0,0,0,0,0,0,0,0,0,1,0,0,2,1,0,3,0,0,20,3,1,0,0,0,0,8,0,0,0,0,1,5,0,0,20
CHEMBL5410534,0,0,0,0,0,0,0,0,0,0,0,0,0,0,0,0,0,1,0,0,2,1,0,3,0,0,20,3,1,0,0,0,0,9,0,0,0,0,1,4,0,0,20
CHEMBL5410574,0,0,0,0,0,1,0,0,0,0,0,0,0,0,0,0,2,0,0,0,0,1,0,2,0,0,17,2,0,0,0,0,0,3,0,0,0,0,0,3,0,0,16
CHEMBL5410623,0,0,0,0,0,1,0,0,0,0,0,0,0,0,0,0,2,0,0,0,0,1,0,2,0,0,17,2,0,0,0,0,0,5,0,0,0,0,0,3,0,0,16
CHEMBL5410657,0,0,0,0,0,0,0,0,0,0,0,0,1,0,0,1,0,0,0,0,1,2,0,3,0,0,17,3,0,0,2,0,0,10,0,0,0,0,0,5,0,0,16
CHEMBL5410695,0,1,0,0,0,0,0,0,0,0,0,0,1,0,0,0,0,0,0,1,1,1,0,3,0,0,20,3,1,0,2,0,0,8,0,0,0,0,1,4,0,0,20
CHEMBL5411125,0,3,1,0,0,0,0,0,0,0,0,0,2,0,0,0,0,0,0,1,0,1,0,2,0,0,17,2,0,0,4,0,0,6,0,0,0,1,0,6,0,0,17
CHEMBL5411393,0,0,0,0,0,1,0,1,0,0,0,0,0,0,0,0,0,0,0,0,0,1,1,2,0,0,21,2,1,0,0,0,0,7,0,0,0,0,0,4,0,0,20
CHEMBL5411472,0,2,0,0,0,0,0,1,0,0,0,0,1,0,0,1,0,0,0,0,1,2,0,3,0,0,17,3,0,0,2,0,0,10,0,0,0,0,0,8,0,0,16
CHEMBL5411570,0,1,0,0,0,0,0,0,0,0,0,0,1,0,0,0,0,0,0,1,1,2,0,4,0,0,20,4,1,0,2,0,0,6,0,0,0,0,1,4,0,0,19
CHEMBL5411799,0,1,0,0,1,0,0,0,0,0,0,0,0,0,0,1,0,0,0,0,1,1,0,2,0,1,27,3,1,4,0,0,0,10,0,0,0,2,0,6,0,1,32
CHEMBL5411834,0,0,0,0,0,0,0,0,0,0,0,0,1,0,0,0,0,2,0,0,1,2,0,3,0,0,17,3,0,0,2,0,0,8,0,0,0,3,0,6,0,0,17
CHEMBL5411950,0,3,0,0,0,0,0,0,0,0,0,0,1,0,0,0,0,1,0,0,1,1,0,2,0,0,17,2,0,0,2,0,0,6,0,0,0,0,1,6,0,0,17
CHEMBL5411965,0,0,0,0,0,0,0,0,0,0,0,0,0,0,0,0,2,0,0,0,1,1,1,3,0,0,14,3,1,0,0,0,0,7,0,0,0,0,1,2,0,0,12
CHEMBL5412224,0,1,1,0,0,0,0,0,0,0,0,0,0,0,0,0,0,1,0,0,1,1,0,2,0,0,17,2,0,0,0,0,0,5,0,0,0,0,1,5,0,0,17
CHEMBL5412353,0,0,0,0,0,0,0,0,0,0,0,0,1,0,0,1,0,0,0,0,1,2,0,3,0,0,17,3,0,0,2,0,0,10,0,0,0,0,0,5,0,0,16
CHEMBL5412410,0,1,0,0,1,0,0,0,0,1,0,0,0,0,4,1,0,0,0,0,0,1,0,1,0,0,12,1,1,5,0,0,0,4,0,0,0,0,2,1,1,0,14
CHEMBL5412416,0,1,0,0,0,0,0,0,0,0,0,0,1,0,0,1,1,0,0,0,1,2,0,3,0,0,17,3,0,0,2,0,0,8,0,0,0,0,0,5,0,0,16
CHEMBL5412425,0,1,0,0,0,0,0,0,0,0,0,0,1,0,0,1,0,0,0,0,1,2,1,4,0,0,20,4,1,0,2,0,0,10,0,0,0,0,0,5,0,0,18
CHEMBL5412669,0,0,0,0,0,0,0,0,0,0,0,0,1,0,0,1,0,0,0,0,1,2,0,3,0,0,17,3,0,0,2,0,0,8,0,0,0,0,0,4,0,0,16
CHEMBL5412704,4,2,4,1,0,0,0,0,0,0,1,1,0,0,0,0,0,0,0,0,0,1,0,1,0,0,6,1,0,0,0,0,0,5,0,0,0,1,0,4,0,1,12
CHEMBL5412790,0,1,0,0,1,0,0,0,0,0,0,0,0,0,0,1,0,0,0,0,1,1,0,2,0,1,23,3,0,4,0,0,0,10,0,0,0,2,0,6,0,1,28
CHEMBL5413133,0,4,1,0,0,0,0,0,0,0,0,1,0,0,0,0,0,0,0,0,0,0,0,0,0,0,12,2,0,1,0,2,2,4,0,0,0,1,1,7,0,0,16
CHEMBL5413153,0,1,0,0,0,0,0,0,0,0,0,0,0,0,0,0,1,0,0,0,1,2,0,3,0,0,17,3,0,0,0,0,0,6,0,0,0,3,1,6,0,0,17
CHEMBL5413340,0,1,0,0,1,0,0,0,0,0,0,0,0,0,0,1,0,0,0,0,1,1,0,2,1,1,23,3,0,4,0,0,0,11,0,0,0,2,0,8,0,1,30
CHEMBL5413419,0,0,0,0,0,0,0,1,0,0,0,0,0,0,0,0,0,0,0,0,1,1,0,2,0,0,15,2,1,0,0,0,0,7,0,0,0,0,1,3,0,0,14
CHEMBL5413431,0,0,0,0,0,0,0,0,0,0,0,0,1,0,0,0,0,0,0,0,1,2,0,3,0,0,17,3,0,0,2,0,0,8,0,0,0,3,0,6,0,0,17
CHEMBL5413472,0,1,0,0,0,0,0,0,0,0,0,0,0,0,0,1,1,0,0,0,1,2,0,3,0,0,17,3,0,0,0,0,0,6,0,0,0,0,1,4,0,0,16
CHEMBL5413476,1,1,0,0,0,0,0,0,0,0,0,0,0,0,0,0,2,0,0,0,2,1,0,3,0,0,20,3,1,0,0,0,0,8,0,0,0,0,1,5,0,0,20
CHEMBL5413770,0,2,0,0,0,0,0,0,0,0,0,0,1,0,0,1,0,0,0,0,1,2,0,3,0,0,17,3,0,0,2,0,0,8,0,0,0,0,0,6,0,0,16
CHEMBL5413848,0,0,0,0,0,0,0,0,0,0,0,0,1,0,0,1,0,0,0,0,1,1,0,2,0,0,17,2,0,0,2,0,0,8,0,0,0,0,0,5,0,0,18
CHEMBL5413902,1,0,0,0,0,0,0,0,0,0,0,0,0,0,0,0,0,0,0,0,1,2,1,4,0,0,20,4,1,0,0,0,0,7,0,0,0,0,1,3,0,0,18
CHEMBL5413924,4,2,0,0,3,0,0,1,0,0,0,0,0,0,0,2,0,0,0,0,0,0,0,0,0,0,12,0,0,4,0,1,1,4,0,0,0,0,0,7,0,0,18
CHEMBL5414100,0,2,0,0,0,0,0,0,0,0,0,0,0,0,0,0,0,2,0,0,1,2,0,3,0,0,17,3,0,0,0,0,0,5,0,0,0,0,1,5,0,0,16
CHEMBL5414163,0,5,1,0,0,0,0,0,0,0,0,1,0,0,0,0,0,0,0,0,0,0,0,0,0,0,12,2,0,1,0,2,2,4,0,0,0,1,1,8,0,0,16
CHEMBL5414198,1,0,0,0,0,0,0,0,0,0,0,0,0,0,0,0,1,0,0,0,2,2,0,4,0,0,20,4,1,0,0,0,0,6,0,0,0,0,1,4,0,0,19
CHEMBL5414261,0,1,0,0,1,0,0,1,0,0,0,0,0,0,0,1,0,0,0,0,1,1,0,2,1,1,23,3,0,4,0,0,0,11,0,0,0,2,0,9,0,1,30
CHEMBL5414372,0,0,0,0,0,0,0,1,0,0,0,1,0,0,1,0,0,0,1,0,1,1,1,3,0,0,15,3,1,2,0,0,0,10,0,0,0,0,1,3,0,0,13
CHEMBL5414572,1,1,0,0,1,0,0,1,0,0,0,0,0,0,0,1,0,0,0,0,1,1,0,2,1,1,23,3,0,4,0,0,0,13,0,0,0,2,0,8,0,1,29
CHEMBL5414659,0,1,0,0,1,0,0,0,0,0,0,0,0,0,0,1,0,0,0,0,1,2,0,3,1,1,23,4,0,4,0,0,0,11,0,0,0,2,0,6,0,1,28
CHEMBL5415771,0,2,0,0,0,0,0,0,0,0,0,0,1,0,0,0,1,0,0,0,1,2,0,3,0,0,17,3,0,0,2,0,0,8,0,0,0,3,0,8,0,0,17
CHEMBL5415900,5,2,3,2,0,0,0,0,0,0,1,1,0,0,0,0,0,0,0,0,0,1,0,1,0,0,6,1,0,0,0,0,0,5,0,0,0,0,0,4,0,0,12
CHEMBL5416003,0,1,0,0,0,0,0,0,0,0,0,0,0,0,0,0,0,0,0,0,2,1,0,3,0,0,20,3,1,0,0,0,0,8,0,0,0,0,1,4,0,0,20
CHEMBL5416025,1,2,0,0,0,0,0,0,1,0,0,0,0,0,0,0,0,1,0,0,1,2,0,3,0,0,17,4,1,0,0,0,0,6,0,0,0,0,1,5,0,0,17
CHEMBL5416052,3,5,1,1,0,0,0,0,0,0,1,1,0,0,0,0,0,0,0,0,0,1,0,1,0,0,6,1,0,0,0,0,0,5,0,0,0,1,1,5,0,1,9
CHEMBL5416291,2,1,0,0,0,0,0,0,0,0,0,0,0,0,0,0,1,0,0,0,2,2,0,4,0,0,20,4,1,0,0,0,0,6,0,0,0,0,1,5,0,0,19
CHEMBL5416513,0,2,0,0,0,0,0,0,0,0,0,0,1,0,0,0,0,0,0,0,1,2,0,3,0,0,17,3,0,0,2,0,0,7,0,0,0,3,1,7,0,0,17
CHEMBL5416993,2,1,0,0,0,0,0,0,0,0,0,0,0,0,0,0,1,0,0,0,2,1,0,3,0,0,20,3,1,0,0,0,0,8,0,0,0,0,1,5,0,0,20
CHEMBL5417020,5,4,3,2,0,0,0,0,0,0,1,1,0,0,0,0,0,0,0,0,0,1,0,1,0,0,6,1,0,0,0,0,0,5,0,0,0,0,0,6,0,0,12
CHEMBL5417041,0,2,0,0,0,0,0,0,0,0,0,0,1,0,0,1,0,0,0,0,1,2,0,3,0,0,17,3,0,0,2,0,0,10,0,0,0,0,0,8,0,0,16
CHEMBL5417163,0,2,1,0,0,0,0,0,0,0,0,0,0,0,0,0,0,1,0,1,0,1,0,2,0,0,17,2,0,0,0,0,0,4,0,0,0,1,0,6,0,0,18
CHEMBL5417335,0,1,0,0,0,0,0,0,0,0,0,0,1,0,0,1,0,0,0,0,1,2,0,3,0,0,17,3,0,0,2,0,0,8,0,0,0,0,0,5,0,0,16
CHEMBL5417396,0,1,0,0,0,0,0,5,0,1,0,0,0,1,2,0,0,0,0,0,0,0,0,0,0,0,12,1,1,2,0,0,0,11,0,0,0,1,0,5,0,1,14
CHEMBL5417452,1,1,0,0,1,0,0,0,0,0,0,0,0,0,0,1,0,0,0,0,1,1,0,2,0,1,23,3,0,4,0,0,0,10,0,0,0,2,0,6,0,1,28
CHEMBL5417558,1,5,1,0,0,0,0,0,0,0,1,1,0,0,0,0,0,0,0,0,0,1,0,1,0,0,6,1,0,0,0,0,0,5,0,0,0,1,1,4,0,1,8
CHEMBL5417624,0,0,0,0,0,0,0,0,0,0,0,0,1,0,0,0,0,0,0,0,2,2,0,4,0,0,20,4,1,0,2,0,0,7,0,0,0,0,1,4,0,0,18
CHEMBL5417761,0,1,1,0,0,0,0,0,0,0,0,0,0,0,0,0,0,2,0,0,1,1,0,2,0,0,17,2,0,0,0,0,0,5,0,0,0,0,1,5,0,0,17
CHEMBL5417830,0,0,0,0,0,0,0,0,0,0,0,0,0,0,0,0,0,0,0,0,0,0,0,0,0,0,12,0,0,8,0,0,0,4,8,4,4,0,0,5,0,0,16
CHEMBL5417855,0,2,1,0,0,0,0,0,0,0,0,0,2,0,0,0,0,0,0,1,0,1,0,2,0,0,17,2,0,0,4,0,0,6,0,0,0,1,0,5,0,0,17
CHEMBL5418345,0,1,0,0,0,0,0,0,0,0,0,0,1,0,0,0,1,0,0,0,1,2,0,3,0,0,17,3,0,0,2,0,0,8,0,0,0,3,0,7,0,0,17
CHEMBL5418690,0,1,0,0,1,0,0,0,0,0,0,0,0,0,0,1,0,0,0,0,1,1,0,2,0,1,23,3,0,4,0,0,0,10,0,0,0,2,0,6,0,1,28
CHEMBL5418765,0,3,1,0,0,0,0,0,0,0,0,0,1,0,0,0,0,1,0,1,0,1,0,2,0,0,17,2,0,0,2,0,0,5,0,0,0,1,0,6,0,0,17
CHEMBL5418780,4,2,0,0,2,1,1,2,0,0,0,0,0,0,0,2,0,0,0,0,0,0,0,0,0,0,12,1,1,4,0,1,1,7,0,0,0,0,0,5,0,0,18
CHEMBL5418934,0,1,0,0,0,0,0,4,0,1,0,0,0,1,2,0,0,0,0,0,0,0,0,0,0,0,12,1,1,2,0,0,0,9,0,0,0,1,0,4,0,1,14
CHEMBL5419123,0,2,0,0,1,0,0,0,0,0,0,1,2,0,0,0,0,0,0,0,0,0,0,0,0,0,12,2,0,3,4,2,2,6,0,0,0,1,1,5,0,0,17
CHEMBL5419141,0,4,0,0,0,0,0,0,0,0,0,1,0,0,0,0,0,0,0,0,0,0,0,0,0,0,6,2,0,1,0,2,2,4,0,0,0,1,1,5,0,0,9
CHEMBL5419258,0,0,0,0,0,0,0,0,0,0,0,0,1,0,0,1,0,0,0,1,1,2,0,4,0,0,20,4,1,0,2,0,0,10,0,0,0,0,0,4,0,0,19
CHEMBL5419649,1,1,0,0,1,0,0,1,0,0,0,0,0,0,0,1,0,0,0,0,1,1,0,2,1,1,23,3,0,4,0,0,0,11,0,0,0,2,0,8,0,1,29
CHEMBL5419730,0,0,0,0,0,0,0,0,0,0,0,0,0,0,0,0,2,0,0,0,1,2,1,4,0,0,20,4,1,0,0,0,0,7,0,0,0,0,1,3,0,0,18
CHEMBL5419796,4,2,0,0,2,1,0,2,0,0,0,0,0,0,0,1,0,0,0,0,0,0,0,0,0,0,12,1,1,4,0,1,1,6,0,0,0,0,0,6,0,0,18
CHEMBL5419940,0,2,1,0,0,0,0,0,0,0,0,0,0,0,0,0,0,0,0,0,1,1,0,2,0,0,17,2,0,0,0,0,0,5,0,0,0,0,1,6,0,0,17
CHEMBL5419948,0,1,1,0,0,0,0,0,0,0,0,0,0,0,0,0,0,2,0,0,1,2,0,3,0,0,17,3,0,0,0,0,0,5,0,0,0,0,1,5,0,0,16
CHEMBL5420394,0,1,0,0,1,0,0,1,0,0,0,0,0,0,0,1,0,0,0,0,1,1,0,2,0,1,23,3,0,4,0,0,0,12,0,0,0,2,0,7,0,1,28
CHEMBL5420745,0,1,0,0,0,0,0,2,0,1,0,0,0,1,2,2,0,0,0,0,0,0,0,0,0,0,12,1,1,2,0,0,0,7,0,0,0,1,0,2,0,1,14
CHEMBL5421164,0,0,0,0,0,0,0,1,0,0,0,1,0,0,2,0,0,0,1,0,1,2,1,4,0,0,15,4,1,2,0,0,0,10,0,0,0,0,3,3,0,0,12
CHEMBL5421179,0,0,0,0,0,0,0,0,0,0,0,0,0,0,0,0,2,0,0,0,1,3,1,5,0,0,20,5,1,0,0,0,0,5,0,0,0,0,2,3,0,0,17
CHEMBL5421275,3,4,1,2,0,0,0,0,0,0,1,1,0,0,0,0,0,0,0,0,0,1,0,1,0,0,6,1,0,0,0,0,0,5,0,0,0,1,1,4,0,1,10
CHEMBL5421289,4,3,2,2,0,0,0,0,0,0,1,1,0,0,0,0,0,0,0,0,0,1,0,1,0,0,6,1,0,0,0,0,0,5,0,0,0,1,1,4,0,1,11
CHEMBL5421409,0,1,0,0,1,0,0,0,0,0,0,0,0,0,0,1,0,0,0,0,1,2,0,3,0,1,23,4,0,4,0,0,0,10,0,0,0,2,0,6,0,1,27
CHEMBL5421435,0,0,0,0,0,0,0,0,0,0,0,0,1,0,0,0,0,0,0,0,1,2,0,3,0,0,17,3,0,0,2,0,0,10,0,0,0,3,0,9,0,0,17
CHEMBL5421450,0,0,0,0,0,0,0,0,0,0,0,0,0,0,0,1,0,0,0,0,2,4,0,6,0,0,20,6,1,0,0,0,0,9,0,0,0,0,2,3,0,0,17
CHEMBL5421565,0,2,0,0,0,0,0,0,0,0,0,0,1,0,0,0,0,1,0,0,1,1,0,2,0,0,17,2,0,0,2,0,0,6,0,0,0,0,1,5,0,0,17
CHEMBL5421595,0,3,1,0,0,0,0,0,0,0,0,0,0,0,0,0,0,2,0,1,0,1,0,2,0,0,17,2,0,0,0,0,0,4,0,0,0,1,0,6,0,0,17
CHEMBL5421626,0,1,0,0,0,0,0,0,0,0,0,0,1,0,0,1,0,0,0,0,1,2,0,3,0,0,17,3,0,0,2,0,0,7,0,0,0,0,1,4,0,0,16
CHEMBL5421772,0,0,0,0,0,0,0,0,0,0,0,0,0,0,0,0,1,0,0,0,1,2,1,4,0,0,20,4,1,0,0,0,0,7,0,0,0,0,1,3,0,0,18
CHEMBL5421908,0,0,0,0,0,0,0,0,0,0,0,0,1,0,0,0,0,0,0,0,1,2,0,3,0,0,17,3,0,0,2,0,0,8,0,0,0,3,0,6,0,0,18
CHEMBL5421931,0,5,0,0,0,0,0,0,0,0,0,1,0,0,0,0,0,0,0,0,0,0,0,0,0,0,6,2,0,1,0,2,2,4,0,0,0,1,1,6,0,0,9
CHEMBL5422087,1,2,1,0,0,0,0,0,1,0,0,2,0,0,0,0,0,0,0,0,0,0,0,0,0,0,6,1,0,0,0,0,0,6,0,0,0,2,0,3,0,2,10
CHEMBL5422315,0,1,0,0,1,0,0,0,0,0,0,0,0,0,0,1,0,1,0,0,1,1,0,2,0,1,23,3,0,4,0,0,0,10,0,0,0,2,0,6,0,1,28
CHEMBL5422332,0,1,0,0,0,0,0,0,0,0,0,0,0,0,0,0,1,0,0,0,1,2,0,3,0,0,17,3,0,0,0,0,0,6,0,0,0,3,1,6,0,0,17
CHEMBL5422369,0,0,0,0,0,0,0,0,0,0,0,0,1,0,0,0,0,0,0,0,1,2,1,4,0,0,20,4,1,0,2,0,0,8,0,0,0,0,1,3,0,0,18
CHEMBL5423113,2,3,1,0,0,0,0,0,0,0,0,0,0,0,0,0,0,0,0,1,0,1,0,2,0,0,17,2,0,0,0,0,0,4,0,0,0,1,0,6,0,0,17
CHEMBL5423258,0,1,0,0,1,0,0,1,0,0,0,0,0,0,0,1,0,0,0,0,1,2,0,3,1,1,23,4,0,4,0,0,0,13,0,0,0,2,0,7,0,1,28
CHEMBL5423274,0,0,0,0,0,1,0,0,0,0,0,0,0,0,0,0,0,1,0,0,0,1,1,2,0,0,21,2,1,0,0,0,0,5,0,0,0,0,0,3,0,0,20
CHEMBL5423378,0,3,1,0,0,0,0,0,0,0,0,0,0,0,0,0,0,0,0,1,0,1,0,2,0,0,17,2,0,4,0,0,0,6,4,2,2,1,0,8,0,0,19
CHEMBL5423400,0,1,0,0,0,0,0,1,0,0,0,0,1,0,0,0,0,0,0,0,1,2,0,3,0,0,17,3,0,0,2,0,0,10,0,0,0,3,0,9,0,0,17
CHEMBL5423408,1,1,0,0,1,0,0,0,0,0,0,0,0,0,0,1,0,0,0,0,1,1,0,2,1,1,17,3,0,4,0,0,0,9,0,0,0,2,0,6,0,1,23
CHEMBL5423512,1,4,1,0,0,0,0,0,0,0,0,0,0,0,0,0,0,1,0,1,0,1,0,2,0,0,17,2,0,0,0,0,0,4,0,0,0,1,0,7,0,0,17
CHEMBL5423518,0,3,1,0,0,0,0,0,0,0,0,0,0,0,0,0,0,2,0,1,0,1,0,2,0,0,17,2,0,0,0,0,0,4,0,0,0,1,0,6,0,0,17
CHEMBL5423575,1,2,0,0,0,0,0,1,0,0,0,0,0,0,0,0,0,0,0,0,1,2,0,3,0,0,11,3,0,0,0,0,0,5,0,0,0,0,0,5,0,0,9
CHEMBL5423576,0,2,0,0,0,0,0,3,1,0,0,0,0,0,0,0,0,0,0,0,0,0,0,0,0,0,12,0,0,0,0,0,0,7,0,0,0,0,0,6,0,0,12
CHEMBL5423781,1,1,0,0,1,0,0,0,0,0,0,0,0,0,0,1,0,0,0,0,1,2,0,3,1,1,23,4,0,4,0,0,0,11,0,0,0,2,0,7,0,1,28
CHEMBL5423824,0,2,0,0,0,0,0,0,0,0,0,0,1,0,0,0,0,0,0,0,1,2,0,3,0,0,17,3,0,0,2,0,0,8,0,0,0,3,0,8,0,0,17
CHEMBL5423840,0,2,1,0,0,0,0,0,0,0,0,0,0,0,0,0,0,1,0,1,0,1,0,2,0,0,17,2,0,0,0,0,0,4,0,0,0,1,0,5,0,0,17
CHEMBL5424049,0,0,0,0,0,0,0,1,0,0,0,0,1,0,0,0,0,0,0,0,1,2,0,3,0,0,17,3,0,0,2,0,0,10,0,0,0,3,0,8,0,0,17
CHEMBL5424130,2,3,1,0,0,0,0,0,0,0,0,0,0,0,0,0,0,0,0,1,0,1,0,2,0,0,17,2,0,0,0,0,0,4,0,0,0,1,0,6,0,0,17
CHEMBL5424344,0,0,0,0,0,0,0,0,0,0,0,0,0,0,0,0,1,0,0,0,1,3,1,5,0,0,20,5,1,0,0,0,0,5,0,0,0,0,2,3,0,0,17
CHEMBL5424630,0,1,0,0,0,0,0,0,0,0,0,0,1,0,0,1,0,0,0,0,2,2,0,4,0,0,20,4,1,0,2,0,0,11,0,0,0,0,0,5,0,0,19
CHEMBL5424929,0,1,0,0,1,0,0,1,0,0,0,0,0,0,0,1,0,0,0,0,1,1,0,2,1,1,23,3,0,4,0,0,0,11,0,0,0,2,0,7,0,1,29
CHEMBL5425028,0,0,0,0,0,0,0,0,0,0,0,0,1,0,0,1,0,1,0,0,1,1,0,2,0,0,17,2,0,0,2,0,0,8,0,0,0,0,0,4,0,0,17
CHEMBL5425135,3,3,3,1,0,0,0,0,0,0,1,1,0,0,0,0,0,0,0,0,0,1,0,1,0,0,6,1,0,0,0,0,0,5,0,0,0,1,1,4,0,1,11
CHEMBL5425142,0,0,0,0,0,0,0,0,0,0,0,0,1,0,0,0,0,0,0,0,1,2,0,3,0,0,17,3,0,0,2,0,0,10,0,0,0,3,0,7,0,0,17
CHEMBL5425230,0,2,0,0,0,0,0,1,0,0,0,0,1,0,0,0,0,0,0,0,1,2,0,3,0,0,17,3,0,0,2,0,0,10,0,0,0,3,0,10,0,0,17
CHEMBL5425388,1,2,0,0,0,0,0,0,1,0,0,0,0,0,0,0,1,0,0,0,1,1,0,2,0,0,17,3,1,0,0,0,0,8,0,0,0,0,1,5,0,0,18
CHEMBL5425433,0,0,0,0,0,0,0,0,0,0,0,0,0,0,0,0,0,0,0,0,2,2,0,4,0,0,20,4,1,0,0,0,0,8,0,0,0,0,2,4,0,0,18
CHEMBL5425445,1,3,1,0,0,0,0,0,0,0,0,0,0,0,0,0,0,0,0,1,0,1,0,2,0,0,17,2,0,0,0,0,0,4,0,0,0,1,0,6,0,0,17
CHEMBL5425529,0,0,0,0,0,0,0,0,1,0,0,0,0,0,0,1,0,0,0,0,0,0,0,0,0,0,12,4,1,1,0,2,2,10,0,0,0,2,0,4,0,0,17
CHEMBL5425567,2,1,0,0,0,0,0,0,0,0,0,0,0,0,0,0,0,1,0,0,2,1,0,3,0,0,20,3,1,0,0,0,0,8,0,0,0,0,1,5,0,0,20
CHEMBL5425656,0,2,1,0,0,0,0,0,0,0,0,0,1,0,0,0,0,1,0,1,0,1,0,2,0,0,17,2,0,0,2,0,0,5,0,0,0,1,0,5,0,0,17
CHEMBL5425696,1,6,1,0,0,0,0,0,1,0,0,2,0,0,0,0,0,0,0,0,0,0,0,0,0,0,6,1,0,0,0,0,0,6,0,0,0,2,0,7,0,2,10
CHEMBL5425854,1,4,1,0,0,0,0,0,0,0,0,0,0,0,0,0,0,0,0,1,0,1,0,2,0,0,17,2,0,0,0,0,0,4,0,0,0,1,0,7,0,0,17
CHEMBL5425929,0,1,0,0,0,0,0,0,0,0,0,0,0,0,0,0,1,0,0,1,1,1,0,3,0,0,20,3,1,0,0,0,0,7,0,0,0,0,1,4,0,0,20
CHEMBL5425965,5,6,0,0,2,0,0,0,0,0,0,0,0,0,0,2,0,0,0,0,0,0,0,0,0,0,6,0,0,0,0,0,0,2,0,0,0,0,0,8,0,0,10
CHEMBL5426057,0,0,0,0,0,1,0,1,0,0,0,0,0,0,0,0,2,0,0,0,0,2,0,2,0,0,18,2,0,0,0,0,0,7,0,0,0,0,0,4,0,0,17
CHEMBL5426175,0,1,0,0,1,0,0,0,0,0,0,0,0,0,0,1,0,0,0,0,1,1,0,2,0,1,23,3,0,4,0,0,0,10,0,0,0,2,0,7,0,1,29
CHEMBL5426214,0,1,0,0,0,0,0,3,0,1,0,0,0,1,2,1,0,0,0,0,0,0,0,0,0,0,12,1,1,2,0,0,0,8,0,0,0,1,0,3,0,1,14
CHEMBL5426228,0,1,0,0,0,0,0,0,0,0,0,1,0,0,0,0,0,0,0,0,0,0,0,0,0,0,6,2,0,1,0,2,2,4,0,0,0,1,1,2,0,0,9
CHEMBL5426251,0,1,0,0,1,0,0,1,0,0,0,0,0,0,0,1,0,0,0,0,1,1,0,2,1,1,23,3,0,4,0,0,0,13,0,0,0,2,0,7,0,1,29
CHEMBL5426314,0,0,0,0,0,0,0,0,0,0,0,0,0,0,0,0,0,2,0,0,1,1,0,2,0,0,15,2,1,0,0,0,0,5,0,0,0,0,1,2,0,0,14
CHEMBL5426628,0,2,1,1,0,0,0,0,1,0,0,2,0,0,0,0,0,0,0,0,0,0,0,0,0,0,12,1,0,0,0,0,0,6,0,0,0,1,0,3,0,1,17
CHEMBL5426878,0,1,0,0,0,0,0,0,0,0,0,0,0,0,0,0,0,2,0,0,2,2,0,4,0,0,26,4,1,0,0,0,0,6,0,0,0,0,1,6,0,0,25
CHEMBL5426889,1,2,0,0,0,0,0,1,0,0,0,0,0,0,0,0,0,0,0,0,1,1,0,2,0,0,11,2,0,0,0,0,0,5,0,0,0,0,0,5,0,0,10
CHEMBL5426947,1,1,0,0,1,0,0,0,0,0,0,0,0,0,0,1,0,0,0,0,1,2,0,3,0,1,23,4,0,4,0,0,0,10,0,0,0,2,0,6,0,1,27
CHEMBL5427189,0,1,0,0,0,0,0,0,0,0,0,0,0,0,0,0,0,0,0,1,1,2,0,4,0,0,20,4,1,0,0,0,0,5,0,0,0,1,2,4,0,0,18
CHEMBL5427371,0,3,1,0,0,0,0,0,0,0,0,1,0,0,0,0,0,0,0,0,0,0,0,0,0,0,12,2,0,1,0,2,2,4,0,0,0,1,1,6,0,0,16
CHEMBL5427411,0,0,0,0,0,0,0,0,0,0,0,0,0,0,0,0,2,0,0,0,1,2,0,4,0,0,22,4,0,0,0,0,0,9,0,0,0,0,0,4,0,0,20
CHEMBL5427513,0,1,0,0,1,0,0,1,0,0,0,0,0,0,0,1,0,0,0,0,1,2,0,3,0,1,23,4,0,4,0,0,0,12,0,0,0,2,0,7,0,1,27
CHEMBL5427725,0,4,1,0,0,0,0,0,0,0,0,1,0,0,0,0,0,0,0,0,0,0,0,0,0,0,12,2,0,1,0,2,2,4,0,0,0,1,1,7,0,0,16
CHEMBL5427782,4,2,0,0,2,1,0,1,0,0,0,0,0,0,0,2,0,0,0,0,0,0,0,0,0,0,12,1,1,4,0,1,1,5,0,0,0,0,0,5,0,0,18
CHEMBL5427905,0,0,0,0,0,0,0,0,0,0,0,0,1,0,0,1,0,0,0,0,1,2,0,3,1,1,17,3,0,4,2,0,0,11,0,0,0,0,0,7,0,0,18
CHEMBL5427944,0,2,0,0,1,0,0,0,0,0,0,1,1,0,0,0,0,1,0,0,0,0,0,0,0,0,12,2,0,3,2,2,2,5,0,0,0,1,1,5,0,0,17
CHEMBL5428001,1,1,0,0,0,0,0,0,0,0,0,0,0,0,0,0,1,1,0,0,2,1,0,3,0,0,20,3,1,0,0,0,0,8,0,0,0,0,1,5,0,0,20
CHEMBL5428080,0,0,0,0,0,0,0,0,0,0,0,0,1,0,0,0,0,0,0,0,1,2,0,3,0,0,17,3,0,0,2,0,0,10,0,0,0,3,0,7,0,0,17
CHEMBL5428148,2,1,0,0,0,0,0,0,0,0,0,0,0,0,0,0,0,1,0,0,2,1,0,3,0,0,20,3,1,0,0,0,0,8,0,0,0,0,1,5,0,0,20
CHEMBL5428361,4,2,0,0,3,0,0,1,0,0,0,0,0,0,0,3,0,0,0,0,0,0,0,0,0,0,12,0,0,4,0,1,1,5,0,0,0,0,0,7,0,0,18
CHEMBL5428681,1,1,0,0,1,0,0,1,0,0,0,0,0,0,0,1,0,0,0,0,1,2,0,3,1,1,23,4,0,4,0,0,0,13,0,0,0,2,0,8,0,1,28
CHEMBL5428947,0,5,2,0,0,0,0,0,0,0,1,1,0,0,0,0,0,0,0,0,0,1,0,1,0,0,6,1,0,0,0,0,0,5,0,0,0,1,1,4,0,1,9
CHEMBL5429338,0,0,0,0,0,0,0,0,0,0,0,0,0,0,0,0,1,0,0,0,1,2,0,3,0,0,17,3,0,0,0,0,0,6,0,0,0,3,1,5,0,0,17
CHEMBL5429699,4,2,0,0,2,0,0,1,0,0,0,0,0,0,0,2,0,0,0,0,0,0,0,0,0,0,12,0,0,4,0,1,1,5,0,0,0,1,0,7,0,0,18
CHEMBL5429779,1,2,1,0,0,0,0,0,0,0,0,0,0,0,0,0,0,0,0,1,0,1,0,2,0,0,17,2,0,0,0,0,0,4,0,0,0,1,0,5,0,0,17
CHEMBL5429844,0,1,0,0,0,0,0,0,0,0,0,0,0,0,0,1,1,0,0,0,1,2,0,3,0,0,17,3,0,0,0,0,0,6,0,0,0,0,1,4,0,0,16
CHEMBL5429907,4,2,0,0,2,1,0,2,0,0,0,0,0,0,0,2,0,0,0,0,0,0,0,0,0,0,12,1,1,4,0,1,1,7,0,0,0,0,0,6,0,0,18
CHEMBL5430016,1,0,0,0,0,0,0,0,0,0,0,0,0,0,0,0,0,0,0,0,2,1,0,3,1,1,20,3,1,8,0,0,0,8,0,0,0,0,1,4,0,0,20
CHEMBL5430284,2,11,0,1,0,0,0,0,0,0,0,2,0,0,0,0,0,0,0,0,0,1,0,1,0,0,6,2,0,0,0,0,0,7,0,0,0,1,0,11,0,1,9
CHEMBL5430301,0,2,1,0,0,0,0,0,0,0,0,2,0,0,0,0,0,0,0,0,0,1,0,1,0,0,6,2,0,0,0,0,0,7,0,0,0,2,1,1,0,2,9
CHEMBL5430347,0,0,0,0,0,0,0,0,0,0,0,0,1,0,0,0,0,0,0,0,1,2,0,3,0,0,17,3,0,0,2,0,0,9,0,0,0,0,1,6,0,0,18
CHEMBL5430600,0,7,1,0,0,0,0,0,0,1,0,0,0,0,3,0,0,0,0,0,0,1,0,1,0,0,12,1,3,2,0,0,0,3,0,0,0,1,2,2,0,1,13
CHEMBL5430729,4,6,3,2,0,0,0,0,0,0,1,1,0,0,0,0,0,0,0,0,0,1,0,1,0,0,6,1,1,0,0,0,0,5,0,0,0,1,1,4,0,1,12
CHEMBL5430737,0,1,0,0,0,0,0,0,0,0,0,0,1,0,0,0,0,1,0,0,1,2,0,3,0,0,17,3,0,4,2,0,0,6,0,0,0,0,1,4,0,0,17
CHEMBL5430760,1,8,1,0,0,0,0,0,0,0,0,2,0,0,0,0,0,0,0,0,0,1,0,1,0,0,6,2,0,0,0,0,0,7,0,0,0,2,1,8,0,2,9
CHEMBL5430986,1,5,1,0,0,0,0,0,0,0,1,1,0,0,0,0,0,0,0,0,0,1,0,1,0,0,6,1,0,0,0,0,0,5,0,0,0,1,1,4,0,1,8
CHEMBL5431500,0,3,1,0,0,0,0,0,0,0,0,1,0,0,0,0,0,0,0,0,0,0,0,0,0,0,12,2,0,1,0,2,2,4,0,0,0,1,1,6,0,0,16
CHEMBL5431722,1,5,0,1,0,0,0,0,1,0,0,2,0,0,0,0,0,0,0,0,0,0,0,0,0,0,6,1,0,0,0,0,0,5,0,0,0,3,0,5,0,0,10
CHEMBL5431734,0,2,0,0,0,0,0,0,0,0,0,0,1,0,0,0,0,1,0,0,1,1,0,2,0,0,17,2,0,4,2,0,0,6,0,0,0,0,0,5,0,0,18
CHEMBL5431758,0,0,0,0,0,0,0,0,0,0,0,0,1,0,0,1,1,0,0,0,1,2,0,3,0,0,17,3,0,0,2,0,0,8,0,0,0,0,0,4,0,0,16
CHEMBL5431850,0,2,0,0,0,0,0,0,0,0,0,0,1,0,0,0,0,0,0,0,1,2,0,3,0,0,17,3,0,0,2,0,0,8,0,0,0,3,0,8,0,0,17
CHEMBL5431946,2,1,0,0,0,0,0,0,0,0,0,0,0,0,0,0,0,0,0,0,2,2,0,4,0,0,20,4,1,0,0,0,0,6,0,0,0,0,1,5,0,0,19
CHEMBL5432102,1,1,0,0,1,0,0,1,0,0,0,0,0,0,0,1,0,0,0,0,1,1,0,2,1,1,17,3,0,4,0,0,0,11,0,0,0,2,0,7,0,1,23
CHEMBL5432233,0,1,0,0,0,0,0,0,0,0,0,0,1,0,0,0,0,1,0,0,1,2,0,3,0,0,17,3,0,0,2,0,0,8,0,0,0,3,0,7,0,0,17
CHEMBL5432257,0,0,0,0,0,0,0,0,0,0,0,0,0,0,0,0,0,0,0,0,2,2,0,4,0,0,20,4,1,0,0,0,0,8,0,0,0,0,1,4,0,0,18
CHEMBL5432300,0,0,0,0,1,0,0,2,0,0,0,0,0,0,0,0,0,0,0,0,0,0,0,0,0,0,12,0,0,6,0,1,1,5,2,1,1,0,1,5,0,0,15
CHEMBL5432856,1,2,0,0,0,0,0,0,1,0,0,0,0,0,0,0,0,1,0,0,1,1,0,2,0,0,17,3,1,0,0,0,0,8,0,0,0,0,1,5,0,0,18
CHEMBL5432857,0,2,1,0,0,0,0,1,0,0,0,0,1,0,0,0,0,0,0,1,0,1,0,2,0,0,17,2,0,0,2,0,0,7,0,0,0,1,0,6,0,0,17
CHEMBL5432961,2,1,0,0,0,0,0,0,0,0,0,0,0,0,0,0,1,0,0,0,2,1,0,3,0,0,20,3,1,0,0,0,0,8,0,0,0,0,1,5,0,0,20
CHEMBL5432971,1,1,0,0,0,0,0,0,0,0,0,0,0,0,0,0,0,2,0,0,2,1,0,3,0,0,20,3,1,0,0,0,0,8,0,0,0,0,1,5,0,0,20
CHEMBL5432975,0,2,1,0,0,0,0,0,0,0,0,0,0,0,0,0,0,2,0,1,0,1,0,2,0,0,17,2,0,0,0,0,0,4,0,0,0,1,0,5,0,0,17
CHEMBL5432998,0,0,0,0,0,0,0,0,0,0,0,0,0,0,0,0,0,0,0,0,2,2,0,4,0,0,20,4,1,0,0,0,0,6,0,0,0,0,1,4,0,0,18
CHEMBL5433174,0,2,1,0,0,0,0,0,0,0,0,0,1,0,0,0,0,0,0,1,0,1,0,2,0,0,17,2,0,0,2,0,0,5,0,0,0,1,0,5,0,0,17
CHEMBL5433442,0,1,0,0,1,0,0,0,0,0,0,0,0,0,0,1,0,0,0,0,1,1,0,2,0,1,23,3,0,4,0,0,0,10,0,0,0,2,0,7,0,1,29
CHEMBL5433532,0,1,0,0,1,0,0,1,0,0,0,0,0,0,0,1,0,0,0,0,1,1,0,2,1,1,23,3,0,4,0,0,0,13,0,0,0,2,0,9,0,1,30
CHEMBL5433553,0,3,0,0,0,0,0,0,0,0,0,0,1,0,0,0,0,1,0,0,1,2,0,3,0,0,17,3,0,0,2,0,0,6,0,0,0,0,1,6,0,0,16
CHEMBL5433734,3,3,3,1,0,0,0,0,0,0,1,1,0,0,0,0,0,0,0,0,0,1,0,1,0,0,6,1,0,0,0,0,0,5,0,0,0,1,0,4,0,1,11
CHEMBL5433928,0,2,1,0,0,0,0,0,0,0,0,1,0,0,0,0,0,0,0,0,0,0,0,0,0,0,12,2,0,1,0,2,2,4,0,0,0,1,1,5,0,0,16
CHEMBL5434047,0,0,0,0,0,0,0,0,0,0,0,0,0,0,0,0,0,1,0,0,2,1,0,3,0,0,20,3,1,0,0,0,0,9,0,0,0,0,1,4,0,0,20
CHEMBL5434222,0,0,0,0,0,0,0,0,0,0,0,0,0,0,0,0,0,0,0,0,2,1,0,3,0,0,20,3,1,0,0,0,0,8,0,0,0,0,1,4,0,0,19
CHEMBL5434606,0,0,0,0,0,0,0,0,0,0,0,0,1,0,0,1,0,0,0,0,2,2,0,4,0,0,20,4,1,0,2,0,0,11,0,0,0,0,0,5,0,0,19
CHEMBL5434685,0,0,0,0,0,0,0,0,0,0,0,0,0,0,0,0,0,0,0,0,1,1,0,2,0,0,11,2,1,2,0,0,0,7,0,0,0,0,1,3,0,0,14
CHEMBL5434747,0,0,0,0,0,0,0,0,0,0,0,0,0,0,0,0,0,0,0,0,1,1,1,3,0,0,14,3,1,0,0,0,0,7,0,0,0,0,1,2,0,0,12
CHEMBL5434794,0,0,0,0,0,0,0,0,0,0,0,0,0,0,0,0,0,0,0,0,1,2,0,3,0,0,17,5,1,0,0,0,0,11,0,0,0,3,0,6,0,0,18
CHEMBL5434818,0,4,1,0,0,0,0,0,0,0,0,0,0,0,0,0,0,1,0,1,0,1,0,2,0,0,17,2,0,0,0,0,0,4,0,0,0,1,0,7,0,0,17
CHEMBL5434837,0,1,0,0,0,0,0,3,0,1,0,0,0,1,2,1,0,0,0,0,0,0,0,0,0,0,12,1,1,2,0,0,0,8,0,0,0,1,0,3,0,1,14
CHEMBL5435238,0,0,0,0,0,0,0,0,0,0,0,0,1,0,0,0,0,0,0,0,1,2,0,3,0,0,17,3,0,0,2,0,0,10,0,0,0,3,0,8,0,0,17
CHEMBL5435398,0,0,0,0,0,0,0,0,0,0,0,0,1,0,0,1,0,0,0,0,1,2,0,3,0,0,17,3,0,0,2,0,0,8,0,0,0,0,0,4,0,0,17
CHEMBL5435609,0,0,0,0,1,0,0,2,0,0,0,0,0,0,0,0,0,0,0,0,0,0,0,0,0,0,12,0,0,6,0,1,1,5,2,1,1,0,1,5,0,0,15
CHEMBL5435743,1,1,0,0,1,0,0,0,0,0,0,0,0,0,0,1,0,0,0,0,1,1,0,2,1,1,23,3,0,4,0,0,0,11,0,0,0,2,0,7,0,1,29
CHEMBL5436006,0,0,0,0,0,0,0,0,0,0,0,0,1,0,0,1,0,1,0,0,1,2,0,3,0,0,17,3,0,0,2,0,0,8,0,0,0,0,0,4,0,0,16
CHEMBL5436084,2,1,0,0,0,0,0,0,0,0,0,0,0,0,0,0,1,0,0,0,2,2,0,4,0,0,20,4,1,0,0,0,0,6,0,0,0,0,1,5,0,0,19
CHEMBL5436290,1,2,0,0,0,0,0,0,1,0,0,0,0,0,0,0,1,1,0,0,1,1,0,2,0,0,17,3,1,0,0,0,0,8,0,0,0,0,1,5,0,0,18
CHEMBL5436300,0,3,1,0,0,0,0,0,0,0,0,0,1,0,0,0,0,1,0,1,0,1,0,2,0,0,17,2,0,0,2,0,0,5,0,0,0,1,0,6,0,0,17
CHEMBL5436713,1,1,0,0,1,0,0,0,0,0,0,0,0,0,0,1,0,0,0,0,1,1,0,2,1,1,23,3,0,4,0,0,0,9,0,0,0,2,0,7,0,1,29
CHEMBL5436915,0,2,1,0,0,0,0,0,0,0,0,0,0,0,0,0,0,0,0,1,0,1,0,2,0,0,17,2,0,0,0,0,0,4,0,0,0,1,0,7,0,0,19
CHEMBL5436925,0,1,0,0,1,0,0,0,0,0,0,0,0,0,0,1,0,0,0,0,1,1,0,2,0,1,23,3,0,4,0,0,0,10,0,0,0,2,0,6,0,1,28
CHEMBL5436996,0,2,0,0,0,0,0,0,0,0,0,0,1,0,0,1,0,0,0,0,1,2,0,3,0,0,17,3,0,0,2,0,0,7,0,0,0,0,1,5,0,0,16
CHEMBL5437007,0,1,0,0,1,0,0,0,0,0,0,0,0,0,0,2,0,0,0,0,1,1,0,2,0,1,23,3,0,4,0,0,0,9,0,0,0,2,0,6,0,1,28
CHEMBL5437093,2,1,0,0,0,0,0,0,0,0,0,0,0,0,0,0,0,0,0,0,2,1,0,3,0,0,20,3,1,0,0,0,0,8,0,0,0,0,1,5,0,0,20
CHEMBL5437662,0,0,0,0,0,0,0,0,0,0,0,0,1,0,0,1,0,0,0,0,1,3,1,5,0,0,20,5,1,0,2,0,0,12,0,0,0,0,0,4,0,0,17
CHEMBL5437945,0,2,1,0,0,0,0,0,0,0,0,0,0,0,0,0,0,2,0,1,0,1,0,2,0,0,17,2,0,0,0,0,0,4,0,0,0,1,0,5,0,0,17
CHEMBL5438005,1,6,1,0,0,0,0,0,0,0,1,1,0,0,0,0,0,0,0,0,0,1,0,1,0,0,6,1,0,0,0,0,0,5,0,0,0,1,1,5,0,1,8
CHEMBL5438093,0,2,0,0,0,0,0,0,0,0,0,0,1,0,0,1,0,0,0,0,1,2,0,3,0,0,17,3,0,0,2,0,0,7,0,0,0,0,1,5,0,0,16
CHEMBL5438581,0,3,1,0,0,0,0,0,0,0,0,1,0,0,0,0,0,0,0,0,0,0,0,0,0,0,12,2,0,1,0,2,2,4,0,0,0,1,1,6,0,0,16
CHEMBL5438618,0,3,0,0,0,0,0,0,0,0,0,1,0,0,0,0,0,0,0,0,0,0,0,0,0,0,6,2,0,1,0,2,2,4,0,0,0,1,1,4,0,0,9
CHEMBL5438740,2,1,0,0,0,0,0,0,0,0,0,0,0,0,0,0,0,1,0,0,2,2,0,4,0,0,20,4,1,0,0,0,0,6,0,0,0,0,1,5,0,0,19
CHEMBL5438840,1,1,0,0,0,0,0,0,0,0,0,0,0,0,0,0,1,0,0,0,2,1,0,3,0,0,20,3,1,0,0,0,0,8,0,0,0,0,1,5,0,0,20
CHEMBL5438879,0,0,0,0,0,0,0,0,0,0,0,0,1,0,0,0,0,0,0,0,1,2,0,3,0,0,17,3,0,0,2,0,0,6,0,0,0,0,1,3,0,0,15
CHEMBL5439256,1,1,0,0,0,0,0,0,0,0,0,0,0,0,0,0,0,1,0,0,2,1,0,3,0,0,20,3,1,0,0,0,0,8,0,0,0,0,1,5,0,0,20
CHEMBL5439274,1,4,1,0,0,0,0,0,0,0,0,0,0,0,0,0,0,1,0,1,0,1,0,2,0,0,17,2,0,0,0,0,0,4,0,0,0,1,0,7,0,0,17
CHEMBL5439659,1,0,0,0,0,0,0,0,0,0,0,0,0,0,0,0,0,0,0,0,2,2,0,4,0,0,20,4,1,0,0,0,0,6,0,0,0,0,1,4,0,0,19
CHEMBL5439806,1,0,0,0,0,0,0,1,0,0,0,0,0,0,0,0,0,2,0,0,1,1,0,2,0,0,15,2,1,0,0,0,0,7,0,0,0,0,1,3,0,0,14
CHEMBL5439843,0,2,1,0,0,0,0,0,0,0,0,0,0,0,0,0,0,1,0,1,0,1,0,2,0,0,17,2,0,0,0,0,0,4,0,0,0,1,0,5,0,0,17
CHEMBL5439970,0,3,0,0,0,0,0,0,0,0,0,0,1,0,0,1,0,0,0,0,1,2,0,3,0,0,17,3,0,0,2,0,0,10,0,0,0,0,0,9,0,0,16
CHEMBL5439983,0,2,0,0,0,0,0,0,0,0,0,0,1,0,0,0,0,1,0,0,1,2,0,3,0,0,17,3,0,4,2,0,0,6,0,0,0,0,1,5,0,0,17
CHEMBL5440090,1,3,0,1,0,0,0,0,1,0,0,2,0,0,0,0,0,0,0,0,0,0,0,0,0,0,6,1,0,0,0,0,0,5,0,0,0,3,0,3,0,0,10
CHEMBL5440356,0,0,0,0,0,0,0,1,0,0,0,0,1,0,0,1,0,0,0,0,1,2,0,3,0,0,17,3,0,0,2,0,0,10,0,0,0,0,0,6,0,0,16
CHEMBL5440376,1,0,0,0,0,0,0,1,0,0,0,0,0,0,0,0,0,1,0,0,1,1,0,2,0,0,15,2,1,0,0,0,0,7,0,0,0,0,1,3,0,0,14
CHEMBL5440379,0,8,0,0,0,0,0,0,0,0,0,0,1,0,0,1,0,0,0,0,1,2,0,3,0,0,17,3,0,0,2,0,0,10,0,0,0,0,0,14,0,0,16
CHEMBL5440424,0,1,0,0,0,0,0,0,0,0,0,0,1,0,0,1,0,0,0,0,1,2,0,3,0,0,17,3,0,0,2,0,0,10,0,0,0,0,0,7,0,0,16
CHEMBL5440707,0,2,1,0,0,0,0,0,0,0,0,0,1,0,0,0,0,0,0,1,0,1,0,2,0,0,17,2,0,0,2,0,0,5,0,0,0,1,0,6,0,0,18
CHEMBL5440818,0,3,1,0,0,0,0,0,0,0,0,0,0,0,0,0,0,1,0,1,0,1,0,2,0,0,17,2,0,0,0,0,0,4,0,0,0,1,0,6,0,0,17
CHEMBL5440983,0,1,0,0,0,0,0,0,0,0,0,0,0,0,0,0,1,0,0,1,1,1,0,3,0,0,20,3,1,0,0,0,0,7,0,0,0,0,1,4,0,0,20
CHEMBL54803,0,1,0,0,0,0,0,0,0,0,0,0,0,0,0,0,0,0,0,0,1,2,0,3,0,0,15,3,1,0,0,0,0,7,0,0,0,0,2,3,0,0,13
CHEMBL55083,0,3,0,0,1,0,0,0,0,0,0,0,0,0,0,0,0,0,0,0,1,1,1,3,0,0,10,3,1,2,0,0,0,7,0,0,0,0,1,2,0,0,10
CHEMBL55144,0,4,1,0,0,0,0,0,0,0,0,0,0,0,0,0,0,0,0,0,1,1,1,3,0,0,10,3,1,0,0,0,0,7,0,0,0,0,1,3,0,0,9
CHEMBL5542291,5,4,0,1,1,1,1,1,0,0,0,3,0,0,0,1,0,0,0,0,1,2,0,4,1,1,34,6,0,4,0,0,0,28,0,0,0,7,0,23,0,1,50
CHEMBL5549760,5,2,0,1,1,1,1,1,0,0,0,3,0,0,0,1,0,0,0,0,1,2,0,4,1,1,34,6,0,4,0,0,0,36,0,0,0,7,0,33,0,1,50
CHEMBL5555317,5,2,0,1,1,1,1,1,0,0,0,3,0,0,0,1,0,0,0,0,1,2,0,4,1,1,34,6,0,4,0,0,0,34,0,0,0,7,0,30,0,1,50
CHEMBL55558,0,3,0,0,1,0,0,0,0,0,0,0,0,0,0,0,0,0,0,0,1,1,0,3,0,0,10,3,1,2,0,0,0,7,0,0,0,0,1,2,0,0,10
CHEMBL5555812,2,3,0,0,1,0,0,0,1,1,1,1,0,1,2,0,0,0,0,0,1,0,0,1,0,0,27,1,1,9,0,0,0,9,0,0,0,0,0,14,0,0,32
CHEMBL5555812,2,3,0,0,1,0,0,0,1,1,1,1,0,1,2,0,0,0,0,0,1,0,0,1,0,0,27,1,1,9,0,0,0,9,0,0,0,0,0,14,0,0,32
CHEMBL5555946,1,3,0,0,1,0,0,0,1,1,0,1,0,1,2,0,0,0,0,0,1,0,0,1,0,0,27,1,1,9,0,0,0,8,0,0,0,2,0,12,0,0,32
CHEMBL5556708,5,8,0,1,1,1,1,1,0,0,0,3,0,0,0,1,0,0,0,0,1,2,0,4,1,1,34,6,0,4,0,0,0,28,0,0,0,7,0,27,0,1,50
CHEMBL5557518,1,3,0,0,1,0,0,1,1,1,0,1,0,1,2,0,0,0,0,0,1,0,0,1,0,0,27,1,1,9,0,0,0,10,0,0,0,2,0,13,0,0,32
CHEMBL5557715,2,0,0,0,1,0,0,0,0,0,1,2,0,0,0,0,0,0,0,0,0,0,0,0,0,0,18,0,0,7,0,0,0,6,0,0,0,2,0,8,0,0,23
CHEMBL5557971,2,1,0,0,1,0,0,0,1,1,1,1,0,1,2,0,0,0,0,0,1,0,0,1,0,0,27,1,1,9,0,0,0,9,0,0,0,0,0,12,0,0,32
CHEMBL5558656,5,5,0,1,1,1,1,1,0,0,0,3,0,0,0,1,0,0,0,0,1,2,0,4,1,1,34,6,0,4,0,0,0,28,0,0,0,7,0,24,0,1,50
CHEMBL5558884,1,0,0,0,1,0,0,0,0,0,0,2,0,0,0,0,1,0,0,0,0,0,0,0,0,0,18,0,0,7,0,0,0,5,0,0,0,4,0,6,0,0,23
CHEMBL5559176,1,0,0,0,1,0,0,0,0,0,0,2,0,0,0,0,0,0,0,0,0,0,0,0,0,0,18,0,0,7,0,0,0,5,0,0,0,4,0,6,0,0,23
CHEMBL5559396,1,0,0,0,1,0,0,1,0,0,0,2,0,0,0,0,0,0,0,0,0,0,0,0,0,0,18,0,0,7,0,0,0,7,0,0,0,4,0,7,0,0,23
CHEMBL5559605,5,6,0,1,1,1,1,1,0,0,0,3,0,0,0,1,0,0,0,0,1,3,0,5,1,1,34,7,0,4,0,0,0,28,0,0,0,7,0,25,0,1,49
CHEMBL5559711,1,3,0,0,1,0,0,0,1,1,0,1,0,1,2,0,0,0,0,0,1,0,0,1,0,0,27,1,1,9,0,0,0,8,0,0,0,2,0,12,0,0,32
CHEMBL5559750,2,3,0,0,1,0,0,1,1,1,1,1,0,1,2,0,0,0,0,0,1,0,0,1,0,0,27,1,1,9,0,0,0,11,0,0,0,0,0,15,0,0,32
CHEMBL5559841,6,6,0,2,2,0,0,2,0,2,0,2,0,2,4,2,0,0,0,0,2,6,0,8,0,0,58,10,2,14,0,2,2,28,4,2,2,0,4,20,0,0,66
CHEMBL5559883,1,2,0,0,1,0,0,1,1,1,0,1,0,1,2,0,0,0,0,0,1,0,0,1,0,0,27,1,1,9,0,0,0,10,0,0,0,2,0,12,0,0,32
CHEMBL5559919,1,1,0,0,1,0,0,0,1,1,0,1,0,1,2,0,0,0,0,0,1,0,0,1,0,0,27,1,1,9,0,0,0,8,0,0,0,2,0,10,0,0,32
CHEMBL5560380,2,2,0,0,1,0,0,1,1,1,1,1,0,1,2,0,0,0,0,0,1,0,0,1,0,0,27,1,1,9,0,0,0,11,0,0,0,0,0,14,0,0,32
CHEMBL5560527,1,0,0,0,1,0,0,1,0,0,0,2,0,0,0,0,0,0,0,0,0,0,0,0,0,0,18,0,0,7,0,0,0,7,0,0,0,4,0,7,0,0,23
CHEMBL5560949,2,0,0,0,1,0,0,0,0,0,1,2,0,0,0,0,1,0,0,0,0,0,0,0,0,0,18,0,0,7,0,0,0,6,0,0,0,2,0,8,0,0,23
CHEMBL5560949,2,0,0,0,1,0,0,0,0,0,1,2,0,0,0,0,1,0,0,0,0,0,0,0,0,0,18,0,0,7,0,0,0,6,0,0,0,2,0,8,0,0,23
CHEMBL5561070,6,6,0,2,2,0,0,2,0,2,0,2,0,2,4,2,0,0,0,0,2,6,0,8,0,0,58,10,2,14,0,2,2,28,4,2,2,0,4,20,0,0,66
CHEMBL5561121,2,0,0,0,1,0,0,0,0,0,1,2,0,0,0,0,0,0,0,0,0,0,0,0,0,0,18,0,0,7,0,0,0,6,0,0,0,2,0,8,0,0,23
CHEMBL5561217,1,2,0,0,1,0,0,0,1,1,0,1,0,1,2,0,0,0,0,0,1,0,0,1,0,0,27,1,1,9,0,0,0,8,0,0,0,2,0,11,0,0,32
CHEMBL5561326,2,0,0,0,1,0,0,0,0,0,1,2,0,0,0,0,0,0,0,0,0,0,0,0,0,0,18,0,0,7,0,0,0,6,0,0,0,2,0,8,0,0,23
CHEMBL5561336,5,9,0,1,1,1,1,1,0,0,0,3,0,0,0,1,0,0,0,0,1,2,0,4,1,1,34,6,0,4,0,0,0,28,0,0,0,7,0,28,0,1,50
CHEMBL5561738,5,2,0,1,1,1,1,1,0,0,0,3,0,0,0,1,0,0,0,0,1,2,0,4,1,1,34,6,0,4,0,0,0,30,0,0,0,7,0,24,0,1,50
CHEMBL5561803,0,6,0,0,1,0,0,2,0,0,0,5,0,1,4,1,0,0,0,0,1,1,0,2,1,1,29,5,1,8,0,0,0,27,0,0,0,7,0,20,0,1,45
CHEMBL5561832,2,4,0,0,1,0,0,0,1,1,1,1,0,1,2,0,0,0,0,0,1,0,0,1,0,0,27,1,1,9,0,0,0,9,0,0,0,0,0,15,0,0,32
CHEMBL5562392,2,2,0,0,1,0,0,0,1,1,1,1,0,1,2,0,0,0,0,0,1,0,0,1,0,0,27,1,1,9,0,0,0,9,0,0,0,0,0,13,0,0,32
CHEMBL5562416,2,0,0,0,1,0,0,0,1,1,1,1,0,1,2,0,0,0,0,0,1,0,0,1,0,0,27,1,1,9,0,0,0,9,0,0,0,0,0,11,0,0,32
CHEMBL5562423,1,0,0,0,1,0,0,0,1,1,0,1,0,1,2,0,0,0,0,0,1,0,0,1,0,0,27,1,1,9,0,0,0,8,0,0,0,2,0,9,0,0,32
CHEMBL5562607,5,7,0,1,1,1,1,1,0,0,0,3,0,0,0,1,0,0,0,0,1,2,0,4,1,1,34,6,0,4,0,0,0,28,0,0,0,7,0,26,0,1,50
CHEMBL5563219,0,4,0,0,1,0,0,2,0,0,0,5,0,1,4,1,0,0,0,0,1,1,0,2,1,1,29,5,1,8,0,0,0,27,0,0,0,7,0,18,0,1,45
CHEMBL556429,2,2,0,0,1,0,0,2,0,1,0,0,0,2,2,2,0,0,0,0,0,0,0,0,0,0,12,1,1,2,0,0,0,7,0,0,0,1,1,4,0,1,16
CHEMBL5564308,5,10,0,1,1,1,1,1,0,0,0,3,0,0,0,1,0,0,0,0,1,2,0,4,1,1,34,6,0,4,0,0,0,28,0,0,0,7,0,29,0,1,50
CHEMBL5564449,1,0,0,0,1,0,0,0,0,0,0,2,0,0,0,0,0,0,0,0,0,0,0,0,0,0,18,0,0,7,0,0,0,5,0,0,0,4,0,6,0,0,23
CHEMBL5564454,2,0,0,0,1,0,0,1,0,0,1,2,0,0,0,0,0,0,0,0,0,0,0,0,0,0,18,0,0,7,0,0,0,8,0,0,0,2,0,9,0,0,23
CHEMBL5564606,2,3,0,0,1,0,0,0,1,1,1,1,0,1,2,0,0,0,0,0,1,0,0,1,0,0,27,1,1,9,0,0,0,9,0,0,0,0,0,14,0,0,32
CHEMBL5564688,1,2,0,0,1,0,0,0,1,1,0,1,0,1,2,0,0,0,0,0,1,0,0,1,0,0,27,1,1,9,0,0,0,8,0,0,0,2,0,11,0,0,32
CHEMBL5564713,6,6,0,2,2,0,0,2,0,2,0,2,0,2,4,2,0,2,0,0,2,6,0,8,0,0,58,10,2,14,0,2,2,28,4,2,2,0,4,20,0,0,66
CHEMBL5565514,5,2,0,1,1,1,1,1,0,0,0,3,0,0,0,1,0,0,0,0,1,2,0,4,1,1,34,6,0,4,0,0,0,32,0,0,0,7,0,27,0,1,50
CHEMBL5566581,2,2,0,0,1,0,0,0,1,1,1,1,0,1,2,0,0,0,0,0,1,0,0,1,0,0,27,1,1,9,0,0,0,9,0,0,0,0,0,13,0,0,32
CHEMBL5567374,5,6,0,1,1,1,1,1,0,0,0,3,0,0,0,1,0,0,0,0,1,2,0,4,1,1,34,6,0,4,0,0,0,28,0,0,0,7,0,25,0,1,50
CHEMBL5567762,8,6,0,2,2,0,0,2,0,2,0,2,0,2,4,2,0,0,0,0,2,6,0,8,0,0,58,10,2,14,0,2,2,28,4,2,2,0,4,20,0,0,66
CHEMBL5567780,2,0,0,0,1,0,0,1,0,0,1,2,0,0,0,0,0,0,0,0,0,0,0,0,0,0,18,0,0,7,0,0,0,8,0,0,0,2,0,9,0,0,23
CHEMBL5567780,2,0,0,0,1,0,0,1,0,0,1,2,0,0,0,0,0,0,0,0,0,0,0,0,0,0,18,0,0,7,0,0,0,8,0,0,0,2,0,9,0,0,23
CHEMBL5568037,1,0,0,0,1,0,0,0,0,0,0,2,0,0,0,0,0,0,0,0,0,0,0,0,0,0,18,0,0,7,0,0,0,5,0,0,0,4,0,6,0,0,23
CHEMBL5568308,6,6,0,2,2,0,0,2,0,2,0,2,0,2,4,2,0,0,0,0,2,6,0,8,0,0,58,10,2,14,0,2,2,28,4,2,2,0,4,20,0,0,66
CHEMBL5568351,6,6,0,2,2,0,0,2,0,2,0,2,0,2,4,2,2,0,0,0,2,6,0,8,0,0,58,10,2,14,0,2,2,28,4,2,2,0,4,20,0,0,66
CHEMBL5568367,5,11,0,1,1,1,1,1,0,0,0,3,0,0,0,1,0,0,0,0,1,2,0,4,1,1,34,6,0,4,0,0,0,28,0,0,0,7,0,30,0,1,50
CHEMBL5568432,5,12,0,1,1,1,1,1,0,0,0,3,0,0,0,1,0,0,0,0,1,2,0,4,1,1,34,6,0,4,0,0,0,28,0,0,0,7,0,31,0,1,50
CHEMBL558103,2,2,0,0,1,0,0,1,0,1,0,0,0,1,2,2,0,0,0,0,0,0,0,0,0,0,12,1,1,2,0,0,0,5,0,0,0,1,0,3,0,1,16
CHEMBL56059,0,3,0,0,1,0,0,0,0,0,0,0,0,0,0,0,0,0,0,0,1,1,1,3,0,0,10,3,1,2,0,0,0,7,0,0,0,0,1,2,0,0,10
CHEMBL56367,0,0,0,0,0,0,0,0,0,0,0,0,0,0,0,0,0,0,0,0,0,0,0,0,1,1,12,0,0,2,0,0,0,5,2,1,1,3,0,5,0,0,15
CHEMBL572637,1,0,0,0,0,0,0,0,0,0,0,0,1,0,0,0,1,0,0,0,0,1,0,1,0,0,18,2,3,2,2,0,0,8,2,1,1,0,0,3,0,0,20
CHEMBL572637,1,0,0,0,0,0,0,0,0,0,0,0,1,0,0,0,1,0,0,0,0,1,0,1,0,0,18,2,3,2,2,0,0,8,2,1,1,0,0,3,0,0,20
CHEMBL574960,3,6,4,1,0,0,0,0,0,2,0,0,0,1,1,0,0,0,0,0,0,0,0,0,0,0,0,1,4,1,0,0,0,4,0,0,0,2,1,0,1,2,10
CHEMBL57513,0,3,0,0,1,0,0,0,0,0,0,0,0,0,0,0,0,0,0,0,1,1,0,3,0,0,10,3,1,2,0,0,0,7,0,0,0,0,1,2,0,0,10
CHEMBL576579,4,4,1,0,0,1,1,2,0,2,0,2,0,4,4,2,0,0,0,0,0,0,0,0,0,0,12,4,2,4,0,0,0,15,0,0,0,4,2,3,0,4,22
CHEMBL5770399,0,0,0,0,0,0,0,1,1,0,0,2,0,0,2,1,0,0,0,0,0,1,0,1,0,0,18,3,1,2,0,0,0,13,0,0,0,4,0,6,0,0,22
CHEMBL5808901,0,0,0,0,0,0,0,1,1,0,0,2,0,0,2,0,0,0,0,0,0,1,0,1,0,0,18,3,1,2,0,0,0,12,0,0,0,4,0,6,0,0,22
CHEMBL582837,2,5,2,2,2,1,1,0,0,0,0,2,0,0,3,0,0,0,0,0,0,0,0,0,0,0,0,2,2,2,0,0,0,7,0,0,0,1,2,3,2,0,11
CHEMBL583076,3,6,4,2,1,0,0,0,0,2,0,0,0,0,2,0,0,0,0,0,0,0,0,0,0,0,0,0,5,1,0,0,0,2,0,0,0,2,1,0,1,2,10
CHEMBL583076,3,6,4,2,1,0,0,0,0,2,0,0,0,0,2,0,0,0,0,0,0,0,0,0,0,0,0,0,5,1,0,0,0,2,0,0,0,2,1,0,1,2,10
CHEMBL583310,3,4,0,0,0,0,0,0,0,0,2,3,0,0,2,0,0,0,1,0,0,0,1,1,0,0,10,1,1,2,0,0,0,9,0,0,0,2,1,8,0,2,11
CHEMBL583989,3,2,1,0,1,0,0,0,0,0,1,2,0,0,1,0,0,0,0,0,0,0,0,0,0,0,6,1,0,2,0,1,1,6,0,0,0,2,0,6,1,1,13
CHEMBL586557,4,4,1,0,0,1,1,2,0,2,0,2,0,4,4,2,0,0,0,0,0,0,0,0,0,0,12,4,2,4,0,0,0,15,0,0,0,4,2,3,0,4,22
CHEMBL5873947,0,0,0,0,0,0,0,1,1,0,0,2,0,1,2,0,2,0,0,0,0,0,0,0,0,0,18,2,1,2,0,0,0,10,0,0,0,4,0,6,0,0,23
CHEMBL5875159,0,0,0,0,0,0,0,1,0,0,0,3,0,3,2,0,1,0,0,1,0,1,0,2,0,0,17,4,1,4,0,0,0,13,0,0,0,6,3,6,0,0,22
CHEMBL5887888,0,0,0,0,0,0,0,1,1,0,0,2,0,0,2,0,1,0,0,0,0,1,0,1,0,0,18,3,1,2,0,0,0,12,0,0,0,4,0,6,0,0,22
CHEMBL589247,0,0,0,0,0,0,0,0,0,0,0,0,1,0,0,1,0,0,0,0,1,2,0,3,0,0,17,3,0,0,2,0,0,7,0,0,0,0,1,3,0,0,15
CHEMBL589738,0,0,0,0,0,0,0,0,0,0,0,0,1,0,0,0,0,0,0,0,1,2,0,3,0,0,17,3,0,0,2,0,0,6,0,0,0,0,1,3,0,0,15
CHEMBL589974,0,0,0,0,0,0,0,0,0,0,0,0,1,0,0,0,1,0,0,0,1,2,0,3,0,0,17,3,0,0,2,0,0,6,0,0,0,0,1,3,0,0,15
CHEMBL5916153,0,0,0,0,0,0,0,1,1,0,0,2,0,0,2,1,0,0,0,0,0,0,0,0,0,0,18,2,1,2,0,0,0,11,0,0,0,4,0,6,0,0,23
CHEMBL592131,0,0,0,0,0,0,0,0,0,0,0,0,1,0,0,0,1,0,0,0,1,2,0,3,0,0,17,3,0,0,2,0,0,7,0,0,0,3,1,5,0,0,16
CHEMBL592376,0,0,0,0,0,0,0,0,0,0,0,0,1,0,0,0,0,0,0,0,1,2,0,3,0,0,17,3,0,0,2,0,0,7,0,0,0,3,1,5,0,0,16
CHEMBL592852,0,0,0,0,0,0,0,0,0,0,0,0,1,0,0,0,0,0,0,0,1,2,0,3,0,0,17,3,0,0,2,0,0,6,0,0,0,0,1,3,0,0,15
CHEMBL5946526,1,0,0,0,0,0,0,1,1,0,1,1,0,1,2,0,0,0,0,0,0,0,0,0,1,1,12,0,0,6,0,0,0,7,0,0,0,3,1,7,0,0,14
CHEMBL596779,0,0,0,0,0,0,0,0,0,0,0,0,1,0,0,0,0,0,0,0,1,2,0,3,0,0,17,3,0,0,2,0,0,9,0,0,0,0,1,6,0,0,17
CHEMBL597403,2,0,0,1,0,0,0,0,0,0,0,0,1,0,0,0,0,0,0,0,1,2,0,3,0,0,17,3,0,0,0,0,0,7,0,0,0,3,1,6,0,0,17
CHEMBL597416,2,0,0,1,0,0,0,0,0,0,0,0,1,0,0,1,1,0,0,0,1,2,0,3,0,0,17,3,0,0,0,0,0,7,0,0,0,0,1,4,0,0,16
CHEMBL597606,0,0,0,0,0,0,0,0,0,0,0,0,1,0,0,1,0,0,0,0,1,2,0,3,0,0,17,3,0,0,2,0,0,7,0,0,0,0,1,3,0,0,15
CHEMBL597808,0,0,0,0,0,0,0,0,0,0,0,0,1,0,0,1,1,0,0,0,1,2,0,3,0,0,17,3,0,0,2,0,0,7,0,0,0,0,1,3,0,0,15
CHEMBL598009,0,0,0,0,0,0,0,0,0,0,0,0,0,0,0,0,1,0,0,0,1,2,0,3,0,0,17,3,0,0,0,0,0,6,0,0,0,3,1,5,0,0,16
CHEMBL598020,0,0,0,0,0,0,0,0,0,0,0,0,1,0,0,1,1,0,0,0,1,2,0,3,0,0,17,3,0,0,2,0,0,7,0,0,0,0,1,3,0,0,15
CHEMBL598199,0,0,0,0,0,0,0,0,0,0,0,0,1,0,0,0,0,0,0,0,1,2,0,3,0,0,17,3,0,0,2,0,0,7,0,0,0,3,1,5,0,0,16
CHEMBL598211,0,0,0,0,0,0,0,0,0,0,0,0,1,0,0,0,1,0,0,0,1,2,0,3,0,0,17,3,0,0,2,0,0,7,0,0,0,3,1,5,0,0,16
CHEMBL598212,0,0,0,0,0,0,0,0,0,0,0,0,1,0,0,0,1,0,0,0,1,2,0,3,0,0,17,3,0,0,2,0,0,7,0,0,0,3,1,5,0,0,16
CHEMBL598223,0,0,0,0,0,0,0,0,0,0,0,0,1,0,0,1,1,0,0,0,1,2,0,3,0,0,17,3,0,0,2,0,0,7,0,0,0,0,1,3,0,0,15
CHEMBL598224,2,0,0,1,0,0,0,0,0,0,0,0,1,0,0,0,0,0,0,0,1,2,0,3,0,0,17,3,0,0,0,0,0,6,0,0,0,0,1,4,0,0,16
CHEMBL598627,0,0,0,0,0,0,0,0,0,0,0,0,1,0,0,0,0,0,0,0,1,2,0,3,0,0,17,3,0,0,2,0,0,7,0,0,0,3,1,5,0,0,16
CHEMBL598628,0,0,0,0,0,0,0,0,0,0,0,0,1,0,0,0,1,0,0,0,1,2,0,3,0,0,17,3,0,0,2,0,0,7,0,0,0,3,1,5,0,0,16
CHEMBL598629,0,0,0,0,0,0,0,0,0,0,0,0,0,0,0,0,0,0,0,0,1,2,0,3,0,0,17,3,0,0,0,0,0,6,0,0,0,3,1,5,0,0,16
CHEMBL598846,0,0,0,0,0,0,0,0,0,0,0,0,1,0,0,1,1,0,0,0,1,2,0,3,0,0,17,3,0,0,2,0,0,7,0,0,0,0,1,3,0,0,15
CHEMBL598847,0,0,0,0,0,0,0,0,0,0,0,0,0,0,0,0,0,0,0,0,1,2,0,3,0,0,17,3,0,0,0,0,0,5,0,0,0,0,1,3,0,0,15
CHEMBL599238,0,0,0,0,0,0,0,0,0,0,0,0,1,0,0,0,1,0,0,0,1,2,0,3,0,0,17,3,0,0,2,0,0,9,0,0,0,0,1,6,0,0,17
CHEMBL599239,0,0,0,0,0,0,0,0,0,0,0,0,1,0,0,0,1,0,0,0,1,2,0,3,0,0,17,3,0,0,2,0,0,7,0,0,0,3,1,5,0,0,16
CHEMBL599442,0,0,0,0,0,0,0,0,0,0,0,0,1,0,0,0,1,0,0,0,1,2,0,3,0,0,17,3,0,0,2,0,0,7,0,0,0,3,1,5,0,0,16
CHEMBL599455,0,0,0,0,0,0,0,0,0,0,0,0,1,0,0,0,0,0,0,0,1,2,0,3,0,0,17,3,0,0,2,0,0,6,0,0,0,0,1,3,0,0,15
CHEMBL599456,0,0,0,0,0,0,0,0,0,0,0,0,1,0,0,0,0,1,0,0,1,2,0,3,0,0,17,3,0,0,2,0,0,6,0,0,0,0,1,3,0,0,15
CHEMBL599864,0,0,0,0,0,0,0,0,0,0,0,0,1,0,0,1,1,0,0,0,1,2,0,3,0,0,17,3,0,0,2,0,0,7,0,0,0,0,1,3,0,0,15
CHEMBL601840,0,0,0,0,0,0,0,0,0,0,0,0,1,0,0,1,0,0,0,0,1,2,0,3,0,0,17,3,0,0,2,0,0,7,0,0,0,0,1,3,0,0,15
CHEMBL6031073,1,0,0,0,0,0,0,0,1,0,0,2,0,0,0,0,0,0,0,0,0,0,0,0,0,0,12,0,0,0,0,0,0,9,0,0,0,4,0,8,0,0,18
CHEMBL60376,1,0,0,0,0,0,0,0,0,0,0,1,0,0,2,0,0,0,1,0,1,0,0,1,0,0,10,1,1,2,0,0,0,4,0,0,0,0,1,0,0,0,10
CHEMBL604716,2,0,0,1,0,0,0,0,0,0,0,0,1,0,0,0,1,0,0,0,1,2,0,3,0,0,17,3,0,0,0,0,0,7,0,0,0,3,1,6,0,0,17
CHEMBL605418,2,0,0,1,0,0,0,0,0,0,0,0,1,0,0,1,0,0,0,0,1,2,0,3,0,0,17,3,0,0,0,0,0,7,0,0,0,0,1,4,0,0,16
CHEMBL607855,0,0,0,0,0,0,0,0,0,0,0,0,1,0,0,1,0,0,0,0,1,2,0,3,0,0,17,3,0,0,2,0,0,7,0,0,0,0,1,3,0,0,15
CHEMBL608153,0,0,0,0,0,0,0,0,0,0,0,0,1,0,0,0,0,0,0,0,1,2,0,3,0,0,17,3,0,0,2,0,0,6,0,0,0,0,1,3,0,0,15
CHEMBL609332,0,0,0,0,0,0,0,0,0,0,0,0,1,0,0,1,1,0,0,0,1,2,0,3,0,0,17,3,0,0,2,0,0,7,0,0,0,0,1,3,0,0,15
CHEMBL609333,0,0,0,0,0,0,0,0,0,0,0,0,2,0,0,0,0,0,0,0,1,2,0,3,0,0,17,3,0,0,4,0,0,7,0,0,0,0,1,3,0,0,15
CHEMBL609618,0,0,0,0,0,0,0,0,0,0,0,0,1,0,0,0,0,0,0,0,1,2,0,3,0,0,17,3,0,0,2,0,0,7,0,0,0,3,1,5,0,0,16
CHEMBL62811,0,2,0,0,0,0,0,0,0,0,0,1,0,0,0,0,0,0,0,0,0,1,0,1,0,0,12,2,1,0,0,0,0,5,0,0,0,2,0,1,0,0,13
CHEMBL63297,0,1,0,0,0,0,0,1,0,0,0,0,0,0,0,0,0,1,0,0,1,2,0,3,0,0,17,4,1,0,0,0,0,7,0,0,0,0,1,3,0,0,17
CHEMBL63336,0,2,3,0,0,0,0,1,0,0,0,0,0,0,0,0,0,0,0,0,0,1,0,1,0,0,12,1,3,0,0,0,0,4,0,0,0,0,1,2,0,0,14
CHEMBL65328,1,1,0,0,0,0,0,1,0,0,0,0,0,0,0,0,0,0,0,0,1,2,0,3,0,0,17,4,1,0,0,0,0,7,0,0,0,0,1,3,0,0,17
CHEMBL65549,0,1,0,0,0,0,0,1,0,0,0,0,0,0,0,0,2,0,0,0,1,3,0,4,0,0,17,5,1,0,0,0,0,5,0,0,0,0,2,3,0,0,16
CHEMBL65590,0,2,3,0,0,0,0,0,0,0,0,0,0,0,0,1,0,0,0,0,0,1,0,1,0,0,12,1,3,0,0,0,0,3,0,0,0,0,1,1,0,0,14
CHEMBL66673,0,2,3,0,0,0,0,1,0,0,0,0,0,0,0,0,0,0,0,0,0,1,0,1,0,0,12,1,3,0,0,0,0,4,0,0,0,0,1,2,0,0,14
CHEMBL66775,2,7,3,2,1,0,0,0,0,2,0,0,0,0,2,0,0,0,0,0,0,0,0,0,0,0,0,0,5,1,0,0,0,3,0,0,0,2,1,0,1,1,10
CHEMBL66867,1,2,2,1,0,0,0,1,0,0,0,0,0,0,0,0,0,0,0,0,0,1,0,1,0,0,12,1,3,0,0,0,0,4,0,0,0,0,0,2,0,0,14
CHEMBL67441,1,8,3,1,1,0,0,0,0,2,0,0,0,0,2,0,0,0,0,0,0,0,0,0,0,0,0,0,5,1,0,0,0,3,0,0,0,2,1,0,1,2,9
CHEMBL67456,1,8,3,1,1,1,1,0,0,1,0,0,0,0,2,0,0,0,0,0,0,0,0,0,0,0,0,0,5,1,0,0,0,3,0,0,0,1,1,0,1,1,9
CHEMBL67842,0,2,3,0,0,0,0,1,0,0,0,0,0,0,0,0,0,0,0,0,0,1,0,1,0,0,12,1,3,0,0,0,0,4,0,0,0,0,1,2,0,0,14
CHEMBL68674,2,9,3,2,1,1,1,0,0,0,0,0,0,0,0,0,0,0,0,0,0,0,0,0,0,0,0,0,5,0,0,0,0,1,0,0,0,0,0,0,0,0,8
CHEMBL68674,2,9,3,2,1,1,1,0,0,0,0,0,0,0,0,0,0,0,0,0,0,0,0,0,0,0,0,0,5,0,0,0,0,1,0,0,0,0,0,0,0,0,8
CHEMBL69011,0,0,0,0,1,0,0,0,1,0,0,0,0,0,0,0,0,0,0,0,0,0,0,0,0,0,12,0,0,4,0,1,1,1,0,0,0,0,0,2,0,0,14
CHEMBL69891,3,10,4,2,1,1,1,0,0,0,0,0,0,0,0,0,0,0,0,0,0,0,0,0,0,0,0,0,5,0,0,0,0,1,0,0,0,0,0,2,0,0,9
CHEMBL69891,3,10,4,2,1,1,1,0,0,0,0,0,0,0,0,0,0,0,0,0,0,0,0,0,0,0,0,0,5,0,0,0,0,1,0,0,0,0,0,2,0,0,9
CHEMBL70317,3,10,4,2,1,0,0,0,0,1,0,0,0,0,0,0,0,0,0,0,0,0,0,0,0,0,0,0,5,0,0,0,0,1,0,0,0,1,0,2,0,1,9
CHEMBL70317,3,10,4,2,1,0,0,0,0,1,0,0,0,0,0,0,0,0,0,0,0,0,0,0,0,0,0,0,5,0,0,0,0,1,0,0,0,1,0,2,0,1,9
CHEMBL70367,2,8,3,2,1,0,0,0,0,2,0,0,0,0,2,0,0,0,0,0,0,0,0,0,0,0,0,0,5,1,0,0,0,2,0,0,0,2,1,0,1,2,9
CHEMBL70367,2,8,3,2,1,0,0,0,0,2,0,0,0,0,2,0,0,0,0,0,0,0,0,0,0,0,0,0,5,1,0,0,0,2,0,0,0,2,1,0,1,2,9
CHEMBL70436,3,9,4,2,1,0,0,0,0,1,0,0,0,0,0,0,0,0,0,0,0,0,0,0,0,0,0,0,5,0,0,0,0,1,0,0,0,1,0,1,0,1,9
CHEMBL70436,3,9,4,2,1,0,0,0,0,1,0,0,0,0,0,0,0,0,0,0,0,0,0,0,0,0,0,0,5,0,0,0,0,1,0,0,0,1,0,1,0,1,9
CHEMBL70611,0,2,0,0,0,0,0,0,1,0,0,0,0,0,0,0,1,0,0,0,1,1,0,2,0,0,17,4,0,0,0,0,0,12,0,0,0,0,1,8,0,0,18
CHEMBL70901,0,7,1,1,0,0,0,0,1,0,0,2,0,0,0,0,0,0,0,0,0,0,0,0,0,0,6,1,0,0,0,0,0,5,0,0,0,3,0,2,0,0,11
CHEMBL70959,3,8,4,2,1,1,1,0,0,0,0,0,0,0,0,0,0,0,0,0,0,0,0,0,0,0,0,0,5,0,0,0,0,1,0,0,0,0,0,0,0,0,9
CHEMBL70959,3,8,4,2,1,1,1,0,0,0,0,0,0,0,0,0,0,0,0,0,0,0,0,0,0,0,0,0,5,0,0,0,0,1,0,0,0,0,0,0,0,0,9
CHEMBL71082,1,8,4,1,1,0,0,0,0,2,0,0,0,0,2,0,0,0,0,0,0,0,0,0,0,0,0,0,5,1,0,0,0,2,0,0,0,2,1,0,1,2,9
CHEMBL71082,1,8,4,1,1,0,0,0,0,2,0,0,0,0,2,0,0,0,0,0,0,0,0,0,0,0,0,0,5,1,0,0,0,2,0,0,0,2,1,0,1,2,9
CHEMBL71117,2,7,3,2,2,1,1,0,0,0,0,0,0,0,0,0,0,0,0,0,0,0,0,0,0,0,0,0,5,1,0,1,1,1,0,0,0,0,0,0,0,0,10
CHEMBL71117,2,7,3,2,2,1,1,0,0,0,0,0,0,0,0,0,0,0,0,0,0,0,0,0,0,0,0,0,5,1,0,1,1,1,0,0,0,0,0,0,0,0,10
CHEMBL71152,2,7,3,2,2,0,0,0,0,1,0,0,0,0,0,0,0,0,0,0,0,0,0,0,0,0,0,0,5,1,0,1,1,1,0,0,0,1,0,0,0,1,10
CHEMBL71152,2,7,3,2,2,0,0,0,0,1,0,0,0,0,0,0,0,0,0,0,0,0,0,0,0,0,0,0,5,1,0,1,1,1,0,0,0,1,0,0,0,1,10
CHEMBL71169,1,8,3,2,1,0,0,0,0,2,0,0,0,0,2,0,0,0,0,0,0,0,0,0,0,0,0,0,5,1,0,0,0,3,0,0,0,2,1,1,1,2,10
CHEMBL71169,1,8,3,2,1,0,0,0,0,2,0,0,0,0,2,0,0,0,0,0,0,0,0,0,0,0,0,0,5,1,0,0,0,3,0,0,0,2,1,1,1,2,10
CHEMBL71363,2,8,3,2,1,0,0,0,0,1,0,0,0,0,0,0,0,0,0,0,0,0,0,0,0,0,0,0,5,0,0,0,0,1,0,0,0,1,0,0,0,0,9
CHEMBL71363,2,8,3,2,1,0,0,0,0,1,0,0,0,0,0,0,0,0,0,0,0,0,0,0,0,0,0,0,5,0,0,0,0,1,0,0,0,1,0,0,0,0,9
CHEMBL71612,1,6,4,1,2,0,0,0,0,2,0,0,0,0,2,0,0,0,0,0,0,0,0,0,0,0,0,0,5,2,0,1,1,2,0,0,0,2,1,0,1,2,11
CHEMBL71612,1,6,4,1,2,0,0,0,0,2,0,0,0,0,2,0,0,0,0,0,0,0,0,0,0,0,0,0,5,2,0,1,1,2,0,0,0,2,1,0,1,2,11
CHEMBL7162,0,5,0,0,0,0,0,1,0,0,0,0,0,0,0,0,0,0,0,0,0,0,0,0,1,1,6,0,0,2,0,0,0,5,2,1,1,3,0,5,0,0,10
CHEMBL71736,1,9,3,2,1,0,0,0,0,1,0,0,0,0,0,0,0,0,0,0,0,0,0,0,0,0,0,0,5,0,0,0,0,2,0,0,0,1,0,1,0,1,9
CHEMBL71736,1,9,3,2,1,0,0,0,0,1,0,0,0,0,0,0,0,0,0,0,0,0,0,0,0,0,0,0,5,0,0,0,0,2,0,0,0,1,0,1,0,1,9
CHEMBL72056,3,15,4,2,1,1,1,0,0,0,0,0,0,0,0,0,0,0,0,0,0,0,0,0,0,0,0,0,5,0,0,0,0,1,0,0,0,0,0,7,0,0,9
CHEMBL72228,3,8,3,2,1,0,0,0,0,1,1,1,0,0,0,0,0,0,0,0,0,0,0,0,0,0,0,0,5,0,0,0,0,4,0,0,0,2,0,2,0,2,10
CHEMBL72228,3,8,3,2,1,0,0,0,0,1,1,1,0,0,0,0,0,0,0,0,0,0,0,0,0,0,0,0,5,0,0,0,0,4,0,0,0,2,0,2,0,2,10
CHEMBL72415,3,12,4,2,1,0,0,0,0,1,0,0,0,0,0,0,0,0,0,0,0,0,0,0,0,0,0,0,5,0,0,0,0,1,0,0,0,1,0,4,0,1,9
CHEMBL72415,3,12,4,2,1,0,0,0,0,1,0,0,0,0,0,0,0,0,0,0,0,0,0,0,0,0,0,0,5,0,0,0,0,1,0,0,0,1,0,4,0,1,9
CHEMBL72538,3,15,4,2,1,0,0,0,0,1,0,0,0,0,0,0,0,0,0,0,0,0,0,0,0,0,0,0,5,0,0,0,0,1,0,0,0,1,0,7,0,1,9
CHEMBL72538,3,15,4,2,1,0,0,0,0,1,0,0,0,0,0,0,0,0,0,0,0,0,0,0,0,0,0,0,5,0,0,0,0,1,0,0,0,1,0,7,0,1,9
CHEMBL73071,3,10,4,2,1,1,1,0,0,0,0,0,0,0,0,0,0,0,0,0,0,0,0,0,0,0,0,0,5,0,0,0,0,1,0,0,0,0,0,2,0,0,9
CHEMBL73071,3,10,4,2,1,1,1,0,0,0,0,0,0,0,0,0,0,0,0,0,0,0,0,0,0,0,0,0,5,0,0,0,0,1,0,0,0,0,0,2,0,0,9
CHEMBL73219,3,12,4,2,1,1,1,0,0,0,0,0,0,0,0,0,0,0,0,0,0,0,0,0,0,0,0,0,5,0,0,0,0,1,0,0,0,0,0,4,0,0,9
CHEMBL73219,3,12,4,2,1,1,1,0,0,0,0,0,0,0,0,0,0,0,0,0,0,0,0,0,0,0,0,0,5,0,0,0,0,1,0,0,0,0,0,4,0,0,9
CHEMBL73279,2,9,3,2,1,1,1,0,0,0,0,0,0,0,0,0,0,0,0,0,0,0,0,0,0,0,0,0,5,0,0,0,0,1,0,0,0,0,0,0,0,0,8
CHEMBL73279,2,9,3,2,1,1,1,0,0,0,0,0,0,0,0,0,0,0,0,0,0,0,0,0,0,0,0,0,5,0,0,0,0,1,0,0,0,0,0,0,0,0,8
CHEMBL73367,3,8,4,2,1,1,1,0,0,0,0,0,0,0,0,0,0,0,0,0,0,0,0,0,0,0,0,0,5,0,0,0,0,1,0,0,0,0,0,0,0,0,9
CHEMBL73367,3,8,4,2,1,1,1,0,0,0,0,0,0,0,0,0,0,0,0,0,0,0,0,0,0,0,0,0,5,0,0,0,0,1,0,0,0,0,0,0,0,0,9
CHEMBL73368,3,15,4,2,1,1,1,0,0,0,0,0,0,0,0,0,0,0,0,0,0,0,0,0,0,0,0,0,5,0,0,0,0,1,0,0,0,0,0,7,0,0,9
CHEMBL73993,2,8,3,2,1,1,1,0,0,1,0,0,0,0,0,0,0,0,0,0,0,0,0,0,0,0,0,0,5,0,0,0,0,2,0,0,0,1,0,0,0,1,9
CHEMBL73993,2,8,3,2,1,1,1,0,0,1,0,0,0,0,0,0,0,0,0,0,0,0,0,0,0,0,0,0,5,0,0,0,0,2,0,0,0,1,0,0,0,1,9
CHEMBL74295,3,15,4,2,1,0,0,0,0,1,0,0,0,0,0,0,0,0,0,0,0,0,0,0,0,0,0,0,5,0,0,0,0,1,0,0,0,1,0,7,0,1,9
CHEMBL74295,3,15,4,2,1,0,0,0,0,1,0,0,0,0,0,0,0,0,0,0,0,0,0,0,0,0,0,0,5,0,0,0,0,1,0,0,0,1,0,7,0,1,9
CHEMBL74339,3,9,4,2,1,1,1,0,0,0,0,0,0,0,0,0,0,0,0,0,0,0,0,0,0,0,0,0,5,0,0,0,0,1,0,0,0,0,0,1,0,0,9
CHEMBL74339,3,9,4,2,1,1,1,0,0,0,0,0,0,0,0,0,0,0,0,0,0,0,0,0,0,0,0,0,5,0,0,0,0,1,0,0,0,0,0,1,0,0,9
CHEMBL75267,0,0,0,0,0,0,0,0,0,0,0,0,0,2,3,2,0,0,1,0,0,0,1,1,0,0,16,1,1,3,0,0,0,5,0,0,0,0,0,1,0,0,15
CHEMBL76904,0,0,0,0,1,0,0,0,0,0,0,0,2,0,0,2,0,0,0,0,0,0,0,0,0,0,6,0,0,4,2,0,0,4,0,0,0,0,0,1,2,0,8
CHEMBL78322,0,0,0,0,0,0,0,0,0,0,0,0,0,2,5,0,0,0,1,0,1,1,1,3,0,0,19,3,2,4,0,0,0,8,0,0,0,0,2,2,0,0,17
CHEMBL81134,2,8,3,2,1,0,0,0,0,1,0,0,0,0,0,0,0,0,0,0,0,0,0,0,0,0,0,0,5,0,0,0,0,1,0,0,0,1,0,0,0,0,9
CHEMBL81134,2,8,3,2,1,0,0,0,0,1,0,0,0,0,0,0,0,0,0,0,0,0,0,0,0,0,0,0,5,0,0,0,0,1,0,0,0,1,0,0,0,0,9
CHEMBL81255,2,9,3,2,1,1,0,0,0,0,1,1,0,0,0,0,0,0,0,0,0,0,0,0,0,0,0,0,5,0,0,0,0,4,0,0,0,1,0,3,0,1,9
CHEMBL8145,0,0,0,0,0,0,0,0,0,0,0,0,0,2,2,2,0,0,1,0,0,0,1,1,0,0,16,1,1,3,0,0,0,5,0,0,0,0,0,1,0,0,15
CHEMBL81948,0,0,0,0,0,0,0,0,0,0,0,0,0,0,0,0,0,0,0,0,0,1,1,2,0,0,11,2,0,0,0,0,0,2,0,0,0,0,0,1,0,0,9
CHEMBL8254,3,7,4,2,2,0,0,0,0,2,0,0,0,0,3,0,0,0,0,0,0,0,0,0,0,0,0,0,5,2,0,1,1,2,0,0,0,2,1,2,2,1,12
CHEMBL8254,3,7,4,2,2,0,0,0,0,2,0,0,0,0,3,0,0,0,0,0,0,0,0,0,0,0,0,0,5,2,0,1,1,2,0,0,0,2,1,2,2,1,12
CHEMBL82981,1,9,3,2,1,1,1,0,0,1,0,0,0,0,0,0,0,0,0,0,0,0,0,0,0,0,0,0,5,0,0,0,0,2,0,0,0,1,0,1,0,1,9
CHEMBL82981,1,9,3,2,1,1,1,0,0,1,0,0,0,0,0,0,0,0,0,0,0,0,0,0,0,0,0,0,5,0,0,0,0,2,0,0,0,1,0,1,0,1,9
CHEMBL83,1,1,0,0,1,0,0,1,1,0,0,0,0,0,0,0,0,0,0,0,0,0,0,0,0,0,18,0,0,6,0,0,0,5,0,0,0,0,0,8,0,0,21
CHEMBL8313,3,6,4,2,2,0,0,0,0,2,0,0,0,0,3,0,0,0,0,0,0,0,0,0,0,0,0,0,5,2,0,1,1,2,0,0,0,2,1,1,2,1,12
CHEMBL8313,3,6,4,2,2,0,0,0,0,2,0,0,0,0,3,0,0,0,0,0,0,0,0,0,0,0,0,0,5,2,0,1,1,2,0,0,0,2,1,1,2,1,12
CHEMBL8315,3,5,4,2,2,0,0,0,0,2,0,0,0,0,3,0,0,0,0,0,0,0,0,0,0,0,0,0,5,2,0,1,1,2,0,0,0,2,1,0,2,1,12
CHEMBL8315,3,5,4,2,2,0,0,0,0,2,0,0,0,0,3,0,0,0,0,0,0,0,0,0,0,0,0,0,5,2,0,1,1,2,0,0,0,2,1,0,2,1,12
CHEMBL8333,3,7,4,2,2,0,0,0,0,2,0,0,0,0,3,0,0,0,0,0,0,0,0,0,0,0,0,0,5,2,0,1,1,2,0,0,0,2,1,2,2,1,12
CHEMBL8333,3,7,4,2,2,0,0,0,0,2,0,0,0,0,3,0,0,0,0,0,0,0,0,0,0,0,0,0,5,2,0,1,1,2,0,0,0,2,1,2,2,1,12
CHEMBL83422,2,8,3,2,1,0,0,0,0,1,0,0,0,0,0,0,0,0,0,0,0,0,0,0,0,0,0,0,5,0,0,0,0,1,0,0,0,1,0,0,0,0,9
CHEMBL83422,2,8,3,2,1,0,0,0,0,1,0,0,0,0,0,0,0,0,0,0,0,0,0,0,0,0,0,0,5,0,0,0,0,1,0,0,0,1,0,0,0,0,9
CHEMBL83527,0,0,0,0,1,0,0,2,0,0,0,0,0,0,0,1,0,0,0,0,0,0,0,0,0,0,12,0,0,4,0,1,1,5,0,0,0,0,0,4,0,0,14
CHEMBL83835,1,9,3,2,1,0,0,0,0,1,0,0,0,0,0,0,0,0,0,0,0,0,0,0,0,0,0,0,5,0,0,0,0,1,0,0,0,1,0,1,0,1,9
CHEMBL83835,1,9,3,2,1,0,0,0,0,1,0,0,0,0,0,0,0,0,0,0,0,0,0,0,0,0,0,0,5,0,0,0,0,1,0,0,0,1,0,1,0,1,9
CHEMBL8417,3,8,4,2,2,0,0,0,0,2,0,0,0,0,3,0,0,0,0,0,0,0,0,0,0,0,0,0,5,2,0,1,1,2,0,0,0,2,1,3,2,1,12
CHEMBL8417,3,8,4,2,2,0,0,0,0,2,0,0,0,0,3,0,0,0,0,0,0,0,0,0,0,0,0,0,5,2,0,1,1,2,0,0,0,2,1,3,2,1,12
CHEMBL84230,2,8,4,2,1,0,0,0,0,1,0,0,0,0,0,0,0,0,0,0,0,1,0,1,0,0,6,1,5,2,0,0,0,3,0,0,0,1,0,1,0,2,14
CHEMBL8498,3,6,4,2,2,0,0,0,0,2,0,0,0,0,3,0,0,0,0,0,0,0,0,0,0,0,0,0,5,2,0,1,1,2,0,0,0,2,1,1,2,1,12
CHEMBL8498,3,6,4,2,2,0,0,0,0,2,0,0,0,0,3,0,0,0,0,0,0,0,0,0,0,0,0,0,5,2,0,1,1,2,0,0,0,2,1,1,2,1,12
CHEMBL8646,3,8,4,2,2,0,0,0,0,2,0,0,0,0,3,0,0,0,0,0,0,0,0,0,0,0,0,0,5,2,0,1,1,2,0,0,0,2,1,3,2,1,12
CHEMBL8646,3,8,4,2,2,0,0,0,0,2,0,0,0,0,3,0,0,0,0,0,0,0,0,0,0,0,0,0,5,2,0,1,1,2,0,0,0,2,1,3,2,1,12
CHEMBL8659,1,14,0,0,1,0,0,0,0,0,0,1,0,0,0,0,0,0,0,0,0,0,0,0,0,0,0,0,0,0,0,1,1,2,0,0,0,2,0,15,0,0,3
CHEMBL86928,0,2,0,0,0,0,0,3,1,0,0,0,0,0,0,0,0,0,0,0,0,0,0,0,0,0,12,0,0,0,0,0,0,7,0,0,0,0,0,6,0,0,12
CHEMBL87333,0,0,0,0,1,0,0,0,0,0,0,0,0,0,0,3,0,0,0,0,0,0,0,0,0,0,12,0,0,4,0,1,1,3,0,0,0,0,0,2,0,0,14
CHEMBL8739,1,10,0,0,3,0,0,0,0,0,0,1,0,0,0,0,0,0,0,0,0,0,0,0,0,0,0,0,0,0,0,3,3,2,0,0,0,2,0,13,0,0,7
CHEMBL87477,0,0,0,0,1,0,0,3,1,0,0,0,0,0,0,0,0,0,0,0,0,0,0,0,0,0,12,0,0,4,0,1,1,7,0,0,0,0,0,5,0,0,14
CHEMBL88169,0,1,0,0,0,0,0,2,0,1,0,0,0,2,2,3,0,0,0,0,0,0,0,0,0,0,12,1,1,2,0,0,0,8,0,0,0,1,1,2,0,1,14
CHEMBL88233,0,3,1,0,0,0,0,1,0,1,0,0,0,0,3,0,0,0,0,0,0,1,0,1,0,0,12,1,1,2,0,0,0,5,0,0,0,1,2,3,0,1,13
CHEMBL88412,1,9,0,1,0,0,0,0,0,0,0,2,0,0,0,0,0,0,0,0,0,1,0,1,0,0,6,2,0,0,0,0,0,6,0,0,0,3,0,8,0,0,9
CHEMBL88421,2,10,0,1,0,0,0,0,0,0,0,2,0,0,0,0,0,0,0,0,0,1,0,1,0,0,6,2,0,0,0,0,0,7,0,0,0,1,0,10,0,1,9
CHEMBL88842,1,5,0,1,0,0,0,0,0,0,0,2,0,0,0,0,0,0,0,0,0,1,0,1,0,0,6,2,0,0,0,0,0,6,0,0,0,3,0,4,0,0,9
CHEMBL88918,2,9,0,1,0,0,0,0,0,0,0,2,0,0,0,0,0,0,0,0,0,1,0,1,0,0,6,2,0,0,0,0,0,7,0,0,0,1,0,9,0,1,9
CHEMBL89046,1,2,0,1,0,0,0,0,0,0,0,2,0,0,0,0,0,0,0,0,0,1,0,1,0,0,6,2,0,0,0,0,0,6,0,0,0,3,0,1,0,0,9
CHEMBL89102,1,6,0,1,0,0,0,0,0,0,0,2,0,0,0,0,0,0,0,0,0,1,0,1,0,0,6,2,0,0,0,0,0,6,0,0,0,3,0,5,0,0,9
CHEMBL90077,0,3,1,0,0,0,0,0,0,1,0,0,0,0,3,1,0,0,0,0,0,1,0,1,0,0,12,1,1,2,0,0,0,4,0,0,0,1,2,2,0,1,13
CHEMBL90427,0,3,1,0,0,0,0,1,0,1,0,0,0,0,3,0,0,0,0,0,0,1,0,1,0,0,12,1,1,2,0,0,0,5,0,0,0,1,2,3,0,1,13
CHEMBL90585,0,2,0,0,1,0,0,0,0,1,0,0,0,0,4,0,0,0,0,0,0,1,0,1,0,0,12,1,1,5,0,0,0,3,0,0,0,0,2,1,1,0,14
CHEMBL90856,2,11,0,1,0,0,0,0,0,0,0,2,0,0,0,0,0,0,0,0,0,1,0,1,0,0,6,2,0,0,0,0,0,7,0,0,0,1,0,11,0,1,9
CHEMBL91,0,0,0,0,0,0,0,0,0,0,0,0,0,0,0,0,4,0,0,0,1,1,0,2,0,0,17,2,0,0,0,0,0,7,0,0,0,0,1,6,0,0,17
CHEMBL91101,0,2,0,0,1,0,0,1,0,1,0,0,0,0,4,0,0,0,0,0,0,1,0,1,0,0,12,1,1,5,0,0,0,5,0,0,0,0,2,2,1,0,14
CHEMBL91363,1,10,0,1,0,0,0,0,0,0,0,2,0,0,0,0,0,0,0,0,0,1,0,1,0,0,6,2,0,0,0,0,0,6,0,0,0,3,0,9,0,0,9
CHEMBL9165,0,0,1,0,1,0,0,0,0,1,0,0,0,0,2,0,1,0,0,0,1,1,0,2,0,0,17,2,1,5,0,0,0,6,0,0,0,0,2,2,1,0,20
CHEMBL9165,0,0,1,0,1,0,0,0,0,1,0,0,0,0,2,0,1,0,0,0,1,1,0,2,0,0,17,2,1,5,0,0,0,6,0,0,0,0,2,2,1,0,20
CHEMBL9179,0,0,1,0,1,0,0,0,0,1,0,0,0,0,4,0,0,0,0,0,0,1,0,1,0,0,18,1,1,5,0,0,0,3,0,0,0,0,2,2,1,0,21
CHEMBL9179,0,0,1,0,1,0,0,0,0,1,0,0,0,0,4,0,0,0,0,0,0,1,0,1,0,0,18,1,1,5,0,0,0,3,0,0,0,0,2,2,1,0,21
CHEMBL91818,0,3,1,0,0,0,0,0,0,1,0,0,0,0,3,1,0,0,0,0,0,1,0,1,0,0,12,1,1,2,0,0,0,4,0,0,0,1,2,2,0,1,13
CHEMBL91992,0,2,0,0,1,0,0,0,0,1,0,0,0,0,4,1,0,0,0,0,0,1,0,1,0,0,12,1,1,5,0,0,0,4,0,0,0,0,2,1,1,0,14
CHEMBL92065,0,3,1,0,0,0,0,0,0,1,0,0,0,0,3,0,0,0,0,0,0,1,0,1,0,0,12,1,1,2,0,0,0,3,0,0,0,1,2,2,0,1,13
CHEMBL92488,0,2,0,0,1,0,0,0,0,1,0,0,0,0,4,1,0,0,0,0,0,1,0,1,0,0,12,1,1,5,0,0,0,4,0,0,0,0,2,1,1,0,14
CHEMBL9298,0,3,0,0,0,0,0,0,0,0,0,0,1,0,0,0,0,0,0,0,1,1,0,2,0,0,11,2,1,0,2,0,0,6,0,0,0,0,1,1,0,0,11
CHEMBL9298,0,3,0,0,0,0,0,0,0,0,0,0,1,0,0,0,0,0,0,0,1,1,0,2,0,0,11,2,1,0,2,0,0,6,0,0,0,0,1,1,0,0,11
CHEMBL9323,0,0,0,0,0,1,1,1,0,1,0,0,0,2,2,3,0,0,0,0,0,0,0,0,0,0,12,1,1,2,0,0,0,7,0,0,0,1,1,1,0,0,15
CHEMBL934,2,0,0,1,0,0,0,0,0,1,0,0,0,1,1,0,0,0,0,0,0,2,0,2,0,0,12,2,0,2,0,0,0,5,0,0,0,0,0,3,0,0,12
CHEMBL9352,0,1,0,0,0,0,0,1,0,1,0,0,0,2,2,3,0,0,0,0,0,0,0,0,0,0,12,1,1,2,0,0,0,6,0,0,0,1,1,1,0,1,14
CHEMBL93666,0,3,1,0,0,0,0,1,0,1,0,0,0,0,3,0,0,0,0,0,0,1,0,1,0,0,12,1,1,2,0,0,0,5,0,0,0,1,2,3,0,1,13
CHEMBL93828,0,3,1,0,0,0,0,0,0,1,0,0,0,0,3,1,0,0,0,0,0,1,0,1,0,0,12,1,1,2,0,0,0,4,0,0,0,1,2,2,0,1,13
CHEMBL9400,2,7,3,2,2,0,0,0,0,2,0,0,0,0,2,0,0,0,0,0,0,0,0,0,0,0,6,0,5,4,0,0,0,3,2,1,1,2,1,3,1,2,18
CHEMBL9478,2,7,3,2,2,0,0,0,1,2,0,0,0,0,2,0,0,0,0,0,0,0,0,0,0,0,6,0,5,2,0,0,0,3,0,0,0,2,1,2,1,2,17
CHEMBL95109,0,1,0,0,0,0,0,2,0,0,0,0,0,0,0,0,0,0,0,0,1,1,0,2,0,0,17,3,1,0,0,0,0,9,0,0,0,0,1,3,0,0,18
CHEMBL95919,0,1,0,0,0,0,0,1,0,0,0,0,0,0,0,1,0,0,0,0,1,1,0,2,0,0,17,3,1,0,0,0,0,8,0,0,0,0,1,2,0,0,18
CHEMBL9687,0,1,0,0,0,0,0,2,0,1,0,0,0,1,2,0,0,0,0,0,0,0,0,0,0,0,12,1,1,2,0,0,0,5,0,0,0,1,0,2,0,1,14
CHEMBL97542,0,1,0,0,0,0,0,1,0,1,0,0,0,1,2,1,0,0,0,0,0,0,0,0,0,0,12,1,1,2,0,0,0,4,0,0,0,1,0,1,0,1,14
CHEMBL98105,2,8,3,2,2,0,0,0,0,1,0,0,0,0,0,0,0,0,0,0,0,0,0,0,0,0,0,0,5,1,0,0,0,1,0,0,0,1,0,0,0,1,9
CHEMBL98463,2,8,4,2,1,0,0,0,0,2,0,0,0,0,2,0,0,0,0,0,0,0,0,0,0,0,6,0,5,1,0,0,0,2,0,0,0,2,1,2,1,2,16
CHEMBL98537,2,7,3,2,1,0,0,0,0,2,0,0,0,0,2,0,0,0,0,0,0,0,0,0,0,0,6,0,5,3,0,0,0,5,2,1,1,2,1,3,1,2,16
CHEMBL98685,1,8,3,2,2,0,0,0,0,2,0,0,0,0,2,0,0,0,0,0,0,0,0,0,0,0,0,0,5,1,0,0,0,2,0,0,0,2,1,1,1,2,10
CHEMBL98998,1,8,3,2,1,0,0,0,0,2,0,0,0,0,2,0,0,0,0,0,0,0,0,0,0,0,0,0,5,1,0,0,0,2,0,0,0,2,1,1,1,2,10
CHEMBL99057,1,8,3,2,0,0,0,0,0,2,0,0,0,0,2,0,0,0,0,0,0,0,0,0,0,0,0,0,5,1,0,0,0,3,0,0,0,3,1,1,1,2,10
CHEMBL99204,2,9,4,2,1,0,0,0,0,2,0,0,0,0,2,0,0,0,0,0,0,0,0,0,0,0,6,0,5,1,0,0,0,2,0,0,0,2,1,3,1,2,16
CHEMBL99370,2,6,3,1,2,0,0,0,0,1,0,1,0,0,3,0,0,0,0,0,0,0,0,0,0,0,0,1,5,2,0,1,1,4,0,0,0,2,1,0,2,1,11
CHEMBL99706,2,8,3,2,2,0,0,0,0,2,0,0,0,0,2,0,0,0,0,0,0,0,0,0,0,0,0,0,5,1,0,1,1,2,0,0,0,2,1,1,1,2,11
