molecule_chembl_id,CDKGraph_41,CDKGraph_104,CDKGraph_189,CDKGraph_264,CDKGraph_303,CDKGraph_497,CDKGraph_806,CDKGraph_977,CDKGraph_1017
CHEMBL10026,0,0,0,1,0,0,0,0,0
CHEMBL100615,1,1,1,1,1,1,1,1,1
CHEMBL10072,0,0,0,1,0,0,0,0,0
CHEMBL100749,0,0,0,1,1,1,1,0,0
CHEMBL101323,1,1,1,1,1,1,1,1,1
CHEMBL10137,0,0,0,1,0,0,0,0,0
CHEMBL101540,1,1,1,1,1,1,1,1,1
CHEMBL101595,1,1,1,1,1,1,1,1,1
CHEMBL101743,0,0,0,0,0,0,0,0,0
CHEMBL101893,1,1,1,1,1,1,1,1,1
CHEMBL101947,1,1,1,1,1,1,0,1,1
CHEMBL102409,0,0,0,0,0,0,0,0,0
CHEMBL102510,0,0,0,0,0,0,0,0,0
CHEMBL102536,1,1,1,1,1,1,1,1,1
CHEMBL102884,0,0,0,0,0,0,0,1,1
CHEMBL102981,0,0,0,1,0,0,0,0,0
CHEMBL103040,0,0,0,0,1,1,1,0,0
CHEMBL103685,0,0,0,1,0,0,0,1,1
CHEMBL104,0,1,1,1,1,0,0,1,1
CHEMBL104047,0,1,1,0,0,0,0,1,1
CHEMBL104126,0,0,0,0,0,0,0,0,0
CHEMBL104566,0,0,0,0,1,0,1,0,0
CHEMBL105044,0,1,1,0,0,0,0,1,1
CHEMBL105289,0,0,0,0,1,0,0,0,0
CHEMBL105298,0,0,0,1,0,0,0,0,0
CHEMBL106,0,1,1,1,1,0,0,1,1
CHEMBL1077603,1,1,1,1,1,1,1,1,1
CHEMBL1077603,1,1,1,1,1,1,1,1,1
CHEMBL1078534,1,1,1,1,1,1,1,1,1
CHEMBL1078534,1,1,1,1,1,1,1,1,1
CHEMBL1079595,1,1,1,1,1,1,1,1,1
CHEMBL1079595,1,1,1,1,1,1,1,1,1
CHEMBL1082760,0,0,0,0,1,0,0,0,0
CHEMBL1083353,0,0,0,1,1,0,0,0,0
CHEMBL1083354,0,0,0,1,1,0,0,0,0
CHEMBL1083652,0,0,0,1,1,0,0,0,0
CHEMBL1083653,0,0,0,0,1,0,0,0,0
CHEMBL1083663,0,0,0,1,1,0,0,0,0
CHEMBL1083664,0,0,0,1,1,0,0,0,0
CHEMBL1083665,0,0,0,1,1,0,0,0,0
CHEMBL1083970,0,0,0,1,1,0,0,0,0
CHEMBL1083971,0,0,0,1,1,0,0,0,0
CHEMBL108425,0,0,0,1,1,0,0,0,0
CHEMBL108483,0,1,0,1,1,0,0,1,0
CHEMBL1085936,0,0,0,0,1,0,0,0,0
CHEMBL108646,0,1,0,1,1,0,0,1,0
CHEMBL1088570,0,0,0,0,0,0,0,0,0
CHEMBL109211,1,1,1,1,1,1,1,1,1
CHEMBL109211,1,1,1,1,1,1,1,1,1
CHEMBL1093458,0,0,0,1,0,0,0,0,0
CHEMBL109347,0,1,1,0,0,0,0,1,1
CHEMBL1094149,0,0,0,1,0,0,0,0,0
CHEMBL1094154,0,0,0,1,1,1,1,0,0
CHEMBL1094331,0,0,0,1,1,1,1,0,0
CHEMBL1094426,0,0,0,1,1,1,1,0,0
CHEMBL1094427,0,0,0,1,0,0,0,0,0
CHEMBL1094428,0,0,0,1,1,1,1,0,0
CHEMBL1095413,0,1,0,1,1,1,1,1,0
CHEMBL1096024,0,0,0,1,1,1,1,0,0
CHEMBL1096024,0,0,0,1,1,1,1,0,0
CHEMBL1096439,0,0,0,1,1,1,1,0,0
CHEMBL1096744,0,0,0,1,0,0,0,0,0
CHEMBL1097041,0,0,0,1,1,1,1,0,0
CHEMBL1097042,0,0,0,1,0,0,0,0,0
CHEMBL1097043,0,0,0,1,1,1,1,0,0
CHEMBL1097371,0,1,0,1,1,1,1,1,1
CHEMBL1097763,0,0,0,1,0,0,0,0,0
CHEMBL1097764,1,1,0,1,1,1,1,1,1
CHEMBL1097980,0,0,0,1,1,1,1,0,0
CHEMBL1098382,0,0,0,1,1,1,1,0,0
CHEMBL1098424,0,0,0,0,1,0,0,0,0
CHEMBL1098425,0,0,0,0,1,0,0,0,0
CHEMBL1098426,0,0,0,1,0,0,0,0,0
CHEMBL1098737,0,0,0,1,1,1,0,0,0
CHEMBL1099308,0,0,0,1,1,1,1,0,0
CHEMBL110257,0,1,1,0,0,0,0,1,1
CHEMBL110524,0,1,1,0,0,0,0,1,1
CHEMBL111234,0,0,0,0,0,0,0,0,0
CHEMBL111868,0,0,0,1,1,1,1,0,0
CHEMBL111888,0,0,0,1,1,1,1,0,0
CHEMBL112021,0,0,0,1,1,1,1,0,0
CHEMBL112074,0,0,0,1,1,1,1,0,0
CHEMBL112292,0,1,1,0,0,0,0,1,1
CHEMBL112509,0,1,1,0,0,0,0,1,1
CHEMBL112532,0,0,0,0,1,0,0,0,0
CHEMBL112908,0,1,1,0,0,0,0,1,1
CHEMBL113082,1,1,1,1,1,1,1,1,1
CHEMBL113082,1,1,1,1,1,1,1,1,1
CHEMBL113121,1,1,1,1,1,1,1,1,1
CHEMBL113121,1,1,1,1,1,1,1,1,1
CHEMBL113242,0,1,1,0,0,0,0,1,1
CHEMBL113637,0,0,0,1,1,1,1,0,0
CHEMBL113647,0,1,1,0,0,0,0,1,1
CHEMBL113739,1,1,1,1,1,1,1,1,1
CHEMBL113739,1,1,1,1,1,1,1,1,1
CHEMBL114019,0,1,1,0,0,0,0,1,1
CHEMBL114447,0,1,1,0,0,0,0,1,1
CHEMBL115452,0,0,0,1,0,0,0,0,0
CHEMBL115899,0,0,0,1,1,1,1,0,0
CHEMBL1162951,0,0,0,1,0,0,0,0,0
CHEMBL1165711,0,0,0,1,0,0,0,0,0
CHEMBL116794,0,0,0,1,1,1,1,0,0
CHEMBL117,0,0,0,1,0,0,0,0,0
CHEMBL117,0,0,0,1,0,0,0,0,0
CHEMBL1170662,0,0,0,0,0,0,0,0,0
CHEMBL1170663,0,0,0,1,0,0,0,0,0
CHEMBL1170678,0,0,0,0,1,0,0,0,0
CHEMBL1170893,0,0,0,0,1,0,0,0,0
CHEMBL1171091,0,0,0,0,0,0,0,0,0
CHEMBL1171628,0,0,0,0,0,0,0,0,0
CHEMBL1171680,0,0,0,0,0,0,0,0,0
CHEMBL1171818,0,0,0,0,0,0,0,0,0
CHEMBL1171987,0,0,0,0,0,0,0,0,0
CHEMBL1171991,0,0,0,1,0,0,0,0,0
CHEMBL1172396,0,0,0,0,0,0,0,0,0
CHEMBL1172400,0,0,0,0,0,0,0,0,0
CHEMBL1172401,0,0,0,0,0,0,0,0,0
CHEMBL1172402,0,0,0,0,0,0,0,0,0
CHEMBL1172779,0,0,0,0,0,0,0,0,0
CHEMBL1172842,0,0,0,1,0,0,0,0,0
CHEMBL1172847,0,0,0,1,0,0,0,0,0
CHEMBL1172882,0,0,0,0,0,0,0,0,0
CHEMBL1172907,0,0,0,0,0,0,0,0,0
CHEMBL1172908,0,0,0,0,0,0,0,0,0
CHEMBL1172937,0,0,0,0,0,0,0,0,0
CHEMBL1172973,0,0,0,0,0,0,0,0,0
CHEMBL1172974,0,0,0,0,0,0,0,0,0
CHEMBL1173001,0,0,0,0,0,0,0,0,0
CHEMBL1173002,0,0,0,0,0,0,0,0,0
CHEMBL1173003,0,0,0,0,0,0,0,0,0
CHEMBL1173065,0,0,0,1,0,0,0,0,0
CHEMBL1173066,0,0,0,1,0,0,0,0,0
CHEMBL1173067,0,0,0,1,0,0,0,0,0
CHEMBL1173129,0,0,0,0,1,1,0,0,0
CHEMBL1173130,0,0,0,0,1,1,0,0,0
CHEMBL1173131,0,0,0,0,0,0,0,0,0
CHEMBL1173259,0,0,0,1,0,0,0,0,0
CHEMBL1173260,0,0,0,0,0,0,0,0,0
CHEMBL1173326,0,0,0,1,0,0,0,0,0
CHEMBL1173327,0,0,0,0,0,0,0,0,0
CHEMBL1173335,0,0,0,1,0,0,0,0,0
CHEMBL1173509,0,0,0,0,0,0,0,0,0
CHEMBL1173573,0,0,0,0,0,0,0,0,0
CHEMBL1173574,0,0,0,0,0,0,0,0,0
CHEMBL1173611,0,0,0,0,0,0,0,0,0
CHEMBL1173641,0,0,0,0,0,0,0,0,0
CHEMBL1173699,0,0,0,0,0,0,0,0,0
CHEMBL1173700,0,0,0,1,0,0,0,0,0
CHEMBL118266,0,0,0,0,1,0,1,0,0
CHEMBL1191848,0,0,0,0,1,0,0,0,0
CHEMBL1195457,0,0,0,1,0,0,0,0,0
CHEMBL1200374,1,1,1,1,1,1,1,1,1
CHEMBL1200374,1,1,1,1,1,1,1,1,1
CHEMBL1203757,0,0,0,1,1,1,0,0,0
CHEMBL1203760,0,0,0,1,1,1,0,0,0
CHEMBL1203762,0,0,0,1,1,1,1,0,0
CHEMBL1203766,0,0,0,1,1,1,0,0,0
CHEMBL1214660,0,0,0,0,0,0,0,0,0
CHEMBL1214735,0,0,0,0,1,0,0,0,0
CHEMBL1214736,0,0,0,0,1,0,0,0,0
CHEMBL1214737,0,0,0,0,1,1,0,0,0
CHEMBL1214739,0,0,0,0,0,0,0,0,0
CHEMBL1215664,0,0,0,1,0,0,0,0,0
CHEMBL1215665,0,0,0,0,0,0,0,0,0
CHEMBL1215730,0,0,0,0,0,0,0,0,0
CHEMBL1215732,0,0,0,0,0,0,0,0,0
CHEMBL1230438,1,1,1,1,1,1,1,1,1
CHEMBL123494,0,1,1,1,0,0,0,1,1
CHEMBL124118,0,1,1,1,0,0,0,1,1
CHEMBL124230,0,1,1,1,0,0,0,1,1
CHEMBL129795,0,0,0,1,0,0,0,0,0
CHEMBL129795,0,0,0,1,0,0,0,0,0
CHEMBL129883,1,1,1,1,1,1,1,1,1
CHEMBL1303900,0,1,0,1,1,0,0,1,1
CHEMBL130546,1,1,1,1,1,1,1,1,1
CHEMBL131414,1,1,1,1,1,1,1,1,1
CHEMBL131921,0,0,0,1,0,0,0,0,0
CHEMBL131921,0,0,0,1,0,0,0,0,0
CHEMBL131984,0,1,0,1,0,1,0,1,1
CHEMBL132066,0,1,0,1,0,1,0,1,1
CHEMBL132072,0,1,0,1,0,1,0,1,1
CHEMBL132380,0,1,1,1,0,1,0,1,1
CHEMBL132530,1,1,1,1,1,1,1,1,1
CHEMBL132530,1,1,1,1,1,1,1,1,1
CHEMBL132530,1,1,1,1,1,1,1,1,1
CHEMBL132563,1,1,1,1,1,1,1,1,1
CHEMBL132929,0,0,0,1,1,0,0,0,0
CHEMBL133026,0,0,1,1,0,0,0,1,1
CHEMBL133079,0,0,1,1,0,0,0,1,1
CHEMBL133081,0,0,0,1,0,0,0,0,0
CHEMBL133082,0,0,1,1,0,0,0,1,1
CHEMBL133145,0,0,0,1,1,0,0,0,0
CHEMBL133198,0,0,1,1,1,0,0,1,1
CHEMBL133240,1,1,1,1,1,1,1,1,1
CHEMBL133724,0,1,0,1,0,1,0,1,1
CHEMBL134169,0,1,1,1,0,0,0,1,1
CHEMBL134442,1,1,1,1,1,1,1,1,1
CHEMBL134509,0,1,1,1,0,0,0,1,1
CHEMBL134748,0,1,0,1,0,1,0,1,1
CHEMBL135037,0,1,1,0,0,0,0,1,1
CHEMBL135063,0,0,0,1,1,0,0,0,0
CHEMBL135070,0,1,0,1,0,1,0,1,1
CHEMBL135095,1,1,1,1,1,1,1,1,1
CHEMBL135115,0,0,1,1,0,0,0,1,1
CHEMBL1351273,0,1,0,1,1,0,0,1,1
CHEMBL135172,0,0,1,1,1,0,0,1,1
CHEMBL135340,0,0,0,1,1,0,0,0,0
CHEMBL135378,0,0,1,1,1,0,0,1,1
CHEMBL135381,0,0,0,1,1,0,0,0,0
CHEMBL135396,0,0,1,1,0,0,0,1,1
CHEMBL135494,0,0,0,1,1,0,0,0,0
CHEMBL135540,0,0,1,1,1,0,0,1,1
CHEMBL135563,0,0,0,1,1,0,0,0,0
CHEMBL135595,0,0,0,1,1,0,0,1,1
CHEMBL135606,0,0,0,1,1,0,0,0,0
CHEMBL135633,0,0,1,1,0,0,0,1,1
CHEMBL135709,0,1,1,1,0,0,0,1,1
CHEMBL1358,1,1,1,1,1,1,1,1,1
CHEMBL135921,0,0,1,1,1,0,0,1,1
CHEMBL137001,0,0,1,1,1,0,0,1,1
CHEMBL137002,0,0,0,1,1,0,0,0,0
CHEMBL137049,0,0,1,1,1,0,0,1,1
CHEMBL1371590,0,0,0,1,1,1,1,1,1
CHEMBL137373,0,0,0,1,1,0,0,0,0
CHEMBL137396,0,0,1,1,1,0,0,1,1
CHEMBL137589,0,0,1,1,1,0,0,1,1
CHEMBL137604,0,0,1,1,1,0,0,1,1
CHEMBL13784,0,0,0,0,1,0,0,0,0
CHEMBL138538,0,0,1,1,0,0,0,1,1
CHEMBL1389987,0,0,0,0,1,0,0,0,0
CHEMBL1394757,0,0,1,1,0,0,0,1,1
CHEMBL1397,1,1,1,1,1,1,1,1,1
CHEMBL1399,0,0,0,0,1,0,0,1,1
CHEMBL1399,0,0,0,0,1,0,0,1,1
CHEMBL1405,1,1,1,1,1,1,1,1,1
CHEMBL1405,1,1,1,1,1,1,1,1,1
CHEMBL14192,0,0,0,0,1,0,0,0,0
CHEMBL1424243,0,0,0,0,1,1,1,0,0
CHEMBL1430816,0,0,0,0,0,0,0,0,0
CHEMBL1444,0,0,0,1,1,0,0,0,0
CHEMBL1444,0,0,0,1,1,0,0,0,0
CHEMBL1454842,0,0,0,0,1,0,1,0,0
CHEMBL14563,0,0,0,1,1,1,1,0,0
CHEMBL1485809,0,0,0,0,1,0,0,0,0
CHEMBL148903,0,0,0,1,1,1,1,0,0
CHEMBL148903,0,0,0,1,1,1,1,0,0
CHEMBL149238,1,1,1,1,1,1,1,1,1
CHEMBL149238,1,1,1,1,1,1,1,1,1
CHEMBL149750,0,0,0,0,1,0,0,0,0
CHEMBL149791,0,0,0,1,0,0,0,0,0
CHEMBL149791,0,0,0,1,0,0,0,0,0
CHEMBL150146,0,0,0,0,0,0,0,0,0
CHEMBL150278,0,0,0,0,1,0,0,0,0
CHEMBL150653,0,0,0,0,0,0,0,0,0
CHEMBL150681,0,0,0,0,1,0,0,0,0
CHEMBL150799,0,0,0,1,1,0,0,0,0
CHEMBL150999,0,0,0,0,1,0,0,0,0
CHEMBL151,0,0,0,1,0,0,0,0,0
CHEMBL151037,0,0,0,1,1,1,0,0,0
CHEMBL151038,0,0,0,1,1,1,0,0,0
CHEMBL151096,0,0,0,0,1,0,0,0,0
CHEMBL151207,0,0,0,0,1,0,1,0,0
CHEMBL151212,1,1,1,1,1,1,1,1,1
CHEMBL151212,1,1,1,1,1,1,1,1,1
CHEMBL151449,0,0,0,0,1,0,0,0,0
CHEMBL151646,0,0,0,0,0,0,0,0,0
CHEMBL151691,1,1,1,1,1,1,1,1,1
CHEMBL151691,1,1,1,1,1,1,1,1,1
CHEMBL1521315,0,0,0,1,1,0,0,0,0
CHEMBL152237,1,1,1,1,1,1,1,1,1
CHEMBL1538978,0,1,0,1,1,0,0,1,1
CHEMBL154104,1,1,1,1,1,1,1,1,1
CHEMBL154918,1,1,1,1,1,1,1,1,1
CHEMBL15594,0,0,0,0,0,0,0,0,0
CHEMBL1571,0,1,1,1,0,0,0,1,1
CHEMBL157101,1,1,1,1,1,0,1,1,1
CHEMBL157101,1,1,1,1,1,0,1,1,1
CHEMBL157925,0,0,0,1,1,0,0,0,0
CHEMBL158325,0,1,1,1,0,0,0,1,1
CHEMBL158326,0,1,1,1,0,0,0,1,1
CHEMBL158397,0,1,1,1,0,0,0,1,1
CHEMBL158600,0,1,1,1,0,0,0,1,1
CHEMBL158635,0,0,0,1,1,0,0,0,0
CHEMBL158717,0,1,1,1,0,0,0,1,1
CHEMBL158984,0,0,0,1,1,0,0,0,0
CHEMBL159073,0,0,0,1,1,0,0,0,0
CHEMBL1601919,0,0,0,0,1,0,1,0,0
CHEMBL1601919,0,0,0,0,1,0,1,0,0
CHEMBL160271,0,1,1,1,0,0,0,1,1
CHEMBL161230,0,0,0,1,1,0,0,0,0
CHEMBL161530,0,0,0,1,1,0,0,0,0
CHEMBL162431,0,0,0,0,1,0,0,0,0
CHEMBL162496,0,0,0,0,1,1,0,0,0
CHEMBL162549,0,0,0,0,1,0,0,0,0
CHEMBL162585,0,0,0,1,1,1,1,0,0
CHEMBL1627334,1,1,1,1,1,1,1,1,1
CHEMBL1627334,1,1,1,1,1,1,1,1,1
CHEMBL1627337,1,1,1,1,1,1,1,1,1
CHEMBL1627841,1,1,1,1,1,1,1,1,1
CHEMBL1628064,1,1,1,1,1,1,1,1,1
CHEMBL1628064,1,1,1,1,1,1,1,1,1
CHEMBL162834,0,0,0,1,1,1,0,0,0
CHEMBL1629800,1,1,1,1,1,1,1,1,1
CHEMBL1629800,1,1,1,1,1,1,1,1,1
CHEMBL1629800,1,1,1,1,1,1,1,1,1
CHEMBL1629801,1,1,1,1,1,1,1,1,1
CHEMBL1629801,1,1,1,1,1,1,1,1,1
CHEMBL1629802,1,1,1,1,1,1,1,1,1
CHEMBL1629802,1,1,1,1,1,1,1,1,1
CHEMBL1629802,1,1,1,1,1,1,1,1,1
CHEMBL1629803,1,1,1,1,1,1,1,1,1
CHEMBL1629803,1,1,1,1,1,1,1,1,1
CHEMBL1629804,1,1,1,1,1,1,1,1,1
CHEMBL1629804,1,1,1,1,1,1,1,1,1
CHEMBL1629804,1,1,1,1,1,1,1,1,1
CHEMBL1629805,1,1,1,1,1,1,1,1,1
CHEMBL1629805,1,1,1,1,1,1,1,1,1
CHEMBL1629805,1,1,1,1,1,1,1,1,1
CHEMBL1629806,1,1,1,1,1,1,1,1,1
CHEMBL1629806,1,1,1,1,1,1,1,1,1
CHEMBL1629806,1,1,1,1,1,1,1,1,1
CHEMBL1630260,1,1,1,1,1,1,1,1,1
CHEMBL1630260,1,1,1,1,1,1,1,1,1
CHEMBL1630261,1,1,1,1,1,1,1,1,1
CHEMBL1630261,1,1,1,1,1,1,1,1,1
CHEMBL1630261,1,1,1,1,1,1,1,1,1
CHEMBL1630262,1,1,1,1,1,1,1,1,1
CHEMBL1630262,1,1,1,1,1,1,1,1,1
CHEMBL1630263,1,1,1,1,1,1,1,1,1
CHEMBL1630263,1,1,1,1,1,1,1,1,1
CHEMBL1630263,1,1,1,1,1,1,1,1,1
CHEMBL1630264,1,1,1,1,1,1,1,1,1
CHEMBL1630264,1,1,1,1,1,1,1,1,1
CHEMBL1630264,1,1,1,1,1,1,1,1,1
CHEMBL1630265,1,1,1,1,1,1,1,1,1
CHEMBL1630265,1,1,1,1,1,1,1,1,1
CHEMBL1630266,1,1,1,1,1,1,1,1,1
CHEMBL1630266,1,1,1,1,1,1,1,1,1
CHEMBL1630266,1,1,1,1,1,1,1,1,1
CHEMBL1630267,1,1,1,1,1,1,1,1,1
CHEMBL1630267,1,1,1,1,1,1,1,1,1
CHEMBL1630267,1,1,1,1,1,1,1,1,1
CHEMBL1630268,1,1,1,1,1,1,1,1,1
CHEMBL1630268,1,1,1,1,1,1,1,1,1
CHEMBL1630269,1,1,1,1,1,1,1,1,1
CHEMBL1630269,1,1,1,1,1,1,1,1,1
CHEMBL1630270,1,1,1,1,1,1,1,1,1
CHEMBL1630270,1,1,1,1,1,1,1,1,1
CHEMBL1630271,1,1,1,1,1,1,1,1,1
CHEMBL1630271,1,1,1,1,1,1,1,1,1
CHEMBL1630272,1,1,1,1,1,1,1,1,1
CHEMBL1630272,1,1,1,1,1,1,1,1,1
CHEMBL1630273,1,1,1,1,1,1,1,1,1
CHEMBL1630273,1,1,1,1,1,1,1,1,1
CHEMBL1630273,1,1,1,1,1,1,1,1,1
CHEMBL1630274,1,1,1,1,1,1,1,1,1
CHEMBL1630274,1,1,1,1,1,1,1,1,1
CHEMBL1630274,1,1,1,1,1,1,1,1,1
CHEMBL1630275,1,1,1,1,1,1,1,1,1
CHEMBL1630275,1,1,1,1,1,1,1,1,1
CHEMBL1630276,1,1,1,1,1,1,1,1,1
CHEMBL1630276,1,1,1,1,1,1,1,1,1
CHEMBL1630277,1,1,1,1,1,1,1,1,1
CHEMBL1630277,1,1,1,1,1,1,1,1,1
CHEMBL1630278,1,1,1,1,1,1,1,1,1
CHEMBL1630278,1,1,1,1,1,1,1,1,1
CHEMBL1630279,1,1,1,1,1,1,1,1,1
CHEMBL1630279,1,1,1,1,1,1,1,1,1
CHEMBL1630280,1,1,1,1,1,1,1,1,1
CHEMBL1630280,1,1,1,1,1,1,1,1,1
CHEMBL1630280,1,1,1,1,1,1,1,1,1
CHEMBL1630909,0,1,1,1,0,0,0,1,1
CHEMBL1630909,0,1,1,1,0,0,0,1,1
CHEMBL1630910,1,1,1,1,1,1,1,1,1
CHEMBL1630911,1,1,1,1,1,1,1,1,1
CHEMBL1630911,1,1,1,1,1,1,1,1,1
CHEMBL163413,0,0,0,1,1,1,0,0,0
CHEMBL163420,0,0,0,1,1,1,0,0,0
CHEMBL163922,0,0,0,0,1,0,0,0,0
CHEMBL164,0,0,0,1,0,0,0,0,0
CHEMBL1642686,0,0,0,0,0,0,0,0,0
CHEMBL164543,1,1,1,1,1,1,1,1,1
CHEMBL164746,1,1,1,1,1,1,1,1,1
CHEMBL164821,1,1,1,1,1,1,1,1,1
CHEMBL164993,1,1,1,1,1,1,1,1,1
CHEMBL165,0,0,0,0,0,0,0,0,0
CHEMBL165,0,0,0,0,0,0,0,0,0
CHEMBL1650709,0,0,0,0,0,0,0,0,0
CHEMBL1650711,0,0,0,0,0,0,0,0,0
CHEMBL165106,1,1,1,1,1,1,1,1,1
CHEMBL165218,1,1,1,1,1,1,1,1,1
CHEMBL165279,1,1,1,1,1,1,1,1,1
CHEMBL165342,1,1,1,1,1,1,1,1,1
CHEMBL165552,1,1,1,1,1,1,1,1,1
CHEMBL165925,1,1,1,1,1,1,1,1,1
CHEMBL166017,1,1,1,1,1,1,1,1,1
CHEMBL166032,1,1,1,1,1,1,1,1,1
CHEMBL166060,1,1,1,1,1,1,1,1,1
CHEMBL166079,1,1,1,1,1,1,1,1,1
CHEMBL166148,1,1,1,1,1,1,1,1,1
CHEMBL166709,0,0,0,1,0,0,0,0,0
CHEMBL166789,0,0,0,1,0,0,1,0,0
CHEMBL1668326,0,0,0,1,1,1,1,0,0
CHEMBL1668327,0,0,0,1,0,0,0,0,0
CHEMBL1668328,0,0,0,1,0,0,0,0,0
CHEMBL1668329,0,0,0,1,1,1,1,0,0
CHEMBL166974,0,0,0,1,1,0,0,0,0
CHEMBL1672974,0,1,0,1,1,0,0,1,0
CHEMBL1672975,0,1,0,1,1,0,0,1,0
CHEMBL1672976,0,1,0,1,1,0,0,1,0
CHEMBL1672977,0,1,0,1,1,0,0,1,0
CHEMBL1672978,0,1,0,1,1,0,0,1,0
CHEMBL1672979,0,1,0,1,1,0,0,1,0
CHEMBL1672980,0,1,0,1,1,0,0,1,0
CHEMBL1672981,0,1,0,1,1,0,0,1,0
CHEMBL1672982,0,1,0,1,1,0,0,1,0
CHEMBL16782,0,0,0,1,0,0,0,0,0
CHEMBL168434,0,0,0,1,1,0,0,0,0
CHEMBL168444,0,0,0,1,0,0,0,0,0
CHEMBL168636,0,0,0,1,0,0,0,0,0
CHEMBL168700,0,0,0,1,0,0,1,0,0
CHEMBL168762,0,0,0,1,0,0,0,0,0
CHEMBL1688890,0,0,0,1,1,0,0,0,0
CHEMBL1688891,0,0,0,1,1,0,0,0,0
CHEMBL1688892,0,0,0,1,1,0,0,1,1
CHEMBL1688893,0,0,0,1,1,0,0,0,0
CHEMBL1688894,0,1,0,1,1,0,0,1,0
CHEMBL1688895,0,0,0,1,1,0,0,0,0
CHEMBL1688896,0,0,0,1,1,0,0,0,0
CHEMBL1688897,0,0,0,1,1,0,0,0,0
CHEMBL1688898,0,0,0,1,1,0,0,0,0
CHEMBL1688899,0,1,0,1,1,0,0,1,0
CHEMBL1688900,0,0,0,1,1,0,0,0,0
CHEMBL1688901,0,0,0,1,1,0,0,0,0
CHEMBL1688902,0,0,0,1,1,0,0,0,0
CHEMBL1688903,0,0,0,1,1,0,0,0,0
CHEMBL1688904,0,0,0,1,1,0,0,0,0
CHEMBL1688905,0,0,0,1,1,0,0,0,0
CHEMBL1688906,0,0,0,1,1,0,0,0,0
CHEMBL1688907,0,0,0,1,1,0,0,0,0
CHEMBL1688908,0,0,0,1,1,0,0,0,0
CHEMBL1688909,0,0,0,1,1,0,0,0,0
CHEMBL1688910,0,0,0,1,1,0,0,0,0
CHEMBL1688911,0,0,0,1,1,0,0,0,0
CHEMBL1688912,0,0,0,1,1,0,0,0,0
CHEMBL1688913,0,0,0,1,1,0,0,0,0
CHEMBL1688914,0,0,0,1,1,0,0,0,0
CHEMBL1688915,0,0,0,1,1,0,0,0,0
CHEMBL1688916,0,0,0,1,1,0,0,0,0
CHEMBL1688917,0,0,0,1,1,0,0,0,0
CHEMBL1688918,0,0,0,1,1,0,0,0,0
CHEMBL1688919,0,0,0,1,1,0,0,0,0
CHEMBL1689257,1,1,1,1,1,1,1,1,1
CHEMBL1689258,1,1,1,1,1,1,1,1,1
CHEMBL1689259,1,1,1,1,1,1,1,1,1
CHEMBL169,0,1,1,1,0,0,0,1,1
CHEMBL169086,0,0,0,1,1,0,0,0,0
CHEMBL169251,0,0,0,1,1,0,0,0,0
CHEMBL169449,0,0,0,1,0,0,0,0,0
CHEMBL169664,0,0,0,1,0,0,0,0,0
CHEMBL172263,1,1,1,1,1,1,1,1,1
CHEMBL1728910,0,0,0,0,0,0,0,0,0
CHEMBL174308,1,1,1,1,1,1,1,1,1
CHEMBL174407,1,1,1,1,1,1,1,1,1
CHEMBL174407,1,1,1,1,1,1,1,1,1
CHEMBL174579,0,0,0,1,1,1,1,0,0
CHEMBL174909,1,1,1,1,1,1,1,1,1
CHEMBL174909,1,1,1,1,1,1,1,1,1
CHEMBL175091,0,0,0,1,1,1,1,0,0
CHEMBL175144,0,0,0,1,1,0,0,0,0
CHEMBL175550,0,0,0,1,1,1,1,0,0
CHEMBL175554,0,0,0,1,1,1,1,0,0
CHEMBL175609,0,0,0,1,1,1,1,0,0
CHEMBL175688,0,0,0,1,1,1,1,0,0
CHEMBL175791,0,0,0,1,1,1,1,0,0
CHEMBL175799,0,0,0,1,1,1,1,0,0
CHEMBL175962,0,0,0,1,1,1,1,0,0
CHEMBL175979,0,0,0,1,0,0,0,0,0
CHEMBL176009,0,0,0,1,1,1,1,0,0
CHEMBL176076,0,0,0,1,1,1,1,0,0
CHEMBL176098,0,0,0,1,0,0,0,0,0
CHEMBL176101,0,0,0,1,1,1,1,0,0
CHEMBL176118,0,0,0,1,1,1,1,0,0
CHEMBL176287,0,0,0,1,1,1,1,0,0
CHEMBL176452,1,1,1,1,1,1,1,1,1
CHEMBL176539,1,1,1,1,1,1,1,1,1
CHEMBL176609,0,0,0,1,1,1,1,0,0
CHEMBL176886,0,0,0,1,1,1,1,0,0
CHEMBL177268,0,0,0,1,1,1,1,0,0
CHEMBL177274,0,0,0,1,1,0,0,0,0
CHEMBL177293,0,0,0,1,1,1,1,0,0
CHEMBL177413,0,0,0,1,1,0,0,0,0
CHEMBL177468,0,0,0,1,1,1,1,0,0
CHEMBL177692,0,0,0,1,1,1,1,0,0
CHEMBL177921,0,0,0,1,1,1,1,0,0
CHEMBL178036,0,0,0,1,1,1,1,0,0
CHEMBL1783176,0,0,0,1,1,0,0,0,0
CHEMBL1783177,0,0,0,1,1,0,0,0,0
CHEMBL1783178,0,0,0,1,1,0,0,0,0
CHEMBL178453,0,0,0,0,0,0,0,0,0
CHEMBL1784788,0,0,0,1,1,0,0,0,0
CHEMBL1784789,0,0,0,0,1,0,0,1,1
CHEMBL1784790,0,0,0,1,1,1,0,0,0
CHEMBL1784791,0,0,0,1,1,0,0,0,0
CHEMBL1784792,0,1,1,1,1,0,0,1,1
CHEMBL1784793,0,0,0,0,1,0,0,0,0
CHEMBL1784794,0,0,0,1,1,1,1,0,0
CHEMBL1784795,0,0,0,1,1,0,0,0,0
CHEMBL1784796,0,1,1,0,1,0,0,0,1
CHEMBL1784797,0,0,0,1,1,0,0,0,0
CHEMBL1784798,0,0,0,0,1,0,0,0,0
CHEMBL1784800,0,0,0,1,1,0,0,0,0
CHEMBL1784801,0,1,0,1,1,0,0,1,1
CHEMBL1784803,0,0,0,1,1,1,0,0,0
CHEMBL1784804,0,0,0,1,1,0,0,1,1
CHEMBL1784805,0,0,0,1,1,0,0,1,1
CHEMBL1784806,0,1,0,1,1,0,0,1,1
CHEMBL1784807,0,0,0,0,1,0,0,1,1
CHEMBL1784808,0,1,0,1,1,0,0,1,1
CHEMBL1784809,0,0,0,0,1,0,0,1,1
CHEMBL1784810,0,0,0,1,1,0,0,1,1
CHEMBL1784811,0,0,0,0,1,0,0,0,0
CHEMBL1784812,0,0,0,0,1,1,0,0,0
CHEMBL1784813,0,1,0,0,1,0,0,1,1
CHEMBL179144,0,0,0,1,1,1,1,0,0
CHEMBL179149,0,0,0,1,1,1,1,0,0
CHEMBL179222,0,0,0,1,1,1,1,0,0
CHEMBL179247,0,0,0,1,1,1,1,0,0
CHEMBL179374,0,0,0,0,0,0,0,0,0
CHEMBL1824742,0,0,0,1,1,0,1,0,0
CHEMBL1824743,0,0,0,1,1,0,1,0,0
CHEMBL1824744,0,0,0,1,1,0,1,0,0
CHEMBL1824745,0,0,0,1,1,0,1,0,0
CHEMBL1824746,0,0,0,1,1,0,1,0,0
CHEMBL1824747,0,0,0,1,1,0,1,0,0
CHEMBL1824748,0,0,0,1,1,0,1,0,0
CHEMBL1824749,0,0,0,1,1,0,1,0,0
CHEMBL1824750,0,0,0,1,1,0,1,0,0
CHEMBL1824751,0,0,0,1,1,0,1,0,0
CHEMBL1824752,0,0,0,1,1,0,1,0,0
CHEMBL1824753,0,0,0,1,1,0,1,0,0
CHEMBL1824754,0,0,0,1,1,0,1,0,0
CHEMBL1824755,0,0,0,1,1,0,0,0,0
CHEMBL1824756,0,0,0,1,1,0,1,0,0
CHEMBL1824757,0,0,0,1,1,0,1,0,0
CHEMBL1824758,0,0,0,1,1,0,1,0,0
CHEMBL1824759,0,0,0,1,1,0,1,0,0
CHEMBL1824760,0,0,0,1,1,0,1,0,0
CHEMBL1824761,0,0,0,1,1,0,1,0,0
CHEMBL1824762,0,0,0,1,1,0,1,0,0
CHEMBL1824763,0,0,0,1,1,0,1,0,0
CHEMBL1824764,0,0,0,1,1,0,1,0,0
CHEMBL1824765,0,0,0,1,1,0,1,0,0
CHEMBL1824766,0,0,0,1,1,0,1,0,0
CHEMBL1824767,0,0,0,1,1,0,1,0,0
CHEMBL1824768,0,0,0,1,1,0,1,0,0
CHEMBL1824769,0,0,0,0,1,0,0,0,0
CHEMBL1825017,0,0,0,0,1,0,0,0,0
CHEMBL1825018,0,0,0,0,1,0,0,0,0
CHEMBL1825019,0,0,0,0,1,0,0,0,0
CHEMBL1825020,0,0,0,0,1,0,0,0,0
CHEMBL1825021,0,0,0,0,1,0,0,0,0
CHEMBL1825022,0,0,0,1,1,0,0,0,0
CHEMBL1825023,0,0,0,1,1,0,0,0,0
CHEMBL1825024,0,0,0,1,1,0,0,0,0
CHEMBL1825025,0,0,0,0,1,0,1,0,0
CHEMBL1825026,0,0,0,0,1,0,1,0,0
CHEMBL1825027,0,0,0,0,1,0,1,0,0
CHEMBL1825028,0,0,0,0,1,0,1,0,0
CHEMBL1825029,0,0,0,0,1,0,1,0,0
CHEMBL1825030,0,0,0,0,1,0,1,0,0
CHEMBL1825031,0,0,0,0,1,0,1,0,0
CHEMBL1825032,0,0,0,0,1,0,1,0,0
CHEMBL1825033,0,0,0,0,1,0,1,0,0
CHEMBL1825034,0,0,0,0,1,0,1,0,0
CHEMBL1825035,0,0,0,0,1,0,1,0,0
CHEMBL1825036,0,0,0,0,1,0,1,0,0
CHEMBL1825037,0,0,0,0,1,0,1,0,0
CHEMBL1825038,0,0,0,0,1,0,1,0,0
CHEMBL1825039,0,0,0,0,1,0,1,0,0
CHEMBL1825040,0,0,0,0,1,0,1,0,0
CHEMBL1825041,0,0,0,0,1,0,1,0,0
CHEMBL1825042,0,0,0,0,1,0,1,0,0
CHEMBL1825043,0,0,0,0,1,0,1,0,0
CHEMBL1825044,0,0,0,0,1,0,1,0,0
CHEMBL1825045,0,0,0,0,1,0,1,0,0
CHEMBL1825046,0,0,0,0,1,0,1,0,0
CHEMBL1825047,0,0,0,0,1,0,1,0,0
CHEMBL1825048,0,0,0,0,1,0,1,0,0
CHEMBL1825049,0,0,0,0,1,0,1,0,0
CHEMBL1835539,1,1,1,1,1,1,1,1,1
CHEMBL1835542,1,1,1,1,1,1,1,1,1
CHEMBL1835547,1,1,1,1,1,1,1,1,1
CHEMBL184051,0,0,0,1,0,0,0,0,0
CHEMBL184051,0,0,0,1,0,0,0,0,0
CHEMBL184700,0,0,0,1,0,0,0,0,0
CHEMBL184749,0,0,0,1,0,0,0,0,0
CHEMBL184952,0,0,0,1,1,0,0,0,0
CHEMBL185,0,0,0,0,0,0,0,0,0
CHEMBL185165,0,0,0,1,1,0,0,0,0
CHEMBL185809,0,0,0,1,0,0,0,0,0
CHEMBL185809,0,0,0,1,0,0,0,0,0
CHEMBL185819,0,0,0,1,0,0,0,0,0
CHEMBL185950,0,0,0,1,0,0,0,0,0
CHEMBL185950,0,0,0,1,0,0,0,0,0
CHEMBL185966,0,0,0,1,0,0,0,0,0
CHEMBL186079,0,0,0,1,0,0,0,0,0
CHEMBL186208,0,0,0,1,0,0,0,0,0
CHEMBL186626,0,0,0,1,0,0,0,0,0
CHEMBL187068,0,0,0,1,0,0,0,0,0
CHEMBL187068,0,0,0,1,0,0,0,0,0
CHEMBL187185,0,0,0,1,1,0,0,0,0
CHEMBL188664,0,0,0,1,0,0,0,0,0
CHEMBL188664,0,0,0,1,0,0,0,0,0
CHEMBL189051,1,1,1,1,1,1,1,1,1
CHEMBL189051,1,1,1,1,1,1,1,1,1
CHEMBL189170,0,0,0,1,0,0,0,0,0
CHEMBL189274,0,0,0,1,1,0,0,0,0
CHEMBL189274,0,0,0,1,1,0,0,0,0
CHEMBL189472,0,0,0,1,1,0,0,0,0
CHEMBL189472,0,0,0,1,1,0,0,0,0
CHEMBL190099,0,0,0,1,1,0,0,0,0
CHEMBL190208,0,0,0,1,1,0,0,0,0
CHEMBL1908014,1,1,1,1,1,1,1,1,1
CHEMBL190848,0,0,0,1,1,1,0,0,0
CHEMBL191488,0,0,0,1,1,0,0,0,0
CHEMBL1915151,0,0,0,1,1,1,1,0,0
CHEMBL1915152,0,0,0,1,1,1,1,0,0
CHEMBL1915156,0,1,0,1,1,1,1,1,1
CHEMBL1915159,0,1,0,1,1,1,1,1,1
CHEMBL1915161,0,0,0,1,1,1,1,0,0
CHEMBL1915167,0,0,0,1,1,1,1,0,0
CHEMBL1915176,0,0,0,1,1,1,1,0,0
CHEMBL1915401,0,0,0,1,1,1,1,0,0
CHEMBL1915403,0,0,0,1,1,1,1,0,0
CHEMBL192077,0,0,0,1,1,1,1,0,0
CHEMBL192155,0,0,0,1,1,1,1,0,0
CHEMBL192306,0,0,0,1,1,0,0,0,0
CHEMBL192306,0,0,0,1,1,0,0,0,0
CHEMBL193343,0,0,0,0,0,0,0,0,0
CHEMBL1933690,0,0,0,1,1,0,0,0,0
CHEMBL1933692,0,0,0,1,1,0,0,0,0
CHEMBL1933693,0,0,0,1,1,0,0,0,0
CHEMBL1933694,0,0,0,1,1,0,0,0,0
CHEMBL1933699,0,0,0,1,1,0,0,0,0
CHEMBL1933700,0,0,0,1,1,0,0,0,0
CHEMBL1933701,0,0,0,1,1,0,0,0,0
CHEMBL193496,0,0,0,1,0,0,0,0,0
CHEMBL193534,0,0,0,0,0,0,0,0,0
CHEMBL193555,0,0,0,1,1,1,1,0,0
CHEMBL193556,0,0,0,0,1,0,0,0,0
CHEMBL193606,0,0,0,1,0,0,0,0,0
CHEMBL193652,0,0,0,1,1,1,1,0,0
CHEMBL193653,0,0,0,0,1,0,0,0,0
CHEMBL193858,0,0,0,1,0,0,0,0,0
CHEMBL193863,0,0,0,0,0,0,0,0,0
CHEMBL1939366,0,0,0,0,1,0,1,0,0
CHEMBL1939519,0,0,0,0,1,0,1,0,0
CHEMBL1939520,0,0,0,0,1,0,1,0,0
CHEMBL1939521,0,0,0,0,1,0,1,0,0
CHEMBL1939522,0,0,0,0,1,0,1,0,0
CHEMBL1939523,0,0,0,1,1,0,1,0,0
CHEMBL1939524,0,0,0,1,1,0,1,0,0
CHEMBL1939525,0,0,0,0,1,0,1,1,1
CHEMBL1939526,0,0,0,0,1,0,1,1,1
CHEMBL1939527,0,0,0,0,1,0,1,0,0
CHEMBL1939528,0,0,0,0,1,0,1,0,0
CHEMBL1939529,0,0,0,0,1,0,1,0,0
CHEMBL1939530,0,0,0,1,1,0,1,0,0
CHEMBL1939531,0,0,0,0,1,0,1,0,0
CHEMBL1939532,0,0,0,1,1,0,1,0,0
CHEMBL1939533,0,0,0,1,1,0,1,0,0
CHEMBL1939534,0,0,0,0,1,0,1,0,0
CHEMBL1939535,0,1,0,1,1,0,1,1,1
CHEMBL1939536,0,0,0,1,1,0,1,0,0
CHEMBL1939537,0,0,0,0,1,0,1,0,0
CHEMBL1939538,0,0,0,1,1,0,1,0,0
CHEMBL1939539,0,0,0,0,1,0,1,0,0
CHEMBL1939540,0,0,0,0,1,0,1,0,0
CHEMBL1939541,0,0,0,0,1,0,1,0,0
CHEMBL1939542,0,0,0,1,1,0,1,0,0
CHEMBL1939543,0,0,0,1,1,0,1,0,0
CHEMBL1939544,0,0,0,1,1,0,1,0,0
CHEMBL1939545,0,0,0,1,1,0,1,0,0
CHEMBL1939546,0,0,0,1,1,0,1,0,0
CHEMBL1939547,0,0,0,0,1,0,1,0,0
CHEMBL1939548,0,0,0,0,1,0,1,0,0
CHEMBL1939549,0,0,0,0,1,0,1,0,0
CHEMBL1939550,0,0,0,0,1,0,1,0,0
CHEMBL1939551,0,0,0,0,1,0,1,0,0
CHEMBL1939552,0,0,0,0,1,0,1,0,0
CHEMBL193997,0,0,0,1,1,1,1,0,0
CHEMBL194047,0,0,0,1,1,1,1,0,0
CHEMBL194277,0,0,0,1,0,0,0,0,0
CHEMBL194440,0,0,0,1,1,1,1,0,0
CHEMBL194472,0,0,0,1,1,0,0,0,0
CHEMBL194515,0,0,0,0,0,0,0,0,0
CHEMBL194565,0,0,0,0,0,0,0,0,0
CHEMBL194641,1,1,1,1,1,1,1,1,1
CHEMBL194641,1,1,1,1,1,1,1,1,1
CHEMBL194928,0,0,0,1,1,1,1,0,0
CHEMBL195248,0,0,0,1,1,1,1,0,0
CHEMBL195354,0,0,0,1,1,1,1,0,0
CHEMBL195571,0,0,0,0,0,0,0,0,0
CHEMBL195580,0,0,0,1,1,1,1,0,0
CHEMBL1955869,0,0,0,1,1,1,1,0,0
CHEMBL1956171,0,0,0,0,0,0,0,0,0
CHEMBL1956175,0,0,0,0,0,0,0,0,0
CHEMBL1956179,0,0,0,0,0,0,0,0,0
CHEMBL1956180,0,0,0,0,0,0,0,0,0
CHEMBL1956183,0,0,0,1,1,1,1,0,0
CHEMBL1956186,0,0,0,1,1,1,1,0,0
CHEMBL1956188,0,0,0,1,1,1,1,0,0
CHEMBL195629,0,0,0,0,1,0,0,0,0
CHEMBL195653,0,0,0,1,1,1,1,0,0
CHEMBL195688,0,0,0,1,1,1,1,0,0
CHEMBL1957208,0,0,0,0,1,0,1,0,0
CHEMBL1957208,0,0,0,0,1,0,1,0,0
CHEMBL1957209,0,0,0,0,1,0,1,0,0
CHEMBL1957209,0,0,0,0,1,0,1,0,0
CHEMBL1957210,0,0,0,0,1,0,1,0,0
CHEMBL1957210,0,0,0,0,1,0,1,0,0
CHEMBL1957211,0,0,0,0,1,0,1,0,0
CHEMBL1957211,0,0,0,0,1,0,1,0,0
CHEMBL1957212,0,0,0,0,1,0,1,0,0
CHEMBL1957212,0,0,0,0,1,0,1,0,0
CHEMBL1957213,0,0,0,0,1,0,1,0,0
CHEMBL1957213,0,0,0,0,1,0,1,0,0
CHEMBL1957214,0,0,0,0,1,0,1,0,0
CHEMBL1957214,0,0,0,0,1,0,1,0,0
CHEMBL1957215,0,0,0,0,1,0,1,0,0
CHEMBL1957215,0,0,0,0,1,0,1,0,0
CHEMBL1957216,0,0,0,0,1,0,1,0,0
CHEMBL1957216,0,0,0,0,1,0,1,0,0
CHEMBL1957217,0,0,0,0,1,0,1,0,0
CHEMBL1957217,0,0,0,0,1,0,1,0,0
CHEMBL1957218,0,0,0,1,1,0,1,0,0
CHEMBL1957218,0,0,0,1,1,0,1,0,0
CHEMBL1957219,0,0,0,0,1,0,1,0,0
CHEMBL1957219,0,0,0,0,1,0,1,0,0
CHEMBL1957220,0,0,0,0,1,0,1,0,0
CHEMBL1957220,0,0,0,0,1,0,1,0,0
CHEMBL1957221,0,0,0,0,1,0,1,0,0
CHEMBL1957221,0,0,0,0,1,0,1,0,0
CHEMBL1957222,0,0,0,0,1,0,1,0,0
CHEMBL1957222,0,0,0,0,1,0,1,0,0
CHEMBL1957223,0,0,0,0,1,0,1,0,0
CHEMBL1957223,0,0,0,0,1,0,1,0,0
CHEMBL195996,0,0,0,0,1,0,0,0,0
CHEMBL196328,0,0,0,1,0,0,0,0,0
CHEMBL196796,0,0,0,0,0,0,0,0,0
CHEMBL197044,0,0,0,1,1,1,0,0,0
CHEMBL197150,0,0,0,0,0,0,0,0,0
CHEMBL197451,0,1,1,1,0,0,0,1,1
CHEMBL197451,0,1,1,1,0,0,0,1,1
CHEMBL197576,0,0,0,1,0,0,0,0,0
CHEMBL197650,0,0,0,1,1,1,1,0,0
CHEMBL197723,0,0,0,1,0,0,0,0,0
CHEMBL197840,0,0,0,0,0,0,0,0,0
CHEMBL197899,0,0,0,0,0,0,0,0,0
CHEMBL198291,0,0,0,1,1,1,1,0,0
CHEMBL1991089,0,0,0,1,0,0,0,0,0
CHEMBL199334,0,0,0,1,1,1,1,0,0
CHEMBL1997104,0,0,0,1,1,1,1,0,0
CHEMBL1997442,0,0,0,1,1,1,1,0,0
CHEMBL2003274,1,1,1,1,1,1,1,1,1
CHEMBL2011171,0,0,0,1,0,0,0,0,0
CHEMBL2011172,0,0,0,1,0,0,0,0,0
CHEMBL2011173,0,0,0,1,0,0,0,0,0
CHEMBL2011174,0,0,0,1,0,0,0,0,0
CHEMBL2011175,0,0,0,1,0,0,0,0,0
CHEMBL2011176,0,0,0,1,0,0,0,0,0
CHEMBL2011177,0,0,0,1,0,0,0,0,0
CHEMBL2011178,0,0,0,1,0,0,0,0,0
CHEMBL2011179,0,0,0,1,0,0,0,0,0
CHEMBL2011180,0,0,0,1,0,0,0,0,0
CHEMBL2011181,0,0,0,1,0,0,0,0,0
CHEMBL2011182,0,0,0,1,0,0,0,0,0
CHEMBL2011183,0,0,0,1,0,0,0,0,0
CHEMBL2011184,0,0,0,1,0,0,0,0,0
CHEMBL2011185,0,0,0,1,1,0,0,0,0
CHEMBL2011186,0,0,0,1,0,0,0,0,0
CHEMBL2011187,0,0,0,1,0,0,0,0,0
CHEMBL2011188,0,0,0,1,0,0,0,0,0
CHEMBL2011189,0,0,0,1,0,0,0,0,0
CHEMBL2011190,0,0,0,1,0,0,0,1,1
CHEMBL2011191,0,0,0,1,0,0,0,0,0
CHEMBL2011192,0,0,0,1,0,0,0,0,0
CHEMBL2011193,0,0,0,1,0,0,0,0,0
CHEMBL201831,0,0,0,1,1,1,1,0,0
CHEMBL202020,0,0,1,1,1,1,1,1,1
CHEMBL202030,0,1,0,1,0,0,0,1,1
CHEMBL202065,0,0,0,1,1,1,1,1,1
CHEMBL202226,0,0,0,1,1,1,1,0,0
CHEMBL202231,0,0,0,1,1,1,1,0,0
CHEMBL202452,0,1,0,1,0,0,0,1,1
CHEMBL202469,0,1,0,0,0,0,0,1,0
CHEMBL202470,0,1,0,1,0,0,0,1,1
CHEMBL202471,0,1,0,0,0,0,0,1,0
CHEMBL202473,0,1,0,1,1,0,0,1,1
CHEMBL202474,0,1,0,0,0,0,0,1,0
CHEMBL202612,0,0,1,1,1,1,1,1,1
CHEMBL203869,0,1,0,1,0,0,0,1,1
CHEMBL203981,0,0,0,1,1,1,0,0,0
CHEMBL204039,0,0,0,1,1,1,0,0,0
CHEMBL204183,0,1,0,1,0,0,0,1,1
CHEMBL204184,0,1,0,0,0,0,0,1,0
CHEMBL204483,0,0,0,1,1,1,0,0,0
CHEMBL204501,0,1,0,0,0,0,0,1,0
CHEMBL204502,0,1,0,1,0,0,0,1,1
CHEMBL205177,0,0,0,1,1,1,0,0,0
CHEMBL2051951,0,0,1,1,0,0,0,1,1
CHEMBL205250,0,0,0,1,0,0,0,0,0
CHEMBL205503,0,0,0,1,0,0,0,0,0
CHEMBL205782,0,0,0,0,1,1,1,0,0
CHEMBL2057976,1,1,1,1,1,1,1,1,1
CHEMBL2058266,1,1,1,1,1,1,1,1,1
CHEMBL2058266,1,1,1,1,1,1,1,1,1
CHEMBL2058267,1,1,1,1,1,1,1,1,1
CHEMBL2058267,1,1,1,1,1,1,1,1,1
CHEMBL2058268,1,1,1,1,1,1,1,1,1
CHEMBL205881,0,0,0,0,0,0,0,0,0
CHEMBL206070,0,0,0,1,0,0,0,0,0
CHEMBL206125,0,0,0,0,0,0,0,0,0
CHEMBL206273,0,0,0,0,0,0,0,0,0
CHEMBL206283,0,0,0,1,0,0,0,0,0
CHEMBL206300,0,0,0,0,1,1,1,0,0
CHEMBL206351,0,0,0,0,0,0,0,0,0
CHEMBL206550,0,0,0,1,0,0,0,0,0
CHEMBL207751,0,0,0,0,1,0,0,0,0
CHEMBL207829,0,0,0,0,0,0,0,0,0
CHEMBL208471,0,0,0,0,1,0,0,0,0
CHEMBL209047,0,0,0,1,1,0,0,0,0
CHEMBL209073,1,1,1,1,1,1,1,1,1
CHEMBL2096872,0,0,0,1,0,0,1,0,0
CHEMBL2096873,0,0,0,1,0,0,1,0,0
CHEMBL209731,0,0,0,1,1,0,0,0,0
CHEMBL210300,0,0,0,0,0,0,0,0,0
CHEMBL2105261,1,1,1,1,1,1,1,1,1
CHEMBL2105261,1,1,1,1,1,1,1,1,1
CHEMBL2111801,0,1,1,1,0,0,0,1,1
CHEMBL2111917,1,1,1,1,1,1,1,1,1
CHEMBL2111917,1,1,1,1,1,1,1,1,1
CHEMBL2111947,1,1,1,1,1,1,1,1,1
CHEMBL211207,0,0,0,0,1,0,0,0,0
CHEMBL2112299,1,1,1,1,1,1,1,1,1
CHEMBL2112301,1,1,1,1,1,1,1,1,1
CHEMBL2112309,1,1,1,1,1,1,1,1,1
CHEMBL2112738,1,1,1,1,1,1,1,1,1
CHEMBL2112739,1,1,1,1,1,1,1,1,1
CHEMBL2112739,1,1,1,1,1,1,1,1,1
CHEMBL2113268,1,1,1,1,1,1,1,1,1
CHEMBL2113269,1,1,1,1,1,1,1,1,1
CHEMBL2113272,1,1,1,1,1,1,1,1,1
CHEMBL2113276,1,1,1,1,1,1,1,1,1
CHEMBL2113524,1,1,1,1,1,1,1,1,1
CHEMBL2113524,1,1,1,1,1,1,1,1,1
CHEMBL2113619,1,1,1,1,1,1,1,1,1
CHEMBL2113619,1,1,1,1,1,1,1,1,1
CHEMBL212168,0,0,0,1,1,0,0,0,0
CHEMBL212473,0,0,0,1,1,0,0,0,0
CHEMBL212741,0,0,0,0,1,0,0,0,0
CHEMBL213587,0,0,0,1,1,0,0,0,0
CHEMBL213588,0,0,0,1,1,0,0,0,0
CHEMBL2137046,0,0,0,1,0,0,0,0,0
CHEMBL214932,0,0,0,0,1,0,0,0,0
CHEMBL2163638,0,0,0,1,1,1,1,0,0
CHEMBL2163639,0,0,0,1,1,1,1,0,0
CHEMBL2163641,0,0,0,1,1,1,1,0,0
CHEMBL2163646,0,0,0,1,1,1,1,0,0
CHEMBL2165313,0,0,0,1,0,0,0,0,0
CHEMBL2165314,0,0,0,1,0,0,0,0,0
CHEMBL2165315,0,0,0,1,0,0,0,0,0
CHEMBL2165316,0,0,0,1,0,0,0,0,0
CHEMBL2165317,0,0,0,1,0,0,0,0,0
CHEMBL2165318,0,0,0,1,1,0,0,0,0
CHEMBL2165319,0,0,0,1,1,0,0,0,0
CHEMBL2165320,0,0,0,1,0,0,0,0,0
CHEMBL2165321,0,0,0,1,0,0,0,0,0
CHEMBL2165322,0,0,0,1,0,0,0,0,0
CHEMBL2165323,0,0,0,1,0,0,0,0,0
CHEMBL2165324,0,0,0,1,0,0,0,0,0
CHEMBL2165325,0,0,0,1,1,0,0,0,0
CHEMBL2179107,1,1,1,1,1,1,1,1,1
CHEMBL2179108,1,1,1,1,1,1,1,1,1
CHEMBL2179109,1,1,1,1,1,1,1,1,1
CHEMBL2179110,1,1,1,1,1,1,1,1,1
CHEMBL2179111,1,1,1,1,1,1,1,1,1
CHEMBL2179112,1,1,1,1,1,1,1,1,1
CHEMBL2179113,1,1,1,1,1,1,1,1,1
CHEMBL2179114,1,1,1,1,1,1,1,1,1
CHEMBL220774,0,1,0,0,0,0,0,1,0
CHEMBL220792,0,1,0,1,0,0,0,1,1
CHEMBL220793,0,1,0,1,0,0,0,1,1
CHEMBL2208131,0,0,0,0,1,0,1,0,0
CHEMBL2208140,0,0,0,0,1,0,1,0,0
CHEMBL2208141,0,0,0,0,1,0,1,0,0
CHEMBL220829,0,1,0,0,0,0,0,1,0
CHEMBL220885,0,1,0,1,0,0,0,1,0
CHEMBL220886,0,1,0,0,0,0,0,1,0
CHEMBL222189,0,1,0,1,0,0,0,1,1
CHEMBL222250,0,1,0,1,0,0,0,1,1
CHEMBL222260,0,1,0,1,0,0,0,1,1
CHEMBL223108,0,1,0,0,0,0,0,1,0
CHEMBL223109,0,1,0,0,0,0,0,1,0
CHEMBL223161,0,1,0,0,0,0,0,1,0
CHEMBL223162,0,1,0,1,0,0,0,1,0
CHEMBL223176,0,0,0,1,1,0,0,0,0
CHEMBL223368,0,1,0,1,0,0,0,1,1
CHEMBL223369,0,1,0,0,0,0,0,1,0
CHEMBL223421,0,1,0,0,0,0,0,1,0
CHEMBL223452,0,0,0,1,0,0,0,0,0
CHEMBL223554,0,0,0,1,0,0,0,0,0
CHEMBL223555,0,0,0,1,1,0,0,0,0
CHEMBL2235950,0,0,0,1,1,1,1,0,0
CHEMBL2235951,0,0,0,1,1,1,1,0,0
CHEMBL2235952,0,0,0,1,1,1,1,0,0
CHEMBL2235953,0,0,0,1,1,1,1,0,0
CHEMBL223607,0,0,0,1,1,0,0,0,0
CHEMBL223717,0,0,0,1,0,0,1,0,0
CHEMBL223874,1,1,1,1,1,1,1,1,1
CHEMBL223929,0,0,0,0,1,0,0,0,0
CHEMBL223983,0,0,0,1,1,0,0,0,0
CHEMBL224037,0,1,0,1,0,0,0,1,1
CHEMBL224060,0,0,0,1,1,1,1,0,0
CHEMBL224228,0,0,0,0,1,0,0,0,0
CHEMBL224391,0,0,0,1,1,1,1,0,0
CHEMBL224462,0,0,1,1,1,0,0,1,1
CHEMBL224600,0,0,0,0,1,0,0,0,0
CHEMBL224649,0,0,0,0,1,0,0,0,0
CHEMBL224665,0,0,0,1,1,0,0,0,0
CHEMBL224786,0,0,0,1,1,0,0,0,0
CHEMBL224787,0,0,0,1,1,0,0,0,0
CHEMBL224789,0,0,0,1,1,0,0,0,0
CHEMBL224790,0,0,0,1,1,0,0,0,0
CHEMBL22485,0,0,0,1,1,1,1,0,0
CHEMBL225053,1,0,1,1,1,0,0,1,1
CHEMBL225079,0,0,0,1,1,0,0,0,0
CHEMBL225128,0,0,0,1,1,0,0,1,1
CHEMBL225178,0,0,0,1,1,0,0,0,0
CHEMBL225360,0,0,1,1,1,0,0,1,1
CHEMBL225378,0,0,1,1,1,0,0,1,1
CHEMBL225447,0,0,0,1,1,1,1,0,0
CHEMBL225472,0,0,0,1,1,0,0,0,0
CHEMBL225497,0,0,0,1,0,0,1,0,0
CHEMBL225499,0,0,0,1,1,0,0,0,0
CHEMBL225550,0,0,1,1,1,0,0,1,1
CHEMBL226736,0,1,0,1,1,0,0,1,0
CHEMBL226737,0,1,0,1,1,0,0,1,0
CHEMBL226738,0,0,0,1,1,0,0,0,0
CHEMBL226789,0,0,0,1,1,0,0,0,0
CHEMBL226790,0,0,0,1,1,0,0,0,0
CHEMBL226791,0,0,0,1,1,0,0,0,0
CHEMBL226841,0,0,0,1,1,0,0,0,0
CHEMBL226842,0,1,0,1,1,0,0,1,1
CHEMBL226843,0,0,0,1,1,0,0,0,0
CHEMBL226891,0,0,0,1,1,0,0,0,0
CHEMBL226892,0,1,0,1,1,0,0,1,0
CHEMBL226893,0,1,0,1,1,0,0,1,0
CHEMBL226945,0,1,0,1,1,0,0,1,0
CHEMBL226946,0,0,0,1,1,0,0,0,0
CHEMBL226947,0,0,0,1,1,0,0,0,0
CHEMBL226999,0,1,0,1,1,0,0,1,1
CHEMBL227113,1,1,1,1,1,1,1,1,1
CHEMBL2282047,1,1,1,1,1,1,1,1,1
CHEMBL2282050,1,1,1,1,1,1,1,1,1
CHEMBL2282053,1,1,1,1,1,1,1,1,1
CHEMBL228985,0,0,0,1,0,0,0,0,0
CHEMBL229094,0,0,0,1,0,0,0,0,0
CHEMBL229633,0,0,0,1,0,0,0,0,0
CHEMBL229635,0,0,0,1,0,0,0,0,0
CHEMBL229789,0,0,0,1,0,0,0,0,0
CHEMBL229790,0,0,0,1,0,0,0,0,0
CHEMBL229841,0,0,0,1,0,0,0,0,0
CHEMBL229861,0,0,0,1,1,1,1,0,0
CHEMBL229885,0,0,0,1,0,0,0,0,0
CHEMBL229893,0,0,0,1,0,0,0,0,0
CHEMBL229905,0,0,0,1,0,0,0,0,0
CHEMBL229906,0,0,0,1,0,0,0,0,0
CHEMBL229907,0,0,0,1,0,0,0,0,0
CHEMBL229908,0,0,0,1,0,0,0,0,0
CHEMBL2299368,0,0,0,0,0,0,0,0,0
CHEMBL2299369,0,0,0,0,0,0,0,0,0
CHEMBL229944,0,0,0,1,0,0,0,0,0
CHEMBL229945,0,0,0,1,0,0,0,0,0
CHEMBL23097,0,0,0,0,0,0,0,0,0
CHEMBL2311169,1,1,1,1,1,1,1,1,1
CHEMBL2311169,1,1,1,1,1,1,1,1,1
CHEMBL2311178,1,1,1,1,1,1,1,1,1
CHEMBL2311178,1,1,1,1,1,1,1,1,1
CHEMBL2311553,0,0,0,1,1,1,1,0,0
CHEMBL2312948,0,0,0,1,1,1,1,0,0
CHEMBL2312949,0,0,0,1,1,1,1,0,0
CHEMBL2312950,0,0,0,1,1,1,1,0,0
CHEMBL2312951,0,0,0,1,1,1,1,0,0
CHEMBL2312952,0,0,0,1,1,1,1,0,0
CHEMBL2312953,0,0,1,1,1,1,1,1,1
CHEMBL2312954,0,0,0,1,1,1,1,0,0
CHEMBL2312955,0,0,0,1,1,1,1,0,0
CHEMBL2312956,0,0,0,1,1,1,1,0,0
CHEMBL2312957,0,0,0,1,1,1,1,0,0
CHEMBL2312958,0,0,0,1,1,1,1,0,0
CHEMBL2312959,0,0,0,1,1,1,1,0,0
CHEMBL2312960,0,0,0,1,1,1,1,0,0
CHEMBL2312961,0,0,0,1,1,1,1,0,0
CHEMBL2312962,0,0,0,1,1,1,1,0,0
CHEMBL2312963,0,0,0,1,1,1,1,1,1
CHEMBL2312964,0,0,0,1,1,1,1,0,0
CHEMBL2312965,0,0,0,1,1,1,1,0,0
CHEMBL2312966,0,0,0,1,1,1,1,0,0
CHEMBL2312967,0,0,0,1,1,1,1,0,0
CHEMBL2312968,0,0,0,1,1,1,1,0,0
CHEMBL2312969,0,0,0,1,1,1,1,0,0
CHEMBL2312970,0,0,0,1,1,1,1,0,0
CHEMBL2312971,0,0,0,1,1,1,1,0,0
CHEMBL2312972,0,0,0,1,1,1,1,0,0
CHEMBL23148,0,0,0,1,0,0,0,0,0
CHEMBL23150,0,0,0,1,1,1,1,0,0
CHEMBL231936,0,0,0,0,0,0,0,0,0
CHEMBL2331699,0,0,0,1,1,1,1,0,0
CHEMBL2331704,0,0,0,1,1,1,1,1,1
CHEMBL2333326,0,0,0,1,1,0,0,0,0
CHEMBL2333327,0,0,0,1,1,0,0,0,0
CHEMBL2333328,0,0,0,1,1,0,0,0,0
CHEMBL2333329,0,0,0,1,1,0,0,0,0
CHEMBL2333330,0,0,0,1,1,0,0,0,0
CHEMBL2333331,0,0,0,1,1,0,0,0,0
CHEMBL2333332,0,0,0,1,1,0,0,0,0
CHEMBL2333333,0,0,0,1,1,0,0,0,0
CHEMBL2333334,0,0,0,1,1,0,0,0,0
CHEMBL2333335,0,0,0,1,1,0,0,0,0
CHEMBL2333336,0,0,0,1,1,0,0,0,0
CHEMBL2333337,0,0,0,1,1,0,0,0,0
CHEMBL23334,0,0,0,1,1,1,1,0,0
CHEMBL23364,0,0,0,1,0,0,0,0,0
CHEMBL23365,0,0,0,0,0,0,0,0,0
CHEMBL2336847,0,0,0,1,1,1,1,0,0
CHEMBL2336848,0,0,0,1,1,1,1,0,0
CHEMBL2336849,0,0,0,1,1,1,1,1,1
CHEMBL2336850,0,0,0,1,1,1,1,0,0
CHEMBL2336851,0,0,0,1,1,1,1,0,0
CHEMBL2336852,0,0,0,1,1,1,1,0,0
CHEMBL2336853,0,0,0,1,1,1,1,0,0
CHEMBL2336854,0,0,0,1,1,1,1,0,0
CHEMBL2336855,0,0,0,1,1,1,1,0,0
CHEMBL2336856,0,0,0,1,1,1,1,0,0
CHEMBL2336857,0,0,0,1,1,1,1,0,0
CHEMBL2336858,0,0,0,1,1,1,1,0,0
CHEMBL2336859,0,0,0,1,1,1,1,1,1
CHEMBL2336860,0,0,0,1,1,1,1,0,0
CHEMBL2336861,0,0,0,1,1,1,1,0,0
CHEMBL2336862,0,0,0,1,1,1,1,0,0
CHEMBL2336863,0,0,0,1,1,1,1,0,0
CHEMBL2336864,0,0,0,1,1,1,1,0,0
CHEMBL2336865,0,0,0,1,1,1,1,0,0
CHEMBL23394,0,0,0,0,0,0,0,0,0
CHEMBL23484,0,0,0,1,1,1,1,0,0
CHEMBL23485,0,0,0,1,1,1,1,0,0
CHEMBL23646,0,0,0,0,1,1,1,0,0
CHEMBL2386284,0,0,0,1,0,0,0,0,0
CHEMBL2386284,0,0,0,1,0,0,0,0,0
CHEMBL2386285,0,0,0,1,0,0,0,0,0
CHEMBL2386285,0,0,0,1,0,0,0,0,0
CHEMBL2386286,0,0,0,1,0,0,0,0,0
CHEMBL2386286,0,0,0,1,0,0,0,0,0
CHEMBL2386287,0,0,0,1,0,0,0,1,1
CHEMBL2386288,0,0,0,1,0,0,0,1,1
CHEMBL24014,0,0,0,0,1,1,1,0,0
CHEMBL24021,1,1,1,1,1,1,1,1,1
CHEMBL24021,1,1,1,1,1,1,1,1,1
CHEMBL24037,1,1,1,1,1,1,1,1,1
CHEMBL24037,1,1,1,1,1,1,1,1,1
CHEMBL24115,0,0,0,1,1,1,1,0,0
CHEMBL2417553,0,0,0,0,0,0,0,0,0
CHEMBL241993,1,1,1,1,1,1,1,1,1
CHEMBL2420674,0,0,0,1,0,0,0,0,0
CHEMBL2420675,0,0,0,1,0,0,0,0,0
CHEMBL2420676,0,0,0,1,0,0,0,0,0
CHEMBL2420677,0,0,0,1,0,0,0,0,0
CHEMBL2420678,0,0,0,1,0,0,0,0,0
CHEMBL2420679,0,0,0,1,0,0,0,0,0
CHEMBL2420680,0,0,0,1,0,0,0,0,0
CHEMBL2420681,0,0,0,1,0,0,0,0,0
CHEMBL2420682,0,0,0,1,0,0,0,0,0
CHEMBL2420683,0,0,0,1,0,0,0,0,0
CHEMBL2420684,0,0,0,1,0,0,0,0,0
CHEMBL2420685,0,0,0,1,0,0,0,0,0
CHEMBL2420686,0,0,0,1,0,0,0,0,0
CHEMBL2420687,0,0,0,1,0,0,0,0,0
CHEMBL2420688,0,0,0,1,0,0,0,0,0
CHEMBL24233,0,0,0,0,0,0,0,0,0
CHEMBL242454,0,0,0,1,1,0,0,0,0
CHEMBL24279,0,0,0,1,1,1,1,0,0
CHEMBL2430098,0,0,0,0,1,1,1,0,0
CHEMBL2430196,0,0,0,1,1,1,1,0,0
CHEMBL2430197,0,0,0,1,1,1,1,0,0
CHEMBL2430497,0,0,0,0,1,0,1,1,1
CHEMBL2430498,0,0,0,1,1,0,1,1,1
CHEMBL2430499,0,0,0,0,1,0,1,1,1
CHEMBL2430501,0,0,0,0,1,0,1,1,1
CHEMBL2430505,0,0,0,0,1,0,1,1,1
CHEMBL2430506,0,0,0,0,1,0,1,1,1
CHEMBL2430507,0,0,0,1,1,0,1,1,1
CHEMBL2430508,0,0,0,0,1,0,1,1,1
CHEMBL2430509,0,0,0,0,1,0,1,1,1
CHEMBL2430510,0,0,0,0,1,0,1,1,1
CHEMBL2430511,0,0,0,0,1,0,1,1,1
CHEMBL2430512,0,0,0,0,1,0,1,1,1
CHEMBL2431524,1,1,1,1,1,1,1,1,1
CHEMBL2431525,1,1,1,1,1,1,1,1,1
CHEMBL2431526,1,1,1,1,1,1,1,1,1
CHEMBL2431527,1,1,1,1,1,1,1,1,1
CHEMBL243755,0,0,0,1,1,0,0,0,0
CHEMBL243756,0,0,0,1,1,0,0,0,0
CHEMBL24387,1,1,1,1,1,1,1,1,1
CHEMBL24387,1,1,1,1,1,1,1,1,1
CHEMBL243960,0,0,0,1,1,0,0,0,0
CHEMBL243961,0,0,0,1,1,0,0,0,0
CHEMBL2440145,0,0,0,1,1,1,0,0,0
CHEMBL24410,1,1,1,1,1,1,1,1,1
CHEMBL24410,1,1,1,1,1,1,1,1,1
CHEMBL2442753,0,0,0,1,1,1,1,0,0
CHEMBL2442754,0,0,0,1,1,1,0,0,0
CHEMBL2442755,0,0,0,1,1,1,1,0,0
CHEMBL2442756,0,0,0,1,1,1,0,0,0
CHEMBL2442757,0,0,0,1,1,1,0,0,0
CHEMBL2442758,0,0,0,1,1,1,1,0,0
CHEMBL2442759,0,0,0,1,1,1,0,0,0
CHEMBL2442760,0,0,0,1,1,1,1,0,0
CHEMBL2442761,0,0,0,1,1,1,0,0,0
CHEMBL2442762,0,0,0,1,1,1,1,0,0
CHEMBL2442763,0,0,0,1,1,1,0,0,0
CHEMBL2442764,0,0,0,1,1,1,0,0,0
CHEMBL2442765,0,0,0,1,1,1,1,0,0
CHEMBL2442766,0,0,0,1,1,1,0,0,0
CHEMBL2442767,0,0,0,1,1,1,0,0,0
CHEMBL2442768,0,0,0,1,1,1,0,0,0
CHEMBL2442769,0,0,0,1,1,1,1,0,0
CHEMBL2442770,0,0,0,1,1,1,0,0,0
CHEMBL2442771,0,0,0,1,1,1,1,0,0
CHEMBL2442772,0,0,0,1,1,1,0,0,0
CHEMBL2443348,0,0,0,1,1,0,0,0,0
CHEMBL2443349,0,0,0,1,1,0,0,0,0
CHEMBL2443350,0,0,0,1,1,0,0,0,0
CHEMBL2443351,0,0,0,1,1,0,0,0,0
CHEMBL2443352,0,0,0,1,1,0,0,0,0
CHEMBL2443353,0,0,0,1,1,0,0,0,0
CHEMBL2443354,0,0,0,1,1,0,0,0,0
CHEMBL2443355,0,0,0,1,1,0,0,0,0
CHEMBL2443356,0,0,0,1,1,0,0,0,0
CHEMBL2443357,0,0,0,1,1,0,0,0,0
CHEMBL2443358,0,0,0,1,1,0,0,0,0
CHEMBL2443359,0,0,0,1,1,0,0,0,0
CHEMBL2443360,0,0,0,1,1,0,0,0,0
CHEMBL2443361,0,0,0,1,1,0,0,0,0
CHEMBL2443362,0,0,0,1,1,0,0,0,0
CHEMBL2443363,0,0,0,1,1,0,0,0,0
CHEMBL2443364,0,0,0,1,1,0,0,0,0
CHEMBL2443365,0,0,0,1,1,0,0,0,0
CHEMBL244795,0,0,0,1,1,0,0,0,0
CHEMBL24580,1,1,1,1,1,1,1,1,1
CHEMBL24580,1,1,1,1,1,1,1,1,1
CHEMBL24593,0,0,0,0,1,1,1,0,0
CHEMBL24897,1,1,1,1,1,1,1,1,1
CHEMBL24897,1,1,1,1,1,1,1,1,1
CHEMBL24946,1,1,1,1,1,1,1,1,1
CHEMBL24946,1,1,1,1,1,1,1,1,1
CHEMBL25059,1,1,1,1,1,1,1,1,1
CHEMBL25059,1,1,1,1,1,1,1,1,1
CHEMBL252642,0,0,0,1,0,0,0,0,0
CHEMBL253467,0,0,0,1,0,0,0,0,0
CHEMBL253570,0,0,0,1,0,0,0,0,0
CHEMBL254328,1,1,1,1,1,1,1,1,1
CHEMBL25473,1,1,1,1,1,1,1,1,1
CHEMBL25473,1,1,1,1,1,1,1,1,1
CHEMBL255108,0,0,0,1,0,0,0,0,0
CHEMBL255110,0,0,0,1,0,0,0,0,0
CHEMBL25523,1,1,1,1,1,1,1,1,1
CHEMBL25523,1,1,1,1,1,1,1,1,1
CHEMBL25588,1,1,1,1,1,1,1,1,1
CHEMBL25588,1,1,1,1,1,1,1,1,1
CHEMBL256407,0,0,0,1,0,0,0,0,0
CHEMBL256665,0,0,0,1,0,0,0,0,0
CHEMBL25695,1,1,1,1,1,1,1,1,1
CHEMBL25695,1,1,1,1,1,1,1,1,1
CHEMBL25700,1,1,1,1,1,1,1,1,1
CHEMBL25700,1,1,1,1,1,1,1,1,1
CHEMBL25735,0,0,1,1,0,0,0,1,1
CHEMBL258257,0,0,0,1,0,0,0,0,0
CHEMBL260098,0,0,0,1,0,0,0,0,0
CHEMBL260553,0,0,0,1,0,0,0,0,0
CHEMBL26065,0,0,0,1,1,1,1,0,0
CHEMBL26093,1,1,1,1,1,1,1,1,1
CHEMBL260955,0,0,0,0,0,0,0,0,0
CHEMBL26207,0,1,1,1,1,1,1,1,1
CHEMBL26208,0,0,1,1,0,0,0,1,1
CHEMBL262723,1,1,1,1,1,1,1,1,1
CHEMBL262723,1,1,1,1,1,1,1,1,1
CHEMBL26279,0,0,0,1,1,1,1,0,0
CHEMBL264401,0,0,0,0,1,0,1,0,0
CHEMBL264724,0,0,0,1,0,0,0,0,0
CHEMBL264924,0,1,1,1,0,0,0,1,1
CHEMBL26543,0,0,1,1,0,1,0,1,1
CHEMBL266297,1,1,1,1,1,1,1,1,1
CHEMBL266350,1,1,1,1,1,1,1,1,1
CHEMBL266350,1,1,1,1,1,1,1,1,1
CHEMBL26651,1,1,1,1,1,1,1,1,1
CHEMBL26651,1,1,1,1,1,1,1,1,1
CHEMBL266532,1,1,1,1,1,1,1,1,1
CHEMBL266532,1,1,1,1,1,1,1,1,1
CHEMBL266788,1,1,1,1,1,1,1,1,1
CHEMBL267433,1,1,1,1,1,1,1,1,1
CHEMBL267476,0,0,0,0,0,0,0,0,0
CHEMBL267508,0,0,0,1,0,0,0,0,0
CHEMBL267668,1,1,1,1,1,1,1,1,1
CHEMBL267668,1,1,1,1,1,1,1,1,1
CHEMBL268209,1,1,1,1,1,1,1,1,1
CHEMBL268209,1,1,1,1,1,1,1,1,1
CHEMBL268918,1,1,1,1,1,1,1,1,1
CHEMBL268918,1,1,1,1,1,1,1,1,1
CHEMBL269590,1,1,1,1,1,1,1,1,1
CHEMBL269761,0,1,1,1,0,0,0,1,1
CHEMBL269877,0,0,0,0,0,0,0,0,0
CHEMBL270215,0,1,1,1,0,0,0,1,1
CHEMBL270283,0,1,0,1,0,0,0,1,1
CHEMBL270301,0,0,0,0,0,0,0,0,0
CHEMBL270488,0,0,0,0,0,0,0,0,0
CHEMBL270915,0,1,0,1,0,0,0,1,1
CHEMBL270917,0,1,0,1,0,0,0,1,1
CHEMBL271129,0,1,0,1,0,0,0,1,1
CHEMBL271794,0,1,0,1,0,0,0,1,1
CHEMBL272339,0,0,0,0,1,0,1,0,0
CHEMBL272398,0,1,0,1,0,0,0,1,1
CHEMBL272456,0,1,0,1,0,0,0,1,1
CHEMBL272464,0,1,0,0,0,0,0,1,1
CHEMBL273049,0,0,0,0,0,0,0,0,0
CHEMBL27386,1,1,1,1,1,1,1,1,1
CHEMBL274318,0,0,0,1,0,0,0,0,0
CHEMBL274387,0,1,0,0,0,0,0,1,0
CHEMBL27467,0,1,1,1,0,1,0,1,1
CHEMBL274826,1,1,1,1,1,1,1,1,1
CHEMBL274826,1,1,1,1,1,1,1,1,1
CHEMBL274878,1,1,1,1,1,1,1,1,1
CHEMBL274878,1,1,1,1,1,1,1,1,1
CHEMBL27546,0,1,1,1,0,1,0,1,1
CHEMBL275594,0,0,1,1,0,0,0,1,1
CHEMBL275638,0,0,0,1,0,0,0,0,0
CHEMBL27591,0,1,1,1,0,1,0,1,1
CHEMBL276140,0,1,0,1,1,1,1,1,1
CHEMBL276473,0,0,0,0,0,0,0,0,0
CHEMBL276915,0,0,0,1,0,0,0,0,0
CHEMBL27698,0,1,1,1,0,1,0,1,1
CHEMBL27767,1,1,1,1,1,1,1,1,1
CHEMBL27769,1,1,1,1,1,1,1,1,1
CHEMBL27797,0,0,1,1,0,0,0,1,1
CHEMBL27879,0,1,1,1,0,1,0,1,1
CHEMBL279940,0,0,0,0,0,0,0,0,0
CHEMBL28,0,0,0,1,0,0,0,0,0
CHEMBL281433,1,1,1,1,1,1,1,1,1
CHEMBL28173,0,1,1,1,0,1,0,1,1
CHEMBL281871,1,1,1,1,1,1,1,1,1
CHEMBL281871,1,1,1,1,1,1,1,1,1
CHEMBL281947,1,1,1,1,1,1,1,1,1
CHEMBL282079,0,0,1,1,0,0,0,1,1
CHEMBL282325,0,0,1,1,0,0,0,1,1
CHEMBL282525,0,0,1,1,0,0,1,1,1
CHEMBL282573,0,0,1,1,0,0,0,1,1
CHEMBL282580,1,1,1,1,1,1,1,1,1
CHEMBL282673,1,1,1,1,1,1,1,1,1
CHEMBL282673,1,1,1,1,1,1,1,1,1
CHEMBL28290,0,1,1,1,0,1,0,1,1
CHEMBL283085,0,0,1,1,0,0,0,1,1
CHEMBL283196,0,0,0,1,0,0,0,0,0
CHEMBL283196,0,0,0,1,0,0,0,0,0
CHEMBL283671,0,0,1,1,0,0,0,1,1
CHEMBL283782,0,0,0,1,1,1,1,0,0
CHEMBL284238,1,1,1,1,1,1,1,1,1
CHEMBL284238,1,1,1,1,1,1,1,1,1
CHEMBL284636,0,0,1,1,0,0,0,1,1
CHEMBL28465,0,0,1,1,0,0,1,1,1
CHEMBL284934,0,0,0,1,1,1,1,0,0
CHEMBL285155,0,0,0,1,1,1,1,0,0
CHEMBL285193,0,0,0,1,1,1,1,0,0
CHEMBL285809,0,1,1,1,1,1,0,1,1
CHEMBL285973,0,0,0,1,1,1,1,0,0
CHEMBL28637,0,0,1,1,0,0,0,1,1
CHEMBL286506,0,1,1,1,0,1,0,1,1
CHEMBL28668,0,0,1,1,0,0,0,1,1
CHEMBL28669,0,1,1,1,0,0,0,1,1
CHEMBL286738,0,1,0,1,0,0,0,1,0
CHEMBL28689,0,0,0,1,0,0,0,0,0
CHEMBL28696,0,0,1,1,0,0,0,1,1
CHEMBL286965,0,0,1,1,0,0,0,1,1
CHEMBL287393,0,0,1,1,0,0,0,1,1
CHEMBL28753,0,0,1,1,0,0,0,1,1
CHEMBL287574,1,1,1,1,1,1,1,1,1
CHEMBL287574,1,1,1,1,1,1,1,1,1
CHEMBL287647,0,1,1,1,0,0,0,1,1
CHEMBL287677,0,0,0,1,1,1,0,0,0
CHEMBL287950,0,0,0,1,1,1,1,0,0
CHEMBL287967,0,0,0,1,1,1,1,0,0
CHEMBL28800,0,0,1,1,0,0,0,1,1
CHEMBL28806,1,1,1,1,1,1,1,1,1
CHEMBL288093,0,0,0,1,1,1,1,0,0
CHEMBL288190,1,1,1,1,1,1,1,1,1
CHEMBL288242,1,1,1,1,1,1,1,1,1
CHEMBL288695,0,0,0,1,1,1,1,0,0
CHEMBL288712,0,0,1,1,0,0,0,1,1
CHEMBL28880,0,0,0,1,0,0,0,0,0
CHEMBL288804,0,0,0,1,1,1,1,0,0
CHEMBL289116,0,0,1,1,0,0,0,1,1
CHEMBL289116,0,0,1,1,0,0,0,1,1
CHEMBL28971,0,1,1,1,0,0,0,1,1
CHEMBL289766,0,0,1,1,0,0,0,1,1
CHEMBL289945,0,0,0,1,1,1,1,0,0
CHEMBL290309,1,1,1,1,1,1,1,1,1
CHEMBL290309,1,1,1,1,1,1,1,1,1
CHEMBL291279,1,1,1,1,1,1,1,1,1
CHEMBL291279,1,1,1,1,1,1,1,1,1
CHEMBL29138,0,0,1,1,0,0,0,1,1
CHEMBL291646,0,0,0,1,1,1,1,0,0
CHEMBL291700,0,0,0,1,1,1,0,0,0
CHEMBL29230,0,0,1,1,0,0,0,1,1
CHEMBL292899,0,0,0,1,1,0,0,0,0
CHEMBL293122,0,0,0,1,1,0,0,0,0
CHEMBL29338,0,0,1,1,0,0,0,1,1
CHEMBL29339,0,0,1,1,0,0,0,1,1
CHEMBL29400,0,0,1,1,0,0,0,1,1
CHEMBL294357,0,0,0,1,1,1,1,0,0
CHEMBL294360,0,0,0,1,1,1,1,0,0
CHEMBL294361,0,0,0,1,0,0,1,0,0
CHEMBL29482,0,0,0,1,1,0,0,0,0
CHEMBL294878,0,0,0,1,0,0,0,0,0
CHEMBL29521,0,0,1,1,0,0,0,1,1
CHEMBL29523,0,0,1,1,0,0,0,1,1
CHEMBL296411,0,0,0,0,0,0,0,0,0
CHEMBL296617,1,1,1,1,1,1,1,1,1
CHEMBL29669,0,0,0,1,0,0,0,0,0
CHEMBL297073,1,1,1,1,1,1,1,1,1
CHEMBL297784,0,0,0,1,1,1,1,0,0
CHEMBL298172,1,1,1,1,1,1,1,1,1
CHEMBL29863,0,0,1,1,0,0,0,1,1
CHEMBL29864,0,0,1,1,0,0,0,1,1
CHEMBL298720,0,0,0,0,1,0,0,0,0
CHEMBL29901,0,0,1,1,0,0,0,1,1
CHEMBL29904,0,0,1,1,0,0,0,1,1
CHEMBL299066,0,0,0,0,1,0,0,0,0
CHEMBL29952,0,1,1,1,0,0,0,1,1
CHEMBL299613,1,1,1,1,1,1,1,1,1
CHEMBL29997,0,1,1,1,0,0,0,1,1
CHEMBL300109,0,0,0,1,1,0,0,0,0
CHEMBL30043,0,0,1,1,0,0,0,1,1
CHEMBL30047,0,0,1,1,0,0,0,1,1
CHEMBL30081,0,0,1,1,0,0,1,1,1
CHEMBL300814,0,0,0,1,0,0,0,0,0
CHEMBL300921,1,1,1,1,1,1,1,1,1
CHEMBL301106,0,0,0,1,1,0,0,0,0
CHEMBL301608,0,0,0,1,1,0,0,0,0
CHEMBL302249,1,1,1,1,1,1,1,1,1
CHEMBL302249,1,1,1,1,1,1,1,1,1
CHEMBL302305,1,1,1,1,1,1,1,1,1
CHEMBL302305,1,1,1,1,1,1,1,1,1
CHEMBL302530,1,1,1,1,1,1,1,1,1
CHEMBL302530,1,1,1,1,1,1,1,1,1
CHEMBL302741,1,1,1,1,1,1,1,1,1
CHEMBL302741,1,1,1,1,1,1,1,1,1
CHEMBL304222,0,0,0,1,0,0,1,0,0
CHEMBL304305,1,1,1,1,1,1,1,1,1
CHEMBL304305,1,1,1,1,1,1,1,1,1
CHEMBL304515,0,1,1,1,0,0,0,1,1
CHEMBL304583,0,0,0,1,0,0,1,0,0
CHEMBL304770,1,1,1,1,1,1,1,1,1
CHEMBL304770,1,1,1,1,1,1,1,1,1
CHEMBL304788,0,0,0,1,1,1,1,0,0
CHEMBL304903,0,0,0,1,0,0,1,0,0
CHEMBL305205,1,1,1,1,1,1,1,1,1
CHEMBL305205,1,1,1,1,1,1,1,1,1
CHEMBL305220,1,1,1,0,1,0,1,1,1
CHEMBL305483,0,0,1,1,1,0,0,1,1
CHEMBL305630,1,1,1,1,1,1,1,1,1
CHEMBL305630,1,1,1,1,1,1,1,1,1
CHEMBL306022,1,1,1,1,1,1,1,1,1
CHEMBL306022,1,1,1,1,1,1,1,1,1
CHEMBL307006,1,1,1,1,1,1,1,1,1
CHEMBL307006,1,1,1,1,1,1,1,1,1
CHEMBL307160,0,0,0,1,1,0,0,0,0
CHEMBL307581,1,1,1,1,1,1,1,1,1
CHEMBL307581,1,1,1,1,1,1,1,1,1
CHEMBL307643,1,1,1,1,1,1,1,1,1
CHEMBL307643,1,1,1,1,1,1,1,1,1
CHEMBL307690,1,1,1,1,1,1,1,1,1
CHEMBL307690,1,1,1,1,1,1,1,1,1
CHEMBL307893,0,0,0,1,0,0,0,0,0
CHEMBL3084324,0,0,1,1,1,1,1,1,1
CHEMBL3084923,0,1,1,1,0,0,0,1,1
CHEMBL3084924,0,1,1,1,0,0,0,1,1
CHEMBL308537,1,1,1,1,1,1,1,1,1
CHEMBL308537,1,1,1,1,1,1,1,1,1
CHEMBL3085491,1,1,1,1,1,1,1,1,1
CHEMBL308829,1,1,1,1,1,1,1,1,1
CHEMBL308829,1,1,1,1,1,1,1,1,1
CHEMBL309113,1,1,1,1,1,1,1,1,1
CHEMBL309113,1,1,1,1,1,1,1,1,1
CHEMBL309490,0,0,0,1,0,0,0,0,0
CHEMBL309656,1,1,1,1,1,1,1,1,1
CHEMBL309656,1,1,1,1,1,1,1,1,1
CHEMBL3099683,0,0,0,1,1,1,0,0,0
CHEMBL3099686,1,1,1,1,1,1,1,1,1
CHEMBL3099695,0,0,0,1,1,1,1,0,0
CHEMBL3099734,0,0,0,1,1,1,1,0,0
CHEMBL3099735,0,0,0,1,1,1,1,0,0
CHEMBL3105517,0,0,0,1,0,0,0,0,0
CHEMBL3105518,0,0,0,1,0,0,0,0,0
CHEMBL3105519,0,0,0,1,0,0,0,0,0
CHEMBL3105520,0,0,0,1,0,0,0,0,0
CHEMBL3105521,0,0,0,1,0,0,0,0,0
CHEMBL3105522,0,0,0,1,0,0,0,0,0
CHEMBL3105523,0,0,0,1,0,0,0,1,1
CHEMBL3105524,0,0,0,1,0,0,0,0,0
CHEMBL3105525,0,0,0,1,0,0,0,0,0
CHEMBL3105526,0,0,0,1,0,0,0,0,0
CHEMBL3105527,0,0,0,1,0,0,0,0,0
CHEMBL3105528,0,0,0,1,0,0,0,0,0
CHEMBL310735,1,1,1,1,1,1,1,1,1
CHEMBL310735,1,1,1,1,1,1,1,1,1
CHEMBL311077,1,1,1,1,1,1,1,1,1
CHEMBL311400,1,1,1,1,1,1,1,1,1
CHEMBL311400,1,1,1,1,1,1,1,1,1
CHEMBL31215,0,0,0,1,1,1,0,0,0
CHEMBL31224,0,0,0,1,1,0,0,0,0
CHEMBL312960,0,1,1,1,0,0,0,1,1
CHEMBL3132924,0,0,0,0,0,0,0,0,0
CHEMBL3134107,0,0,0,1,0,0,0,0,0
CHEMBL3134108,0,0,0,1,0,0,0,0,0
CHEMBL3134109,0,0,0,1,0,0,0,0,0
CHEMBL3134110,0,0,0,1,0,0,0,0,0
CHEMBL3134111,0,0,0,1,0,0,0,0,0
CHEMBL3134112,0,0,0,1,0,0,0,0,0
CHEMBL3134113,0,0,0,1,0,0,0,0,0
CHEMBL3134114,0,0,0,1,0,0,0,0,0
CHEMBL3134115,0,0,0,1,0,0,0,0,0
CHEMBL3134228,0,0,0,1,1,1,1,0,0
CHEMBL313485,0,0,1,1,0,0,0,1,1
CHEMBL313774,0,0,0,1,0,0,0,0,0
CHEMBL314125,0,1,1,1,0,0,0,1,1
CHEMBL314351,0,1,1,1,0,0,0,1,1
CHEMBL31456,0,0,0,1,1,0,0,0,0
CHEMBL314774,0,0,0,1,0,0,0,0,0
CHEMBL314991,0,1,1,1,0,0,0,1,1
CHEMBL316262,0,1,1,1,0,0,0,1,1
CHEMBL317221,0,0,0,1,0,0,0,0,0
CHEMBL317581,0,0,0,1,1,0,0,0,0
CHEMBL31760,0,0,0,1,1,0,0,0,0
CHEMBL317935,0,0,0,0,0,0,0,0,0
CHEMBL319026,0,1,0,1,0,1,0,1,1
CHEMBL319108,1,1,1,1,1,1,1,1,1
CHEMBL319160,1,1,1,1,1,0,1,1,1
CHEMBL319961,1,1,1,1,1,1,1,1,1
CHEMBL321729,0,0,0,0,0,0,0,0,0
CHEMBL3219070,0,0,0,1,1,0,0,0,0
CHEMBL3219071,0,0,0,1,1,0,0,0,0
CHEMBL3219600,0,0,0,1,1,0,0,0,0
CHEMBL3221175,0,0,0,1,0,0,0,0,0
CHEMBL322322,0,1,0,1,1,0,0,1,0
CHEMBL323197,0,0,0,1,0,0,0,0,0
CHEMBL323546,0,0,0,0,0,0,0,0,0
CHEMBL323585,0,0,0,0,0,0,0,0,0
CHEMBL324070,0,1,0,1,1,1,1,1,1
CHEMBL324290,0,0,0,0,0,0,0,0,0
CHEMBL324326,0,0,0,1,1,1,1,0,0
CHEMBL3245348,1,1,1,1,1,1,1,1,1
CHEMBL3245348,1,1,1,1,1,1,1,1,1
CHEMBL3245349,1,1,1,1,1,1,1,1,1
CHEMBL3245350,1,1,1,1,1,1,1,1,1
CHEMBL3245350,1,1,1,1,1,1,1,1,1
CHEMBL3245353,1,1,1,1,1,1,1,1,1
CHEMBL3245353,1,1,1,1,1,1,1,1,1
CHEMBL3245356,1,1,1,1,1,1,1,1,1
CHEMBL3245356,1,1,1,1,1,1,1,1,1
CHEMBL3245357,1,1,1,1,1,1,1,1,1
CHEMBL3245357,1,1,1,1,1,1,1,1,1
CHEMBL325346,0,1,0,1,1,0,0,1,0
CHEMBL325461,0,1,1,0,0,0,0,1,1
CHEMBL32571,0,0,0,1,0,0,0,0,0
CHEMBL3264672,0,0,0,1,1,0,1,1,1
CHEMBL3264675,0,0,0,1,1,0,1,1,1
CHEMBL3264679,0,0,0,1,1,0,1,1,1
CHEMBL3264681,0,0,0,1,1,0,1,1,1
CHEMBL3264682,0,0,0,1,1,0,1,1,1
CHEMBL3264684,0,0,0,1,1,0,1,1,1
CHEMBL3264685,0,0,0,1,1,0,1,1,1
CHEMBL327239,0,1,1,1,0,0,0,1,1
CHEMBL328217,0,0,0,1,0,0,0,0,0
CHEMBL328546,0,1,1,1,0,0,0,1,1
CHEMBL328863,1,1,1,1,1,0,1,1,1
CHEMBL329500,0,0,0,1,0,0,0,0,0
CHEMBL330452,0,0,1,1,0,0,0,1,1
CHEMBL3313969,0,0,0,1,1,1,1,0,0
CHEMBL3315157,0,1,1,1,1,1,0,1,1
CHEMBL331522,0,1,1,1,0,0,0,1,1
CHEMBL3326515,0,0,0,1,1,1,1,0,0
CHEMBL3326516,0,0,0,1,1,1,1,0,0
CHEMBL3326517,0,0,0,1,1,1,1,0,0
CHEMBL3326518,0,0,0,1,1,1,1,0,0
CHEMBL3326519,0,0,0,1,1,1,1,0,0
CHEMBL3326520,0,0,0,1,1,1,1,0,0
CHEMBL3326521,0,0,0,1,1,1,1,0,0
CHEMBL3326522,0,0,0,1,1,1,1,0,0
CHEMBL333185,0,1,1,1,0,0,0,1,1
CHEMBL334391,1,1,1,1,1,1,1,1,1
CHEMBL3349548,1,1,1,1,1,1,1,1,1
CHEMBL3349549,1,1,1,1,1,1,1,1,1
CHEMBL3349549,1,1,1,1,1,1,1,1,1
CHEMBL3349550,1,1,1,1,1,1,1,1,1
CHEMBL3349550,1,1,1,1,1,1,1,1,1
CHEMBL334958,0,0,1,1,0,0,0,1,1
CHEMBL3349655,1,1,1,1,1,1,1,1,1
CHEMBL3349655,1,1,1,1,1,1,1,1,1
CHEMBL3349656,1,1,1,1,1,1,1,1,1
CHEMBL3349656,1,1,1,1,1,1,1,1,1
CHEMBL3349657,1,1,1,1,1,1,1,1,1
CHEMBL3349657,1,1,1,1,1,1,1,1,1
CHEMBL3349658,1,1,1,1,1,1,1,1,1
CHEMBL3349658,1,1,1,1,1,1,1,1,1
CHEMBL3349659,1,1,1,1,1,1,1,1,1
CHEMBL3349659,1,1,1,1,1,1,1,1,1
CHEMBL3349856,1,1,1,1,1,1,1,1,1
CHEMBL3349856,1,1,1,1,1,1,1,1,1
CHEMBL3349864,1,1,1,1,1,1,1,1,1
CHEMBL3349864,1,1,1,1,1,1,1,1,1
CHEMBL334999,0,0,1,1,1,0,0,1,1
CHEMBL3350384,0,0,0,1,0,0,0,0,0
CHEMBL3350384,0,0,0,1,0,0,0,0,0
CHEMBL335050,0,0,0,1,1,0,0,0,0
CHEMBL335215,0,0,0,1,1,0,0,0,0
CHEMBL335408,1,1,1,1,1,1,1,1,1
CHEMBL335836,0,0,1,1,0,0,0,1,1
CHEMBL3359952,0,0,0,1,1,0,0,0,0
CHEMBL3359953,0,0,0,1,1,0,0,0,0
CHEMBL3359954,0,0,0,1,1,0,0,0,0
CHEMBL3359955,0,0,0,1,1,0,0,0,0
CHEMBL3359956,0,0,0,1,1,0,0,0,0
CHEMBL3359957,0,0,0,1,1,0,0,0,0
CHEMBL3359958,0,0,0,1,1,0,0,0,0
CHEMBL3359959,0,0,0,0,1,0,0,0,0
CHEMBL3359960,0,0,0,0,1,0,0,0,0
CHEMBL3359961,0,1,0,0,1,0,0,1,0
CHEMBL3359962,0,0,0,0,1,0,0,0,0
CHEMBL3359963,0,0,0,0,1,0,0,0,0
CHEMBL3359964,0,1,0,0,1,0,0,1,0
CHEMBL3359965,0,0,0,0,1,0,0,0,0
CHEMBL336102,0,1,0,1,0,1,0,1,1
CHEMBL336383,1,1,1,1,1,1,1,1,1
CHEMBL336387,1,1,1,1,1,1,1,1,1
CHEMBL336387,1,1,1,1,1,1,1,1,1
CHEMBL336616,0,0,1,1,0,0,0,1,1
CHEMBL336638,0,0,0,1,1,0,0,0,0
CHEMBL336708,0,0,1,1,1,0,0,1,1
CHEMBL337251,0,1,0,1,0,1,0,1,1
CHEMBL337750,0,0,1,1,0,0,0,1,1
CHEMBL338746,0,1,1,1,0,0,0,1,1
CHEMBL3401050,0,1,1,1,0,0,0,1,1
CHEMBL3401429,0,0,0,1,0,0,0,0,0
CHEMBL3407536,1,1,1,1,1,1,1,1,1
CHEMBL3407537,1,1,1,1,1,1,1,1,1
CHEMBL3407538,1,1,1,1,1,1,1,1,1
CHEMBL3407539,1,1,1,1,1,1,1,1,1
CHEMBL341386,0,0,0,1,1,0,0,0,0
CHEMBL3415152,0,0,0,1,1,1,0,0,0
CHEMBL3415153,0,0,0,1,1,1,0,0,0
CHEMBL3415154,0,0,0,1,1,1,1,0,0
CHEMBL3415155,0,0,0,1,1,1,1,0,0
CHEMBL3415156,0,0,0,1,1,1,1,0,0
CHEMBL3415157,0,0,0,1,1,1,1,0,0
CHEMBL3415158,0,0,0,1,1,1,1,0,0
CHEMBL3415159,0,0,0,1,1,1,1,0,0
CHEMBL3415160,0,0,0,1,1,1,1,0,0
CHEMBL3415161,0,0,0,1,1,1,1,0,0
CHEMBL3415162,0,0,0,1,1,1,1,0,0
CHEMBL3415163,0,0,0,1,1,1,1,0,0
CHEMBL3415164,0,0,0,1,1,1,1,0,0
CHEMBL3415165,0,0,0,1,1,1,1,0,0
CHEMBL3415166,0,0,0,1,1,1,1,0,0
CHEMBL3415167,0,0,0,1,1,1,1,0,0
CHEMBL3415168,0,0,0,1,1,1,1,0,0
CHEMBL3415169,0,0,0,1,1,1,1,1,1
CHEMBL3415170,0,0,0,1,1,1,1,0,0
CHEMBL3415171,0,0,0,1,1,1,1,0,0
CHEMBL3415172,0,0,0,1,1,1,1,0,0
CHEMBL3415173,0,0,0,1,1,1,1,0,0
CHEMBL3415174,0,0,0,1,1,1,0,0,0
CHEMBL3415175,0,0,0,1,1,1,0,0,0
CHEMBL341591,1,1,1,1,1,1,1,1,1
CHEMBL3421764,0,0,0,1,0,0,0,0,0
CHEMBL3421765,0,0,0,1,0,0,0,0,0
CHEMBL3421766,0,0,0,1,0,0,0,0,0
CHEMBL3421767,0,0,0,1,0,0,0,0,0
CHEMBL3421768,0,0,0,1,0,0,0,0,0
CHEMBL3421769,0,0,0,1,0,0,0,0,0
CHEMBL3421770,0,0,0,1,0,0,0,0,0
CHEMBL3421778,0,0,0,1,0,0,0,1,1
CHEMBL3421779,0,0,0,1,0,0,0,0,0
CHEMBL3421780,0,0,0,1,0,0,0,0,0
CHEMBL3421785,0,0,0,0,0,0,0,0,0
CHEMBL3421786,0,0,0,0,0,0,0,0,0
CHEMBL3422028,0,0,0,1,0,0,0,0,0
CHEMBL3422029,0,0,0,1,0,0,0,0,0
CHEMBL3422030,0,0,0,1,0,0,0,0,0
CHEMBL3422031,0,0,0,1,0,0,0,0,0
CHEMBL3422032,0,0,0,1,0,0,0,0,0
CHEMBL3422033,0,0,0,1,0,0,0,0,0
CHEMBL3422034,0,0,0,1,0,0,0,0,0
CHEMBL3422035,0,0,0,1,0,0,0,0,0
CHEMBL3422036,0,0,0,1,0,0,0,0,0
CHEMBL3422037,0,0,0,1,0,0,0,0,0
CHEMBL3422038,0,0,0,1,0,0,0,0,0
CHEMBL3422039,0,0,0,1,0,0,0,0,0
CHEMBL3422040,0,0,0,1,0,0,0,0,0
CHEMBL3422041,0,0,0,1,1,0,0,0,0
CHEMBL3422042,0,0,0,1,1,0,0,0,0
CHEMBL3422043,0,0,0,1,1,0,0,0,0
CHEMBL3422044,0,0,0,1,1,0,0,0,0
CHEMBL3422045,0,0,0,1,1,1,1,0,0
CHEMBL3422046,0,0,0,1,0,0,0,0,0
CHEMBL3422047,0,0,0,1,0,0,0,0,0
CHEMBL3422050,0,0,0,1,0,0,0,0,0
CHEMBL3422051,0,0,0,1,0,0,0,0,0
CHEMBL3422052,0,0,0,1,0,0,0,0,0
CHEMBL343072,0,0,0,1,1,0,0,0,0
CHEMBL343273,0,1,1,1,0,0,0,1,1
CHEMBL344904,0,0,1,1,1,0,0,1,1
CHEMBL346234,1,1,1,1,1,1,1,1,1
CHEMBL346929,0,1,1,1,0,0,0,1,1
CHEMBL346952,1,1,1,1,1,1,1,1,1
CHEMBL347302,0,0,0,0,1,0,0,0,0
CHEMBL348154,0,1,1,1,0,0,0,1,1
CHEMBL348263,0,0,0,0,0,0,0,0,0
CHEMBL348913,0,0,0,1,1,1,0,0,0
CHEMBL349300,1,1,1,1,1,1,0,1,1
CHEMBL349514,1,1,1,1,1,1,1,1,1
CHEMBL349704,1,1,1,1,1,1,1,1,1
CHEMBL349822,0,0,0,0,1,0,0,0,0
CHEMBL349851,1,1,1,1,1,1,1,1,1
CHEMBL349919,1,1,1,1,1,1,1,1,1
CHEMBL349963,1,1,1,1,1,1,1,1,1
CHEMBL350072,0,0,0,1,1,1,0,0,0
CHEMBL350074,1,1,1,1,1,1,1,1,1
CHEMBL350338,0,0,0,1,1,1,0,0,0
CHEMBL350713,1,1,1,1,1,1,1,1,1
CHEMBL350922,0,0,0,1,1,0,0,0,0
CHEMBL351167,0,0,0,1,1,0,0,0,0
CHEMBL351226,1,1,1,1,1,1,1,1,1
CHEMBL351271,0,0,0,0,1,0,0,0,0
CHEMBL351526,1,1,1,1,1,1,1,1,1
CHEMBL351850,1,1,1,1,1,1,1,1,1
CHEMBL352645,0,0,0,1,1,0,1,0,0
CHEMBL352891,1,1,1,1,1,1,1,1,1
CHEMBL353068,0,0,0,1,1,0,1,0,0
CHEMBL353571,1,1,1,1,1,1,1,1,1
CHEMBL354401,1,1,1,1,1,1,1,1,1
CHEMBL355681,0,0,0,1,1,0,1,0,0
CHEMBL355905,0,1,0,1,0,0,0,1,1
CHEMBL356594,0,0,0,0,1,0,1,0,0
CHEMBL357775,0,0,0,1,1,1,1,0,0
CHEMBL357775,0,0,0,1,1,1,1,0,0
CHEMBL358214,0,0,0,1,1,1,0,0,0
CHEMBL3582472,0,0,0,1,1,1,1,0,0
CHEMBL3582477,0,0,0,1,1,1,1,1,1
CHEMBL3582478,0,0,0,1,1,1,1,1,1
CHEMBL3582481,0,0,0,1,1,1,1,0,0
CHEMBL3589964,0,0,0,1,1,0,1,1,1
CHEMBL3589965,0,0,0,1,1,0,1,1,1
CHEMBL3589966,0,0,0,1,1,0,1,1,1
CHEMBL359116,0,0,0,0,1,0,0,0,0
CHEMBL359817,0,0,0,1,1,1,1,0,0
CHEMBL359942,0,0,0,1,1,1,1,0,0
CHEMBL360026,0,0,0,1,0,0,0,0,0
CHEMBL361653,0,0,0,1,0,0,0,0,0
CHEMBL361653,0,0,0,1,0,0,0,0,0
CHEMBL361872,0,0,0,1,0,0,0,0,0
CHEMBL3621226,0,1,1,1,0,0,0,1,1
CHEMBL362187,0,0,0,1,1,0,0,0,0
CHEMBL3622054,0,0,0,1,1,0,0,0,0
CHEMBL3622055,0,0,0,1,1,0,0,0,0
CHEMBL3622056,0,1,0,1,1,0,0,1,0
CHEMBL3622057,0,1,0,1,1,0,0,1,0
CHEMBL3622058,0,1,0,1,1,0,0,1,0
CHEMBL3622059,0,1,0,1,1,0,0,1,0
CHEMBL3622060,0,0,0,1,1,0,0,1,1
CHEMBL3622061,0,1,0,1,1,0,0,1,0
CHEMBL3622062,0,1,0,1,1,0,0,1,0
CHEMBL3622063,0,1,0,1,1,0,0,1,0
CHEMBL3622064,0,1,0,1,1,0,0,1,0
CHEMBL3622065,0,1,0,1,1,1,1,1,0
CHEMBL3622066,0,1,0,1,1,1,1,1,0
CHEMBL3622067,0,1,0,1,1,1,1,1,0
CHEMBL3622069,0,0,0,0,1,0,0,1,1
CHEMBL3622070,0,1,0,0,1,0,0,1,1
CHEMBL3622071,0,1,0,0,1,0,0,1,1
CHEMBL3622072,0,1,0,0,1,0,0,1,1
CHEMBL3622073,0,1,1,0,1,1,0,1,1
CHEMBL3622074,0,1,1,0,1,1,0,1,1
CHEMBL3622075,0,1,0,0,1,0,0,1,1
CHEMBL3622076,0,1,0,0,1,0,0,1,1
CHEMBL3622077,0,1,0,0,1,0,0,1,1
CHEMBL3622363,0,1,0,1,1,1,1,1,0
CHEMBL3622434,0,0,0,1,1,1,1,0,0
CHEMBL3622437,0,0,0,1,1,1,1,0,0
CHEMBL3622445,0,1,0,1,1,1,1,1,1
CHEMBL3623208,0,1,1,1,0,0,0,1,1
CHEMBL3623209,0,1,1,1,0,0,0,1,1
CHEMBL3623212,1,1,1,1,1,1,1,1,1
CHEMBL3623213,1,1,1,1,1,1,1,1,1
CHEMBL3623214,1,1,1,1,1,1,1,1,1
CHEMBL3623215,1,1,1,1,1,1,1,1,1
CHEMBL3623216,1,1,1,1,1,1,1,1,1
CHEMBL3623217,1,1,1,1,1,1,1,1,1
CHEMBL3623218,1,1,1,1,1,1,1,1,1
CHEMBL3623218,1,1,1,1,1,1,1,1,1
CHEMBL3623219,1,1,1,1,1,1,1,1,1
CHEMBL3623219,1,1,1,1,1,1,1,1,1
CHEMBL3623220,1,1,1,1,1,1,1,1,1
CHEMBL3623220,1,1,1,1,1,1,1,1,1
CHEMBL3623221,1,1,1,1,1,1,1,1,1
CHEMBL3623221,1,1,1,1,1,1,1,1,1
CHEMBL3623222,1,1,1,1,1,1,1,1,1
CHEMBL3623222,1,1,1,1,1,1,1,1,1
CHEMBL3623223,1,1,1,1,1,1,1,1,1
CHEMBL3623223,1,1,1,1,1,1,1,1,1
CHEMBL3623225,0,0,0,1,1,1,1,0,0
CHEMBL3623226,0,0,0,1,1,1,1,0,0
CHEMBL3623227,0,0,0,1,1,0,0,0,0
CHEMBL3623228,0,0,0,1,1,1,0,0,0
CHEMBL3623229,0,0,0,0,1,1,1,0,0
CHEMBL3623230,0,0,0,1,1,1,1,0,0
CHEMBL3623231,0,1,0,1,1,0,0,1,0
CHEMBL3623232,0,1,0,1,1,0,0,1,0
CHEMBL362441,0,0,0,1,0,0,0,0,0
CHEMBL362906,0,0,0,1,0,0,0,0,0
CHEMBL362968,0,0,0,0,0,0,0,0,0
CHEMBL363493,0,0,0,1,1,0,0,0,0
CHEMBL363493,0,0,0,1,1,0,0,0,0
CHEMBL363621,0,0,0,1,1,1,1,0,0
CHEMBL363626,0,0,0,1,0,0,0,0,0
CHEMBL363849,0,0,0,1,1,1,1,0,0
CHEMBL364080,0,0,0,1,1,1,1,0,0
CHEMBL364326,0,0,0,1,0,0,0,0,0
CHEMBL364956,0,0,0,1,1,1,1,0,0
CHEMBL365120,0,0,0,1,0,0,0,0,0
CHEMBL365314,0,0,0,1,1,1,1,0,0
CHEMBL365735,0,0,0,0,0,0,0,0,0
CHEMBL366460,0,0,0,1,0,0,0,0,0
CHEMBL366490,0,0,0,1,1,1,1,0,0
CHEMBL366570,0,0,0,1,1,1,1,0,0
CHEMBL366669,0,0,0,1,0,0,0,0,0
CHEMBL366772,0,0,0,1,1,1,1,0,0
CHEMBL366773,0,0,0,1,1,1,1,0,0
CHEMBL367149,0,0,0,0,0,0,0,0,0
CHEMBL367483,0,0,0,1,1,0,0,0,0
CHEMBL367719,0,0,0,1,1,0,0,0,0
CHEMBL368305,0,0,0,1,1,1,1,0,0
CHEMBL368631,1,1,1,1,1,1,1,1,1
CHEMBL368732,1,1,1,1,1,1,1,1,1
CHEMBL369471,0,0,0,1,1,1,1,0,0
CHEMBL369603,1,1,1,1,1,1,1,1,1
CHEMBL369623,0,0,0,1,1,1,1,0,0
CHEMBL370281,0,0,0,1,1,1,1,0,0
CHEMBL370317,0,0,0,1,0,0,0,0,0
CHEMBL370530,0,0,0,1,1,1,1,0,0
CHEMBL370822,0,0,0,0,1,0,0,0,0
CHEMBL371275,0,0,0,1,1,1,1,0,0
CHEMBL371430,0,0,0,1,0,0,0,0,0
CHEMBL371455,0,0,0,0,0,0,0,0,0
CHEMBL371509,0,0,0,1,1,1,1,0,0
CHEMBL371663,0,0,0,1,1,1,1,0,0
CHEMBL371742,0,0,0,1,1,1,1,0,0
CHEMBL372087,0,0,0,0,0,0,0,0,0
CHEMBL372256,0,0,0,0,0,0,0,0,0
CHEMBL372835,0,1,0,1,0,0,0,1,1
CHEMBL372999,0,0,1,1,1,1,1,1,1
CHEMBL373074,0,0,0,1,1,1,1,0,0
CHEMBL37321,0,1,1,1,0,0,0,1,1
CHEMBL373377,0,1,0,1,0,0,0,1,1
CHEMBL373427,0,1,0,0,0,0,0,1,0
CHEMBL374535,0,1,0,1,0,0,0,1,1
CHEMBL374651,0,1,0,0,0,0,0,1,0
CHEMBL3747562,0,0,0,1,1,1,1,1,1
CHEMBL374934,0,0,0,0,1,0,0,0,0
CHEMBL375043,0,0,0,1,1,0,0,0,0
CHEMBL375046,0,0,0,1,1,0,0,0,0
CHEMBL3751861,1,1,1,1,1,1,1,1,1
CHEMBL3751881,1,1,1,1,1,1,1,1,1
CHEMBL3751881,1,1,1,1,1,1,1,1,1
CHEMBL3751897,1,1,1,1,1,1,1,1,1
CHEMBL3751897,1,1,1,1,1,1,1,1,1
CHEMBL3751913,1,1,1,1,1,1,1,1,1
CHEMBL3751945,1,1,1,1,1,1,1,1,1
CHEMBL3751945,1,1,1,1,1,1,1,1,1
CHEMBL3751946,1,1,1,1,1,1,1,1,1
CHEMBL3751972,1,1,1,1,1,1,1,1,1
CHEMBL3751984,1,1,1,1,1,1,1,1,1
CHEMBL3751987,1,1,1,1,1,1,1,1,1
CHEMBL3752011,1,1,1,1,1,1,1,1,1
CHEMBL3752011,1,1,1,1,1,1,1,1,1
CHEMBL3752031,1,1,1,1,1,1,1,1,1
CHEMBL3752038,1,1,1,1,1,1,1,1,1
CHEMBL3752038,1,1,1,1,1,1,1,1,1
CHEMBL3752050,1,1,1,1,1,1,1,1,1
CHEMBL3752063,1,1,1,1,1,1,1,1,1
CHEMBL3752063,1,1,1,1,1,1,1,1,1
CHEMBL3752065,1,1,1,1,1,1,1,1,1
CHEMBL3752065,1,1,1,1,1,1,1,1,1
CHEMBL3752073,1,1,1,1,1,1,1,1,1
CHEMBL3752099,1,1,1,1,1,1,1,1,1
CHEMBL3752102,1,1,1,1,1,1,1,1,1
CHEMBL3752102,1,1,1,1,1,1,1,1,1
CHEMBL3752149,1,1,1,1,1,1,1,1,1
CHEMBL3752149,1,1,1,1,1,1,1,1,1
CHEMBL3752155,1,1,1,1,1,1,1,1,1
CHEMBL3752155,1,1,1,1,1,1,1,1,1
CHEMBL3752165,1,1,1,1,1,1,1,1,1
CHEMBL3752165,1,1,1,1,1,1,1,1,1
CHEMBL3752166,1,1,1,1,1,1,1,1,1
CHEMBL3752174,1,1,1,1,1,1,1,1,1
CHEMBL3752174,1,1,1,1,1,1,1,1,1
CHEMBL3752191,1,1,1,1,1,1,1,1,1
CHEMBL3752192,1,1,1,1,1,1,1,1,1
CHEMBL3752192,1,1,1,1,1,1,1,1,1
CHEMBL3752208,1,1,1,1,1,1,1,1,1
CHEMBL3752208,1,1,1,1,1,1,1,1,1
CHEMBL3752216,1,1,1,1,1,1,1,1,1
CHEMBL3752221,1,1,1,1,1,1,1,1,1
CHEMBL3752221,1,1,1,1,1,1,1,1,1
CHEMBL3752252,1,1,1,1,1,1,1,1,1
CHEMBL3752252,1,1,1,1,1,1,1,1,1
CHEMBL3752276,1,1,1,1,1,1,1,1,1
CHEMBL3752278,1,1,1,1,1,1,1,1,1
CHEMBL3752280,1,1,1,1,1,1,1,1,1
CHEMBL3752280,1,1,1,1,1,1,1,1,1
CHEMBL3752285,1,1,1,1,1,1,1,1,1
CHEMBL3752288,1,1,1,1,1,1,1,1,1
CHEMBL3752288,1,1,1,1,1,1,1,1,1
CHEMBL3752315,1,1,1,1,1,1,1,1,1
CHEMBL3752315,1,1,1,1,1,1,1,1,1
CHEMBL3752336,1,1,1,1,1,1,1,1,1
CHEMBL3752341,1,1,1,1,1,1,1,1,1
CHEMBL3752341,1,1,1,1,1,1,1,1,1
CHEMBL3752347,1,1,1,1,1,1,1,1,1
CHEMBL3752347,1,1,1,1,1,1,1,1,1
CHEMBL3752351,1,1,1,1,1,1,1,1,1
CHEMBL3752351,1,1,1,1,1,1,1,1,1
CHEMBL3752359,1,1,1,1,1,1,0,1,1
CHEMBL3752366,1,1,1,1,1,1,1,1,1
CHEMBL3752366,1,1,1,1,1,1,1,1,1
CHEMBL3752381,1,1,1,1,1,1,1,1,1
CHEMBL3752402,1,1,1,1,1,1,1,1,1
CHEMBL3752403,1,1,1,1,1,1,1,1,1
CHEMBL3752405,1,1,1,1,1,1,1,1,1
CHEMBL3752405,1,1,1,1,1,1,1,1,1
CHEMBL3752414,1,1,1,1,1,1,1,1,1
CHEMBL3752414,1,1,1,1,1,1,1,1,1
CHEMBL3752422,1,1,1,1,1,1,1,1,1
CHEMBL3752440,1,1,1,1,1,1,1,1,1
CHEMBL3752440,1,1,1,1,1,1,1,1,1
CHEMBL3752447,1,1,1,1,1,1,1,1,1
CHEMBL3752447,1,1,1,1,1,1,1,1,1
CHEMBL3752460,1,1,1,1,1,1,1,1,1
CHEMBL3752460,1,1,1,1,1,1,1,1,1
CHEMBL3752480,1,1,1,1,1,1,1,1,1
CHEMBL3752480,1,1,1,1,1,1,1,1,1
CHEMBL3752500,1,1,1,1,1,1,1,1,1
CHEMBL3752500,1,1,1,1,1,1,1,1,1
CHEMBL3752506,1,1,1,1,1,1,1,1,1
CHEMBL3752506,1,1,1,1,1,1,1,1,1
CHEMBL3752510,1,1,1,1,1,1,1,1,1
CHEMBL3752556,1,1,1,1,1,1,1,1,1
CHEMBL3752584,1,1,1,1,1,1,1,1,1
CHEMBL3752591,1,1,1,1,1,1,1,1,1
CHEMBL3752591,1,1,1,1,1,1,1,1,1
CHEMBL3752618,1,1,1,1,1,1,1,1,1
CHEMBL3752619,1,1,1,1,1,1,1,1,1
CHEMBL3752619,1,1,1,1,1,1,1,1,1
CHEMBL3752625,1,1,1,1,1,1,1,1,1
CHEMBL3752625,1,1,1,1,1,1,1,1,1
CHEMBL3752637,1,1,1,1,1,1,1,1,1
CHEMBL3752648,1,1,1,1,1,1,1,1,1
CHEMBL3752648,1,1,1,1,1,1,1,1,1
CHEMBL3752650,1,1,1,1,1,1,1,1,1
CHEMBL3752650,1,1,1,1,1,1,1,1,1
CHEMBL3752661,1,1,1,1,1,1,1,1,1
CHEMBL3752661,1,1,1,1,1,1,1,1,1
CHEMBL3752668,1,1,1,1,1,1,1,1,1
CHEMBL3752668,1,1,1,1,1,1,1,1,1
CHEMBL3752674,1,1,1,1,1,1,1,1,1
CHEMBL3752674,1,1,1,1,1,1,1,1,1
CHEMBL3752689,1,1,1,1,1,1,1,1,1
CHEMBL3752699,1,1,1,1,1,1,1,1,1
CHEMBL3752704,1,1,1,1,1,1,1,1,1
CHEMBL3752770,1,1,1,1,1,1,1,1,1
CHEMBL3752771,1,1,1,1,1,1,1,1,1
CHEMBL3752788,1,1,1,1,1,1,1,1,1
CHEMBL3752788,1,1,1,1,1,1,1,1,1
CHEMBL3752805,1,1,1,1,1,1,1,1,1
CHEMBL3752805,1,1,1,1,1,1,1,1,1
CHEMBL3752817,1,1,1,1,1,1,1,1,1
CHEMBL3752818,1,1,1,1,1,1,1,1,1
CHEMBL3752818,1,1,1,1,1,1,1,1,1
CHEMBL3752861,1,1,1,1,1,1,1,1,1
CHEMBL3752871,1,1,1,1,1,1,1,1,1
CHEMBL3752871,1,1,1,1,1,1,1,1,1
CHEMBL3752892,1,1,1,1,1,1,1,1,1
CHEMBL3752897,1,1,1,1,1,1,1,1,1
CHEMBL375292,0,0,0,1,1,1,1,0,0
CHEMBL3752939,1,1,1,1,1,1,1,1,1
CHEMBL3752954,1,1,1,1,1,1,1,1,1
CHEMBL3752973,1,1,1,1,1,1,1,1,1
CHEMBL3752973,1,1,1,1,1,1,1,1,1
CHEMBL3752976,1,1,1,1,1,1,1,1,1
CHEMBL3752976,1,1,1,1,1,1,1,1,1
CHEMBL3752983,1,1,1,1,1,1,1,1,1
CHEMBL3752994,1,1,1,1,1,1,1,1,1
CHEMBL3752994,1,1,1,1,1,1,1,1,1
CHEMBL3752998,1,1,1,1,1,1,1,1,1
CHEMBL3752998,1,1,1,1,1,1,1,1,1
CHEMBL3753000,1,1,1,1,1,1,1,1,1
CHEMBL3753034,1,1,1,1,1,1,1,1,1
CHEMBL3753034,1,1,1,1,1,1,1,1,1
CHEMBL3753063,1,1,1,1,1,1,1,1,1
CHEMBL3753063,1,1,1,1,1,1,1,1,1
CHEMBL3753084,1,1,1,1,1,1,1,1,1
CHEMBL3753084,1,1,1,1,1,1,1,1,1
CHEMBL3753089,1,1,1,1,1,1,1,1,1
CHEMBL3753089,1,1,1,1,1,1,1,1,1
CHEMBL3753104,1,1,1,1,1,1,1,1,1
CHEMBL3753109,1,1,1,1,1,1,1,1,1
CHEMBL3753109,1,1,1,1,1,1,1,1,1
CHEMBL3753112,1,1,1,1,1,1,1,1,1
CHEMBL3753120,1,1,1,1,1,1,1,1,1
CHEMBL3753169,1,1,1,1,1,1,1,1,1
CHEMBL3753169,1,1,1,1,1,1,1,1,1
CHEMBL3753182,1,1,1,1,1,1,1,1,1
CHEMBL3753191,1,1,1,1,1,1,1,1,1
CHEMBL3753191,1,1,1,1,1,1,1,1,1
CHEMBL3753196,1,1,1,1,1,1,1,1,1
CHEMBL3753258,1,1,1,1,1,1,1,1,1
CHEMBL3753258,1,1,1,1,1,1,1,1,1
CHEMBL3753272,1,1,1,1,1,1,1,1,1
CHEMBL3753272,1,1,1,1,1,1,1,1,1
CHEMBL3753279,1,1,1,1,1,1,1,1,1
CHEMBL3753281,1,1,1,1,1,1,1,1,1
CHEMBL3753281,1,1,1,1,1,1,1,1,1
CHEMBL3753297,1,1,1,1,1,1,1,1,1
CHEMBL3753307,1,1,1,1,1,1,1,1,1
CHEMBL3753307,1,1,1,1,1,1,1,1,1
CHEMBL3753352,1,1,1,1,1,1,1,1,1
CHEMBL3753352,1,1,1,1,1,1,1,1,1
CHEMBL3753369,1,1,1,1,1,1,1,1,1
CHEMBL3753373,1,1,1,1,1,1,1,1,1
CHEMBL3753373,1,1,1,1,1,1,1,1,1
CHEMBL3753375,1,1,1,1,1,1,1,1,1
CHEMBL3753398,1,1,1,1,1,1,1,1,1
CHEMBL3753398,1,1,1,1,1,1,1,1,1
CHEMBL3753403,1,1,1,1,1,1,1,1,1
CHEMBL3753403,1,1,1,1,1,1,1,1,1
CHEMBL3753425,1,1,1,1,1,1,1,1,1
CHEMBL3753425,1,1,1,1,1,1,1,1,1
CHEMBL3753439,1,1,1,1,1,1,1,1,1
CHEMBL3753447,1,1,1,1,1,1,1,1,1
CHEMBL3753447,1,1,1,1,1,1,1,1,1
CHEMBL3753463,1,1,1,1,1,1,1,1,1
CHEMBL3753505,1,1,1,1,1,1,1,1,1
CHEMBL3753548,1,1,1,1,1,1,1,1,1
CHEMBL3753573,1,1,1,1,1,1,1,1,1
CHEMBL3753582,1,1,1,1,1,1,1,1,1
CHEMBL3753593,1,1,1,1,1,1,1,1,1
CHEMBL3753611,1,1,1,1,1,1,1,1,1
CHEMBL3753611,1,1,1,1,1,1,1,1,1
CHEMBL3753620,1,1,1,1,1,1,1,1,1
CHEMBL3753620,1,1,1,1,1,1,1,1,1
CHEMBL3753629,1,1,1,1,1,1,1,1,1
CHEMBL3753645,1,1,1,1,1,1,1,1,1
CHEMBL3753667,1,1,1,1,1,1,1,1,1
CHEMBL3753667,1,1,1,1,1,1,1,1,1
CHEMBL3753695,1,1,1,1,1,1,1,1,1
CHEMBL3753724,1,1,1,1,1,1,1,1,1
CHEMBL3753736,1,1,1,1,1,1,1,1,1
CHEMBL3753773,1,1,1,1,1,1,1,1,1
CHEMBL3753776,1,1,1,1,1,1,1,1,1
CHEMBL3753778,1,1,1,1,1,1,1,1,1
CHEMBL3753803,1,1,1,1,1,1,1,1,1
CHEMBL3753803,1,1,1,1,1,1,1,1,1
CHEMBL3753810,1,1,1,1,1,1,1,1,1
CHEMBL3753810,1,1,1,1,1,1,1,1,1
CHEMBL3753824,1,1,1,1,1,1,1,1,1
CHEMBL3753842,1,1,1,1,1,1,1,1,1
CHEMBL3753845,1,1,1,1,1,1,1,1,1
CHEMBL3753855,1,1,1,1,1,1,1,1,1
CHEMBL3753920,1,1,1,1,1,1,1,1,1
CHEMBL3753920,1,1,1,1,1,1,1,1,1
CHEMBL3753928,1,1,1,1,1,1,1,1,1
CHEMBL3753971,1,1,1,1,1,1,1,1,1
CHEMBL3753971,1,1,1,1,1,1,1,1,1
CHEMBL3753997,1,1,1,1,1,1,1,1,1
CHEMBL3753997,1,1,1,1,1,1,1,1,1
CHEMBL3754046,1,1,1,1,1,1,1,1,1
CHEMBL3754054,1,1,1,1,1,1,1,1,1
CHEMBL3754054,1,1,1,1,1,1,1,1,1
CHEMBL3754055,1,1,1,1,1,1,1,1,1
CHEMBL3754055,1,1,1,1,1,1,1,1,1
CHEMBL3754061,1,1,1,1,1,1,1,1,1
CHEMBL3754061,1,1,1,1,1,1,1,1,1
CHEMBL3754063,1,1,1,1,1,1,1,1,1
CHEMBL3754063,1,1,1,1,1,1,1,1,1
CHEMBL3754133,1,1,1,1,1,1,1,1,1
CHEMBL3754150,1,1,1,1,1,1,1,1,1
CHEMBL3754157,1,1,1,1,1,1,1,1,1
CHEMBL3754168,1,1,1,1,1,1,1,1,1
CHEMBL3754168,1,1,1,1,1,1,1,1,1
CHEMBL3754174,1,1,1,1,1,1,1,1,1
CHEMBL3754174,1,1,1,1,1,1,1,1,1
CHEMBL3754183,1,1,1,1,1,1,1,1,1
CHEMBL3754183,1,1,1,1,1,1,1,1,1
CHEMBL3754184,1,1,1,1,1,1,1,1,1
CHEMBL3754184,1,1,1,1,1,1,1,1,1
CHEMBL3754186,1,1,1,1,1,1,1,1,1
CHEMBL3754186,1,1,1,1,1,1,1,1,1
CHEMBL3754204,1,1,1,1,1,1,1,1,1
CHEMBL3754204,1,1,1,1,1,1,1,1,1
CHEMBL3754220,1,1,1,1,1,1,1,1,1
CHEMBL3754220,1,1,1,1,1,1,1,1,1
CHEMBL3754222,1,1,1,1,1,1,1,1,1
CHEMBL3754222,1,1,1,1,1,1,1,1,1
CHEMBL3754227,1,1,1,1,1,1,1,1,1
CHEMBL3754241,1,1,1,1,1,1,1,1,1
CHEMBL3754253,1,1,1,1,1,1,1,1,1
CHEMBL3754259,1,1,1,1,1,1,1,1,1
CHEMBL3754259,1,1,1,1,1,1,1,1,1
CHEMBL3754260,1,1,1,1,1,1,1,1,1
CHEMBL3754260,1,1,1,1,1,1,1,1,1
CHEMBL3754275,1,1,1,1,1,1,1,1,1
CHEMBL3754285,1,1,1,1,1,1,1,1,1
CHEMBL3754285,1,1,1,1,1,1,1,1,1
CHEMBL3754296,1,1,1,1,1,1,1,1,1
CHEMBL3754296,1,1,1,1,1,1,1,1,1
CHEMBL3754305,1,1,1,1,1,1,1,1,1
CHEMBL3754305,1,1,1,1,1,1,1,1,1
CHEMBL3754311,1,1,1,1,1,1,1,1,1
CHEMBL3754325,1,1,1,1,1,1,1,1,1
CHEMBL3754366,1,1,1,1,1,1,1,1,1
CHEMBL3754366,1,1,1,1,1,1,1,1,1
CHEMBL3754378,1,1,1,1,1,1,1,1,1
CHEMBL3754425,1,1,1,1,1,1,1,1,1
CHEMBL3754425,1,1,1,1,1,1,1,1,1
CHEMBL3754433,1,1,1,1,1,1,1,1,1
CHEMBL3754455,1,1,1,1,1,1,1,1,1
CHEMBL3754455,1,1,1,1,1,1,1,1,1
CHEMBL3754457,1,1,1,1,1,1,1,1,1
CHEMBL3754457,1,1,1,1,1,1,1,1,1
CHEMBL3754469,1,1,1,1,1,1,1,1,1
CHEMBL3754471,1,1,1,1,1,1,1,1,1
CHEMBL3754471,1,1,1,1,1,1,1,1,1
CHEMBL3754473,1,1,1,1,1,1,1,1,1
CHEMBL3754473,1,1,1,1,1,1,1,1,1
CHEMBL3754482,1,1,1,1,1,1,1,1,1
CHEMBL3754482,1,1,1,1,1,1,1,1,1
CHEMBL3754485,1,1,1,1,1,1,1,1,1
CHEMBL3754485,1,1,1,1,1,1,1,1,1
CHEMBL3754489,1,1,1,1,1,1,1,1,1
CHEMBL3754504,1,1,1,1,1,1,1,1,1
CHEMBL3754505,1,1,1,1,1,1,1,1,1
CHEMBL3754505,1,1,1,1,1,1,1,1,1
CHEMBL3754516,1,1,1,1,1,1,1,1,1
CHEMBL3754516,1,1,1,1,1,1,1,1,1
CHEMBL3754519,1,1,1,1,1,1,1,1,1
CHEMBL3754530,1,1,1,1,1,1,1,1,1
CHEMBL3754538,1,1,1,1,1,1,1,1,1
CHEMBL3754538,1,1,1,1,1,1,1,1,1
CHEMBL3754543,1,1,1,1,1,1,1,1,1
CHEMBL3754546,1,1,1,1,1,1,1,1,1
CHEMBL3754546,1,1,1,1,1,1,1,1,1
CHEMBL3754547,1,1,1,1,1,1,1,1,1
CHEMBL3754567,1,1,1,1,1,1,1,1,1
CHEMBL3754603,1,1,1,1,1,1,1,1,1
CHEMBL3754681,1,1,1,1,1,1,1,1,1
CHEMBL3754696,1,1,1,1,1,1,1,1,1
CHEMBL3754696,1,1,1,1,1,1,1,1,1
CHEMBL3754701,1,1,1,1,1,1,1,1,1
CHEMBL3754701,1,1,1,1,1,1,1,1,1
CHEMBL3754711,1,1,1,1,1,1,1,1,1
CHEMBL3754711,1,1,1,1,1,1,1,1,1
CHEMBL3754719,1,1,1,1,1,1,1,1,1
CHEMBL3754719,1,1,1,1,1,1,1,1,1
CHEMBL3754720,1,1,1,1,1,1,1,1,1
CHEMBL3754720,1,1,1,1,1,1,1,1,1
CHEMBL3754724,1,1,1,1,1,1,1,1,1
CHEMBL3754729,1,1,1,1,1,1,1,1,1
CHEMBL3754729,1,1,1,1,1,1,1,1,1
CHEMBL3754779,1,1,1,1,1,1,1,1,1
CHEMBL3754779,1,1,1,1,1,1,1,1,1
CHEMBL3754787,1,1,1,1,1,1,1,1,1
CHEMBL375497,0,0,0,1,1,0,0,0,0
CHEMBL376039,0,0,0,1,0,0,0,0,0
CHEMBL376303,0,1,0,1,0,0,0,1,1
CHEMBL376371,1,1,1,1,1,1,1,1,1
CHEMBL376473,0,1,1,1,0,0,0,1,1
CHEMBL376649,0,1,0,1,0,0,0,1,1
CHEMBL376786,0,0,0,1,1,0,0,0,0
CHEMBL377576,0,0,0,0,1,1,1,0,0
CHEMBL377626,0,0,0,1,1,0,0,0,0
CHEMBL377766,0,0,0,1,1,0,0,0,0
CHEMBL377770,0,0,0,0,1,0,0,0,0
CHEMBL379019,0,0,0,1,1,1,1,0,0
CHEMBL3793091,0,0,0,1,0,0,0,0,0
CHEMBL3793530,0,0,0,1,1,0,0,0,0
CHEMBL3793576,0,0,0,1,1,0,0,0,0
CHEMBL3794417,0,0,0,1,0,0,0,0,0
CHEMBL3794430,0,0,0,1,0,0,0,0,0
CHEMBL3798461,1,1,1,1,1,1,1,1,1
CHEMBL3799189,0,0,0,1,0,0,0,0,0
CHEMBL3799363,1,1,1,1,1,1,1,1,1
CHEMBL3800417,1,1,1,1,1,1,1,1,1
CHEMBL3804849,0,0,0,1,1,0,0,1,1
CHEMBL3804993,0,1,0,1,1,0,0,1,1
CHEMBL3805008,0,1,0,1,1,0,0,1,1
CHEMBL3805021,0,1,0,1,1,0,0,1,1
CHEMBL3805048,0,0,0,1,1,0,0,1,1
CHEMBL3805149,0,0,0,1,1,0,0,1,1
CHEMBL3805173,0,0,0,1,1,0,0,1,1
CHEMBL3805211,0,0,0,1,1,0,0,1,1
CHEMBL3805310,0,0,0,1,1,0,0,1,1
CHEMBL3805388,0,1,0,1,1,0,0,1,1
CHEMBL3805481,0,0,0,1,1,0,0,1,1
CHEMBL3805539,0,0,0,1,1,0,0,1,1
CHEMBL3805657,0,0,0,1,1,0,0,1,1
CHEMBL3805678,0,1,0,1,1,0,0,1,1
CHEMBL3805733,0,0,0,1,1,0,0,1,1
CHEMBL3805814,0,0,0,1,1,0,0,1,1
CHEMBL3805820,0,1,0,1,1,0,0,1,1
CHEMBL3805839,0,1,0,1,1,0,0,1,1
CHEMBL3805851,0,0,0,1,1,1,0,1,1
CHEMBL3806046,0,0,0,1,1,0,0,1,1
CHEMBL3806075,0,0,0,1,1,0,0,1,1
CHEMBL3806151,0,1,0,1,1,1,0,1,1
CHEMBL3806159,0,0,0,1,1,0,0,1,1
CHEMBL3806185,0,1,0,1,1,0,0,1,1
CHEMBL3806282,0,1,0,1,1,0,0,1,1
CHEMBL3806301,0,0,0,1,1,0,0,1,1
CHEMBL381014,0,0,0,1,0,0,0,0,0
CHEMBL381194,0,0,0,1,0,0,0,0,0
CHEMBL3818279,0,0,0,1,1,0,0,0,0
CHEMBL3818338,1,1,1,1,1,1,1,1,1
CHEMBL3818343,0,1,0,1,1,0,0,1,0
CHEMBL3818442,1,1,1,1,1,1,1,1,1
CHEMBL3818720,0,0,0,1,0,0,0,0,0
CHEMBL3818720,0,0,0,1,0,0,0,0,0
CHEMBL3818725,1,1,1,1,1,1,1,1,1
CHEMBL3818728,1,1,1,1,1,1,1,1,1
CHEMBL381883,0,1,0,0,0,0,0,1,0
CHEMBL3819184,1,1,1,1,1,1,1,1,1
CHEMBL3819549,1,1,1,1,1,1,1,1,1
CHEMBL382482,0,1,0,1,0,0,0,1,1
CHEMBL382500,0,0,0,1,1,1,1,0,0
CHEMBL382679,0,0,0,1,1,1,1,0,0
CHEMBL3827037,0,0,0,1,1,1,0,0,0
CHEMBL382902,0,0,0,1,1,1,1,0,0
CHEMBL383145,0,0,0,1,1,1,1,0,0
CHEMBL383806,0,0,0,1,1,1,1,0,0
CHEMBL383807,0,0,0,1,1,1,1,0,0
CHEMBL38439,0,1,1,1,0,0,0,1,1
CHEMBL38472,0,0,1,1,0,0,0,1,1
CHEMBL38472,0,0,1,1,0,0,0,1,1
CHEMBL38510,0,0,1,1,0,0,0,1,1
CHEMBL38550,0,1,1,1,0,0,0,1,1
CHEMBL386630,1,1,1,1,1,1,1,1,1
CHEMBL387386,0,1,0,0,0,0,0,1,0
CHEMBL387518,0,0,0,1,1,1,1,0,0
CHEMBL387892,0,0,0,0,1,0,0,0,0
CHEMBL388093,0,0,0,1,1,0,0,0,0
CHEMBL388187,0,0,1,1,1,0,0,1,1
CHEMBL388291,0,0,0,1,1,0,0,0,0
CHEMBL388374,0,0,0,1,0,0,0,0,0
CHEMBL388375,0,0,0,1,0,0,0,0,0
CHEMBL388506,0,0,0,1,1,0,0,0,0
CHEMBL388507,0,0,0,1,1,0,0,0,0
CHEMBL388515,0,0,1,1,1,0,0,1,1
CHEMBL388604,0,0,0,1,1,0,0,0,0
CHEMBL38877,0,1,1,1,0,0,0,1,1
CHEMBL388930,0,0,0,1,1,0,0,0,0
CHEMBL388959,0,0,0,1,0,0,0,0,0
CHEMBL3891718,1,1,1,1,1,1,1,1,1
CHEMBL3893614,0,0,0,1,1,1,1,0,0
CHEMBL389433,0,0,0,1,1,1,0,0,0
CHEMBL3894912,1,1,1,1,1,0,1,1,1
CHEMBL389924,0,0,0,1,0,0,0,0,0
CHEMBL389925,0,0,0,1,0,0,0,0,0
CHEMBL390077,0,1,0,1,1,0,0,1,0
CHEMBL390078,0,0,0,1,1,0,0,0,0
CHEMBL390079,0,0,0,1,1,0,0,0,0
CHEMBL390152,0,0,0,0,1,0,0,0,0
CHEMBL390364,0,0,0,1,0,0,0,0,0
CHEMBL390496,0,1,0,1,1,0,0,1,0
CHEMBL390569,0,0,0,1,1,0,0,0,0
CHEMBL3905734,0,0,0,1,0,0,0,0,0
CHEMBL390717,0,1,0,1,1,0,0,1,0
CHEMBL390731,0,0,0,1,0,0,0,0,0
CHEMBL3913908,1,1,1,1,1,0,1,1,1
CHEMBL3914106,0,1,0,1,0,0,0,1,1
CHEMBL39152,0,0,1,1,0,0,0,1,1
CHEMBL3916057,0,0,0,1,0,0,0,0,0
CHEMBL3919759,0,0,0,1,1,1,1,0,0
CHEMBL3922888,1,1,1,1,1,0,1,1,1
CHEMBL3923127,0,1,0,1,1,1,1,1,1
CHEMBL3924170,0,1,0,1,0,0,0,1,1
CHEMBL3924257,0,0,0,1,1,1,1,0,0
CHEMBL39248,1,1,1,1,1,1,1,1,1
CHEMBL39248,1,1,1,1,1,1,1,1,1
CHEMBL3925065,0,0,0,1,0,0,0,0,0
CHEMBL3926174,0,1,0,1,0,0,0,1,1
CHEMBL39275,0,1,1,1,0,0,0,1,1
CHEMBL3931836,1,1,1,1,1,0,1,1,1
CHEMBL3938615,1,1,1,1,1,0,1,1,1
CHEMBL39403,0,0,0,1,1,1,1,0,0
CHEMBL3941042,0,1,0,1,0,0,0,1,1
CHEMBL39423,0,0,0,1,1,1,1,0,0
CHEMBL3942918,0,0,0,1,0,0,0,0,0
CHEMBL39434,1,1,1,1,1,1,1,1,1
CHEMBL39434,1,1,1,1,1,1,1,1,1
CHEMBL3944017,0,0,0,1,0,0,0,0,0
CHEMBL3948254,0,0,0,1,0,0,0,0,0
CHEMBL3948337,0,0,0,1,1,1,1,0,0
CHEMBL394855,0,0,0,1,0,0,0,0,0
CHEMBL39513,0,1,1,1,0,0,0,1,1
CHEMBL3951973,0,0,0,1,1,1,1,0,0
CHEMBL3952032,1,1,1,1,1,0,1,1,1
CHEMBL3959541,0,1,0,1,1,1,0,1,1
CHEMBL3960724,1,1,1,1,1,0,1,1,1
CHEMBL3961033,0,0,0,1,0,0,0,0,0
CHEMBL3961452,0,0,0,1,0,0,0,0,0
CHEMBL3964421,1,1,1,1,1,0,1,1,1
CHEMBL39661,0,1,1,1,0,0,0,1,1
CHEMBL39661,0,1,1,1,0,0,0,1,1
CHEMBL3968178,1,1,1,1,1,0,1,1,1
CHEMBL397728,0,0,0,1,1,0,0,0,0
CHEMBL3977491,0,0,0,1,0,0,0,0,0
CHEMBL39781,0,1,1,1,0,0,0,1,1
CHEMBL39782,0,1,1,1,0,0,0,1,1
CHEMBL3980889,1,1,1,1,1,0,1,1,1
CHEMBL3983734,1,1,1,1,1,0,1,1,1
CHEMBL39840,0,1,1,1,0,0,0,1,1
CHEMBL3984531,0,0,0,1,0,0,0,0,0
CHEMBL399910,0,0,0,1,0,0,0,0,0
CHEMBL40125,0,0,1,1,0,0,0,1,1
CHEMBL402970,0,0,0,1,0,0,0,0,0
CHEMBL404225,0,0,0,1,0,0,0,0,0
CHEMBL40432,1,1,1,1,1,1,1,1,1
CHEMBL40432,1,1,1,1,1,1,1,1,1
CHEMBL404981,0,0,0,0,0,0,0,0,0
CHEMBL405881,0,1,0,0,0,0,0,1,1
CHEMBL4060208,0,1,0,0,1,0,0,1,1
CHEMBL4063099,0,0,0,1,1,0,1,0,0
CHEMBL4067000,0,1,0,1,1,1,1,1,1
CHEMBL4068601,0,1,0,0,0,0,0,1,1
CHEMBL4070331,0,0,0,1,0,0,0,0,0
CHEMBL407092,0,0,0,0,0,0,0,0,0
CHEMBL4071689,0,1,0,1,1,1,1,1,1
CHEMBL4074186,0,0,0,1,1,1,1,0,0
CHEMBL4077246,0,1,1,1,1,0,0,1,1
CHEMBL4077259,0,1,0,0,0,0,0,1,1
CHEMBL4078790,0,0,0,1,1,0,1,0,0
CHEMBL407953,0,0,0,0,0,0,0,0,0
CHEMBL4080256,0,1,0,1,1,1,1,1,1
CHEMBL4080420,0,0,0,1,1,1,1,1,1
CHEMBL4080965,0,0,0,0,0,0,0,0,0
CHEMBL4087613,0,0,0,1,1,0,0,0,0
CHEMBL4091260,0,0,0,1,0,0,0,0,0
CHEMBL409271,0,1,0,1,0,0,0,1,1
CHEMBL409448,0,0,0,0,0,0,0,0,0
CHEMBL4095313,0,0,0,1,1,0,1,0,0
CHEMBL4098297,0,1,0,1,1,1,1,1,1
CHEMBL4098604,0,1,0,0,0,0,0,1,1
CHEMBL4098990,0,0,0,0,0,0,0,0,0
CHEMBL4099909,0,0,0,0,0,0,0,0,0
CHEMBL4100188,0,0,0,1,1,0,1,0,0
CHEMBL4103066,0,0,0,1,1,0,1,0,0
CHEMBL41033,1,1,1,1,1,1,1,1,1
CHEMBL41033,1,1,1,1,1,1,1,1,1
CHEMBL410525,0,1,1,1,0,0,0,1,1
CHEMBL4105495,0,0,0,1,1,0,0,0,0
CHEMBL41066,0,0,1,1,0,0,0,1,1
CHEMBL411316,1,1,1,1,1,1,1,1,1
CHEMBL4126284,0,0,0,0,0,0,0,1,1
CHEMBL4126996,0,0,0,1,0,0,1,1,1
CHEMBL4128368,0,1,0,1,0,0,0,1,1
CHEMBL4129721,0,0,0,0,0,0,0,0,0
CHEMBL413344,0,0,0,1,0,0,0,0,0
CHEMBL41429,0,0,0,1,1,1,1,0,0
CHEMBL41517,1,1,1,1,1,1,1,1,1
CHEMBL41517,1,1,1,1,1,1,1,1,1
CHEMBL415725,0,0,0,1,0,0,0,0,0
CHEMBL415753,0,0,0,1,1,0,0,0,0
CHEMBL4159101,0,0,0,1,1,1,1,1,1
CHEMBL4159159,0,0,0,1,1,1,1,0,0
CHEMBL4159184,0,0,0,1,1,1,1,1,1
CHEMBL415952,0,0,0,1,1,0,0,0,0
CHEMBL4159524,0,0,0,1,1,1,1,1,1
CHEMBL4159550,1,1,1,1,1,1,1,1,1
CHEMBL4160335,0,0,0,1,1,1,1,0,0
CHEMBL4160591,0,0,0,1,1,1,1,1,1
CHEMBL4161492,0,0,0,1,1,1,1,0,0
CHEMBL4161789,0,0,0,1,1,1,1,0,0
CHEMBL4161859,0,0,0,1,1,1,1,1,1
CHEMBL4162163,0,0,0,1,1,1,1,1,1
CHEMBL4162549,0,0,0,1,1,1,1,0,0
CHEMBL4162572,0,0,0,1,1,1,1,1,1
CHEMBL416282,1,1,1,1,1,1,1,1,1
CHEMBL4162907,0,0,0,1,1,1,1,1,1
CHEMBL4162931,0,0,0,1,1,1,1,0,0
CHEMBL4163649,0,0,0,1,1,1,1,1,1
CHEMBL4163704,0,0,0,1,1,1,1,0,0
CHEMBL4163983,0,0,0,1,1,1,1,1,1
CHEMBL4164126,0,0,0,1,1,1,1,0,0
CHEMBL4165064,0,0,0,1,1,1,1,1,1
CHEMBL4165988,0,0,0,1,1,1,1,0,0
CHEMBL4166016,0,0,0,1,1,1,1,1,1
CHEMBL416616,0,0,0,1,1,1,1,0,0
CHEMBL4166364,0,1,0,1,1,1,1,1,1
CHEMBL4166769,1,1,1,1,1,1,1,1,1
CHEMBL4167098,0,0,0,1,1,1,1,1,1
CHEMBL4167430,0,0,0,1,1,1,1,1,1
CHEMBL4167569,0,0,0,1,1,1,1,0,0
CHEMBL4167841,0,0,0,1,1,1,1,1,1
CHEMBL4168266,1,1,1,1,1,1,1,1,1
CHEMBL4169419,0,0,0,1,1,1,1,0,0
CHEMBL4169756,0,0,0,1,1,1,1,1,1
CHEMBL4169784,0,0,0,1,1,1,1,1,1
CHEMBL4169808,0,0,0,1,1,1,1,0,0
CHEMBL4170175,0,0,0,1,1,1,1,1,1
CHEMBL4170393,0,0,0,1,1,1,1,1,1
CHEMBL4170504,0,0,0,1,1,1,1,1,1
CHEMBL4170868,0,0,0,1,1,1,1,0,0
CHEMBL4170941,0,0,0,1,1,1,1,0,0
CHEMBL4171198,0,0,0,1,1,1,1,1,1
CHEMBL4171996,0,0,0,1,1,1,1,0,0
CHEMBL4172433,0,0,0,1,1,1,1,0,0
CHEMBL4172837,0,0,0,1,1,1,1,1,1
CHEMBL4172955,0,0,0,1,1,1,1,1,1
CHEMBL4173231,0,0,0,1,1,1,1,0,0
CHEMBL4173619,0,0,0,1,1,1,1,1,1
CHEMBL4173941,0,0,0,1,1,1,1,1,1
CHEMBL4174326,0,0,0,1,1,1,1,1,1
CHEMBL4174373,0,0,0,1,1,1,1,0,0
CHEMBL4174637,0,0,0,1,1,1,1,1,1
CHEMBL4174670,1,1,1,1,1,1,1,1,1
CHEMBL4175438,0,0,0,1,1,1,1,0,0
CHEMBL4175698,0,0,0,1,1,1,1,1,1
CHEMBL41761,0,0,0,1,1,1,1,0,0
CHEMBL4176600,0,0,0,1,1,1,1,0,0
CHEMBL4176982,0,0,0,1,1,1,1,1,1
CHEMBL419131,0,0,0,1,0,0,0,0,0
CHEMBL419619,0,0,0,1,0,0,1,0,0
CHEMBL4204862,0,0,0,0,1,1,1,0,0
CHEMBL4206988,0,0,0,0,0,0,0,0,0
CHEMBL4207348,0,1,0,1,1,1,1,1,1
CHEMBL4207850,0,0,0,0,1,1,1,0,0
CHEMBL4207995,0,1,0,1,1,1,1,1,1
CHEMBL4209034,0,0,0,0,1,1,1,0,0
CHEMBL421018,1,1,1,1,1,1,1,1,1
CHEMBL4210489,0,0,0,1,1,1,1,0,0
CHEMBL4211193,0,1,0,1,1,1,1,1,1
CHEMBL421149,0,0,0,1,1,0,0,0,0
CHEMBL4212612,0,1,0,1,1,1,1,1,1
CHEMBL4212655,0,0,0,1,1,1,1,0,0
CHEMBL4212918,0,1,0,1,1,1,1,1,1
CHEMBL4214618,0,1,0,1,1,1,1,1,1
CHEMBL421491,1,1,1,1,1,1,1,1,1
CHEMBL421491,1,1,1,1,1,1,1,1,1
CHEMBL4216885,0,0,0,1,1,1,1,0,0
CHEMBL421829,0,0,0,1,1,0,0,0,0
CHEMBL422093,0,0,0,1,0,0,0,0,0
CHEMBL4224728,0,0,0,1,1,0,1,0,0
CHEMBL4224875,0,0,0,0,1,0,1,0,0
CHEMBL4224993,0,0,0,0,1,0,1,0,0
CHEMBL4225257,0,0,0,0,1,0,1,0,0
CHEMBL4225521,0,0,0,0,1,0,1,0,0
CHEMBL4225998,0,0,0,0,1,1,1,0,0
CHEMBL422610,1,1,1,1,1,1,1,1,1
CHEMBL4227126,0,0,0,0,1,0,1,0,0
CHEMBL4227385,0,0,0,1,1,0,1,0,0
CHEMBL4227458,0,0,0,0,1,0,1,0,0
CHEMBL4227725,0,0,0,0,1,0,1,0,0
CHEMBL4227979,0,0,0,0,1,0,1,0,0
CHEMBL4228031,0,0,0,1,1,1,1,0,0
CHEMBL4228236,0,0,0,1,1,0,1,0,0
CHEMBL4228244,0,0,0,0,1,1,1,0,0
CHEMBL4228303,0,0,0,0,1,0,1,0,0
CHEMBL4228495,0,0,0,1,1,0,1,0,0
CHEMBL422858,0,0,0,0,1,0,1,0,0
CHEMBL4228753,0,0,0,0,1,0,1,0,0
CHEMBL4228819,0,0,0,0,1,1,1,0,0
CHEMBL4229012,0,0,0,1,1,0,1,0,0
CHEMBL4229074,0,0,0,1,1,0,1,0,0
CHEMBL4229272,0,0,0,0,1,0,1,0,0
CHEMBL423096,1,1,1,1,1,1,1,1,1
CHEMBL423613,0,0,0,1,1,1,0,0,0
CHEMBL423772,0,1,1,1,0,0,0,1,1
CHEMBL424162,1,1,1,1,1,1,1,1,1
CHEMBL424185,1,1,1,1,1,1,1,1,1
CHEMBL424203,0,0,0,1,0,0,0,0,0
CHEMBL424414,0,0,0,1,0,0,0,0,0
CHEMBL424556,0,0,0,1,0,0,0,0,0
CHEMBL424960,0,0,0,1,1,1,1,0,0
CHEMBL425054,0,0,0,0,0,0,0,0,0
CHEMBL425194,1,1,1,1,1,1,1,1,1
CHEMBL425323,0,0,0,1,1,1,1,0,0
CHEMBL425670,0,0,0,1,0,0,0,0,0
CHEMBL426541,0,1,0,0,0,0,0,1,0
CHEMBL427247,0,0,0,1,1,0,0,0,0
CHEMBL428780,0,0,0,0,1,0,0,0,0
CHEMBL4288256,0,1,0,1,1,0,0,1,1
CHEMBL4289930,0,1,1,1,1,0,0,1,1
CHEMBL4291002,0,0,0,0,1,0,0,0,0
CHEMBL429788,1,1,1,1,1,1,1,1,1
CHEMBL430879,0,1,0,1,1,0,0,1,0
CHEMBL431843,0,1,1,0,0,0,0,1,1
CHEMBL431859,0,0,0,1,1,1,1,0,0
CHEMBL432751,1,1,1,1,1,1,1,1,1
CHEMBL433728,0,0,0,1,1,0,1,0,0
CHEMBL433737,0,0,0,0,1,0,0,0,0
CHEMBL436369,0,0,0,1,1,0,0,0,0
CHEMBL436515,0,1,0,1,0,0,0,1,1
CHEMBL437497,0,1,0,0,1,0,0,1,0
CHEMBL437731,0,0,0,1,1,0,0,0,0
CHEMBL438549,0,0,0,1,1,0,1,0,0
CHEMBL438802,0,0,0,0,0,0,0,0,0
CHEMBL439241,0,0,0,1,0,0,0,0,0
CHEMBL439950,1,1,1,1,1,1,1,1,1
CHEMBL439950,1,1,1,1,1,1,1,1,1
CHEMBL44,0,0,0,1,0,0,0,0,0
CHEMBL440691,1,1,1,1,1,1,1,1,1
CHEMBL440691,1,1,1,1,1,1,1,1,1
CHEMBL440832,1,1,1,1,1,1,1,1,1
CHEMBL440832,1,1,1,1,1,1,1,1,1
CHEMBL440930,0,0,0,1,0,0,1,0,0
CHEMBL441260,0,0,0,1,1,1,1,0,0
CHEMBL441367,0,0,0,0,1,0,0,0,0
CHEMBL441404,0,0,1,1,0,0,0,1,1
CHEMBL442262,0,0,0,1,1,1,1,0,0
CHEMBL442373,0,0,0,1,1,0,0,0,0
CHEMBL442542,1,1,1,1,1,1,1,1,1
CHEMBL442542,1,1,1,1,1,1,1,1,1
CHEMBL442813,0,0,0,0,1,1,1,1,1
CHEMBL443066,0,1,0,1,0,0,0,1,1
CHEMBL443530,1,1,1,1,1,1,1,1,1
CHEMBL4436270,0,1,0,1,0,0,0,1,1
CHEMBL4436270,0,1,0,1,0,0,0,1,1
CHEMBL4437198,0,0,0,0,1,0,0,0,0
CHEMBL4437348,0,0,0,0,1,0,0,0,0
CHEMBL4439561,0,0,0,0,0,0,0,1,1
CHEMBL4439561,0,0,0,0,0,0,0,1,1
CHEMBL4439573,0,1,0,1,1,1,1,1,1
CHEMBL444068,1,1,1,1,1,1,1,1,1
CHEMBL4441579,0,0,0,0,1,0,0,0,0
CHEMBL4444996,0,0,0,0,0,0,0,1,1
CHEMBL4444996,0,0,0,0,0,0,0,1,1
CHEMBL4446561,0,1,0,0,0,0,0,1,1
CHEMBL4446561,0,1,0,0,0,0,0,1,1
CHEMBL4448018,0,0,0,0,0,0,0,1,1
CHEMBL4448018,0,0,0,0,0,0,0,1,1
CHEMBL444844,0,0,1,1,0,0,0,1,1
CHEMBL4449929,0,0,0,0,0,0,0,1,1
CHEMBL4449929,0,0,0,0,0,0,0,1,1
CHEMBL4450923,0,0,0,0,1,0,0,0,0
CHEMBL4451577,0,1,0,1,0,0,0,1,1
CHEMBL4451962,1,1,1,1,1,1,1,1,1
CHEMBL4453517,0,0,0,0,1,0,0,0,0
CHEMBL445362,1,1,1,1,1,1,1,1,1
CHEMBL4453737,0,0,0,0,1,0,1,0,0
CHEMBL4454152,0,0,0,0,1,0,0,0,0
CHEMBL4454530,0,0,0,0,1,0,0,0,0
CHEMBL4454575,1,1,1,1,1,1,1,1,1
CHEMBL4460718,0,0,0,0,0,0,0,1,1
CHEMBL4460718,0,0,0,0,0,0,0,1,1
CHEMBL446083,0,0,0,1,0,0,0,0,0
CHEMBL4460869,1,1,1,1,1,1,1,1,1
CHEMBL4462178,0,0,0,0,0,0,0,1,1
CHEMBL4462178,0,0,0,0,0,0,0,1,1
CHEMBL4464506,0,1,0,1,1,1,1,1,1
CHEMBL4465348,0,1,0,1,1,0,0,1,0
CHEMBL4465694,0,0,0,1,0,0,0,0,0
CHEMBL446706,0,0,0,1,1,1,1,0,0
CHEMBL4468397,0,0,0,0,1,0,0,0,0
CHEMBL4468497,1,1,1,1,1,1,1,1,1
CHEMBL4468933,0,0,0,0,1,0,0,0,0
CHEMBL4474808,0,0,0,1,0,0,0,0,0
CHEMBL448463,0,0,0,1,1,0,0,0,0
CHEMBL449065,0,0,0,1,0,0,0,0,0
CHEMBL45,0,0,0,1,1,1,1,0,0
CHEMBL450666,0,0,0,1,0,0,0,0,0
CHEMBL45068,0,0,0,1,0,0,0,0,0
CHEMBL451168,0,0,0,1,0,0,0,0,0
CHEMBL451201,0,0,0,1,1,0,0,0,0
CHEMBL4514474,0,0,0,1,1,0,0,1,1
CHEMBL4514728,1,1,1,1,1,1,1,1,1
CHEMBL451532,0,0,0,1,0,0,0,0,0
CHEMBL4515706,0,0,0,1,0,0,0,0,0
CHEMBL4515880,1,1,1,1,1,1,1,1,1
CHEMBL4516755,0,1,0,0,1,1,0,1,1
CHEMBL4517318,1,1,1,1,1,1,1,1,1
CHEMBL4517895,0,1,0,1,0,0,0,1,1
CHEMBL4517937,0,1,0,1,0,0,0,1,1
CHEMBL4520027,1,1,1,1,1,1,1,1,1
CHEMBL4520056,1,1,1,1,1,1,1,1,1
CHEMBL452018,0,0,0,1,1,1,1,0,0
CHEMBL4520995,0,0,0,1,1,0,0,0,0
CHEMBL4526477,0,0,0,0,1,0,0,0,0
CHEMBL4526798,0,0,0,1,1,0,0,1,1
CHEMBL4527809,0,0,0,0,0,0,0,1,1
CHEMBL4527809,0,0,0,0,0,0,0,1,1
CHEMBL4531367,0,0,0,0,0,0,0,1,1
CHEMBL4531367,0,0,0,0,0,0,0,1,1
CHEMBL453233,0,0,0,1,0,0,0,0,0
CHEMBL453417,0,0,0,1,0,0,0,0,0
CHEMBL453448,0,0,0,0,0,0,0,0,0
CHEMBL4536389,0,0,0,0,0,0,0,1,1
CHEMBL4536389,0,0,0,0,0,0,0,1,1
CHEMBL4536893,0,0,0,1,1,0,0,0,0
CHEMBL453736,0,0,0,1,1,0,0,0,0
CHEMBL4537791,0,1,0,0,1,1,0,1,1
CHEMBL4540847,0,0,0,1,1,0,0,0,0
CHEMBL454226,0,0,0,1,0,0,0,0,0
CHEMBL4543747,0,1,0,0,0,0,0,1,1
CHEMBL4543747,0,1,0,0,0,0,0,1,1
CHEMBL454421,0,1,1,1,0,0,0,1,1
CHEMBL454580,0,0,0,1,0,0,0,0,0
CHEMBL4545917,0,0,0,0,1,0,0,0,0
CHEMBL4546916,0,0,0,1,1,0,0,0,0
CHEMBL454705,0,1,1,1,1,1,1,1,1
CHEMBL4547558,0,0,0,1,1,0,0,0,0
CHEMBL4553272,0,0,0,1,0,0,0,0,0
CHEMBL4555477,0,1,0,1,0,0,0,1,1
CHEMBL4555477,0,1,0,1,0,0,0,1,1
CHEMBL455593,0,0,0,1,0,0,0,0,0
CHEMBL4556427,0,0,0,0,0,0,0,1,1
CHEMBL4556427,0,0,0,0,0,0,0,1,1
CHEMBL4556775,0,0,0,1,1,0,0,1,1
CHEMBL455832,0,0,0,1,1,0,0,0,0
CHEMBL4560281,0,0,0,1,1,0,0,1,1
CHEMBL456062,0,0,0,0,0,0,0,0,0
CHEMBL4561656,0,0,0,0,1,0,0,0,0
CHEMBL4562457,0,0,0,0,1,0,0,0,0
CHEMBL4563511,0,0,0,1,1,0,0,0,0
CHEMBL4564168,0,0,0,1,1,0,0,0,0
CHEMBL4564333,1,1,1,1,1,1,1,1,1
CHEMBL4564431,0,0,0,1,1,1,1,0,0
CHEMBL4567479,0,0,0,0,0,0,0,1,1
CHEMBL4567479,0,0,0,0,0,0,0,1,1
CHEMBL4568316,0,0,0,1,0,0,0,0,0
CHEMBL4568674,0,0,0,1,1,0,0,0,0
CHEMBL4570681,0,0,0,0,0,0,0,1,1
CHEMBL4570681,0,0,0,0,0,0,0,1,1
CHEMBL457261,0,0,0,1,0,0,0,0,0
CHEMBL457262,0,0,0,1,0,0,0,0,0
CHEMBL457263,0,0,0,1,0,0,0,0,0
CHEMBL4574913,0,0,0,1,1,0,0,0,0
CHEMBL4575939,0,0,0,1,1,0,0,0,0
CHEMBL4575994,1,1,1,1,1,1,1,1,1
CHEMBL457678,0,0,0,1,1,1,1,1,1
CHEMBL457679,0,0,0,1,0,0,0,0,0
CHEMBL457680,0,0,0,1,0,0,0,0,0
CHEMBL457686,0,0,0,1,0,0,0,0,0
CHEMBL458187,0,0,0,1,0,0,0,0,0
CHEMBL458188,0,0,0,1,1,1,1,0,0
CHEMBL4582591,0,0,0,0,1,0,0,0,0
CHEMBL4583456,0,0,0,1,1,0,0,0,0
CHEMBL458395,0,0,0,1,0,0,0,0,0
CHEMBL4585518,0,1,0,1,0,0,0,1,1
CHEMBL4590541,0,0,0,0,0,0,0,1,1
CHEMBL4590541,0,0,0,0,0,0,0,1,1
CHEMBL4592407,0,0,0,1,1,0,0,0,0
CHEMBL459502,0,0,0,0,1,0,0,0,0
CHEMBL459502,0,0,0,0,1,0,0,0,0
CHEMBL459503,0,0,0,1,1,1,0,0,0
CHEMBL459503,0,0,0,1,1,1,0,0,0
CHEMBL460026,0,0,0,0,0,0,0,0,0
CHEMBL460382,0,0,0,1,1,1,0,0,0
CHEMBL462879,0,0,0,1,0,0,0,1,0
CHEMBL463168,0,0,0,0,0,0,0,0,0
CHEMBL463241,0,1,0,1,1,1,1,1,1
CHEMBL463254,0,0,0,0,0,0,0,0,0
CHEMBL463255,0,0,0,1,0,0,0,0,0
CHEMBL463256,0,0,0,1,0,0,0,0,0
CHEMBL463435,0,0,0,1,1,1,1,0,0
CHEMBL463452,0,0,0,1,0,0,0,0,0
CHEMBL463453,0,0,0,1,0,0,0,0,0
CHEMBL463454,0,0,0,0,0,0,0,0,0
CHEMBL4634777,0,0,0,1,1,0,0,0,0
CHEMBL463638,0,0,0,1,0,0,0,0,0
CHEMBL464007,0,0,0,1,0,0,0,0,0
CHEMBL464428,0,0,0,1,0,0,0,0,0
CHEMBL464472,0,0,0,0,0,0,0,0,0
CHEMBL465435,0,0,0,0,0,0,0,0,0
CHEMBL465845,0,0,0,0,0,0,0,0,0
CHEMBL465879,0,0,0,0,0,0,0,0,0
CHEMBL465880,0,0,0,1,0,0,0,0,0
CHEMBL465881,0,0,0,0,1,1,1,0,0
CHEMBL468410,0,0,0,1,1,1,0,0,0
CHEMBL468419,0,0,0,1,1,1,0,0,0
CHEMBL468419,0,0,0,1,1,1,0,0,0
CHEMBL469260,0,0,0,1,1,1,0,0,0
CHEMBL469266,0,0,0,0,1,1,1,0,0
CHEMBL469444,0,0,0,1,0,0,0,0,0
CHEMBL4743255,0,0,0,1,0,0,0,0,0
CHEMBL4745681,0,0,0,1,1,0,0,0,0
CHEMBL4747849,0,0,0,1,0,0,0,0,0
CHEMBL4749692,0,0,0,1,1,0,0,0,0
CHEMBL4750835,0,0,0,1,1,0,0,0,0
CHEMBL4752568,0,0,0,1,1,0,0,0,0
CHEMBL4753594,0,0,0,1,1,0,0,0,0
CHEMBL4753984,0,0,0,1,1,0,0,0,0
CHEMBL4755831,0,0,0,1,1,0,0,0,0
CHEMBL475943,0,0,0,1,1,1,0,0,0
CHEMBL475944,0,0,0,0,1,0,1,0,0
CHEMBL4760286,0,0,0,1,0,0,0,0,0
CHEMBL476126,0,0,0,1,0,0,0,0,0
CHEMBL4761359,0,0,0,1,1,0,0,0,0
CHEMBL476143,0,0,0,0,1,0,1,0,0
CHEMBL4763409,0,0,0,1,0,0,0,0,0
CHEMBL4764457,0,0,0,1,1,0,0,0,0
CHEMBL476979,0,0,0,0,1,0,1,0,0
CHEMBL4777271,0,0,0,1,1,0,0,0,0
CHEMBL4778401,0,0,0,1,1,0,0,0,0
CHEMBL478023,0,0,0,0,1,0,0,0,0
CHEMBL478024,0,0,0,0,1,0,0,1,1
CHEMBL4780337,0,0,0,1,1,0,0,0,0
CHEMBL478647,0,0,0,1,1,0,0,1,1
CHEMBL478648,0,0,0,1,1,0,0,0,0
CHEMBL479366,0,1,0,1,1,0,0,1,0
CHEMBL479385,0,0,0,1,1,0,0,0,0
CHEMBL479551,0,1,0,1,1,0,0,1,0
CHEMBL479559,0,1,0,1,1,0,0,1,0
CHEMBL479737,0,1,0,1,1,0,0,1,0
CHEMBL4797578,0,0,0,1,1,0,0,0,0
CHEMBL479928,0,1,0,1,1,0,0,1,0
CHEMBL479942,0,1,0,1,1,0,0,1,0
CHEMBL4800654,0,1,0,1,1,1,1,1,1
CHEMBL480321,0,1,0,1,1,0,0,1,0
CHEMBL480451,0,0,0,1,1,0,0,0,0
CHEMBL480514,0,0,0,1,1,0,0,0,0
CHEMBL480515,0,0,0,1,1,0,0,0,0
CHEMBL480516,0,0,0,1,1,0,0,0,0
CHEMBL480718,0,0,0,1,1,1,0,0,0
CHEMBL481091,0,0,0,1,1,0,0,0,0
CHEMBL481092,0,0,0,1,1,1,0,0,0
CHEMBL48160,1,1,1,1,1,1,1,1,1
CHEMBL482693,0,0,0,1,1,1,0,0,0
CHEMBL484579,1,1,1,1,1,1,1,1,1
CHEMBL484584,1,1,1,1,1,1,1,1,1
CHEMBL48460,1,1,1,1,1,1,1,1,1
CHEMBL4847316,0,1,0,0,0,0,0,1,1
CHEMBL4852023,0,1,1,1,0,0,0,1,1
CHEMBL4858552,0,0,0,0,1,0,0,0,0
CHEMBL4859743,0,1,1,1,0,0,0,1,1
CHEMBL4863718,0,1,1,1,0,0,0,1,1
CHEMBL4866633,1,1,1,1,1,1,1,1,1
CHEMBL486853,0,1,1,1,0,0,0,1,1
CHEMBL4868867,0,1,0,1,1,1,1,1,1
CHEMBL4870604,0,1,0,1,0,0,0,1,1
CHEMBL487113,1,1,1,1,1,1,1,1,1
CHEMBL4874326,0,0,0,0,1,0,0,0,0
CHEMBL4874928,0,1,1,1,0,0,0,1,1
CHEMBL4875917,0,1,1,1,0,0,0,1,1
CHEMBL487887,0,1,1,1,0,0,0,1,1
CHEMBL487888,0,1,1,1,0,0,0,1,1
CHEMBL488,0,0,1,1,0,0,0,1,1
CHEMBL488,0,0,1,1,0,0,0,1,1
CHEMBL488050,0,0,0,1,1,1,1,0,0
CHEMBL488513,0,0,0,1,1,1,1,0,0
CHEMBL488848,0,0,0,1,0,0,0,0,0
CHEMBL489,0,0,0,1,0,0,0,0,0
CHEMBL489187,0,0,0,0,1,0,0,0,0
CHEMBL489188,0,0,0,0,1,0,0,0,0
CHEMBL489189,0,0,0,0,1,0,0,0,0
CHEMBL489359,0,0,0,0,1,0,0,0,0
CHEMBL489360,0,0,0,0,1,0,0,0,0
CHEMBL489986,0,0,0,0,1,0,0,0,0
CHEMBL490187,0,0,0,0,1,0,0,0,0
CHEMBL490194,0,0,0,0,1,0,0,0,0
CHEMBL490584,0,0,0,0,1,0,0,0,0
CHEMBL490673,0,0,0,0,0,0,0,0,0
CHEMBL490794,0,0,0,0,1,0,0,0,0
CHEMBL490795,0,0,0,0,1,0,0,0,0
CHEMBL490867,0,0,0,1,0,0,0,0,0
CHEMBL491010,0,0,0,1,1,0,0,0,0
CHEMBL491013,0,0,0,0,1,0,0,0,0
CHEMBL491023,0,0,0,0,1,0,0,1,1
CHEMBL491213,0,0,0,0,1,0,0,0,0
CHEMBL491214,0,0,0,0,1,0,0,0,0
CHEMBL491215,0,0,0,0,1,0,0,0,0
CHEMBL491222,0,0,0,0,1,0,0,0,0
CHEMBL491692,0,0,0,1,0,0,0,0,0
CHEMBL491824,0,0,0,0,1,0,0,0,0
CHEMBL491825,0,0,0,0,1,0,0,1,1
CHEMBL492382,0,0,0,1,0,0,0,0,0
CHEMBL492762,0,0,0,1,1,1,0,0,0
CHEMBL492763,0,0,0,1,1,1,0,0,0
CHEMBL492818,0,0,0,1,0,0,0,0,0
CHEMBL493173,0,0,0,1,0,0,0,0,0
CHEMBL493174,0,0,0,1,0,0,0,0,0
CHEMBL493181,0,0,0,1,0,0,0,0,0
CHEMBL493182,0,0,0,1,0,0,0,0,0
CHEMBL494713,0,0,0,1,0,0,0,0,0
CHEMBL495563,0,0,0,1,1,1,0,0,0
CHEMBL495565,0,0,0,1,1,0,0,0,0
CHEMBL495565,0,0,0,1,1,0,0,0,0
CHEMBL495566,0,0,0,0,0,0,0,0,0
CHEMBL495567,0,0,0,1,0,0,0,0,0
CHEMBL495567,0,0,0,1,0,0,0,0,0
CHEMBL495574,0,0,0,1,0,0,0,0,0
CHEMBL495777,0,0,0,1,0,0,0,0,0
CHEMBL496375,0,0,0,1,0,0,0,0,0
CHEMBL496634,0,0,0,0,0,0,0,0,0
CHEMBL496777,0,0,0,1,1,1,1,0,0
CHEMBL496777,0,0,0,1,1,1,1,0,0
CHEMBL49732,0,0,0,0,0,0,0,0,0
CHEMBL497614,0,0,0,1,0,0,0,0,0
CHEMBL50,0,0,0,1,0,0,0,0,0
CHEMBL500976,0,0,0,1,1,0,0,0,0
CHEMBL503399,0,0,0,0,1,0,1,0,0
CHEMBL503538,0,0,0,1,0,0,0,0,0
CHEMBL506858,0,0,0,1,0,0,0,0,0
CHEMBL5069811,0,0,0,1,0,0,0,0,0
CHEMBL5072101,0,0,0,1,1,0,0,0,0
CHEMBL5072827,1,1,1,1,1,1,1,1,1
CHEMBL5074047,0,0,0,1,1,0,0,0,0
CHEMBL5075144,0,0,0,1,1,0,0,0,0
CHEMBL5077976,0,0,0,1,0,0,0,0,0
CHEMBL5080066,0,0,0,1,0,0,0,0,0
CHEMBL5081446,0,0,0,1,1,0,0,0,0
CHEMBL5082245,0,0,0,1,0,0,0,0,0
CHEMBL5082681,0,0,0,1,1,0,0,0,0
CHEMBL5087363,0,0,0,1,1,0,0,0,0
CHEMBL5092560,0,0,0,1,0,0,0,0,0
CHEMBL5092843,0,0,0,1,0,0,0,0,0
CHEMBL509750,0,0,0,1,1,1,1,0,0
CHEMBL509750,0,0,0,1,1,1,1,0,0
CHEMBL509962,0,0,0,0,1,1,1,0,0
CHEMBL512578,0,0,0,0,1,1,1,0,0
CHEMBL512994,0,0,0,1,1,1,0,0,0
CHEMBL513168,0,0,0,1,1,1,0,0,0
CHEMBL513615,0,0,0,1,1,1,0,0,0
CHEMBL513615,0,0,0,1,1,1,0,0,0
CHEMBL514514,0,0,0,1,1,1,0,0,0
CHEMBL514745,0,0,0,1,0,0,0,0,0
CHEMBL516275,0,0,0,0,1,0,0,1,1
CHEMBL516643,0,0,0,1,1,0,0,0,0
CHEMBL517347,0,0,0,0,1,0,1,0,0
CHEMBL5173597,0,0,0,1,1,1,1,0,0
CHEMBL5174567,0,0,0,1,1,1,1,0,0
CHEMBL5175025,0,0,0,1,1,1,1,0,0
CHEMBL5175340,0,0,0,1,1,1,1,0,0
CHEMBL5176279,0,0,0,0,1,0,1,0,0
CHEMBL5177269,0,0,0,1,1,1,1,0,0
CHEMBL5177518,0,0,0,1,1,1,1,0,0
CHEMBL5177928,0,0,0,0,1,0,1,0,0
CHEMBL517816,0,0,0,0,1,0,0,1,1
CHEMBL5178202,0,0,0,1,1,1,1,0,0
CHEMBL5179009,0,0,0,1,1,1,1,0,0
CHEMBL5184004,0,0,0,1,1,1,1,0,0
CHEMBL518414,0,0,0,1,0,0,0,0,0
CHEMBL5184565,1,1,1,1,1,1,1,1,1
CHEMBL5184829,1,1,1,1,1,1,1,1,1
CHEMBL5185187,0,0,0,1,1,1,1,0,0
CHEMBL518586,0,0,0,0,1,0,1,0,0
CHEMBL5186519,0,0,0,1,1,1,1,0,0
CHEMBL518761,0,1,0,1,1,0,0,1,0
CHEMBL519436,0,0,0,1,1,1,1,0,0
CHEMBL5195433,0,0,0,1,1,1,1,0,0
CHEMBL5197552,0,0,0,1,1,1,1,0,0
CHEMBL519937,0,0,0,1,1,0,0,0,0
CHEMBL52,0,0,0,0,0,0,0,0,0
CHEMBL5203413,0,0,0,1,1,1,1,0,0
CHEMBL5204674,0,0,0,1,1,1,1,0,0
CHEMBL5205534,0,0,0,1,1,1,1,0,0
CHEMBL521591,0,0,0,0,1,0,0,0,0
CHEMBL521600,0,0,0,0,1,0,0,0,0
CHEMBL522089,0,0,0,0,1,0,0,0,0
CHEMBL522733,0,0,0,1,1,1,0,0,0
CHEMBL522733,0,0,0,1,1,1,0,0,0
CHEMBL522917,0,0,0,1,1,0,0,0,0
CHEMBL523231,0,0,0,1,0,0,0,0,0
CHEMBL523232,0,0,0,1,1,1,1,0,0
CHEMBL523813,0,0,0,0,1,0,0,0,0
CHEMBL523973,0,0,0,0,1,0,0,1,1
CHEMBL52509,0,0,0,1,1,0,0,0,0
CHEMBL525379,0,0,0,1,1,0,0,0,0
CHEMBL5265802,1,1,1,1,1,1,1,1,1
CHEMBL5265808,1,1,1,1,1,1,1,1,1
CHEMBL5265837,1,1,1,1,1,1,1,1,1
CHEMBL5265932,0,1,1,1,1,1,1,1,1
CHEMBL5265959,1,1,1,1,1,1,1,1,1
CHEMBL5266109,1,1,1,1,1,1,1,1,1
CHEMBL5266298,1,1,1,1,1,1,1,1,1
CHEMBL5266491,1,1,1,1,1,1,1,1,1
CHEMBL5266502,1,1,1,1,1,1,1,1,1
CHEMBL5266519,1,1,1,1,1,1,1,1,1
CHEMBL5266533,0,0,0,1,1,0,0,0,0
CHEMBL5266594,1,1,1,1,1,1,1,1,1
CHEMBL5266626,1,1,1,1,1,1,1,1,1
CHEMBL5266698,1,1,1,1,1,1,1,1,1
CHEMBL5266818,1,1,1,1,1,1,1,1,1
CHEMBL5266867,1,1,1,1,1,1,1,1,1
CHEMBL5266927,1,1,1,1,1,1,1,1,1
CHEMBL5266933,1,1,1,1,1,1,1,1,1
CHEMBL5266953,1,1,1,1,1,1,1,1,1
CHEMBL5266984,1,1,1,1,1,1,1,1,1
CHEMBL5266995,1,1,1,1,1,1,1,1,1
CHEMBL5267234,1,1,1,1,1,1,1,1,1
CHEMBL5267423,1,1,1,1,1,1,1,1,1
CHEMBL5267610,1,1,1,1,1,1,1,1,1
CHEMBL5267688,1,1,1,1,1,1,1,1,1
CHEMBL5267848,1,1,1,1,1,1,1,1,1
CHEMBL5267859,1,1,1,1,1,1,1,1,1
CHEMBL5267873,1,1,1,1,1,1,1,1,1
CHEMBL5267929,1,1,1,1,1,1,1,1,1
CHEMBL5267936,1,1,1,1,1,1,1,1,1
CHEMBL5268117,1,1,1,1,1,1,1,1,1
CHEMBL5268139,1,1,1,1,1,1,1,1,1
CHEMBL5268166,1,1,1,1,1,1,1,1,1
CHEMBL5268195,1,1,1,1,1,1,1,1,1
CHEMBL5268211,1,1,1,1,1,1,1,1,1
CHEMBL5268215,1,1,1,1,1,1,1,1,1
CHEMBL5268383,1,1,1,1,1,1,1,1,1
CHEMBL5268471,1,1,1,1,1,1,1,1,1
CHEMBL5268507,1,1,1,1,1,1,1,1,1
CHEMBL5268515,1,1,1,1,1,1,1,1,1
CHEMBL5268519,1,1,1,1,1,1,1,1,1
CHEMBL5268650,1,1,1,1,1,1,1,1,1
CHEMBL5268672,1,1,1,1,1,1,1,1,1
CHEMBL5268721,1,1,1,1,1,1,1,1,1
CHEMBL5268776,1,1,1,1,1,1,1,1,1
CHEMBL5268832,1,1,1,1,1,1,1,1,1
CHEMBL5268836,1,1,1,1,1,1,1,1,1
CHEMBL5268850,1,1,1,1,1,1,1,1,1
CHEMBL5268890,1,1,1,1,1,1,1,1,1
CHEMBL5269004,1,1,1,1,1,1,1,1,1
CHEMBL5269029,1,1,1,1,1,1,1,1,1
CHEMBL5269083,1,1,1,1,1,1,1,1,1
CHEMBL5269206,1,1,1,1,1,1,1,1,1
CHEMBL5269208,1,1,1,1,1,1,1,1,1
CHEMBL5269252,1,1,1,1,1,1,1,1,1
CHEMBL5269293,1,1,1,1,1,1,1,1,1
CHEMBL5269555,1,1,1,1,1,1,1,1,1
CHEMBL5269707,1,1,1,1,1,1,1,1,1
CHEMBL5269737,1,1,1,1,1,1,1,1,1
CHEMBL5269756,1,1,1,1,1,1,1,1,1
CHEMBL5269817,1,1,1,1,1,1,1,1,1
CHEMBL5269898,1,1,1,1,1,1,1,1,1
CHEMBL5269979,1,1,1,1,1,1,1,1,1
CHEMBL5270023,0,0,1,1,1,1,1,1,1
CHEMBL5270074,1,1,1,1,1,1,1,1,1
CHEMBL5270108,1,1,1,1,1,1,1,1,1
CHEMBL5270141,1,1,1,1,1,1,1,1,1
CHEMBL5270168,1,1,1,1,1,1,1,1,1
CHEMBL5270259,1,1,1,1,1,1,1,1,1
CHEMBL5270376,1,1,1,1,1,1,1,1,1
CHEMBL5270517,1,1,1,1,1,1,1,1,1
CHEMBL5270578,1,1,1,1,1,1,1,1,1
CHEMBL5270644,1,1,1,1,1,1,1,1,1
CHEMBL5270764,1,1,1,1,1,1,1,1,1
CHEMBL5270920,1,1,1,1,1,1,1,1,1
CHEMBL5270927,1,1,1,1,1,1,1,1,1
CHEMBL5270933,1,1,1,1,1,1,1,1,1
CHEMBL5270986,1,1,1,1,1,1,1,1,1
CHEMBL5271052,0,0,1,1,1,1,1,1,1
CHEMBL5271071,0,0,0,1,1,0,0,0,0
CHEMBL5271092,1,1,1,1,1,1,1,1,1
CHEMBL5271144,0,0,0,1,1,0,0,0,0
CHEMBL5271187,1,1,1,1,1,1,1,1,1
CHEMBL5271283,1,1,1,1,1,1,1,1,1
CHEMBL5271503,1,1,1,1,1,1,1,1,1
CHEMBL5271509,1,1,1,1,1,1,1,1,1
CHEMBL5271543,1,1,1,1,1,1,1,1,1
CHEMBL5271636,0,0,0,1,1,1,1,0,0
CHEMBL5271678,1,1,1,1,1,1,1,1,1
CHEMBL5271680,1,1,1,1,1,1,1,1,1
CHEMBL5271699,1,1,1,1,1,1,1,1,1
CHEMBL5271771,1,1,1,1,1,1,1,1,1
CHEMBL5271891,1,1,1,1,1,1,1,1,1
CHEMBL5271912,1,1,1,1,1,1,1,1,1
CHEMBL5271963,1,1,1,1,1,1,1,1,1
CHEMBL5271982,1,1,1,1,1,1,1,1,1
CHEMBL5272287,1,1,1,1,1,1,1,1,1
CHEMBL5272328,1,1,1,1,1,1,1,1,1
CHEMBL5272564,1,1,1,1,1,1,1,1,1
CHEMBL5272700,0,0,1,1,1,1,1,1,1
CHEMBL5272891,1,1,1,1,1,1,1,1,1
CHEMBL5273068,0,0,0,1,1,0,0,0,0
CHEMBL5273116,1,1,1,1,1,1,1,1,1
CHEMBL5273164,1,1,1,1,1,1,1,1,1
CHEMBL5273177,1,1,1,1,1,1,1,1,1
CHEMBL5273309,1,1,1,1,1,1,1,1,1
CHEMBL5273350,1,1,1,1,1,1,1,1,1
CHEMBL5273362,1,1,1,1,1,1,1,1,1
CHEMBL5273384,1,1,1,1,1,1,1,1,1
CHEMBL5273492,0,0,0,1,1,0,0,0,0
CHEMBL5273506,1,1,1,1,1,1,1,1,1
CHEMBL5273549,1,1,1,1,1,1,1,1,1
CHEMBL5273618,1,1,1,1,1,1,1,1,1
CHEMBL5273646,1,1,1,1,1,1,1,1,1
CHEMBL5273888,1,1,1,1,1,1,1,1,1
CHEMBL5273960,1,1,1,1,1,1,1,1,1
CHEMBL5274084,0,0,0,1,1,0,0,0,0
CHEMBL5274139,0,0,0,1,1,0,0,0,0
CHEMBL5274290,1,1,1,1,1,1,1,1,1
CHEMBL5274299,1,1,1,1,1,1,1,1,1
CHEMBL5274335,0,0,1,1,1,1,1,1,1
CHEMBL5274501,1,1,1,1,1,1,1,1,1
CHEMBL5274587,1,1,1,1,1,1,1,1,1
CHEMBL5274708,1,1,1,1,1,1,1,1,1
CHEMBL5274777,1,1,1,1,1,1,1,1,1
CHEMBL5274832,1,1,1,1,1,1,1,1,1
CHEMBL5274863,1,1,1,1,1,1,1,1,1
CHEMBL5274867,1,1,1,1,1,1,1,1,1
CHEMBL5274890,1,1,1,1,1,1,1,1,1
CHEMBL5274998,1,1,1,1,1,1,1,1,1
CHEMBL5275053,1,1,1,1,1,1,1,1,1
CHEMBL5275063,1,1,1,1,1,1,1,1,1
CHEMBL5275068,1,1,1,1,1,1,1,1,1
CHEMBL5275153,1,1,1,1,1,1,1,1,1
CHEMBL5275215,1,1,1,1,1,1,1,1,1
CHEMBL5275417,1,1,1,1,1,1,1,1,1
CHEMBL5275448,1,1,1,1,1,1,1,1,1
CHEMBL5275593,1,1,1,1,1,1,1,1,1
CHEMBL5275668,1,1,1,1,1,1,1,1,1
CHEMBL5275714,1,1,1,1,1,1,1,1,1
CHEMBL5275747,0,0,0,1,1,0,0,0,0
CHEMBL5275758,1,1,1,1,1,1,1,1,1
CHEMBL5275780,1,1,1,1,1,1,1,1,1
CHEMBL5275798,1,1,1,1,1,1,1,1,1
CHEMBL5275846,1,1,1,1,1,1,1,1,1
CHEMBL5275933,1,1,1,1,1,1,1,1,1
CHEMBL5276017,1,1,1,1,1,1,1,1,1
CHEMBL5276018,1,1,1,1,1,1,1,1,1
CHEMBL5276194,1,1,1,1,1,1,1,1,1
CHEMBL5276442,1,1,1,1,1,1,1,1,1
CHEMBL5276820,1,1,1,1,1,1,1,1,1
CHEMBL5276910,1,1,1,1,1,1,1,1,1
CHEMBL5276919,1,1,1,1,1,1,1,1,1
CHEMBL5276930,1,1,1,1,1,1,1,1,1
CHEMBL5276932,1,1,1,1,1,1,1,1,1
CHEMBL5277126,0,0,0,1,1,0,0,0,0
CHEMBL5277162,1,1,1,1,1,1,1,1,1
CHEMBL5277286,1,1,1,1,1,1,1,1,1
CHEMBL5277446,1,1,1,1,1,1,1,1,1
CHEMBL5277564,1,1,1,1,1,1,1,1,1
CHEMBL5277644,1,1,1,1,1,1,1,1,1
CHEMBL5277659,1,1,1,1,1,1,1,1,1
CHEMBL5277776,0,0,1,1,1,1,1,1,1
CHEMBL5277888,1,1,1,1,1,1,1,1,1
CHEMBL5277901,1,1,1,1,1,1,1,1,1
CHEMBL5277945,1,1,1,1,1,1,1,1,1
CHEMBL5277980,1,1,1,1,1,1,1,1,1
CHEMBL5278036,0,1,1,1,1,1,1,1,1
CHEMBL5278102,1,1,1,1,1,1,1,1,1
CHEMBL5278107,1,1,1,1,1,1,1,1,1
CHEMBL5278229,0,0,0,1,1,0,0,0,0
CHEMBL5278253,1,1,1,1,1,1,1,1,1
CHEMBL5278342,1,1,1,1,1,1,1,1,1
CHEMBL5278365,1,1,1,1,1,1,1,1,1
CHEMBL5278613,1,1,1,1,1,1,1,1,1
CHEMBL5278675,1,1,1,1,1,1,1,1,1
CHEMBL5278956,1,1,1,1,1,1,1,1,1
CHEMBL5278979,1,1,1,1,1,1,1,1,1
CHEMBL5279060,1,1,1,1,1,1,1,1,1
CHEMBL5279139,1,1,1,1,1,1,1,1,1
CHEMBL5279329,1,1,1,1,1,1,1,1,1
CHEMBL5279458,1,1,1,1,1,1,1,1,1
CHEMBL5279628,1,1,1,1,1,1,1,1,1
CHEMBL5279731,1,1,1,1,1,1,1,1,1
CHEMBL5279752,1,1,1,1,1,1,1,1,1
CHEMBL5279864,1,1,1,1,1,1,1,1,1
CHEMBL5279883,1,1,1,1,1,1,1,1,1
CHEMBL5280054,1,1,1,1,1,1,1,1,1
CHEMBL5280059,1,1,1,1,1,1,1,1,1
CHEMBL5280069,1,1,1,1,1,1,1,1,1
CHEMBL5280326,0,0,1,1,1,1,1,1,1
CHEMBL5280449,1,1,1,1,1,1,1,1,1
CHEMBL5280521,1,1,1,1,1,1,1,1,1
CHEMBL5280552,1,1,1,1,1,1,1,1,1
CHEMBL5280814,1,1,1,1,1,1,1,1,1
CHEMBL5280921,1,1,1,1,1,1,1,1,1
CHEMBL5281055,1,1,1,1,1,1,1,1,1
CHEMBL5281163,1,1,1,1,1,1,1,1,1
CHEMBL5281207,1,1,1,1,1,1,1,1,1
CHEMBL5281249,1,1,1,1,1,1,1,1,1
CHEMBL5281289,0,0,0,1,1,0,1,1,1
CHEMBL5281414,1,1,1,1,1,1,1,1,1
CHEMBL5281465,1,1,1,1,1,1,1,1,1
CHEMBL5281469,1,1,1,1,1,1,1,1,1
CHEMBL5281516,1,1,1,1,1,1,1,1,1
CHEMBL5281599,1,1,1,1,1,1,1,1,1
CHEMBL5281632,1,1,1,1,1,1,1,1,1
CHEMBL5281692,1,1,1,1,1,1,1,1,1
CHEMBL5281733,1,1,1,1,1,1,1,1,1
CHEMBL5281772,1,1,1,1,1,1,1,1,1
CHEMBL5281823,1,1,1,1,1,1,1,1,1
CHEMBL5281951,1,1,1,1,1,1,1,1,1
CHEMBL5281972,0,0,0,1,1,1,1,0,0
CHEMBL5282019,1,1,1,1,1,1,1,1,1
CHEMBL5282027,1,1,1,1,1,1,1,1,1
CHEMBL5282258,1,1,1,1,1,1,1,1,1
CHEMBL5282309,1,1,1,1,1,1,1,1,1
CHEMBL5282619,1,1,1,1,1,1,1,1,1
CHEMBL5282687,1,1,1,1,1,1,1,1,1
CHEMBL5282717,1,1,1,1,1,1,1,1,1
CHEMBL5282836,1,1,1,1,1,1,1,1,1
CHEMBL5282873,1,1,1,1,1,1,1,1,1
CHEMBL5282922,1,1,1,1,1,1,1,1,1
CHEMBL5282986,1,1,1,1,1,1,1,1,1
CHEMBL5283138,1,1,1,1,1,1,1,1,1
CHEMBL5283268,1,1,1,1,1,1,1,1,1
CHEMBL5283276,0,0,0,1,1,0,0,0,0
CHEMBL5283375,1,1,1,1,1,1,1,1,1
CHEMBL5283443,1,1,1,1,1,1,1,1,1
CHEMBL5283480,1,1,1,1,1,1,1,1,1
CHEMBL5283592,1,1,1,1,1,1,1,1,1
CHEMBL5283697,1,1,1,1,1,1,1,1,1
CHEMBL5283707,1,1,1,1,1,1,1,1,1
CHEMBL5283822,0,0,1,1,1,1,1,1,1
CHEMBL5283868,1,1,1,1,1,1,1,1,1
CHEMBL5283920,1,1,1,1,1,1,1,1,1
CHEMBL5283967,1,1,1,1,1,1,1,1,1
CHEMBL5283978,1,1,1,1,1,1,1,1,1
CHEMBL5284015,1,1,1,1,1,1,1,1,1
CHEMBL5284085,1,1,1,1,1,1,1,1,1
CHEMBL5284111,1,1,1,1,1,1,1,1,1
CHEMBL5284198,1,1,1,1,1,1,1,1,1
CHEMBL5284435,1,1,1,1,1,1,1,1,1
CHEMBL5284524,1,1,1,1,1,1,1,1,1
CHEMBL5284594,1,1,1,1,1,1,1,1,1
CHEMBL5284663,1,1,1,1,1,1,1,1,1
CHEMBL5284734,1,1,1,1,1,1,1,1,1
CHEMBL5284738,1,1,1,1,1,1,1,1,1
CHEMBL5284742,1,1,1,1,1,1,1,1,1
CHEMBL5284759,1,1,1,1,1,1,1,1,1
CHEMBL5284760,0,0,0,1,1,0,0,0,0
CHEMBL5284841,1,1,1,1,1,1,1,1,1
CHEMBL5284912,1,1,1,1,1,1,1,1,1
CHEMBL5284938,1,1,1,1,1,1,1,1,1
CHEMBL5285274,1,1,1,1,1,1,1,1,1
CHEMBL5285355,1,1,1,1,1,1,1,1,1
CHEMBL5285390,1,1,1,1,1,1,1,1,1
CHEMBL5285403,1,1,1,1,1,1,1,1,1
CHEMBL5285526,1,1,1,1,1,1,1,1,1
CHEMBL5285636,0,0,0,1,1,0,0,0,0
CHEMBL5285644,1,1,1,1,1,1,1,1,1
CHEMBL5285647,1,1,1,1,1,1,1,1,1
CHEMBL5285796,1,1,1,1,1,1,1,1,1
CHEMBL5285807,1,1,1,1,1,1,1,1,1
CHEMBL5285813,1,1,1,1,1,1,1,1,1
CHEMBL5285831,1,1,1,1,1,1,1,1,1
CHEMBL5285898,1,1,1,1,1,1,1,1,1
CHEMBL5285921,1,1,1,1,1,1,1,1,1
CHEMBL5285990,1,1,1,1,1,1,1,1,1
CHEMBL5286151,1,1,1,1,1,1,1,1,1
CHEMBL5286286,1,1,1,1,1,1,1,1,1
CHEMBL5286289,1,1,1,1,1,1,1,1,1
CHEMBL5286458,1,1,1,1,1,1,1,1,1
CHEMBL5286506,1,1,1,1,1,1,1,1,1
CHEMBL5286569,1,1,1,1,1,1,1,1,1
CHEMBL5286772,1,1,1,1,1,1,1,1,1
CHEMBL5286833,1,1,1,1,1,1,1,1,1
CHEMBL5286866,1,1,1,1,1,1,1,1,1
CHEMBL5286895,1,1,1,1,1,1,1,1,1
CHEMBL5286964,1,1,1,1,1,1,1,1,1
CHEMBL5287003,1,1,1,1,1,1,1,1,1
CHEMBL5287052,1,1,1,1,1,1,1,1,1
CHEMBL5287070,1,1,1,1,1,1,1,1,1
CHEMBL5287129,1,1,1,1,1,1,1,1,1
CHEMBL5287331,1,1,1,1,1,1,1,1,1
CHEMBL5287457,0,1,1,1,1,1,1,1,1
CHEMBL5287473,1,1,1,1,1,1,1,1,1
CHEMBL5287480,1,1,1,1,1,1,1,1,1
CHEMBL5287546,1,1,1,1,1,1,1,1,1
CHEMBL5287563,1,1,1,1,1,1,1,1,1
CHEMBL5287750,0,0,0,0,0,0,0,0,0
CHEMBL5287766,1,1,1,1,1,1,1,1,1
CHEMBL5287841,1,1,1,1,1,1,1,1,1
CHEMBL5287894,1,1,1,1,1,1,1,1,1
CHEMBL5288111,1,1,1,1,1,1,1,1,1
CHEMBL5288187,1,1,1,1,1,1,1,1,1
CHEMBL5288188,1,1,1,1,1,1,1,1,1
CHEMBL5288289,1,1,1,1,1,1,1,1,1
CHEMBL5288360,1,1,1,1,1,1,1,1,1
CHEMBL5288418,1,1,1,1,1,1,1,1,1
CHEMBL5288430,1,1,1,1,1,1,1,1,1
CHEMBL5288485,1,1,1,1,1,1,1,1,1
CHEMBL5288513,1,1,1,1,1,1,1,1,1
CHEMBL5288515,1,1,1,1,1,1,1,1,1
CHEMBL5288626,1,1,1,1,1,1,1,1,1
CHEMBL5288646,1,1,1,1,1,1,1,1,1
CHEMBL5288725,1,1,1,1,1,1,1,1,1
CHEMBL5288828,1,1,1,1,1,1,1,1,1
CHEMBL5288833,1,1,1,1,1,1,1,1,1
CHEMBL5288881,1,1,1,1,1,1,1,1,1
CHEMBL5289056,1,1,1,1,1,1,1,1,1
CHEMBL5289192,1,1,1,1,1,1,1,1,1
CHEMBL5289206,1,1,1,1,1,1,1,1,1
CHEMBL5289229,1,1,1,1,1,1,1,1,1
CHEMBL5289279,1,1,1,1,1,1,1,1,1
CHEMBL5289394,1,1,1,1,1,1,1,1,1
CHEMBL5289535,1,1,1,1,1,1,1,1,1
CHEMBL5289592,1,1,1,1,1,1,1,1,1
CHEMBL5289628,1,1,1,1,1,1,1,1,1
CHEMBL5289646,1,1,1,1,1,1,1,1,1
CHEMBL5289821,1,1,1,1,1,1,1,1,1
CHEMBL5289932,1,1,1,1,1,1,1,1,1
CHEMBL5290103,1,1,1,1,1,1,1,1,1
CHEMBL5290133,1,1,1,1,1,1,1,1,1
CHEMBL5290211,1,1,1,1,1,1,1,1,1
CHEMBL5290320,1,1,1,1,1,1,1,1,1
CHEMBL5290344,1,1,1,1,1,1,1,1,1
CHEMBL5290446,1,1,1,1,1,1,1,1,1
CHEMBL5290511,1,1,1,1,1,1,1,1,1
CHEMBL5290564,1,1,1,1,1,1,1,1,1
CHEMBL5290646,1,1,1,1,1,1,1,1,1
CHEMBL5290731,1,1,1,1,1,1,1,1,1
CHEMBL5290751,1,1,1,1,1,1,1,1,1
CHEMBL5290784,1,1,1,1,1,1,1,1,1
CHEMBL5290788,1,1,1,1,1,1,1,1,1
CHEMBL5290853,1,1,1,1,1,1,1,1,1
CHEMBL5290876,1,1,1,1,1,1,1,1,1
CHEMBL5290922,1,1,1,1,1,1,1,1,1
CHEMBL5290960,1,1,1,1,1,1,1,1,1
CHEMBL5291085,1,1,1,1,1,1,1,1,1
CHEMBL5291132,1,1,1,1,1,1,1,1,1
CHEMBL5291168,1,1,1,1,1,1,1,1,1
CHEMBL5291192,1,1,1,1,1,1,1,1,1
CHEMBL5291212,1,1,1,1,1,1,1,1,1
CHEMBL5291258,1,1,1,1,1,1,1,1,1
CHEMBL5291270,1,1,1,1,1,1,1,1,1
CHEMBL5291323,1,1,1,1,1,1,1,1,1
CHEMBL5291406,1,1,1,1,1,1,1,1,1
CHEMBL5291408,1,1,1,1,1,1,1,1,1
CHEMBL5291483,1,1,1,1,1,1,1,1,1
CHEMBL5291490,1,1,1,1,1,1,1,1,1
CHEMBL53068,0,0,0,1,1,0,0,0,0
CHEMBL53290,0,0,0,1,1,0,0,0,0
CHEMBL53343,0,0,0,1,0,0,0,0,0
CHEMBL53644,0,0,0,1,1,0,0,0,0
CHEMBL5393912,0,0,0,1,1,1,1,0,0
CHEMBL5393946,0,0,0,1,1,1,1,0,0
CHEMBL5394007,0,1,0,1,1,1,1,1,1
CHEMBL5394067,0,0,0,1,1,1,1,0,0
CHEMBL5394126,0,0,0,0,1,0,0,0,0
CHEMBL5394223,1,1,1,1,1,1,1,1,1
CHEMBL5394232,0,0,0,1,1,0,0,0,0
CHEMBL5394424,0,0,0,1,1,1,1,0,0
CHEMBL5394486,0,0,0,1,1,0,0,0,0
CHEMBL5394546,0,1,0,1,1,1,1,1,1
CHEMBL5394566,0,0,0,0,1,0,0,0,0
CHEMBL5394706,0,0,0,1,1,1,1,0,0
CHEMBL5394720,0,0,0,1,1,1,0,0,0
CHEMBL5394799,0,1,0,1,1,0,0,1,1
CHEMBL5394879,0,1,0,1,1,1,1,1,1
CHEMBL5395012,0,0,0,1,1,0,0,0,0
CHEMBL5395040,0,0,0,1,1,0,0,0,0
CHEMBL5395094,0,0,0,1,1,1,1,0,0
CHEMBL5395326,0,1,0,1,1,0,0,1,0
CHEMBL5395333,0,0,0,0,1,1,1,0,0
CHEMBL5395351,0,0,0,1,1,1,1,0,0
CHEMBL5395602,0,0,0,1,1,1,1,0,0
CHEMBL5395683,0,0,0,1,1,0,0,0,0
CHEMBL5395694,0,1,0,1,1,0,0,1,0
CHEMBL5395753,0,1,0,1,1,0,0,1,0
CHEMBL5396048,0,0,0,1,1,0,0,0,0
CHEMBL5396276,0,0,0,1,1,0,0,0,0
CHEMBL5396371,0,0,0,1,1,1,1,0,0
CHEMBL5396408,0,0,0,1,1,0,0,0,0
CHEMBL5396464,0,0,0,1,1,0,0,0,0
CHEMBL5396706,1,0,1,1,1,1,0,1,1
CHEMBL5396802,0,1,0,1,1,1,1,1,1
CHEMBL5397043,1,1,1,1,1,1,1,1,1
CHEMBL5397197,0,1,0,1,1,0,0,1,0
CHEMBL5397228,1,1,1,1,1,1,1,1,1
CHEMBL5397257,0,0,0,1,1,1,1,0,0
CHEMBL5397541,0,0,0,1,1,0,0,0,0
CHEMBL5397559,0,0,0,1,1,0,0,0,0
CHEMBL5397563,0,0,0,1,1,0,0,0,0
CHEMBL5397670,0,1,0,1,1,0,0,1,0
CHEMBL5397796,0,0,0,1,1,0,0,0,0
CHEMBL5398069,0,0,0,1,1,0,0,0,0
CHEMBL5398138,0,1,0,1,1,0,0,1,0
CHEMBL5398185,0,0,0,1,0,0,0,0,0
CHEMBL5398199,0,0,0,1,1,0,0,0,0
CHEMBL5398403,0,0,0,1,1,0,0,0,0
CHEMBL5398511,0,0,0,1,0,0,0,0,0
CHEMBL5398724,0,1,0,1,1,1,1,1,1
CHEMBL5398810,0,0,0,1,1,0,0,0,0
CHEMBL5398859,0,0,1,1,1,0,0,1,1
CHEMBL5398866,0,1,0,1,1,1,1,1,1
CHEMBL5398997,0,0,0,1,1,0,0,0,0
CHEMBL5399056,0,1,0,1,1,1,1,1,1
CHEMBL5399449,0,0,0,1,1,0,0,0,0
CHEMBL5399600,0,0,0,0,1,0,0,0,0
CHEMBL5400021,0,0,0,1,1,1,1,0,0
CHEMBL5400203,0,1,0,1,1,1,1,1,1
CHEMBL5400347,0,0,0,1,0,0,0,0,0
CHEMBL5400406,0,0,0,1,1,1,0,0,0
CHEMBL5400488,0,0,0,1,1,0,0,0,0
CHEMBL5400511,0,0,0,1,1,1,1,0,0
CHEMBL5400514,0,0,0,1,1,1,1,0,0
CHEMBL5400554,0,1,0,1,1,0,0,1,0
CHEMBL5400682,0,1,0,1,1,0,0,1,0
CHEMBL5400803,0,1,0,1,1,1,1,1,1
CHEMBL5400890,0,0,0,1,1,1,1,0,0
CHEMBL5401017,0,0,0,1,1,1,1,0,0
CHEMBL5401146,0,1,0,1,1,1,1,1,1
CHEMBL5401315,0,0,0,1,1,0,0,0,0
CHEMBL5401445,0,0,0,1,1,0,0,0,0
CHEMBL5401526,1,1,1,1,1,1,1,1,1
CHEMBL5401549,0,1,0,1,0,1,0,1,1
CHEMBL5401648,0,0,0,1,1,0,0,0,0
CHEMBL5401807,0,0,0,1,1,0,0,0,0
CHEMBL5401856,0,0,0,1,1,0,0,0,0
CHEMBL5401946,0,0,0,1,1,0,0,0,0
CHEMBL5401971,0,0,0,1,1,0,0,1,1
CHEMBL5402030,0,0,0,1,1,1,1,0,0
CHEMBL5402090,0,0,0,1,1,0,0,0,0
CHEMBL5402193,0,1,0,1,1,0,0,1,0
CHEMBL5402384,0,0,0,1,1,0,0,0,0
CHEMBL5402392,0,1,0,1,1,1,1,1,1
CHEMBL5402413,0,1,0,1,1,0,0,1,0
CHEMBL5402457,0,0,0,1,1,0,0,0,0
CHEMBL5402619,0,0,0,1,1,0,0,0,0
CHEMBL5402637,0,0,0,1,1,0,0,0,0
CHEMBL5402711,0,0,0,1,1,1,1,0,0
CHEMBL5403080,0,1,0,1,1,1,1,1,1
CHEMBL5403263,0,0,0,1,1,0,0,0,0
CHEMBL5403643,0,0,0,1,1,1,1,0,0
CHEMBL5403749,0,0,0,0,1,0,0,0,0
CHEMBL5403786,0,1,0,1,1,1,1,1,1
CHEMBL5403912,0,0,0,1,1,1,0,0,0
CHEMBL5404029,0,1,1,1,0,1,0,1,1
CHEMBL5404063,0,1,0,1,1,1,1,1,1
CHEMBL5404073,0,0,0,1,1,0,0,0,0
CHEMBL5404343,0,0,0,1,1,0,0,0,0
CHEMBL5404404,0,0,0,1,1,0,0,0,0
CHEMBL5404624,0,1,0,1,1,0,0,1,0
CHEMBL5404699,0,1,0,1,1,1,1,1,1
CHEMBL5404820,0,0,0,1,1,0,0,0,0
CHEMBL5405156,0,0,0,1,1,0,0,0,0
CHEMBL5405284,0,0,0,1,0,0,0,0,0
CHEMBL5405593,0,0,0,1,0,0,0,0,0
CHEMBL5405854,0,0,0,0,1,0,0,0,0
CHEMBL5405944,0,1,0,1,1,1,1,1,1
CHEMBL5406056,0,0,1,1,1,1,1,1,1
CHEMBL5406205,0,0,0,1,0,0,0,0,0
CHEMBL5406393,0,1,0,1,1,0,0,1,0
CHEMBL5406470,0,0,0,0,1,0,0,0,0
CHEMBL5406734,0,0,0,1,1,0,0,0,0
CHEMBL5406968,0,1,0,1,0,1,0,1,1
CHEMBL5407335,0,1,0,1,1,1,1,1,1
CHEMBL5407480,0,0,0,1,1,1,1,0,0
CHEMBL5407494,0,1,0,1,0,1,0,1,1
CHEMBL5407526,0,0,0,1,1,0,0,0,0
CHEMBL5407805,0,0,0,1,1,1,1,0,0
CHEMBL5408038,0,1,0,1,1,1,1,1,1
CHEMBL5408436,0,0,0,1,1,0,0,0,0
CHEMBL5408745,0,0,0,1,1,1,1,0,0
CHEMBL5408823,0,0,0,1,1,1,0,0,0
CHEMBL5408838,0,0,0,0,1,0,0,0,0
CHEMBL5408847,0,1,0,1,1,1,1,1,0
CHEMBL5409215,0,0,0,1,1,1,1,0,0
CHEMBL5409338,0,1,0,1,1,0,0,1,0
CHEMBL5409533,0,0,0,1,1,1,1,0,0
CHEMBL540958,0,0,1,1,0,0,0,1,1
CHEMBL5409753,0,1,0,1,0,0,0,1,1
CHEMBL5409914,0,0,0,1,1,1,1,0,0
CHEMBL5410004,0,1,0,1,1,1,1,1,1
CHEMBL5410011,0,0,0,1,1,0,0,0,0
CHEMBL5410174,0,0,0,1,1,1,1,0,0
CHEMBL5410534,0,0,0,1,1,1,1,0,0
CHEMBL5410574,0,0,1,1,1,0,0,1,1
CHEMBL5410623,0,0,1,1,1,0,0,1,1
CHEMBL5410657,0,0,0,1,1,0,0,0,0
CHEMBL5410695,0,0,0,1,1,1,0,0,0
CHEMBL5411125,0,0,0,1,1,0,0,0,0
CHEMBL5411393,0,0,1,1,1,1,1,1,1
CHEMBL5411472,0,0,0,1,1,0,0,0,0
CHEMBL5411570,0,0,0,1,1,1,0,0,0
CHEMBL5411799,0,1,0,1,1,1,1,1,1
CHEMBL5411834,0,1,0,1,1,0,0,1,0
CHEMBL5411950,0,0,0,1,1,0,0,0,0
CHEMBL5411965,0,0,0,1,1,1,1,0,0
CHEMBL5412224,0,0,0,1,1,0,0,0,0
CHEMBL5412353,0,0,0,1,1,0,0,0,0
CHEMBL5412410,0,0,0,1,1,1,1,0,0
CHEMBL5412416,0,0,0,1,1,0,0,0,0
CHEMBL5412425,0,0,0,1,1,1,1,0,0
CHEMBL5412669,0,0,0,1,1,0,0,0,0
CHEMBL5412704,0,1,0,1,0,1,0,1,1
CHEMBL5412790,0,1,0,1,1,1,1,1,1
CHEMBL5413133,0,0,0,1,1,0,0,0,0
CHEMBL5413153,0,1,0,1,1,0,0,1,0
CHEMBL5413340,0,1,0,1,1,1,1,1,1
CHEMBL5413419,0,0,0,0,1,0,0,0,0
CHEMBL5413431,0,1,0,1,1,0,0,1,0
CHEMBL5413472,0,0,0,1,1,0,0,0,0
CHEMBL5413476,0,0,0,1,1,1,1,0,0
CHEMBL5413770,0,0,0,1,1,0,0,0,0
CHEMBL5413848,0,0,0,1,1,0,0,0,0
CHEMBL5413902,0,0,0,1,1,1,1,0,0
CHEMBL5413924,0,0,0,1,0,0,0,0,0
CHEMBL5414100,0,0,0,1,1,0,0,0,0
CHEMBL5414163,0,0,0,1,1,0,0,0,0
CHEMBL5414198,0,0,0,1,1,1,1,0,0
CHEMBL5414261,0,1,0,1,1,1,1,1,1
CHEMBL5414372,0,0,0,1,1,0,0,0,0
CHEMBL5414572,0,1,0,1,1,1,1,1,1
CHEMBL5414659,0,1,0,1,1,1,1,1,1
CHEMBL5415771,0,1,0,1,1,0,0,1,0
CHEMBL5415900,0,1,0,1,0,1,0,1,1
CHEMBL5416003,0,0,0,1,1,1,1,0,0
CHEMBL5416025,0,0,0,1,1,1,1,0,0
CHEMBL5416052,0,0,0,0,0,0,0,1,1
CHEMBL5416291,0,0,0,1,1,1,1,0,0
CHEMBL5416513,0,1,0,1,1,0,0,1,0
CHEMBL5416993,0,0,0,1,1,1,1,0,0
CHEMBL5417020,0,1,1,1,0,1,0,1,1
CHEMBL5417041,0,0,0,1,1,0,0,0,0
CHEMBL5417163,0,0,0,1,1,0,0,1,1
CHEMBL5417335,0,0,0,1,1,0,0,0,0
CHEMBL5417396,0,0,0,1,0,0,0,0,0
CHEMBL5417452,0,1,0,1,1,1,1,1,1
CHEMBL5417558,0,0,0,0,0,0,0,0,0
CHEMBL5417624,0,0,0,1,1,1,1,0,0
CHEMBL5417761,0,0,0,1,1,0,0,0,0
CHEMBL5417830,0,0,0,0,0,0,0,0,0
CHEMBL5417855,0,0,0,1,1,0,0,0,0
CHEMBL5418345,0,1,0,1,1,0,0,1,0
CHEMBL5418690,0,1,0,1,1,1,1,1,1
CHEMBL5418765,0,0,0,1,1,0,0,0,0
CHEMBL5418780,0,1,0,1,0,0,0,1,1
CHEMBL5418934,0,0,0,1,0,0,0,0,0
CHEMBL5419123,0,0,0,1,1,0,0,0,0
CHEMBL5419141,0,0,0,0,1,0,0,0,0
CHEMBL5419258,0,0,0,1,1,1,1,0,0
CHEMBL5419649,0,1,0,1,1,1,1,1,1
CHEMBL5419730,0,0,0,1,1,1,1,0,0
CHEMBL5419796,0,0,0,1,1,1,1,1,1
CHEMBL5419940,0,0,0,1,1,0,0,0,0
CHEMBL5419948,0,0,0,1,1,0,0,0,0
CHEMBL5420394,0,1,0,1,1,1,1,1,1
CHEMBL5420745,0,0,0,1,0,0,0,0,0
CHEMBL5421164,0,0,0,1,1,0,0,0,0
CHEMBL5421179,0,0,0,1,1,1,1,0,0
CHEMBL5421275,1,1,1,1,1,1,1,1,1
CHEMBL5421289,0,1,1,1,0,1,0,1,1
CHEMBL5421409,0,1,0,1,1,1,1,1,1
CHEMBL5421435,0,1,0,1,1,0,0,1,0
CHEMBL5421450,0,0,0,1,1,1,1,0,0
CHEMBL5421565,0,0,0,1,1,0,0,0,0
CHEMBL5421595,0,0,0,1,1,0,0,0,0
CHEMBL5421626,0,0,0,1,1,0,0,0,0
CHEMBL5421772,0,0,0,1,1,1,1,0,0
CHEMBL5421908,0,1,0,1,1,0,0,1,1
CHEMBL5421931,0,0,0,0,1,0,0,0,0
CHEMBL5422087,0,0,0,1,1,1,1,0,0
CHEMBL5422315,0,1,0,1,1,1,1,1,1
CHEMBL5422332,0,1,0,1,1,0,0,1,0
CHEMBL5422369,0,0,0,1,1,1,1,0,0
CHEMBL5423113,0,0,0,1,1,0,0,0,0
CHEMBL5423258,0,1,0,1,1,1,1,1,1
CHEMBL5423274,0,0,1,1,1,1,1,1,1
CHEMBL5423378,0,0,0,1,1,0,0,0,0
CHEMBL5423400,0,1,0,1,1,0,0,1,0
CHEMBL5423408,0,1,0,1,1,1,1,1,1
CHEMBL5423512,0,0,0,1,1,0,0,0,0
CHEMBL5423518,0,0,0,0,1,0,0,0,0
CHEMBL5423575,0,0,0,0,1,0,0,0,0
CHEMBL5423576,0,0,0,0,0,0,0,0,0
CHEMBL5423781,0,1,0,1,1,1,1,1,1
CHEMBL5423824,0,1,0,1,1,0,0,1,0
CHEMBL5423840,0,0,0,1,1,0,0,0,0
CHEMBL5424049,0,1,0,1,1,0,0,1,0
CHEMBL5424130,0,0,0,1,1,0,0,0,0
CHEMBL5424344,0,0,0,1,1,1,1,0,0
CHEMBL5424630,0,0,0,1,1,1,1,0,0
CHEMBL5424929,0,1,0,1,1,1,1,1,1
CHEMBL5425028,0,0,0,1,1,0,0,0,0
CHEMBL5425135,0,1,0,1,0,1,0,1,1
CHEMBL5425142,0,1,0,1,1,0,0,1,0
CHEMBL5425230,0,1,0,1,1,0,0,1,0
CHEMBL5425388,0,0,0,1,1,1,1,0,0
CHEMBL5425433,0,0,0,1,1,1,1,0,0
CHEMBL5425445,0,0,0,1,1,0,0,0,0
CHEMBL5425529,1,1,0,1,1,1,1,1,1
CHEMBL5425567,0,0,0,1,1,1,1,0,0
CHEMBL5425656,0,0,0,1,1,0,0,0,0
CHEMBL5425696,0,0,0,1,1,1,1,0,0
CHEMBL5425854,0,0,0,1,1,0,0,0,0
CHEMBL5425929,0,0,0,1,1,1,0,0,0
CHEMBL5425965,0,0,0,1,0,0,0,0,0
CHEMBL5426057,0,1,1,1,0,0,0,1,1
CHEMBL5426175,0,1,0,1,1,1,1,1,1
CHEMBL5426214,0,0,0,1,0,0,0,0,0
CHEMBL5426228,0,0,0,0,1,0,0,0,0
CHEMBL5426251,0,1,0,1,1,1,1,1,1
CHEMBL5426314,0,0,0,1,1,0,0,0,0
CHEMBL5426628,0,1,1,1,0,1,0,1,1
CHEMBL5426878,0,0,0,1,1,1,1,0,0
CHEMBL5426889,0,0,0,0,1,0,1,0,0
CHEMBL5426947,0,1,0,1,1,1,1,1,1
CHEMBL5427189,0,0,0,1,1,1,1,0,0
CHEMBL5427371,0,0,0,0,1,0,0,0,0
CHEMBL5427411,0,0,1,1,1,0,0,1,1
CHEMBL5427513,0,1,0,1,1,1,1,1,1
CHEMBL5427725,0,0,0,0,1,0,0,0,0
CHEMBL5427782,0,0,0,1,1,1,1,1,1
CHEMBL5427905,0,0,0,1,1,0,0,1,1
CHEMBL5427944,0,0,0,1,1,0,0,0,0
CHEMBL5428001,0,0,0,1,1,1,1,0,0
CHEMBL5428080,0,1,0,1,1,0,0,1,0
CHEMBL5428148,0,0,0,1,1,1,1,0,0
CHEMBL5428361,0,0,0,1,0,0,0,0,0
CHEMBL5428681,0,1,0,1,1,1,1,1,1
CHEMBL5428947,0,0,0,0,1,1,1,0,0
CHEMBL5429338,0,1,0,1,1,0,0,1,0
CHEMBL5429699,0,0,0,1,0,0,0,0,0
CHEMBL5429779,0,0,0,1,1,0,0,0,0
CHEMBL5429844,0,0,0,1,1,0,0,0,0
CHEMBL5429907,0,0,0,1,1,1,1,1,1
CHEMBL5430016,0,1,0,1,1,1,1,1,1
CHEMBL5430284,0,1,1,1,0,0,0,1,1
CHEMBL5430301,0,0,0,1,0,0,0,0,0
CHEMBL5430347,0,1,0,1,1,0,0,1,1
CHEMBL5430600,0,0,0,1,0,0,0,0,0
CHEMBL5430729,1,1,1,1,1,1,1,1,1
CHEMBL5430737,0,0,0,1,1,0,0,0,0
CHEMBL5430760,0,0,0,1,0,0,0,0,0
CHEMBL5430986,0,0,0,0,0,0,0,0,0
CHEMBL5431500,0,0,0,0,1,0,0,0,0
CHEMBL5431722,1,1,1,1,1,1,1,1,1
CHEMBL5431734,0,0,0,1,1,0,0,0,0
CHEMBL5431758,0,0,0,1,1,0,0,0,0
CHEMBL5431850,0,1,0,1,1,0,0,1,0
CHEMBL5431946,0,0,0,1,1,1,1,0,0
CHEMBL5432102,0,1,0,1,1,1,1,1,1
CHEMBL5432233,0,1,0,1,1,0,0,1,0
CHEMBL5432257,0,0,0,1,1,1,1,0,0
CHEMBL5432300,0,0,0,1,0,0,0,0,0
CHEMBL5432856,0,0,0,1,1,1,1,0,0
CHEMBL5432857,0,0,0,1,1,0,0,0,0
CHEMBL5432961,0,0,0,1,1,1,1,0,0
CHEMBL5432971,0,0,0,1,1,1,1,0,0
CHEMBL5432975,0,0,0,1,1,0,0,0,0
CHEMBL5432998,0,0,0,1,1,1,1,0,0
CHEMBL5433174,0,0,0,1,1,0,0,0,0
CHEMBL5433442,0,1,0,1,1,1,1,1,1
CHEMBL5433532,0,1,0,1,1,1,1,1,1
CHEMBL5433553,0,0,0,1,1,0,0,0,0
CHEMBL5433734,0,1,0,1,0,1,0,1,1
CHEMBL5433928,0,0,0,1,1,0,0,0,0
CHEMBL5434047,0,0,0,1,1,1,1,0,0
CHEMBL5434222,0,0,0,1,1,1,1,0,0
CHEMBL5434606,0,0,0,1,1,1,1,0,0
CHEMBL5434685,0,0,0,1,1,0,0,0,0
CHEMBL5434747,0,0,0,0,1,1,1,0,0
CHEMBL5434794,1,1,0,1,1,1,1,1,1
CHEMBL5434818,0,0,0,1,1,0,0,0,0
CHEMBL5434837,0,0,0,1,0,0,0,0,0
CHEMBL5435238,0,1,0,1,1,0,0,1,0
CHEMBL5435398,0,1,0,1,1,0,0,1,1
CHEMBL5435609,0,0,0,1,0,0,0,0,0
CHEMBL5435743,0,1,0,1,1,1,1,1,1
CHEMBL5436006,0,0,0,1,1,0,0,0,0
CHEMBL5436084,0,0,0,1,1,1,1,0,0
CHEMBL5436290,0,0,0,1,1,1,1,0,0
CHEMBL5436300,0,0,0,0,1,0,0,0,0
CHEMBL5436713,0,1,0,1,1,1,1,1,1
CHEMBL5436915,0,0,0,1,1,0,0,1,1
CHEMBL5436925,0,1,0,1,1,1,1,1,1
CHEMBL5436996,0,0,0,1,1,0,0,0,0
CHEMBL5437007,0,1,0,1,1,1,1,1,1
CHEMBL5437093,0,0,0,1,1,1,1,0,0
CHEMBL5437662,0,0,0,1,1,1,1,0,0
CHEMBL5437945,0,0,0,1,1,0,0,0,0
CHEMBL5438005,0,0,0,0,0,0,0,0,0
CHEMBL5438093,0,0,0,1,1,0,0,0,0
CHEMBL5438581,0,0,0,1,1,0,0,0,0
CHEMBL5438618,0,0,0,0,1,0,0,0,0
CHEMBL5438740,0,0,0,1,1,1,1,0,0
CHEMBL5438840,0,0,0,1,1,1,1,0,0
CHEMBL5438879,0,0,0,1,1,0,0,0,0
CHEMBL5439256,0,0,0,1,1,1,1,0,0
CHEMBL5439274,0,0,0,1,1,0,0,0,0
CHEMBL5439659,0,0,0,1,1,1,1,0,0
CHEMBL5439806,0,0,0,1,1,0,0,0,0
CHEMBL5439843,0,0,0,1,1,0,0,0,0
CHEMBL5439970,0,0,0,1,1,0,0,0,0
CHEMBL5439983,0,0,0,1,1,0,0,0,0
CHEMBL5440090,1,1,1,1,1,1,1,1,1
CHEMBL5440356,0,0,0,1,1,0,0,0,0
CHEMBL5440376,0,0,0,1,1,0,0,0,0
CHEMBL5440379,0,0,0,1,1,0,0,0,0
CHEMBL5440424,0,0,0,1,1,0,0,0,0
CHEMBL5440707,0,0,0,1,1,0,0,1,1
CHEMBL5440818,0,0,0,1,1,0,0,0,0
CHEMBL5440983,0,0,0,1,1,1,0,0,0
CHEMBL54803,0,0,0,1,1,0,0,0,0
CHEMBL55083,0,0,0,1,1,1,0,0,0
CHEMBL55144,0,0,0,1,1,1,0,0,0
CHEMBL5542291,0,1,0,1,1,1,1,1,1
CHEMBL5549760,0,1,0,1,1,1,1,1,1
CHEMBL5555317,0,1,0,1,1,1,1,1,1
CHEMBL55558,0,0,0,1,1,1,0,0,0
CHEMBL5555812,0,0,0,1,1,1,1,0,0
CHEMBL5555812,0,0,0,1,1,1,1,0,0
CHEMBL5555946,0,0,0,1,1,1,1,0,0
CHEMBL5556708,0,1,0,1,1,1,1,1,1
CHEMBL5557518,0,0,0,1,1,1,1,0,0
CHEMBL5557715,0,0,0,1,0,0,0,0,0
CHEMBL5557971,0,0,0,1,1,1,1,0,0
CHEMBL5558656,0,1,0,1,1,1,1,1,1
CHEMBL5558884,0,0,0,1,0,0,0,0,0
CHEMBL5559176,0,0,0,1,0,0,0,0,0
CHEMBL5559396,0,0,0,1,0,0,0,0,0
CHEMBL5559605,0,1,0,1,1,1,1,1,1
CHEMBL5559711,0,0,0,1,1,1,1,0,0
CHEMBL5559750,0,0,0,1,1,1,1,0,0
CHEMBL5559841,0,0,0,1,1,1,1,1,1
CHEMBL5559883,0,0,0,1,1,1,1,0,0
CHEMBL5559919,0,0,0,1,1,1,1,0,0
CHEMBL5560380,0,0,0,1,1,1,1,0,0
CHEMBL5560527,0,0,0,1,0,0,0,0,0
CHEMBL5560949,0,0,0,1,0,0,0,0,0
CHEMBL5560949,0,0,0,1,0,0,0,0,0
CHEMBL5561070,0,0,0,1,1,1,1,1,1
CHEMBL5561121,0,0,0,1,0,0,0,0,0
CHEMBL5561217,0,0,0,1,1,1,1,0,0
CHEMBL5561326,0,0,0,1,0,0,0,0,0
CHEMBL5561336,0,1,0,1,1,1,1,1,1
CHEMBL5561738,0,1,0,1,1,1,1,1,1
CHEMBL5561803,0,1,0,1,1,1,1,1,1
CHEMBL5561832,0,0,0,1,1,1,1,0,0
CHEMBL5562392,0,0,0,1,1,1,1,0,0
CHEMBL5562416,0,0,0,1,1,1,1,0,0
CHEMBL5562423,0,0,0,1,1,1,1,0,0
CHEMBL5562607,0,1,0,1,1,1,1,1,1
CHEMBL5563219,0,1,0,1,1,1,1,1,1
CHEMBL556429,0,0,0,1,0,0,0,0,0
CHEMBL5564308,0,1,0,1,1,1,1,1,1
CHEMBL5564449,0,0,0,1,0,0,0,0,0
CHEMBL5564454,0,0,0,1,0,0,0,0,0
CHEMBL5564606,0,0,0,1,1,1,1,0,0
CHEMBL5564688,0,0,0,1,1,1,1,0,0
CHEMBL5564713,0,0,0,1,1,1,1,1,1
CHEMBL5565514,0,1,0,1,1,1,1,1,1
CHEMBL5566581,0,0,0,1,1,1,1,0,0
CHEMBL5567374,0,1,0,1,1,1,1,1,1
CHEMBL5567762,0,0,0,1,1,1,1,1,1
CHEMBL5567780,0,0,0,1,0,0,0,0,0
CHEMBL5567780,0,0,0,1,0,0,0,0,0
CHEMBL5568037,0,0,0,1,0,0,0,0,0
CHEMBL5568308,0,0,0,1,1,1,1,1,1
CHEMBL5568351,0,0,0,1,1,1,1,1,1
CHEMBL5568367,0,1,0,1,1,1,1,1,1
CHEMBL5568432,0,1,0,1,1,1,1,1,1
CHEMBL558103,0,0,0,1,0,0,0,0,0
CHEMBL56059,0,0,0,1,1,1,0,0,0
CHEMBL56367,0,1,0,0,0,0,0,1,0
CHEMBL572637,0,0,0,1,0,0,0,0,0
CHEMBL572637,0,0,0,1,0,0,0,0,0
CHEMBL574960,1,1,1,1,1,1,1,1,1
CHEMBL57513,0,0,0,1,1,1,0,0,0
CHEMBL576579,0,1,1,1,1,1,1,1,1
CHEMBL5770399,0,0,0,0,0,0,0,0,0
CHEMBL5808901,0,0,0,0,0,0,0,0,0
CHEMBL582837,1,1,1,1,1,1,1,1,1
CHEMBL583076,1,1,1,1,1,1,1,1,1
CHEMBL583076,1,1,1,1,1,1,1,1,1
CHEMBL583310,0,0,0,1,0,0,0,0,0
CHEMBL583989,0,0,0,1,1,0,1,0,0
CHEMBL586557,0,1,1,1,1,1,1,1,1
CHEMBL5873947,0,0,0,1,0,0,0,0,0
CHEMBL5875159,0,0,0,1,1,0,0,0,0
CHEMBL5887888,0,0,0,0,0,0,0,0,0
CHEMBL589247,0,0,0,0,1,0,0,0,0
CHEMBL589738,0,0,0,1,1,0,0,0,0
CHEMBL589974,0,0,0,1,1,0,0,0,0
CHEMBL5916153,0,0,0,0,0,0,0,0,0
CHEMBL592131,0,1,0,1,1,0,0,1,0
CHEMBL592376,0,1,0,0,1,0,0,1,0
CHEMBL592852,0,0,0,1,1,0,0,0,0
CHEMBL5946526,0,0,0,1,0,0,0,1,1
CHEMBL596779,0,1,0,1,1,0,0,1,1
CHEMBL597403,0,1,0,0,1,0,0,1,1
CHEMBL597416,0,0,0,0,1,0,0,1,1
CHEMBL597606,0,0,0,1,1,0,0,0,0
CHEMBL597808,0,0,0,1,1,0,0,0,0
CHEMBL598009,0,1,0,0,1,0,0,1,0
CHEMBL598020,0,0,0,1,1,0,0,0,0
CHEMBL598199,0,1,0,1,1,0,0,1,0
CHEMBL598211,0,1,0,1,1,0,0,1,0
CHEMBL598212,0,1,0,1,1,0,0,1,0
CHEMBL598223,0,0,0,1,1,0,0,0,0
CHEMBL598224,0,0,0,0,1,0,0,1,1
CHEMBL598627,0,1,0,0,1,0,0,1,0
CHEMBL598628,0,1,0,0,1,0,0,1,0
CHEMBL598629,0,1,0,0,1,0,0,1,0
CHEMBL598846,0,0,0,0,1,0,0,0,0
CHEMBL598847,0,0,0,0,1,0,0,0,0
CHEMBL599238,0,1,0,1,1,0,0,1,1
CHEMBL599239,0,1,0,1,1,0,0,1,0
CHEMBL599442,0,1,0,0,1,0,0,1,0
CHEMBL599455,0,0,0,0,1,0,0,0,0
CHEMBL599456,0,0,0,0,1,0,0,0,0
CHEMBL599864,0,0,0,1,1,0,0,0,0
CHEMBL601840,0,0,0,0,1,0,0,0,0
CHEMBL6031073,0,0,0,1,0,0,0,0,0
CHEMBL60376,0,0,0,1,0,0,0,0,0
CHEMBL604716,0,1,0,0,1,0,0,1,1
CHEMBL605418,0,0,0,0,1,0,0,1,1
CHEMBL607855,0,0,0,1,1,0,0,0,0
CHEMBL608153,0,0,0,1,1,0,0,0,0
CHEMBL609332,0,0,0,0,1,0,0,0,0
CHEMBL609333,0,0,0,0,1,0,0,0,0
CHEMBL609618,0,1,0,1,1,0,0,1,0
CHEMBL62811,0,0,0,0,0,0,0,0,0
CHEMBL63297,0,0,0,1,1,1,1,0,0
CHEMBL63336,0,0,0,1,0,0,1,0,0
CHEMBL65328,0,0,0,1,1,1,1,0,0
CHEMBL65549,0,0,0,1,1,1,1,0,0
CHEMBL65590,0,0,0,1,0,0,1,0,0
CHEMBL66673,0,0,0,1,0,0,1,0,0
CHEMBL66775,1,1,1,1,1,1,1,1,1
CHEMBL66867,0,1,1,1,0,0,1,1,1
CHEMBL67441,1,1,1,1,1,1,1,1,1
CHEMBL67456,1,1,1,1,1,1,1,1,1
CHEMBL67842,0,0,0,1,0,0,1,0,0
CHEMBL68674,1,1,1,1,1,1,1,1,1
CHEMBL68674,1,1,1,1,1,1,1,1,1
CHEMBL69011,0,0,0,0,0,0,0,0,0
CHEMBL69891,1,1,1,1,1,1,1,1,1
CHEMBL69891,1,1,1,1,1,1,1,1,1
CHEMBL70317,1,1,1,1,1,1,1,1,1
CHEMBL70317,1,1,1,1,1,1,1,1,1
CHEMBL70367,1,1,1,1,1,1,1,1,1
CHEMBL70367,1,1,1,1,1,1,1,1,1
CHEMBL70436,1,1,1,1,1,1,1,1,1
CHEMBL70436,1,1,1,1,1,1,1,1,1
CHEMBL70611,1,1,1,0,1,0,1,1,1
CHEMBL70901,0,0,1,1,0,0,0,1,1
CHEMBL70959,1,1,1,1,1,1,1,1,1
CHEMBL70959,1,1,1,1,1,1,1,1,1
CHEMBL71082,1,1,1,1,1,1,1,1,1
CHEMBL71082,1,1,1,1,1,1,1,1,1
CHEMBL71117,1,1,1,1,1,1,1,1,1
CHEMBL71117,1,1,1,1,1,1,1,1,1
CHEMBL71152,1,1,1,1,1,1,1,1,1
CHEMBL71152,1,1,1,1,1,1,1,1,1
CHEMBL71169,1,1,1,1,1,1,1,1,1
CHEMBL71169,1,1,1,1,1,1,1,1,1
CHEMBL71363,1,1,1,1,1,1,1,1,1
CHEMBL71363,1,1,1,1,1,1,1,1,1
CHEMBL71612,1,1,1,1,1,1,1,1,1
CHEMBL71612,1,1,1,1,1,1,1,1,1
CHEMBL7162,0,1,0,0,0,0,0,1,0
CHEMBL71736,1,1,1,1,1,1,1,1,1
CHEMBL71736,1,1,1,1,1,1,1,1,1
CHEMBL72056,1,1,1,1,1,1,1,1,1
CHEMBL72228,1,1,1,1,1,1,1,1,1
CHEMBL72228,1,1,1,1,1,1,1,1,1
CHEMBL72415,1,1,1,1,1,1,1,1,1
CHEMBL72415,1,1,1,1,1,1,1,1,1
CHEMBL72538,1,1,1,1,1,1,1,1,1
CHEMBL72538,1,1,1,1,1,1,1,1,1
CHEMBL73071,1,1,1,1,1,1,1,1,1
CHEMBL73071,1,1,1,1,1,1,1,1,1
CHEMBL73219,1,1,1,1,1,1,1,1,1
CHEMBL73219,1,1,1,1,1,1,1,1,1
CHEMBL73279,1,1,1,1,1,1,1,1,1
CHEMBL73279,1,1,1,1,1,1,1,1,1
CHEMBL73367,1,1,1,1,1,1,1,1,1
CHEMBL73367,1,1,1,1,1,1,1,1,1
CHEMBL73368,1,1,1,1,1,1,1,1,1
CHEMBL73993,1,1,1,1,1,1,1,1,1
CHEMBL73993,1,1,1,1,1,1,1,1,1
CHEMBL74295,1,1,1,1,1,1,1,1,1
CHEMBL74295,1,1,1,1,1,1,1,1,1
CHEMBL74339,1,1,1,1,1,1,1,1,1
CHEMBL74339,1,1,1,1,1,1,1,1,1
CHEMBL75267,0,0,0,1,0,0,0,0,0
CHEMBL76904,0,0,0,0,0,0,0,0,0
CHEMBL78322,0,0,0,1,1,0,0,0,0
CHEMBL81134,1,1,1,1,1,1,1,1,1
CHEMBL81134,1,1,1,1,1,1,1,1,1
CHEMBL81255,1,1,1,1,1,1,1,1,1
CHEMBL8145,0,0,0,1,0,0,0,0,0
CHEMBL81948,0,0,0,0,1,0,0,0,0
CHEMBL8254,1,1,1,1,1,1,1,1,1
CHEMBL8254,1,1,1,1,1,1,1,1,1
CHEMBL82981,1,1,1,1,1,1,1,1,1
CHEMBL82981,1,1,1,1,1,1,1,1,1
CHEMBL83,0,0,0,1,0,0,0,0,0
CHEMBL8313,1,1,1,1,1,1,1,1,1
CHEMBL8313,1,1,1,1,1,1,1,1,1
CHEMBL8315,1,1,1,1,1,1,1,1,1
CHEMBL8315,1,1,1,1,1,1,1,1,1
CHEMBL8333,1,1,1,1,1,1,1,1,1
CHEMBL8333,1,1,1,1,1,1,1,1,1
CHEMBL83422,1,1,1,1,1,1,1,1,1
CHEMBL83422,1,1,1,1,1,1,1,1,1
CHEMBL83527,0,0,0,0,0,0,0,0,0
CHEMBL83835,1,1,1,1,1,1,1,1,1
CHEMBL83835,1,1,1,1,1,1,1,1,1
CHEMBL8417,1,1,1,1,1,1,1,1,1
CHEMBL8417,1,1,1,1,1,1,1,1,1
CHEMBL84230,1,1,1,1,1,1,1,1,1
CHEMBL8498,1,1,1,1,1,1,1,1,1
CHEMBL8498,1,1,1,1,1,1,1,1,1
CHEMBL8646,1,1,1,1,1,1,1,1,1
CHEMBL8646,1,1,1,1,1,1,1,1,1
CHEMBL8659,0,0,0,0,0,0,0,0,0
CHEMBL86928,0,0,0,1,0,0,0,0,0
CHEMBL87333,0,0,0,0,0,0,0,0,0
CHEMBL8739,0,0,0,0,0,0,0,0,0
CHEMBL87477,0,0,0,1,0,0,0,0,0
CHEMBL88169,0,0,0,1,0,0,0,0,0
CHEMBL88233,0,0,0,1,0,0,0,0,0
CHEMBL88412,0,0,1,1,0,0,0,1,1
CHEMBL88421,0,1,1,1,0,0,0,1,1
CHEMBL88842,0,0,1,1,0,0,0,1,1
CHEMBL88918,0,1,1,1,0,0,0,1,1
CHEMBL89046,0,0,1,1,0,0,0,1,1
CHEMBL89102,0,0,1,1,0,0,0,1,1
CHEMBL90077,0,0,0,1,0,0,0,0,0
CHEMBL90427,0,0,0,1,0,0,0,0,0
CHEMBL90585,0,0,0,1,0,0,0,0,0
CHEMBL90856,0,1,1,1,0,0,0,1,1
CHEMBL91,0,0,0,1,1,0,0,0,0
CHEMBL91101,0,0,0,1,0,0,0,0,0
CHEMBL91363,0,0,1,1,0,0,0,1,1
CHEMBL9165,0,0,0,1,1,1,0,0,0
CHEMBL9165,0,0,0,1,1,1,0,0,0
CHEMBL9179,0,0,0,1,1,1,1,0,0
CHEMBL9179,0,0,0,1,1,1,1,0,0
CHEMBL91818,0,0,0,1,0,0,0,0,0
CHEMBL91992,0,0,0,1,0,0,0,0,0
CHEMBL92065,0,0,0,1,0,0,0,0,0
CHEMBL92488,0,0,0,1,0,0,0,0,0
CHEMBL9298,0,0,0,1,1,1,0,0,0
CHEMBL9298,0,0,0,1,1,1,0,0,0
CHEMBL9323,0,0,0,1,0,0,0,0,0
CHEMBL934,0,1,0,1,0,0,0,1,1
CHEMBL9352,0,0,0,1,0,0,0,0,0
CHEMBL93666,0,0,0,1,0,0,0,0,0
CHEMBL93828,0,0,0,1,0,0,0,0,0
CHEMBL9400,1,1,1,1,1,1,1,1,1
CHEMBL9478,1,1,1,1,1,1,1,1,1
CHEMBL95109,0,0,0,1,1,0,0,0,0
CHEMBL95919,0,0,0,1,1,0,0,0,0
CHEMBL9687,0,0,0,1,0,0,0,0,0
CHEMBL97542,0,0,0,1,0,0,0,0,0
CHEMBL98105,1,1,1,1,1,1,1,1,1
CHEMBL98463,1,1,1,1,1,1,1,1,1
CHEMBL98537,1,1,1,1,1,1,1,1,1
CHEMBL98685,1,1,1,1,1,1,1,1,1
CHEMBL98998,1,1,1,1,1,1,1,1,1
CHEMBL99057,1,1,1,1,1,1,1,1,1
CHEMBL99204,1,1,1,1,1,1,1,1,1
CHEMBL99370,0,1,1,1,0,0,0,1,1
CHEMBL99706,1,1,1,1,1,1,1,1,1
