molecule_chembl_id,EStateC_6,EStateC_8,EStateC_10,EStateC_11,EStateC_12,EStateC_14,EStateC_15,EStateC_16,EStateC_17,EStateC_18,EStateC_20,EStateC_23,EStateC_24,EStateC_25,EStateC_28,EStateC_29,EStateC_31,EStateC_33,EStateC_34,EStateC_35,EStateC_36,EStateC_37,EStateC_52,EStateC_53,EStateC_69
CHEMBL10026,0.0,0.0,1.8865277777777776,24.37746672819725,-0.4150321239606953,0.0,0.6329771352985638,3.116796369782481,0.0,0.0,0.0,0.0,0.0,0.0,4.025198117061843,0.0,0.0,0.0,13.040917894935752,6.168481434240363,0.0,0.0,0.0,0.0,0.0
CHEMBL100615,4.620027589830045,6.62966006118593,1.9581237086937289,8.084033971613337,1.820713587508771,0.0,2.011934572973622,1.9755951301868069,0.0,-0.0850385195588081,0.0,2.875650481790002,0.0,0.0,0.0,0.0,0.0,0.0,36.9405215372155,0.0,0.0,0.0,0.0,0.0,3.1827310416164094
CHEMBL10072,0.0,0.0,1.8865277777777776,24.37746672819725,-0.4150321239606953,0.0,0.6329771352985638,3.116796369782481,0.0,0.0,0.0,0.0,0.0,0.0,4.025198117061843,0.0,0.0,0.0,13.040917894935752,6.168481434240363,0.0,0.0,0.0,0.0,0.0
CHEMBL100749,1.880829287255153,0.0,0.0,17.097719478737996,-0.0888271604938273,0.0,0.0,2.863404614932393,1.839143763472468,0.0,0.0,0.0,0.0,0.0,16.578071741892693,0.0,3.5905707252036616,0.0,0.0,0.0,0.0,0.0,0.0,6.016865326777243,0.0
CHEMBL101323,4.563055529310489,7.687675710716386,0.0,0.0,1.8359301776266053,0.0,2.47625455351894,0.0,0.0,0.0442983906525575,6.170747603825481,0.0,0.0,0.0,0.0,0.0,0.0,0.0,24.38870470101621,0.0,0.0,0.0,0.0,0.0,0.0
CHEMBL10137,1.5930789664649554,0.0,1.8698929988662127,22.16272225709996,-0.4754894179894182,0.0,0.555217781557068,3.56737268106406,0.0,0.0,0.0,0.0,0.0,0.0,4.030397875539574,0.0,0.0,0.0,13.19973072562358,11.497076131774003,0.0,0.0,0.0,0.0,0.0
CHEMBL101540,4.45700804936172,9.423599825732762,2.0035156053162004,0.0,2.010542800453514,0.0,2.323309279730412,0.0,0.0,0.2188779446963973,0.0,0.0,0.0,0.0,0.0,0.0,0.0,0.0,24.449107011631813,0.0,0.0,0.0,0.0,0.0,0.0
CHEMBL101595,4.545549716028386,10.802279751406736,2.016848938649534,0.0,2.0539687263794404,0.0,2.3586102056563374,0.0,0.0,0.2627177028218697,0.0,0.0,0.0,0.0,0.0,0.0,0.0,0.0,24.46002495905769,0.0,0.0,0.0,0.0,0.0,0.0
CHEMBL101743,2.236549299042431,6.058034956649224,0.0,7.119666159290978,0.974339819898982,0.0,-0.1100477135298561,0.9696705194423452,0.0,0.0,0.0,0.0,0.0,0.0,3.9339424927155946,0.0,0.0,0.0,11.78911147329302,5.528732993197279,0.0,0.0,0.0,0.0,0.0
CHEMBL101893,4.754666742755668,7.533497195026204,1.946595584399968,0.0,2.292014820588728,0.0,1.5060091137584837,0.0,0.0,0.2546881298815819,0.0,0.0,0.0,0.0,0.0,0.0,0.0,0.0,23.89693712426702,5.831810357426564,0.0,0.0,0.0,0.0,7.150447598562453
CHEMBL101947,4.949427962543042,9.600698958595784,6.01994708994709,0.0,2.6295649092970512,0.0,1.6298973686696905,0.0,0.0,0.8131859804106827,0.0,0.0,0.0,0.0,0.0,0.0,0.0,0.0,11.690611063869994,0.0,0.0,0.0,0.0,0.0,0.0
CHEMBL102409,0.0,6.071431489836522,0.0,7.09395313681028,0.1556363378684802,0.0,-0.1128703703703701,0.9683420729402872,0.0,0.0,0.0,0.0,0.0,0.0,3.916231255817295,0.0,0.0,0.0,11.638044217687074,5.435898526077098,0.0,0.0,0.0,0.0,0.0
CHEMBL102510,3.6754938271604938,0.3201388888888887,0.0,6.94359977324263,-0.0469099584278163,0.0,-0.1933333333333331,0.9311574074074076,0.0,0.0,0.0,0.0,0.0,0.0,3.861488882590073,0.0,0.0,0.0,11.180243764172335,4.9947874149659865,0.0,0.0,0.0,0.0,0.0
CHEMBL102536,6.965396622377142,3.838845196059752,0.0,7.163249296632233,0.788715304022843,0.0,-0.1057638888888885,0.9699718915343916,0.0,0.4307377488032249,0.0,0.0,0.0,0.0,3.9650132678568815,0.0,0.0,0.0,12.155366591080876,5.828467970521542,0.0,0.0,0.0,0.0,0.0
CHEMBL102884,6.897147897127293,4.683700908604182,0.0,7.128798390695938,0.8616546347137968,0.0,-0.1153623393801961,0.9660902725287648,0.0,0.3670808715027692,0.0,0.0,0.0,0.0,3.947512923353333,0.0,0.0,0.0,11.916474513416478,5.596901927437642,0.0,0.0,0.0,0.0,0.0
CHEMBL102981,1.8893780706727137,5.68128811304136,0.0,7.151823507180651,-0.0551261337868491,0.0,-0.1082407407407406,0.9729717025699172,0.0,0.0,0.0,0.0,0.0,0.0,3.950675700261739,0.0,0.0,0.0,11.969062736205592,5.548167044595616,0.0,0.0,0.0,0.0,0.0
CHEMBL103040,0.0,3.948636705256024,2.1375154320987653,7.07510130595448,1.1575141723356006,0.0,0.7595427059712777,0.95255220143613,0.0,0.0,0.0,0.0,0.0,0.0,3.92357436281318,0.0,0.0,0.0,11.761284958427815,5.450944822373394,0.0,0.0,0.0,0.0,0.0
CHEMBL103685,3.820422808012094,5.638286648566682,0.0,7.180758692365835,0.1179280045351465,0.0,-0.1244444444444443,0.9567679988662134,0.0,-0.5968381519274375,0.0,0.0,0.0,0.0,3.9817868113728494,0.0,0.0,0.0,12.290821995464851,5.651176303854875,0.0,0.0,0.0,0.0,0.0
CHEMBL104,0.0,0.0,0.0,34.47440980095742,0.0,0.0,0.0,4.009789619551526,0.0,-0.585949074074074,0.0,0.0,0.0,0.0,4.314171390778534,0.0,2.1238888888888887,0.0,0.0,0.0,0.0,0.0,0.0,6.691467151675484,0.0
CHEMBL104047,0.0,7.844237307755976,0.0,7.238650006298816,2.4443757873519774,0.0,-0.057268518518518,0.9951188114134544,0.0,-0.1122384023053666,0.0,0.0,0.0,0.0,3.9808452460988986,0.0,0.0,0.0,12.254409013605445,5.995204081632654,0.0,0.0,0.0,0.0,0.0
CHEMBL104126,6.171479703757843,1.2292068216175358,0.0,7.016927175191064,0.5398727114302503,0.0,-0.1672685185185181,0.9414323507180652,0.0,0.0,0.0,0.0,0.0,0.0,3.900857314382747,0.0,0.0,0.0,11.561732804232806,5.305759637188209,0.0,0.0,0.0,0.0,0.0
CHEMBL104566,2.205060839533242,3.561450144872764,0.0,7.080931017468716,0.8361690077265467,0.0,-0.1200925925925922,0.9639309334845052,0.0,0.0,0.0,0.0,0.0,0.0,3.913765691079002,0.0,0.0,0.0,11.632469765684052,5.426315192743765,0.0,0.0,0.0,0.0,0.0
CHEMBL105044,2.052191358024692,5.928422230577263,0.0,7.101984126984127,0.0,0.0,-0.1244444444444443,0.9624161470143616,0.0,-0.2337661800831441,0.0,0.0,0.0,0.0,3.929879018162974,0.0,0.0,0.0,11.84325255102041,5.623398526077098,0.0,0.0,0.0,0.0,0.0
CHEMBL105289,0.0,4.795235890652558,0.0,7.071607457797934,0.1660530045351469,0.0,-0.1174999999999997,0.9657379062736208,0.0,0.0,0.0,0.0,0.0,0.0,3.9038345616024186,0.0,0.0,0.0,11.525799319727891,5.355898526077098,0.0,0.0,0.0,0.0,0.0
CHEMBL105298,6.703330666747875,3.774242966278951,0.0,7.152581989585958,1.8246554022843693,0.0,-0.1102314814814811,0.9675507842025702,0.0,0.0,0.0,0.0,0.0,0.0,3.961415590749104,0.0,0.0,0.0,12.112870370370372,5.780250377928949,0.0,0.0,0.0,0.0,0.0
CHEMBL106,0.0,-0.147991307634165,0.0,8.419490530780212,0.0,0.0,0.0,-1.6178312127320054,0.0,-1.6952546296296296,0.0,0.0,0.0,0.0,15.385615184345344,0.0,2.721678004535147,10.958257747543463,0.0,0.0,0.0,27.22603568279164,0.0,0.0,0.0
CHEMBL1077603,4.696931558117074,8.71991318132191,2.1600433830939783,0.0,1.904706094629209,0.0,2.061976857100865,0.0,0.0,0.2936897282060975,0.0,0.0,0.0,0.0,0.0,0.0,0.0,9.96350558317144,12.365900281026091,0.0,0.0,0.0,0.0,0.0,0.0
CHEMBL1077603,4.696931558117074,8.71991318132191,2.1600433830939783,0.0,1.904706094629209,0.0,2.061976857100865,0.0,0.0,0.2936897282060975,0.0,0.0,0.0,0.0,0.0,0.0,0.0,9.96350558317144,12.365900281026091,0.0,0.0,0.0,0.0,0.0,0.0
CHEMBL1078534,4.536883083480306,6.263649901318552,5.809755605946082,0.0,1.8557223167044592,0.0,1.9940736935206191,0.0,0.0,0.0106538564499878,0.0,0.0,0.0,0.0,0.0,0.0,0.0,0.0,24.029261542579995,0.0,0.0,0.0,0.0,0.0,0.0
CHEMBL1078534,4.536883083480306,6.263649901318552,5.809755605946082,0.0,1.8557223167044592,0.0,1.9940736935206191,0.0,0.0,0.0106538564499878,0.0,0.0,0.0,0.0,0.0,0.0,0.0,0.0,24.029261542579995,0.0,0.0,0.0,0.0,0.0,0.0
CHEMBL1079595,2.1969613287701915,6.076006821967471,0.0,3.823385062358277,1.683901014109347,0.0,0.4865606191036089,3.2475163375535416,0.0,-0.0700556657848325,0.0,0.0,0.0,0.0,0.0,0.0,0.0,9.820681509097364,12.29495732205238,0.0,0.0,0.0,0.0,6.134530095217098,0.0
CHEMBL1079595,2.1969613287701915,6.076006821967471,0.0,3.823385062358277,1.683901014109347,0.0,0.4865606191036089,3.2475163375535416,0.0,-0.0700556657848325,0.0,0.0,0.0,0.0,0.0,0.0,0.0,9.820681509097364,12.29495732205238,0.0,0.0,0.0,0.0,6.134530095217098,0.0
CHEMBL1082760,0.0,0.7529830404383976,0.0,23.393318508341505,0.0,0.0,0.0,2.854013133030991,0.0,0.0,0.0,0.0,0.0,0.0,4.054146769436271,0.0,2.0210185185185185,0.0,0.0,5.924520030234316,0.0,0.0,0.0,0.0,0.0
CHEMBL1083353,0.0,0.7277978552532123,0.0,19.238135580232,0.0,0.0,0.0,1.1512528344671205,3.7028493218274967,0.0,0.0,0.0,0.0,0.0,4.070528939588283,0.0,2.0150396825396824,0.0,12.630142668178385,0.0,0.0,0.0,0.0,0.0,0.0
CHEMBL1083354,0.0,0.6827448664651045,0.0,18.44029190456409,0.0,0.0,0.0,1.0445195578231294,2.473645229696817,0.0,0.0,0.0,0.0,0.0,4.021858878588676,0.0,1.9621357709750569,0.0,12.563476001511717,0.0,5.798058232552281,0.0,0.0,0.0,0.0
CHEMBL1083652,0.0,0.5976589663643234,0.0,18.37128664158245,0.0,0.0,0.0,0.9351880196523056,2.499145618123793,0.0,0.0,0.0,0.0,0.0,4.03216718284855,0.0,1.933932350718065,0.0,12.752391817838246,0.0,5.86196523053666,0.0,0.0,0.0,0.0
CHEMBL1083653,0.0,0.5279376889644747,0.0,19.015012417386608,0.0,0.0,0.0,1.941429988662133,0.0,0.0,0.0,0.0,0.0,0.0,3.991700781781951,0.0,1.8740277777777776,0.0,10.96867331191736,5.810908919123205,0.0,0.0,0.0,0.0,0.0
CHEMBL1083663,0.0,0.3189089663643232,0.0,14.51810959761672,0.0,0.0,0.0,0.416897675736962,1.422063229612834,0.0,0.0,0.0,0.0,0.0,3.960177623135776,0.0,1.757624716553288,0.0,23.94362071680524,0.0,5.885320294784579,0.0,0.0,0.0,0.0
CHEMBL1083664,0.0,0.1894182256235825,0.0,14.49586816400624,0.0,0.0,0.0,0.2573927626606207,1.422063229612834,0.0,0.0,0.0,0.0,0.0,3.941182756670672,0.0,1.6914285714285713,0.0,24.078103426555806,0.0,5.859566326530612,0.0,0.0,0.0,0.0
CHEMBL1083665,0.0,0.5027525037792894,0.0,15.489323221955347,0.0,0.0,0.0,0.7155900415721849,2.1696066914420093,0.0,0.0,0.0,0.0,0.0,4.008082951933962,0.0,1.8680489417989417,0.0,24.238572845804992,0.0,0.0,0.0,0.0,0.0,0.0
CHEMBL1083970,0.0,0.3708080593348448,0.0,12.539716268062678,0.0,0.0,0.0,0.3584604119425552,0.5022918766271949,0.0,0.0,0.0,0.0,0.0,8.010895688139556,0.0,1.780974111866969,0.0,24.06998488284203,0.0,5.748455215419501,0.0,0.0,0.0,0.0
CHEMBL1083971,0.0,0.6236311885865455,0.0,18.37634419701204,0.0,0.0,0.0,0.9660676492819352,2.499145618123793,0.0,0.0,0.0,0.0,0.0,4.036515334146106,0.0,1.948373015873016,0.0,12.563476001511717,0.0,5.973177437641724,0.0,0.0,0.0,0.0
CHEMBL108425,0.0,0.6639089663643234,0.0,18.873578857443395,0.0,2.1285756861284457,0.0,3.795876744949843,0.0,0.0,0.0,0.0,0.0,8.918999443701374,7.738995758797346,2.03213529856387,1.8228428524187448,0.0,0.0,0.0,0.0,0.0,0.0,0.0,3.4417530582993248
CHEMBL108483,0.0,0.4148762282690854,0.0,15.09092133976333,0.0,2.080431978146451,0.0,2.7492734599255177,0.0,0.0,4.899781708795299,0.0,0.0,8.965821213409633,7.6500205266781744,1.878108111300076,1.6984517248257327,0.0,22.189298782172365,4.708540305085634,0.0,0.0,-4.10806973166511,0.0,3.282544353293812
CHEMBL1085936,0.0,0.6321043556311413,0.0,20.143007504310265,0.0,0.0,0.0,3.064115173847318,0.0,0.0,0.0,0.0,0.0,0.0,4.025714387224127,0.0,1.9406944444444445,0.0,11.014969608213654,0.0,0.0,0.0,0.0,0.0,0.0
CHEMBL108646,0.0,0.2048762282690854,0.0,13.511708376800367,0.0,2.0370435483943847,0.0,0.3656722694493273,0.0,0.0,4.753948375461966,0.0,0.0,8.9293628800763,7.520390897048545,1.7322747779667422,1.5913088676828755,0.0,21.8976321155057,4.380415305085634,0.0,14.143436089924188,-4.31806973166511,0.0,0.0
CHEMBL1088570,0.0,-1.6174982271654257,0.0,11.55965488364227,-3.283372036346425,0.0,-2.862490836462521,1.1260374154130213,0.0,0.0,0.0,0.0,0.0,0.0,0.0,0.0,0.0,56.56269105135596,24.12370355281864,9.64853784791909,0.0,0.0,0.0,0.0,0.0
CHEMBL109211,2.217421789703536,7.594375524901318,1.930552642353237,0.0,2.7713501511715783,2.8397127739984884,2.1355562248047377,0.0,0.0,-0.0758296327790375,0.0,0.0,0.0,0.0,0.0,0.0,0.0,0.0,24.381055130385487,0.0,0.0,0.0,0.0,0.0,0.0
CHEMBL109211,2.217421789703536,7.594375524901318,1.930552642353237,0.0,2.7713501511715783,2.8397127739984884,2.1355562248047377,0.0,0.0,-0.0758296327790375,0.0,0.0,0.0,0.0,0.0,0.0,0.0,0.0,24.381055130385487,0.0,0.0,0.0,0.0,0.0,0.0
CHEMBL1093458,4.092278767542116,2.356921821449169,0.0,26.1376421818239,0.0,0.0,2.4496444505003314,4.563048455620295,0.0,0.0,0.0,3.081425044187456,0.0,0.0,0.0,0.0,0.0,9.72329556897312,0.0,5.76241037657028,0.0,0.0,0.0,0.0,0.0
CHEMBL109347,0.0,8.181992241915133,0.0,7.545180337764888,2.4733109725371625,0.0,0.3059750566893424,1.0884984410430842,0.0,-0.0307947137188209,0.0,3.177037037037037,0.0,0.0,4.103668824011086,0.0,0.0,0.0,12.73846513605442,0.0,0.0,0.0,0.0,0.0,0.0
CHEMBL1094149,6.2003157034163525,0.0,0.497534013605442,7.469880523566941,0.0,0.0,-0.8633889728730997,0.8443026685983044,0.0,0.0,0.0,0.0,0.0,0.0,0.0,1.3591497648442092,0.0,10.055115345546442,36.68841819252443,5.248672760770974,0.0,0.0,0.0,0.0,0.0
CHEMBL1094154,0.0,1.9424662226001512,0.0,17.25594102594869,0.0641250944822366,0.0,-0.1256722411186697,2.42786503503044,0.0,0.0,0.0,0.0,0.0,0.0,0.0,0.0,0.0,9.537812577216888,11.979472159234064,5.251323459939531,0.0,0.0,0.0,0.0,0.0
CHEMBL1094331,7.725843400007049,0.1400285021415974,0.0,8.873380626942135,0.0,0.0,0.7663616727555227,3.982415125625806,0.0,0.0,0.0,0.0,0.0,0.0,0.0,0.0,0.0,0.0,12.505254708364829,32.173382630829735,0.0,0.0,0.0,0.0,0.0
CHEMBL1094426,0.0,0.7586389046359285,0.0,22.450120435354023,0.0,0.0,0.0,1.936348853450676,2.309952286470144,0.0,0.0,0.0,0.0,0.0,4.087565013149429,0.0,4.136716322331402,0.0,0.0,0.0,0.0,13.153991517941732,0.0,0.0,0.0
CHEMBL1094427,0.0,1.0719493385145895,0.0,41.20816384153246,0.0,0.0,0.0,7.161762813791947,1.0375122153282197,0.0,0.0,0.0,0.0,0.0,4.091056494886546,0.0,0.0,0.0,13.67642567872985,6.093870737931434,6.374680441531403,0.0,0.0,0.0,0.0
CHEMBL1094428,2.1805595316830435,0.9479867409926932,0.0,25.13150176891745,0.1095370370370367,0.0,0.0,3.644004104728312,2.532893046107332,0.0,0.0,0.0,0.0,0.0,4.265568074452003,0.0,4.481137566137566,0.0,0.0,0.0,0.0,0.0,0.0,0.0,3.623478796611237
CHEMBL1095413,0.0,0.0,1.757068924792139,17.709323264511653,-0.4281084656084664,0.0,0.4097785835013021,1.6837436545503834,0.0,-4.746219143486425,0.0,0.0,0.0,0.0,4.046256725130975,0.0,1.8096798233182163,0.0,12.817537330895014,3.920785560372501,0.0,37.10348707535604,0.0,0.0,0.0
CHEMBL1096024,1.6011407400553324,1.3549821288453143,5.930002414546065,5.390745622323003,0.0,0.0,2.3662893938439584,2.154079480557656,0.0,0.0,6.158081301965231,3.08853463645942,0.0,0.0,0.0,0.0,0.0,0.0,12.43484623015873,5.187964717911958,0.0,0.0,0.0,0.0,0.0
CHEMBL1096024,1.6011407400553324,1.3549821288453143,5.930002414546065,5.390745622323003,0.0,0.0,2.3662893938439584,2.154079480557656,0.0,0.0,6.158081301965231,3.08853463645942,0.0,0.0,0.0,0.0,0.0,0.0,12.43484623015873,5.187964717911958,0.0,0.0,0.0,0.0,0.0
CHEMBL1096439,4.75230315187535,0.2448811098513479,0.0,12.928513007054674,0.0,0.0,1.045398898757034,3.597364975425944,0.0,0.0,0.0,0.0,0.0,0.0,0.0,0.0,0.0,0.0,12.2588174760645,21.006054714304486,0.0,0.0,0.0,0.0,0.0
CHEMBL1096744,0.0,0.6990670963569593,0.0,32.37296890394414,-0.7399587579394591,0.0,0.0624053602922654,4.552528320296108,0.0,0.0,0.0,0.0,0.0,0.0,4.190369104780388,0.0,0.0,0.0,13.562045733046816,12.360529035892492,0.0,0.0,0.0,0.0,0.0
CHEMBL1097041,1.8108971088435373,0.0,0.0,22.128257161259057,0.0468594104308384,0.0,0.0,2.3302574640967504,1.9835548416897624,0.0,0.0,0.0,0.0,0.0,4.186096125178466,0.0,3.778505133534896,0.0,11.884507152799902,0.0,0.0,0.0,0.0,0.0,0.0
CHEMBL1097042,0.0,0.0,0.0,19.731408992609392,0.0,0.0,0.0,1.4298506655748722,2.283682392710171,0.0,0.0,0.0,0.0,0.0,0.0,0.0,0.0,10.159536407155452,12.386210317460316,0.0,5.962777777777777,0.0,0.0,0.0,0.0
CHEMBL1097043,4.319068583432761,0.9091399491895524,0.0,20.79472699340169,-0.0409259259259262,0.0,0.0,3.288082168052407,2.4533351704879487,0.0,0.0,0.0,0.0,0.0,4.230420682161753,0.0,4.416795634920635,0.0,0.0,0.0,0.0,13.462690077612516,0.0,0.0,0.0
CHEMBL1097371,6.028402777777778,2.5842639833711263,2.211315665154951,0.0,0.6903703703703685,0.0,1.239877645502646,0.0,0.0,-0.6295691609977325,0.0,0.0,0.0,0.0,0.0,0.0,0.0,10.675924508692368,11.80510865457294,5.644305555555555,0.0,0.0,0.0,0.0,0.0
CHEMBL1097763,1.5934547954984462,0.0,0.286422902494331,6.337941578222964,0.0,0.0,-2.0941882926009905,-1.425410315360711,0.0,0.0,0.0,0.0,0.0,0.0,0.0,0.0,0.0,28.68850443728149,34.61327489446447,0.0,0.0,0.0,0.0,0.0,0.0
CHEMBL1097764,4.390866874527589,3.076911375661376,0.0,0.0,0.7654095804988653,0.0,3.4420157785336363,0.0,0.0,-0.0885416666666665,0.0,0.0,0.0,0.0,0.0,0.0,0.0,0.0,11.768792044595616,11.466622732426304,0.0,0.0,0.0,0.0,0.0
CHEMBL1097980,0.0,0.0,0.0,23.41023717673309,-0.0628086419753093,0.0,0.0,2.6951071323591176,1.9797756221830296,0.0,0.0,0.0,0.0,0.0,4.160795365471291,0.0,2.0287216553287983,0.0,0.0,0.0,6.05703302154195,0.0,0.0,6.008916446135812,0.0
CHEMBL1098382,6.267406609274533,0.1924548059964728,0.0,10.84423385403544,0.0,0.0,0.9058802857562778,3.880769680155504,0.0,0.0,0.0,0.0,0.0,0.0,0.0,0.0,0.0,0.0,12.382036092214666,26.52721867256711,0.0,0.0,0.0,0.0,0.0
CHEMBL1098424,0.0,0.7564021164021163,0.0,16.363320945662213,0.0,0.0,0.0,0.9429452212983962,1.9892559523809523,0.0,0.0,0.0,0.0,0.0,3.997745076425632,0.0,1.986571239606954,0.0,0.0,0.0,0.0,13.1304261148904,0.0,0.0,0.0
CHEMBL1098425,0.0,1.6727829743008311,0.0,12.017089456892847,0.0,0.0,0.0,1.2135933694465448,0.0,0.0,0.0,0.0,0.0,0.0,3.945420788660327,0.0,1.9736237087427564,0.0,10.450031699050909,0.0,0.0,0.0,0.0,0.0,0.0
CHEMBL1098426,4.090321326883445,0.4718138227513224,3.9125444281247854,7.646702771635131,-0.1786967339362178,0.0,-0.2398942848744434,1.31850380514876,0.0,0.0,0.0,0.0,0.0,0.0,0.0,0.0,0.0,29.842922446361783,12.613534213067943,6.02224820483749,0.0,0.0,0.0,0.0,0.0
CHEMBL1098737,0.0,0.7378980064247921,1.9495110544217689,20.798393997682567,-0.0047474174855128,0.0,0.853310657596372,3.4423536411724847,0.0,0.0,0.0,0.0,0.0,0.0,4.140360599397396,0.0,2.0160619803476947,0.0,12.997286137706112,0.0,0.0,0.0,0.0,6.014015787180769,0.0
CHEMBL1099308,2.182504724111867,4.730870181405896,2.3260232426303853,0.0,1.5412962962962953,0.0,1.9769444444444444,0.0,0.0,0.0,0.0,0.0,0.0,0.0,0.0,0.0,0.0,0.0,11.606719576719575,5.562546296296297,0.0,0.0,0.0,0.0,0.0
CHEMBL110257,2.0771241969009826,7.542669138821736,0.0,7.57012392920131,2.5307396384479706,0.0,0.3110298563869991,1.1417391817838247,0.0,-0.045594883786848,0.0,3.2864814814814816,0.0,0.0,4.048689161442814,0.0,0.0,0.0,12.953664965986396,0.0,0.0,0.0,0.0,0.0,0.0
CHEMBL110524,1.966013085789872,7.271835805488404,0.0,7.36512392920131,2.160739638447972,0.0,0.061029856386999,1.0306280706727138,0.0,-0.1567059948979592,0.0,0.0,0.0,0.0,4.0209113836650365,0.0,0.0,0.0,12.842553854875284,5.854537037037037,0.0,0.0,0.0,0.0,0.0
CHEMBL111234,0.0,1.523718820861678,0.0,11.602020569017323,0.0,0.0,0.0,2.3901573129251723,0.0,0.0,0.0,0.0,0.0,0.0,0.0,0.0,0.0,27.81743663052916,0.0,0.0,0.0,0.0,0.0,0.0,0.0
CHEMBL111868,2.037072992777358,0.0,0.0,20.54120487930913,-0.0637962962962968,0.0,0.0,2.967607604770304,2.3151175778953563,0.0,0.0,0.0,0.0,0.0,4.188889833711262,0.0,4.160193216175359,0.0,0.0,0.0,0.0,13.375542656431003,0.0,0.0,3.561500868559852
CHEMBL111888,2.134306088156873,0.8871019673301418,0.0,20.732264261395304,-0.0623148148148151,0.0,0.0,3.0025361132107173,2.367756466784245,0.0,0.0,0.0,0.0,0.0,4.209048012723608,0.0,4.299082105064247,0.0,0.0,0.0,0.0,13.430129433290508,0.0,0.0,3.583423700192504
CHEMBL112021,0.0,1.583482536533132,0.0,24.34977535358683,0.0,0.0,0.0,3.218698927101706,2.4961005605946083,0.0,0.0,0.0,0.0,0.0,4.123265632559013,0.0,4.351604605834103,0.0,0.0,0.0,0.0,0.0,0.0,6.321516828235051,0.0
CHEMBL112074,2.1722368179493,0.9925407340775304,0.0,27.41855893418484,0.1463671579743004,0.0,0.0,2.5373400363231715,2.568601137986059,0.0,0.0,0.0,0.0,0.0,4.232641194984269,0.0,4.431713986520534,0.0,0.0,0.0,0.0,0.0,0.0,0.0,0.0
CHEMBL112292,1.966013085789872,7.271835805488404,0.0,7.36512392920131,2.160739638447972,0.0,0.061029856386999,1.0306280706727138,0.0,-0.1567059948979592,0.0,0.0,0.0,0.0,4.0209113836650365,0.0,0.0,0.0,12.842553854875284,5.854537037037037,0.0,0.0,0.0,0.0,0.0
CHEMBL112509,1.9537908635676493,7.256791230955192,0.0,7.406522930357481,2.1312026014109344,0.0,0.0536602418745275,0.9820169595616028,0.0,-0.1614891581632653,0.0,0.0,0.0,0.0,4.114085490677752,0.0,0.0,0.0,12.837770691609975,5.842314814814815,0.0,0.0,0.0,0.0,0.0
CHEMBL112532,2.158235596707819,3.052891110913297,0.0,13.521287607444265,0.0,0.0,0.0,2.0256081769127405,0.0,0.0,0.0,0.0,0.0,0.0,4.013369152642691,0.0,1.9680783100277148,0.0,0.0,5.593863378684807,0.0,0.0,0.0,0.0,0.0
CHEMBL112908,3.97369283824641,7.221833679638062,0.0,7.394059114386495,2.2995486898463087,0.0,0.0494557823129249,1.01442436696901,0.0,-0.7615028580876795,0.0,0.0,0.0,0.0,4.052022494776147,0.0,0.0,0.0,13.047762188208615,6.042037037037037,0.0,0.0,0.0,0.0,0.0
CHEMBL113082,4.599746525153272,7.452851998824222,1.9398119016124968,0.0,2.0854917800453507,2.8569349962207107,2.106739614827414,0.0,0.0,0.0230502802973042,0.0,0.0,0.0,0.0,0.0,0.0,0.0,0.0,24.60310303287982,0.0,0.0,0.0,0.0,0.0,0.0
CHEMBL113082,4.599746525153272,7.452851998824222,1.9398119016124968,0.0,2.0854917800453507,2.8569349962207107,2.106739614827414,0.0,0.0,0.0230502802973042,0.0,0.0,0.0,0.0,0.0,0.0,0.0,0.0,24.60310303287982,0.0,0.0,0.0,0.0,0.0,0.0
CHEMBL113121,4.599746525153272,7.452851998824222,1.9398119016124968,0.0,2.0854917800453507,2.8569349962207107,2.106739614827414,0.0,0.0,0.0230502802973042,0.0,0.0,0.0,0.0,0.0,0.0,0.0,0.0,24.60310303287982,0.0,0.0,0.0,0.0,0.0,0.0
CHEMBL113121,4.599746525153272,7.452851998824222,1.9398119016124968,0.0,2.0854917800453507,2.8569349962207107,2.106739614827414,0.0,0.0,0.0230502802973042,0.0,0.0,0.0,0.0,0.0,0.0,0.0,0.0,24.60310303287982,0.0,0.0,0.0,0.0,0.0,0.0
CHEMBL113242,0.0,7.698703483115008,0.0,7.30725355883094,2.3603480095742,0.0,0.0633446712018139,1.0259984410430842,0.0,-0.1371226615646259,0.0,0.0,0.0,0.0,3.986466939220592,0.0,0.0,0.0,12.632137188208617,5.646203703703704,0.0,0.0,0.0,0.0,0.0
CHEMBL113637,2.1392221170684373,0.9033529121525152,0.0,22.83842786263827,-0.0362962962962964,0.0,0.0,2.004242409926934,2.4209277630805413,0.0,0.0,0.0,0.0,0.0,4.200753259637189,0.0,4.312628968253969,0.0,0.0,0.0,0.0,13.38340767020511,0.0,0.0,0.0
CHEMBL113647,0.0,7.661158908581799,0.0,7.352402559987111,2.3533109725371624,0.0,0.0559750566893424,0.977387329931973,0.0,-0.141905824829932,0.0,0.0,0.0,0.0,4.063668824011086,0.0,0.0,0.0,12.62735402494331,5.633981481481482,0.0,0.0,0.0,0.0,0.0
CHEMBL113739,2.217421789703536,7.594375524901318,1.930552642353237,0.0,2.7713501511715783,2.8397127739984884,2.1355562248047377,0.0,0.0,-0.0758296327790375,0.0,0.0,0.0,0.0,0.0,0.0,0.0,0.0,24.381055130385487,0.0,0.0,0.0,0.0,0.0,0.0
CHEMBL113739,2.217421789703536,7.594375524901318,1.930552642353237,0.0,2.7713501511715783,2.8397127739984884,2.1355562248047377,0.0,0.0,-0.0758296327790375,0.0,0.0,0.0,0.0,0.0,0.0,0.0,0.0,24.381055130385487,0.0,0.0,0.0,0.0,0.0,0.0
CHEMBL114019,2.0771241969009826,7.542669138821736,0.0,7.57012392920131,2.5307396384479706,0.0,0.3110298563869991,1.1417391817838247,0.0,-0.045594883786848,0.0,3.2864814814814816,0.0,0.0,4.048689161442814,0.0,0.0,0.0,12.953664965986396,0.0,0.0,0.0,0.0,0.0,0.0
CHEMBL114447,0.0,8.219536816448343,0.0,7.51225355883094,2.480348009574199,0.0,0.313344671201814,1.1371095521541954,0.0,-0.0260115504535147,0.0,3.1892592592592592,0.0,0.0,4.01424471699837,0.0,0.0,0.0,12.743248299319728,0.0,0.0,0.0,0.0,0.0,0.0
CHEMBL115452,3.859786992524256,0.4486859869827941,4.626574476583981,6.785248163799752,0.0,0.0,0.6350926662389509,0.2307546550984729,0.0,0.0,0.0,0.0,0.0,0.0,0.0,0.0,0.0,38.57724440445081,12.336612654320987,0.0,0.0,0.0,0.0,0.0,0.0
CHEMBL115899,2.174043209876543,1.886860355253212,0.0,16.47125102355757,0.0,0.0,0.0,1.347638888888889,2.646449357520787,0.0,0.0,0.0,0.0,0.0,4.081526439279416,0.0,4.392230725623583,0.0,0.0,0.0,0.0,0.0,0.0,0.0,0.0
CHEMBL1162951,5.837549705552051,1.168677642353238,2.1704508902326363,13.460300762599193,-0.2465192743764175,0.0,1.3925871971709818,4.313097847418735,0.0,0.0,0.0,0.0,0.0,0.0,0.0,0.0,0.0,0.0,12.378108457149311,11.525746771900272,0.0,0.0,0.0,0.0,0.0
CHEMBL1165711,1.5963766586881665,0.3779903628117915,0.0,15.044815712352689,-0.2202825018896448,0.0,0.1065769085411945,2.926956805870497,0.0,0.0,0.0,0.0,0.0,0.0,0.0,0.0,0.0,0.0,12.49599253590325,10.838240184388724,0.0,0.0,0.0,0.0,0.0
CHEMBL116794,0.0,0.8650925925925925,0.0,16.001298500881834,0.0,0.0,0.0,1.2950000000000002,2.471125283446712,0.0,0.0,0.0,3.266851851851852,0.0,4.035539178634417,0.0,2.0650925925925927,0.0,0.0,0.0,0.0,0.0,0.0,0.0,0.0
CHEMBL117,0.0,0.0,0.0,12.90033016292937,0.0,0.0,0.0,0.7029222306206444,0.2234575774754355,0.0,0.0,0.0,0.0,0.0,0.0,0.0,0.0,19.115718694885363,12.003355536659107,0.0,5.570324074074074,0.0,0.0,0.0,0.0
CHEMBL117,0.0,0.0,0.0,12.90033016292937,0.0,0.0,0.0,0.7029222306206444,0.2234575774754355,0.0,0.0,0.0,0.0,0.0,0.0,0.0,0.0,19.115718694885363,12.003355536659107,0.0,5.570324074074074,0.0,0.0,0.0,0.0
CHEMBL1170662,3.28570285042757,0.0,4.021395502645502,13.443270870076423,0.0,0.0,0.0,4.41565168819543,0.0,0.0,5.653558482842602,0.0,0.0,0.0,0.0,0.0,0.0,0.0,0.0,10.513753939145804,0.0,0.0,0.0,0.0,0.0
CHEMBL1170663,4.8376607993978125,0.0,3.936081821617536,11.325498348252678,0.0,0.0,0.0,4.68958536526538,0.0,0.0,5.678206027411474,0.0,0.0,0.0,0.0,0.0,0.0,0.0,0.0,16.03296763805512,0.0,0.0,0.0,0.0,0.0
CHEMBL1170678,3.2043587039047825,0.5668017762660618,2.006157407407408,17.420923651064346,0.0,0.0,0.9705593348450492,3.2195332816066955,0.0,0.0,0.0,0.0,0.0,0.0,4.074443520444603,0.0,1.935168965734442,0.0,10.92125816084479,10.66632541790821,0.0,0.0,0.0,0.0,0.0
CHEMBL1170893,3.2949241213932767,0.6978604497354495,2.121591080876795,19.19327392144492,0.0,0.0,1.1326908541194256,4.357760545831434,0.0,0.0,5.823474258926099,0.0,0.0,0.0,4.120559222923942,0.0,2.027375755857898,0.0,0.0,10.730489788890765,0.0,0.0,0.0,0.0,0.0
CHEMBL1171091,0.0,0.0,3.964183673469388,13.151419865007528,0.0,0.0,0.0,4.165539965986396,0.0,0.0,17.052189828870024,0.0,0.0,0.0,0.0,0.0,0.0,0.0,0.0,0.0,0.0,0.0,0.0,0.0,0.0
CHEMBL1171628,0.0,0.0,4.065572562358277,15.5186734763286,0.0,0.0,0.0,3.7722325627782,0.0,0.0,11.310188065201594,0.0,0.0,0.0,0.0,0.0,0.0,0.0,0.0,0.0,0.0,0.0,0.0,0.0,0.0
CHEMBL1171680,3.299112872494248,1.9444796390778527,0.0,14.033721182917612,0.0,0.0,0.0,4.851266103842313,0.0,0.0,5.673361755034041,0.0,0.0,0.0,0.0,0.0,0.0,0.0,0.0,10.531391779967269,0.0,0.0,0.0,0.0,0.0
CHEMBL1171818,3.330408545879325,1.9107936507936507,0.0,13.953194556365553,0.0,0.0,0.0,4.925114413304349,0.0,0.0,5.676654845975734,0.0,0.0,0.0,0.0,0.0,0.0,0.0,0.0,10.537167321014724,0.0,0.0,0.0,0.0,0.0
CHEMBL1171987,0.0,0.9302862811791384,0.0,24.335282774411453,0.0,0.0,0.0,5.708481629017795,0.0,0.0,5.822096861595071,0.0,0.0,0.0,4.037185787129871,0.0,0.0,0.0,0.0,0.0,0.0,0.0,0.0,0.0,0.0
CHEMBL1171991,4.258620535909497,0.0,0.0,21.98912792889032,0.0,0.0,2.505971407974475,5.768773898462614,0.0,0.0,11.705596732294133,0.0,0.0,0.0,4.1052428298022985,0.0,0.0,0.0,0.0,0.0,0.0,0.0,0.0,0.0,0.0
CHEMBL1172396,0.0,2.0264795918367344,0.0,16.05353458743971,0.0,0.0,0.0,4.218482562778198,0.0,0.0,11.368169924612024,0.0,0.0,0.0,0.0,0.0,0.0,0.0,0.0,0.0,0.0,0.0,0.0,0.0,0.0
CHEMBL1172400,2.615852755924489,0.0,3.703753779289493,12.231858646938012,0.0,0.0,-0.8917793104896283,3.014363767111784,0.0,0.0,5.645357185557194,0.0,0.0,0.0,0.0,0.0,0.0,0.0,22.218762211418863,10.128497630916462,0.0,0.0,0.0,0.0,0.0
CHEMBL1172401,2.5374805786512136,0.0,3.4397940287226003,10.672770288607229,0.0,0.0,-0.9902342743292074,1.8761365028870456,0.0,0.0,0.0,0.0,0.0,0.0,0.0,0.0,0.0,0.0,32.889805411216294,10.06433325993391,0.0,0.0,0.0,0.0,0.0
CHEMBL1172402,0.0,0.0,3.693072562358276,11.878765544019872,0.0,0.0,0.0,2.5439073129251715,0.0,0.0,5.583461783626827,0.0,0.0,0.0,0.0,0.0,0.0,18.63412613040319,0.0,0.0,0.0,0.0,0.0,0.0,0.0
CHEMBL1172779,0.0,0.8647101494918955,0.0,20.614474090188896,0.0,0.0,0.0,4.110126774999923,0.0,0.0,0.0,0.0,0.0,0.0,4.012017731742035,0.0,0.0,18.89867125357725,0.0,0.0,0.0,0.0,0.0,0.0,0.0
CHEMBL1172842,4.282584611571874,0.0,0.0,28.24242771887836,0.0,0.0,2.52536991911541,5.030418172999205,2.1629946043707284,0.0,0.0,0.0,0.0,0.0,4.126590447703831,0.0,0.0,9.6296145253606,0.0,0.0,0.0,0.0,0.0,0.0,0.0
CHEMBL1172847,4.19778490689205,0.0,0.0,20.640525021363835,0.0,0.0,2.4247511243299487,3.891303614818088,0.0,0.0,0.0,0.0,0.0,0.0,4.083204428643017,0.0,0.0,19.0957642372864,0.0,0.0,0.0,0.0,0.0,0.0,0.0
CHEMBL1172882,0.0,0.9055949231544468,0.0,23.43225893677723,0.0,0.0,0.0,4.952231629017796,0.0,0.0,0.0,0.0,0.0,0.0,4.025351467603244,0.0,0.0,9.517896376780616,0.0,0.0,0.0,0.0,0.0,0.0,0.0
CHEMBL1172907,3.2780995561677377,0.0,4.004351851851852,13.471952632905014,0.0,0.0,0.0,4.364754766103974,0.0,0.0,5.744956734249664,0.0,0.0,0.0,0.0,0.0,0.0,0.0,0.0,10.469217792055094,0.0,0.0,0.0,0.0,0.0
CHEMBL1172908,4.611817289555246,0.0,3.874136904761905,12.95453134944928,0.0,0.0,-0.3345725064844831,3.868357693092542,0.0,0.0,0.0,0.0,0.0,0.0,0.0,0.0,0.0,0.0,10.976857603139308,15.548871666486209,0.0,0.0,0.0,0.0,0.0
CHEMBL1172937,3.257003320340053,0.0,4.049775132275132,13.53274896069539,0.0,0.0,0.0,4.371127214953425,0.0,0.0,5.6492687845125,0.0,0.0,0.0,0.0,0.0,0.0,0.0,0.0,10.473409920556836,0.0,0.0,0.0,0.0,0.0
CHEMBL1172973,3.293276188005209,0.5665448789325953,4.080359977324263,13.95613966400763,0.0,0.0,0.0,4.850228761755188,0.0,0.0,5.583016450466362,0.0,0.0,0.0,0.0,0.0,0.0,0.0,0.0,10.503767412842087,0.0,0.0,0.0,0.0,0.0
CHEMBL1172974,3.280679394959698,0.0,4.026607457797934,13.427341440470348,0.0,0.0,0.0,4.391433857748793,0.0,0.0,0.0,0.0,0.0,0.0,0.0,0.0,0.0,0.0,0.0,10.467552995945852,0.0,0.0,0.0,5.850829297521817,0.0
CHEMBL1173001,3.2322189243331296,0.0,3.977921390778533,13.17256147982609,0.0,2.101179541169447,0.0,4.135706350160715,0.0,0.0,0.0,0.0,0.0,8.749676376146434,0.0,0.0,0.0,0.0,0.0,10.464069270918984,0.0,0.0,0.0,0.0,0.0
CHEMBL1173002,4.599213662399296,0.0,3.9460257621567134,13.006315943656311,0.0,0.0,-0.3253518832658442,3.9337099306776864,0.0,0.0,0.0,0.0,0.0,0.0,0.0,0.0,0.0,0.0,10.863180855794283,15.476905728581553,0.0,0.0,0.0,0.0,0.0
CHEMBL1173003,3.205556903509021,0.0,3.857031368102796,12.005094639707735,0.0,0.0,0.0,3.075569363713756,0.0,0.0,0.0,0.0,0.0,0.0,0.0,0.0,0.0,0.0,0.0,10.41257429153939,0.0,12.777506766760638,0.0,0.0,0.0
CHEMBL1173065,4.785710344182567,0.0,3.9546655328798175,11.466873587972072,0.0,0.0,0.0,4.56201382880721,0.0,0.0,5.766311187876845,0.0,0.0,0.0,0.0,0.0,0.0,0.0,0.0,15.964425518281487,0.0,0.0,0.0,0.0,0.0
CHEMBL1173066,4.807090357036105,0.5524522310986888,4.03067365835223,11.939777756781725,0.0,0.0,0.0,5.058052902851786,0.0,0.0,5.598493926795486,0.0,0.0,0.0,0.0,0.0,0.0,0.0,0.0,16.01345916708398,0.0,0.0,0.0,0.0,0.0
CHEMBL1173067,4.798480819512357,0.0,3.9538955026455023,11.42375645628622,0.0,0.0,0.0,4.574857426173715,0.0,0.0,5.674912936469783,0.0,0.0,0.0,0.0,0.0,0.0,0.0,0.0,16.074096858912426,0.0,0.0,0.0,0.0,0.0
CHEMBL1173129,0.0,0.3032934249993233,4.0462585034013605,13.637582990368886,0.0,0.0,0.0,4.512045487948266,0.0,0.0,5.730910378435631,0.0,0.0,0.0,0.0,0.0,0.0,0.0,0.0,10.603242548179868,0.0,0.0,0.0,0.0,0.0
CHEMBL1173130,0.0,0.3060149585163114,4.073868102796674,13.637594639707736,0.0,0.0,0.0,4.571539024547684,0.0,0.0,5.640906687208094,0.0,0.0,0.0,0.0,0.0,0.0,0.0,0.0,10.603409920556835,0.0,0.0,0.0,0.0,0.0
CHEMBL1173131,0.0,0.0,3.4553089569161,12.283576292367778,0.0,0.0,0.0,1.5213031065655536,0.0,0.0,0.0,0.0,0.0,0.0,0.0,0.0,0.0,0.0,21.162928072642178,0.0,0.0,0.0,0.0,0.0,0.0
CHEMBL1173259,4.247830820574327,0.0,0.0,23.459585588116777,0.0,0.0,2.496448570168809,4.740975723877961,0.0,0.0,0.0,0.0,0.0,0.0,4.096538164504226,0.0,0.0,9.625287799424566,0.0,0.0,0.0,0.0,0.0,0.0,0.0
CHEMBL1173260,0.0,0.8400187914672042,0.0,19.93367247477689,0.0,0.0,0.0,3.131654552777702,0.0,0.0,0.0,0.0,0.0,0.0,4.000183412215408,0.0,0.0,9.218737839759596,0.0,0.0,0.0,13.3757329290032,0.0,0.0,0.0
CHEMBL1173326,4.2808886718139965,0.0,0.0,24.362609425751007,0.0,0.0,2.5411399281935,5.4972257238779605,0.0,0.0,5.87643043299935,0.0,0.0,0.0,4.108372484030854,0.0,0.0,0.0,0.0,0.0,0.0,0.0,0.0,0.0,0.0
CHEMBL1173327,0.0,0.9094015075165868,0.0,21.963076997715376,0.0,0.0,0.0,5.987597058644451,0.0,0.0,11.60586830322227,0.0,0.0,0.0,4.034056132901315,0.0,0.0,0.0,0.0,0.0,0.0,0.0,0.0,0.0,0.0
CHEMBL1173335,4.1647270556523805,0.0,0.0,19.95972340595183,0.0,0.0,2.380059766305257,2.912831392595865,0.0,0.0,0.0,0.0,0.0,0.0,4.071370109116391,0.0,0.0,9.308439400824794,0.0,0.0,0.0,13.536182202886817,0.0,0.0,0.0
CHEMBL1173509,0.0,0.0,3.719268707482993,13.905309278797734,0.0,0.0,0.0,2.5913761008178406,0.0,0.0,5.588048560486332,0.0,0.0,0.0,0.0,0.0,0.0,0.0,10.632445111806582,0.0,0.0,0.0,0.0,0.0,0.0
CHEMBL1173573,1.669444635751454,0.0,4.099461451247166,15.709005266452056,0.0,0.0,0.0,3.885353119770509,0.0,0.0,5.6312074218270105,0.0,0.0,0.0,0.0,0.0,0.0,0.0,0.0,5.172194771618473,0.0,0.0,0.0,0.0,0.0
CHEMBL1173574,0.0,0.0,3.007616213151928,8.915603111615015,0.0,0.0,0.0,0.0622664445076071,0.0,0.0,0.0,0.0,0.0,0.0,0.0,0.0,0.0,0.0,32.15118356094096,0.0,0.0,0.0,0.0,0.0,0.0
CHEMBL1173611,3.255718660063065,0.0,3.960107709750567,13.112072732061913,0.0,2.100951677541234,0.0,4.189076774713049,0.0,0.0,0.0,0.0,0.0,8.755945069759033,0.0,0.0,0.0,0.0,0.0,10.459460709444476,0.0,0.0,0.0,0.0,0.0
CHEMBL1173641,3.2813991058110825,0.0,3.993785903250189,13.446392174727764,0.0,0.0,0.0,4.351759382893042,0.0,0.0,5.746404056801784,0.0,0.0,0.0,0.0,0.0,0.0,0.0,0.0,10.513592709849474,0.0,0.0,0.0,0.0,0.0
CHEMBL1173699,3.303216163646358,0.0,4.003581821617535,13.398253502783623,0.0,0.0,0.0,4.429731479138948,0.0,0.0,5.656851573784294,0.0,0.0,0.0,0.0,0.0,0.0,0.0,0.0,10.541698792362574,0.0,0.0,0.0,0.0,0.0
CHEMBL1173700,3.2675888015904246,0.0,4.003581821617535,13.486586836116958,0.0,0.0,0.0,4.270842590250059,0.0,0.0,5.6568515737842935,0.0,0.0,0.0,0.0,0.0,0.0,0.0,0.0,10.647881709974062,0.0,0.0,0.0,0.0,0.0
CHEMBL118266,0.0,0.0,0.0,17.066615331317713,0.0,0.0,0.0,4.032811791383221,0.0,0.0,0.0,0.0,0.0,0.0,12.781983497102546,0.0,0.0,0.0,0.0,0.0,0.0,0.0,0.0,0.0,0.0
CHEMBL1191848,0.0,0.503886999244142,0.0,12.420166183757454,-0.5279629629629636,0.0,0.0,1.5615563324095074,0.0,0.0,5.5660219828672215,0.0,0.0,0.0,3.914869824472999,0.0,1.834349017384732,9.893779289493576,0.0,0.0,0.0,0.0,0.0,0.0,0.0
CHEMBL1195457,0.0,0.0,0.0,23.59943863553652,0.1412345679012341,0.0,0.0,5.043665490887714,0.0,0.0,0.0,0.0,0.0,0.0,4.101128537834887,0.0,0.0,0.0,0.0,0.0,0.0,0.0,0.0,12.003421656728534,0.0
CHEMBL1200374,4.461428623918703,4.851938828000336,5.643875976316453,0.0,1.5788704648526075,0.0,2.8244544569370973,0.0,0.0,-0.1725174398463087,0.0,0.0,0.0,0.0,0.0,0.0,0.0,0.0,24.19280462648022,0.0,0.0,0.0,0.0,0.0,0.0
CHEMBL1200374,4.461428623918703,4.851938828000336,5.643875976316453,0.0,1.5788704648526075,0.0,2.8244544569370973,0.0,0.0,-0.1725174398463087,0.0,0.0,0.0,0.0,0.0,0.0,0.0,0.0,24.19280462648022,0.0,0.0,0.0,0.0,0.0,0.0
CHEMBL1203757,2.132237260644999,3.66569318468128,0.0,12.851834372637944,0.4924537037037035,0.0,0.0,4.1035083616780055,0.0,0.0,0.0,0.0,0.0,0.0,4.260060153691106,0.0,2.3275462962962963,0.0,0.0,0.0,0.0,0.0,0.0,0.0,0.0
CHEMBL1203760,1.814353616127606,3.7888063305875352,0.0,11.576061768651956,0.3310143980431677,0.0,-0.2583203420256987,3.115723831326736,0.0,0.0,0.0,0.0,0.0,0.0,4.238516518687876,0.0,2.2389593568909048,0.0,11.651894972495173,5.002989549214748,0.0,0.0,0.0,0.0,0.0
CHEMBL1203762,0.0,2.2166881613756613,0.0,11.666669264928196,0.3937433862433861,2.1397557634164777,0.0,3.2756585674393217,0.0,0.0,0.0,0.0,0.0,8.753338661081717,4.163887314184933,0.0,2.223592214663644,0.0,0.0,0.0,0.0,0.0,0.0,0.0,0.0
CHEMBL1203766,0.0,3.629409052973041,0.0,12.570439696712016,0.4716203703703701,0.0,0.0,3.874289611678005,0.0,0.0,0.0,0.0,0.0,0.0,4.250800894431847,0.0,2.3122401738473166,0.0,0.0,0.0,0.0,0.0,0.0,0.0,3.474533533320736
CHEMBL1214660,0.0,0.8200187914672041,0.0,19.26587118266241,0.0,0.0,0.0,2.2326564913553977,0.0,0.0,0.0,0.0,0.0,0.0,3.989979330582755,0.0,0.0,0.0,0.0,0.0,0.0,26.19147420393223,0.0,0.0,0.0
CHEMBL1214735,0.0,0.9647191515495086,0.0,23.04397666692174,0.0,0.0,0.0,5.220974426807761,0.0,0.0,0.0,0.0,0.0,0.0,4.036028379722463,0.0,0.0,0.0,0.0,0.0,0.0,0.0,0.0,0.0,0.0
CHEMBL1214736,0.0,0.9655163454270596,0.0,22.966641789814588,0.0,0.0,0.0,5.253999249391115,0.0,0.0,0.0,0.0,0.0,0.0,4.036248382783375,0.0,0.0,0.0,0.0,0.0,0.0,0.0,0.0,0.0,0.0
CHEMBL1214737,0.0,0.944092865541278,0.0,27.23094308322868,0.0,0.0,0.0,5.109541012839173,2.427240100153472,0.0,0.0,0.0,3.2295373837686387,0.0,4.058645554468759,0.0,0.0,0.0,0.0,0.0,0.0,0.0,0.0,0.0,0.0
CHEMBL1214739,0.0,0.9164654550729586,0.0,28.212924758998863,0.0,0.0,0.0,5.237725428449567,2.1798326927460643,0.0,0.0,0.0,0.0,0.0,4.055403750802848,0.0,0.0,9.564314580596372,0.0,0.0,0.0,0.0,0.0,0.0,0.0
CHEMBL1215664,0.0,0.0,0.0,21.75004374888852,-0.6510483329134134,0.0,0.0,3.9796485788367537,0.0,0.0,0.0,0.0,0.0,0.0,3.950787729550495,0.0,0.0,19.63723494230432,0.0,0.0,0.0,0.0,0.0,0.0,0.0
CHEMBL1215665,0.0,0.9350573717141176,0.0,24.37608090016148,0.0,0.0,0.0,5.774839216054808,0.0,0.0,5.709697367553122,0.0,0.0,0.0,4.037658477849814,0.0,0.0,0.0,0.0,0.0,0.0,0.0,0.0,0.0,0.0
CHEMBL1215730,1.5144534710119126,0.897551356171486,0.0,24.07857792240982,0.0,0.0,-0.0603251586630704,5.552430277921801,0.0,0.0,0.0,2.814136114094801,0.0,0.0,4.039530914529943,0.0,0.0,0.0,11.163645102523308,0.0,0.0,0.0,0.0,0.0,0.0
CHEMBL1215732,0.0,0.8809035651297555,0.0,22.529235099143005,0.0,0.0,0.0,4.195981629017796,0.0,0.0,0.0,0.0,0.0,0.0,4.013517148076616,0.0,0.0,0.0,0.0,0.0,0.0,13.213695891966164,0.0,0.0,0.0
CHEMBL1230438,4.7246074787939865,9.528122611699002,0.0,0.0,2.7903618669690093,0.0,1.0320975975266655,0.0,0.0,0.3736546123078863,0.0,0.0,0.0,0.0,0.0,0.0,0.0,0.0,24.217822499370115,0.0,0.0,0.0,0.0,0.0,0.0
CHEMBL123494,4.256306662326632,10.870809069188486,0.0,7.26076529856042,-0.0680952643403043,0.0,-0.2396946992144843,0.9718200161120092,0.0,-0.5946006410867071,0.0,2.6402355197512124,0.0,0.0,4.057240837424976,0.0,0.0,0.0,24.928546534611097,0.0,0.0,0.0,0.0,0.0,0.0
CHEMBL124118,3.829263983371126,1.2486574074074075,0.0,7.068875661375661,-0.1381339758125477,0.0,-0.3588600718064998,0.9368981481481484,0.0,-0.587037037037037,0.0,2.471092214663644,0.0,0.0,3.965994740488788,0.0,0.0,0.0,23.646582262534643,0.0,0.0,0.0,0.0,0.0,0.0
CHEMBL124230,3.829263983371126,1.2486574074074075,0.0,7.068875661375661,-0.1381339758125477,0.0,-0.3588600718064998,0.9368981481481484,0.0,-0.587037037037037,0.0,2.471092214663644,0.0,0.0,3.965994740488788,0.0,0.0,0.0,23.646582262534643,0.0,0.0,0.0,0.0,0.0,0.0
CHEMBL129795,0.0,0.0,2.895389266817838,10.159796498795416,0.0,0.0,-0.3698379629629629,0.6609466070378782,0.0,0.0,0.0,0.0,0.0,0.0,0.0,0.0,0.0,27.81446270797371,11.83924288233812,0.0,0.0,0.0,0.0,0.0,0.0
CHEMBL129795,0.0,0.0,2.895389266817838,10.159796498795416,0.0,0.0,-0.3698379629629629,0.6609466070378782,0.0,0.0,0.0,0.0,0.0,0.0,0.0,0.0,0.0,27.81446270797371,11.83924288233812,0.0,0.0,0.0,0.0,0.0,0.0
CHEMBL129883,4.514878222894096,6.40352847536185,0.0,6.5789212395115175,1.316148720507486,0.0,0.5575138312171253,3.92025037260845,0.0,-0.2839800105718906,0.0,0.0,0.0,0.0,4.83302697467876,0.0,1.978414588057445,0.0,36.72422434563121,0.0,0.0,0.0,0.0,0.0,0.0
CHEMBL1303900,5.732747153566855,1.8757800033593683,0.0,8.94923079648526,0.0,0.0,0.0,3.235545083123548,0.0,0.0,0.0,2.663722600151172,0.0,0.0,3.951092933272646,0.0,1.9261650184765264,0.0,24.69520030234316,0.0,0.0,0.0,-3.4461505574452,0.0,0.0
CHEMBL130546,4.629694927353658,7.139058652386574,0.0,10.42271209855889,1.5741240971697312,0.0,0.698965548665901,4.48284579186613,0.0,-0.1150530649204892,0.0,0.0,0.0,0.0,4.9093646856890905,0.0,2.1254053287981858,0.0,25.63288193443233,0.0,0.0,0.0,0.0,0.0,0.0
CHEMBL131414,4.618784197320904,6.986497247285574,4.22074010782254,10.26022530675442,1.5492854309303827,0.0,0.7291365868108057,4.398821512484153,0.0,-0.1258049885215948,0.0,0.0,0.0,0.0,5.045408320735702,0.0,1.9724002425044087,0.0,25.844506035872705,0.0,0.0,0.0,0.0,0.0,0.0
CHEMBL131921,1.5594306546638244,0.0,0.0,10.62968621399177,0.0,0.0,0.0,1.177058771855851,0.1767404940371213,0.0,0.0,0.0,0.0,0.0,0.0,0.0,0.0,19.25644227618385,12.482612040186446,5.06846936389595,5.345007558578987,0.0,0.0,0.0,0.0
CHEMBL131921,1.5594306546638244,0.0,0.0,10.62968621399177,0.0,0.0,0.0,1.177058771855851,0.1767404940371213,0.0,0.0,0.0,0.0,0.0,0.0,0.0,0.0,19.25644227618385,12.482612040186446,5.06846936389595,5.345007558578987,0.0,0.0,0.0,0.0
CHEMBL131984,6.954208455752466,2.670689433372063,0.0,7.210804013256665,2.014933967414125,0.0,-0.1167072940287219,0.9226405554505756,0.0,0.4361848492266511,0.0,0.0,0.0,0.0,4.029862232708102,0.0,0.0,0.0,12.05908635676493,5.7349640967498114,0.0,0.0,0.0,0.0,0.0
CHEMBL132066,8.864353367883986,2.329903104951806,0.0,7.264924383627035,1.7301427731586447,0.0,-0.1120776643990926,0.9272701850802052,0.0,0.4278674597708688,0.0,0.0,0.0,0.0,4.080278899374768,0.0,0.0,0.0,12.390104875283448,5.8472326152683305,0.0,0.0,0.0,0.0,0.0
CHEMBL132072,6.959194171495758,2.6982042915498,0.0,7.158129829092131,2.0276878096917765,0.0,-0.1044850718064998,0.9712516665616868,0.0,0.4379203864167338,0.0,0.0,0.0,0.0,3.959973901125597,0.0,0.0,0.0,12.0664559712774,5.742333711262283,0.0,0.0,0.0,0.0,0.0
CHEMBL132380,11.177921259553202,3.8404031294182808,0.0,7.449935384647686,1.925089075753757,0.0,-0.0466147014361297,1.029122036932057,0.0,-0.1251583172869697,0.0,0.0,0.0,0.0,4.094123560989543,0.0,0.0,0.0,13.181733749055178,6.140111489040061,0.0,0.0,0.0,0.0,0.0
CHEMBL132530,4.458364171285798,7.125362470605525,0.0,0.0,1.6595582955404378,0.0,1.507118751049804,0.0,0.0,-0.1119516093474419,0.0,0.0,0.0,0.0,0.0,0.0,0.0,10.284509886516334,24.243704701016213,0.0,0.0,0.0,0.0,0.0,0.0
CHEMBL132530,4.458364171285798,7.125362470605525,0.0,0.0,1.6595582955404378,0.0,1.507118751049804,0.0,0.0,-0.1119516093474419,0.0,0.0,0.0,0.0,0.0,0.0,0.0,10.284509886516334,24.243704701016213,0.0,0.0,0.0,0.0,0.0,0.0
CHEMBL132530,4.458364171285798,7.125362470605525,0.0,0.0,1.6595582955404378,0.0,1.507118751049804,0.0,0.0,-0.1119516093474419,0.0,0.0,0.0,0.0,0.0,0.0,0.0,10.284509886516334,24.243704701016213,0.0,0.0,0.0,0.0,0.0,0.0
CHEMBL132563,4.564479927773578,6.504266712857984,0.0,0.0,1.6685000944822366,0.0,0.7127830661585628,3.1169991129167727,0.0,-0.0276643597253716,0.0,0.0,3.0437339380196526,0.0,4.52979261148904,0.0,0.0,0.0,24.72044222936088,0.0,0.0,0.0,0.0,0.0,0.0
CHEMBL132929,0.0,0.0,0.0,18.951200134374737,-0.0490432098765434,0.0,0.0,3.591516439909298,0.0,0.0,0.0,0.0,0.0,0.0,8.004915875815346,0.0,1.8119803476946328,0.0,0.0,0.0,0.0,0.0,0.0,11.91165263430475,0.0
CHEMBL133026,2.190961829176115,0.0,0.0,23.652735103300586,0.0,0.0,0.0,4.903588330393887,0.0,-0.316033950617284,0.0,0.0,0.0,0.0,4.284776514515271,0.0,0.0,0.0,0.0,0.0,0.0,0.0,0.0,12.089527728786988,0.0
CHEMBL133079,0.0,0.0,0.0,20.03606843663391,0.0,0.0,0.0,2.570254997060555,0.0,-1.8160339506172845,0.0,0.0,0.0,0.0,4.044776514515271,0.0,0.0,0.0,0.0,0.0,0.0,16.12585978835979,0.0,11.844629769603312,0.0
CHEMBL133081,1.4391130805732524,0.3410794595616024,0.0,6.771811353763013,0.0,0.0,-0.4673075449315524,-0.473702411446401,0.0,0.0,0.0,0.0,0.0,0.0,0.0,0.0,0.0,38.20136076207778,12.09017368984631,4.930804943889324,0.0,0.0,0.0,0.0,0.0
CHEMBL133082,1.690688775510204,0.0,0.0,22.74856843663392,0.0,0.0,0.0,4.244149554883683,0.0,-0.774367283950617,0.0,0.0,0.0,0.0,4.252554292293049,0.0,0.0,0.0,0.0,6.049686318972033,0.0,0.0,0.0,12.09427546121329,0.0
CHEMBL133145,0.0,0.0,0.0,21.02192617787856,-0.0834259259259264,0.0,0.0,3.4284933232552293,0.0,0.0,0.0,0.0,0.0,0.0,4.130216364323507,0.0,2.002407407407407,0.0,0.0,0.0,0.0,0.0,0.0,12.722604875283444,0.0
CHEMBL133198,0.0,0.0,0.0,28.862406077657404,0.0,0.0,0.0,4.305838897287312,0.0,-0.6875617283950615,0.0,0.0,0.0,0.0,8.973047017160773,0.0,2.057350718065004,0.0,0.0,0.0,0.0,0.0,0.0,12.294474573780128,0.0
CHEMBL133240,4.622490210590409,7.055062698641741,0.0,10.323772814075117,1.5676888968014502,0.0,0.7391814494301077,4.446415694861764,0.0,-0.1127486667940311,0.0,0.0,0.0,0.0,5.060756330309902,0.0,1.996103946208113,0.0,25.80127662587543,0.0,0.0,0.0,0.0,0.0,0.0
CHEMBL133724,8.8815613058495,2.334917963129543,0.0,7.216000199462501,1.7653966154362966,0.0,-0.0998554421768704,0.9758812961913164,0.0,0.4296029969609515,0.0,0.0,0.0,0.0,3.994418345570041,0.0,0.0,0.0,12.397474489795918,5.854602229780802,0.0,0.0,0.0,0.0,0.0
CHEMBL134169,3.902489134542706,7.365054411227302,0.0,7.369015371778493,2.376539430587049,0.0,-0.0810648148148143,0.9349336262282696,0.0,-0.7887860213529858,0.0,0.0,0.0,0.0,4.152222773368607,0.0,0.0,0.0,12.899817176870748,6.20311224489796,0.0,0.0,0.0,0.0,0.0
CHEMBL134442,9.517654380729224,6.549598300427645,0.0,7.254744265257884,2.085611179261521,0.0,-0.0920760109599392,0.9787532675107082,0.0,0.4455003420100827,0.0,0.0,0.0,0.0,4.018589417486233,0.0,0.0,0.0,12.638580168178384,6.186378023431595,0.0,0.0,0.0,0.0,0.0
CHEMBL134509,1.93041123393802,7.415056537077641,0.0,7.341955186593308,2.1943970458553785,0.0,-0.0648611111111105,0.9511373299319732,0.0,-0.136604898904006,0.0,0.0,0.0,0.0,4.1070144400352735,0.0,0.0,0.0,12.578057917611488,6.100102985638701,0.0,0.0,0.0,0.0,0.0
CHEMBL134748,6.947458060384648,2.6149494799833,0.0,7.33323753450467,1.9962225476610385,0.0,-0.1392072940287221,0.7837516665616867,0.0,0.4338391702143055,0.0,0.0,0.0,0.0,4.176809492315445,0.0,0.0,0.0,12.046864134542703,5.722741874527589,0.0,0.0,0.0,0.0,0.0
CHEMBL135037,0.0,7.806692733222765,0.0,7.287834816222938,2.4373387503149404,0.0,-0.0694907407407401,0.9465077003023434,0.0,-0.117021565570673,0.0,0.0,0.0,0.0,4.056597773368607,0.0,0.0,0.0,12.247039399092971,5.987834467120182,0.0,0.0,0.0,0.0,0.0
CHEMBL135063,1.668204398915979,0.0,0.0,21.53092697572856,0.065437767699672,0.0,0.0,3.898878304535773,0.0,0.0,0.0,0.0,0.0,0.0,4.157575725763556,0.0,2.074452003023432,0.0,0.0,5.224473619414096,0.0,0.0,0.0,5.9911623160300405,0.0
CHEMBL135070,10.840676125388429,2.3182505878460966,0.0,7.244935384647686,1.922409559502812,0.0,-0.1160591458805737,0.9596775924876124,0.0,-0.2055981321017848,0.0,0.0,0.0,0.0,4.025529456681152,0.0,0.0,0.0,12.719233749055178,5.95761148904006,0.0,0.0,0.0,0.0,0.0
CHEMBL135095,9.509876700680271,6.516780318368696,0.0,7.303699566263201,2.079276302718311,0.0,-0.1042982331821613,0.9301421563995972,0.0,0.4366359625423482,0.0,0.0,0.0,0.0,4.101001596958037,0.0,0.0,0.0,12.631210553665912,6.179008408919124,0.0,0.0,0.0,0.0,0.0
CHEMBL135115,0.0,0.0,0.0,21.241623992189467,0.0,0.0,0.0,3.3480327748383325,0.0,-1.316033950617284,0.0,0.0,0.0,0.0,4.124776514515271,0.0,0.0,11.48089380196523,0.0,0.0,0.0,0.0,0.0,11.92626242266454,0.0
CHEMBL1351273,1.4306259168420965,1.5666738158081652,0.0,7.81685605163674,0.0,0.0,0.0,0.5021963176914488,0.0,0.0,0.0,2.497836435500126,0.0,0.0,3.91521154135146,0.0,1.866594113013365,0.0,24.50405297304107,4.9930474662484325,0.0,0.0,-3.7263149565381695,11.938775880960824,0.0
CHEMBL135172,0.0,0.0,0.0,22.201389693737585,0.0,0.0,0.0,3.826424319727893,0.0,-0.7999228395061726,0.0,0.0,2.812239508972313,0.0,13.081917482013385,0.0,1.974850718065004,0.0,0.0,0.0,0.0,0.0,0.0,12.208656672545562,0.0
CHEMBL135340,0.0,0.0,0.0,16.58893728479046,-0.1601543209876545,0.0,0.0,3.425700113378685,0.0,0.0,0.0,0.0,0.0,0.0,11.925356163041348,0.0,1.5619803476946337,0.0,0.0,0.0,0.0,0.0,0.0,11.88040263430475,0.0
CHEMBL135378,0.0,0.0,0.0,22.530187757201645,0.0,0.0,0.0,4.019879535147393,0.0,-0.7513117283950614,0.0,0.0,2.812239508972313,0.0,12.481994450043391,0.0,1.997350718065004,0.0,0.0,0.0,0.0,0.0,0.0,12.215215314520869,0.0
CHEMBL135381,4.225951121189216,0.0,0.0,23.144224300831443,0.1793518518518515,0.0,0.0,5.110167233560092,0.0,0.0,0.0,0.0,0.0,0.0,4.1921573444192495,0.0,2.148148148148148,0.0,0.0,0.0,0.0,0.0,0.0,0.0,0.0
CHEMBL135396,0.0,0.0,0.0,21.23894472089248,0.0,0.0,0.0,3.0914383345930974,0.0,-1.3709722222222225,0.0,0.0,0.0,0.0,4.12067791005291,0.0,0.0,11.516882716049384,0.0,0.0,0.0,0.0,0.0,12.208584096189917,0.0
CHEMBL135494,3.3448964521529456,0.0,0.0,21.803946523053664,0.0688076341647765,0.0,0.0,4.040423842631635,0.0,0.0,0.0,0.0,0.0,0.0,4.175120307382212,0.0,2.0869236583522297,0.0,0.0,10.479881582262536,0.0,0.0,0.0,0.0,0.0
CHEMBL135540,0.0,0.0,0.0,17.332332626466222,0.0,0.0,0.0,2.9942517006802745,0.0,-1.3902006172839507,0.0,0.0,2.976860827664399,0.0,4.214421768707483,0.0,0.0,11.31603269085412,0.0,0.0,0.0,0.0,0.0,11.861856558467007,0.0
CHEMBL135563,0.0,0.0,0.0,18.927428753394363,-0.0004320987654324,0.0,0.0,3.6460827664399096,0.0,0.0,0.0,0.0,0.0,0.0,7.780062288289802,0.0,1.9508692365835223,0.0,0.0,0.0,0.0,0.0,0.0,11.918211276280058,0.0
CHEMBL135595,0.0,0.0,0.0,17.417246420173008,-0.2666200554295801,0.0,0.0,1.5812674401716618,0.0,-4.343944267713208,0.0,0.0,0.0,0.0,4.025353503541334,0.0,1.8391203703703705,0.0,0.0,0.0,0.0,38.19460935499085,0.0,5.914078345006676,0.0
CHEMBL135606,0.0,0.0,0.0,17.456569979843792,-0.2832331821617544,0.0,0.0,1.6375623973188926,0.0,0.0,0.0,0.0,0.0,0.0,4.032157344419249,0.0,1.835648148148148,0.0,21.61711654006568,0.0,0.0,0.0,0.0,0.0,0.0
CHEMBL135633,0.0,0.0,0.0,18.736666526692986,0.0,0.0,0.0,3.0118306458385846,0.0,-1.4046450617283952,0.0,0.0,0.0,0.0,8.131383639875704,0.0,0.0,11.430616024187454,0.0,0.0,0.0,0.0,0.0,11.89970378068923,0.0
CHEMBL135709,0.0,0.0,0.0,17.097992147476273,0.0,0.0,0.0,1.846470825984716,0.0,-1.5658410493827164,0.0,0.0,0.0,0.0,4.06334906287618,0.0,0.0,11.49791761148904,0.0,0.0,0.0,13.274462563372795,0.0,12.25787106040593,0.0
CHEMBL1358,2.3025003778249378,11.958701276111988,0.0,5.916987984589773,2.01384418631121,0.0,0.0,3.04373852951516,0.0,-10.231625716404146,0.0,0.0,0.0,0.0,0.0,0.0,0.0,20.97700947791931,0.0,0.0,0.0,62.54980894003958,0.0,0.0,0.0
CHEMBL135921,0.0,0.0,0.0,17.29916923868313,0.0,0.0,0.0,3.0909793083900245,0.0,-1.3658950617283954,0.0,0.0,2.874461731194536,0.0,4.214421768707483,0.0,0.0,11.32728269085412,0.0,0.0,0.0,0.0,0.0,11.865135879454662,0.0
CHEMBL137001,0.0,0.0,0.0,24.842820977156293,0.0,0.0,0.0,4.435695861678005,0.0,-0.6402006172839503,0.0,0.0,2.9233506200834243,0.0,8.437572681335908,0.0,2.059850718065004,0.0,0.0,0.0,0.0,0.0,0.0,12.246465314520869,0.0
CHEMBL137002,1.7031712962962962,0.0,0.0,24.07892361111111,0.0646759259259255,0.0,0.0,3.21227135298564,0.0,0.0,0.0,0.0,0.0,0.0,4.171729497354497,0.0,2.090462962962963,0.0,0.0,5.512098686696901,0.0,0.0,0.0,0.0,0.0
CHEMBL137049,0.0,0.0,0.0,28.91342636334369,0.0,0.0,0.0,4.499294112706813,0.0,-0.6389506172839503,0.0,0.0,0.0,0.0,8.650901762968562,0.0,2.079850718065004,0.0,0.0,0.0,0.0,0.0,0.0,12.30103321575544,0.0
CHEMBL1371590,0.0,1.0229683956916098,0.0,18.338617104312902,0.0,0.0,0.0,1.4076743984630895,2.203542210221504,0.0,0.0,2.636600292894936,3.19026074299478,0.0,0.0,0.0,0.0,0.0,24.2106498803225,0.0,0.0,0.0,-3.426979691567985,0.0,0.0
CHEMBL137373,0.0,0.0,0.0,17.783113189720332,-0.1539814814814821,0.0,0.0,1.2652692743764191,0.0,0.0,0.0,0.0,0.0,0.0,4.044009196271101,0.0,1.9032501889644744,0.0,0.0,0.0,0.0,26.15833963214916,0.0,0.0,0.0
CHEMBL137396,0.0,0.0,0.0,28.961674680160137,0.0,0.0,0.0,4.578908310237677,0.0,-0.6164506172839503,0.0,0.0,0.0,0.0,8.483625668374344,0.0,2.092072940287226,0.0,0.0,0.0,0.0,0.0,0.0,12.305724573780129,0.0
CHEMBL137589,0.0,0.0,0.0,17.444078413258303,0.0,0.0,0.0,3.2844345238095256,0.0,-1.3172839506172842,0.0,0.0,2.7355728423056465,0.0,3.937276514515271,0.0,0.0,11.34978269085412,0.0,0.0,0.0,0.0,0.0,11.87169452142997,0.0
CHEMBL137604,0.0,0.0,0.0,24.518093330953786,0.0,0.0,0.0,4.145513038548755,0.0,-0.713117283950617,0.0,0.0,3.266860827664399,0.0,8.82547757271633,0.0,2.026100718065004,0.0,0.0,0.0,0.0,0.0,0.0,12.236627351557908,0.0
CHEMBL13784,0.0,0.6785657596371881,0.0,11.766870905769714,0.0,0.0,0.0,1.1277602985638708,0.0,0.0,0.0,0.0,0.0,0.0,3.9188564499874015,0.0,1.903935185185185,0.0,10.41956742882338,0.0,0.0,0.0,0.0,0.0,0.0
CHEMBL138538,2.0230132441712527,0.0,0.0,22.20589353951457,0.0,0.0,0.0,4.06753390862518,0.0,-1.257391975308642,0.0,0.0,0.0,0.0,4.150839614652446,0.0,0.0,11.523977702191988,0.0,0.0,0.0,0.0,0.0,5.98057841059765,0.0
CHEMBL1389987,1.8956380965984905,2.3737177710590407,0.0,10.64131865297134,0.0,0.0,-0.0758045162509442,1.509156127212134,0.0,0.0,0.0,2.868167044595616,0.0,0.0,8.055058965411703,0.0,1.985703262786596,0.0,11.747044595616025,0.0,0.0,0.0,0.0,0.0,0.0
CHEMBL1394757,1.964021164021164,1.6369768046107327,0.0,7.314801587301588,0.0,0.0,-0.3791282963802798,1.6032380112538849,0.0,-0.5817361111111112,5.642841448307718,2.4250970804988663,0.0,0.0,0.0,0.0,0.0,0.0,23.290554978164103,0.0,0.0,0.0,0.0,0.0,0.0
CHEMBL1397,3.5928167083379408,5.457624672505766,0.0,24.009525413593185,-1.0570479133418074,0.0,0.0,2.665353207941372,0.0,-1.0186011468002438,0.0,0.0,0.0,0.0,12.433177009519431,4.6709775427668845,4.461697190327402,10.053329909662123,12.98681570127924,12.410793390209696,0.0,28.68720989566117,0.0,0.0,0.0
CHEMBL1399,7.518782438901487,0.5593820861678005,0.0,9.098611347316703,0.0,4.645368008314437,0.0,2.820861678004536,0.0,-1.224876700680272,0.0,0.0,0.0,18.80673453640716,8.0512855095742,0.0,1.723851095993953,0.0,0.0,0.0,0.0,0.0,0.0,0.0,0.0
CHEMBL1399,7.518782438901487,0.5593820861678005,0.0,9.098611347316703,0.0,4.645368008314437,0.0,2.820861678004536,0.0,-1.224876700680272,0.0,0.0,0.0,18.80673453640716,8.0512855095742,0.0,1.723851095993953,0.0,0.0,0.0,0.0,0.0,0.0,0.0,0.0
CHEMBL1405,2.2178160955740323,6.343482825228857,0.0,5.897718568909045,1.8854360355253204,0.0,0.5115306122448982,3.165293931615857,0.0,-0.0321535257621565,0.0,0.0,0.0,0.0,0.0,0.0,0.0,9.66558891650477,12.261953206826044,0.0,0.0,0.0,0.0,0.0,0.0
CHEMBL1405,2.2178160955740323,6.343482825228857,0.0,5.897718568909045,1.8854360355253204,0.0,0.5115306122448982,3.165293931615857,0.0,-0.0321535257621565,0.0,0.0,0.0,0.0,0.0,0.0,0.0,9.66558891650477,12.261953206826044,0.0,0.0,0.0,0.0,0.0,0.0
CHEMBL14192,0.0,0.903611111111111,0.0,15.92943830309902,0.0,0.0,0.0,1.3013888888888892,0.0,0.0,0.0,0.0,0.0,0.0,3.981302437641723,0.0,2.050925925925926,0.0,0.0,0.0,0.0,0.0,0.0,0.0,0.0
CHEMBL1424243,0.0,0.0,0.0,18.26284188572549,0.0,0.0,0.0,3.0822229570840687,2.2588945578231296,0.0,0.0,0.0,3.380432098765432,0.0,0.0,0.0,0.0,0.0,0.0,0.0,0.0,0.0,0.0,5.960052945046331,0.0
CHEMBL1430816,4.212026014109347,1.8870483749055176,0.0,9.178159013605445,0.0,0.0,0.0,1.089675925925926,1.604079743008315,0.0,0.0,0.0,0.0,0.0,0.0,2.2147184429327287,0.0,0.0,11.123394904258,0.0,5.159233749055177,0.0,0.0,0.0,0.0
CHEMBL1444,0.0,0.0,0.0,17.886336451247168,-0.150013227513228,4.2237890526581,0.0,3.213197029041186,0.0,0.0,0.0,0.0,0.0,17.83520338668066,8.238747323003276,0.0,1.752739984882842,0.0,0.0,0.0,0.0,0.0,0.0,0.0,0.0
CHEMBL1444,0.0,0.0,0.0,17.886336451247168,-0.150013227513228,4.2237890526581,0.0,3.213197029041186,0.0,0.0,0.0,0.0,0.0,17.83520338668066,8.238747323003276,0.0,1.752739984882842,0.0,0.0,0.0,0.0,0.0,0.0,0.0,0.0
CHEMBL1454842,0.0,0.0,0.0,14.63995779793399,0.0,0.0,0.0,3.664617346938776,0.0,0.0,0.0,0.0,0.0,0.0,16.80724363819602,0.0,0.0,0.0,0.0,0.0,0.0,0.0,0.0,0.0,0.0
CHEMBL14563,3.832541230157277,1.43661553635368,0.0,14.265617808293213,0.0,0.0,-0.2108871170649666,6.114034396105365,0.0,0.0,0.0,2.874795052280171,0.0,0.0,8.442013951503437,1.6984752438752255,0.0,0.0,12.698734073149206,5.7283553759031065,0.0,0.0,0.0,6.230815560555397,0.0
CHEMBL1485809,1.578767930896254,0.6932701089695144,0.0,21.39340516856993,-0.4592520418661296,0.0,-0.4079351431930795,1.869163181888165,0.0,0.0,0.0,0.0,0.0,0.0,4.01770153620137,0.0,1.8475411522633745,0.0,12.451051272360797,16.516286833909803,0.0,0.0,0.0,0.0,0.0
CHEMBL148903,0.0,0.2388407029478458,0.0,7.007122071050642,-0.3443518518518524,0.0,-0.4337070105820102,1.4870663265306128,0.0,0.0,5.519808437263794,2.2708378212396068,0.0,0.0,0.0,0.0,0.0,0.0,22.25438350340136,0.0,0.0,0.0,0.0,0.0,0.0
CHEMBL148903,0.0,0.2388407029478458,0.0,7.007122071050642,-0.3443518518518524,0.0,-0.4337070105820102,1.4870663265306128,0.0,0.0,5.519808437263794,2.2708378212396068,0.0,0.0,0.0,0.0,0.0,0.0,22.25438350340136,0.0,0.0,0.0,0.0,0.0,0.0
CHEMBL149238,1.76265589569161,0.2041184807256235,0.0,7.036057256235829,0.0,0.0,-0.4614847883597879,1.464936696900983,0.0,-0.7452546296296296,5.562939578609221,2.3113470804988663,0.0,0.0,0.0,0.0,0.0,0.0,22.78135109599395,0.0,0.0,0.0,0.0,0.0,0.0
CHEMBL149238,1.76265589569161,0.2041184807256235,0.0,7.036057256235829,0.0,0.0,-0.4614847883597879,1.464936696900983,0.0,-0.7452546296296296,5.562939578609221,2.3113470804988663,0.0,0.0,0.0,0.0,0.0,0.0,22.78135109599395,0.0,0.0,0.0,0.0,0.0,0.0
CHEMBL149750,2.156776689453457,3.0463517835713003,0.0,11.793840438761974,0.0,0.0,0.0,2.9832735470731504,0.0,0.0,0.0,0.0,2.803473426024833,0.0,4.125757140436524,0.0,0.0,0.0,0.0,5.59052697467876,0.0,0.0,0.0,0.0,0.0
CHEMBL149791,2.142021604938272,0.8760907974300831,0.0,24.82535906026527,0.0,0.0,2.3432218442932733,3.761728814982784,0.0,0.0,0.0,0.0,0.0,0.0,0.0,0.0,0.0,19.218244544756992,0.0,0.0,0.0,0.0,0.0,0.0,0.0
CHEMBL149791,2.142021604938272,0.8760907974300831,0.0,24.82535906026527,0.0,0.0,2.3432218442932733,3.761728814982784,0.0,0.0,0.0,0.0,0.0,0.0,0.0,0.0,0.0,19.218244544756992,0.0,0.0,0.0,0.0,0.0,0.0,0.0
CHEMBL150146,2.153304467231235,3.018442259032988,0.0,13.078968040537305,0.0,0.0,0.0,2.8468889098849424,0.0,0.0,0.0,0.0,0.0,0.0,8.301163330116253,0.0,0.0,0.0,0.0,5.601232993197279,0.0,0.0,0.0,0.0,0.0
CHEMBL150278,2.1415677821990955,2.977770962736692,0.0,7.681519274376416,0.0,0.0,0.0,2.400365383807845,0.0,0.0,0.0,0.0,2.442362314913722,0.0,11.301920470552776,0.0,0.0,0.0,0.0,5.554493811413454,0.0,0.0,0.0,0.0,0.0
CHEMBL150653,2.160248911675679,3.049052400855251,0.0,15.819675369573908,0.0,0.0,0.0,3.0409081842613594,0.0,0.0,0.0,0.0,0.0,0.0,4.313257140436524,0.0,0.0,0.0,0.0,5.616857993197279,0.0,0.0,0.0,0.0,0.0
CHEMBL150681,2.1491722358262764,3.012061373153996,0.0,11.33189599431753,0.0,0.0,0.0,2.691819465440497,0.0,0.0,0.0,0.0,0.0,0.0,3.675406189679729,0.0,0.0,0.0,0.0,5.572510393046107,5.067134348535864,0.0,0.0,0.0,0.0
CHEMBL150799,2.144557350718065,2.9274444129503654,0.0,11.320592954774504,0.0,0.0,0.0,2.55176067649282,0.0,0.0,0.0,0.0,0.0,0.0,3.705569019274376,0.0,0.0,0.0,0.0,5.713564814814815,5.136510770975057,0.0,0.0,0.0,0.0
CHEMBL150999,2.156116680270721,3.042671514976259,0.0,11.55876726578296,0.0,0.0,0.0,2.885838739816915,0.0,0.0,0.0,0.0,3.0732688212260726,0.0,4.195201584880968,0.0,0.0,0.0,0.0,5.588135393046107,0.0,0.0,0.0,0.0,0.0
CHEMBL151,0.0,0.0,0.0,7.370199003971551,0.0,0.0,0.0,-0.7649848303518929,-0.025819370958259,0.0,0.0,0.0,0.0,0.0,0.0,0.0,0.0,37.89433945029904,12.043337270093222,0.0,5.472451814058957,0.0,0.0,0.0,0.0
CHEMBL151037,4.1069984812999785,3.0537123207613828,0.0,11.972729327650864,0.0,0.0,0.0,3.210479707315025,0.0,0.0,0.0,0.0,0.0,0.0,4.161517300790839,0.0,1.8680027242378432,0.0,0.0,5.626560137944066,0.0,0.0,0.0,0.0,0.0
CHEMBL151038,4.135551052466186,3.00941319524698,0.0,9.643337714524131,0.0,0.0,0.0,3.80274947800516,0.0,0.0,0.0,0.0,0.0,0.0,3.7749432267167657,0.0,0.0,0.0,0.0,5.602750614134543,5.197921385572901,0.0,0.0,0.0,0.0
CHEMBL151096,2.1498322450090126,3.015741641749037,0.0,10.949951549873086,0.0,0.0,0.0,2.7892542726967333,0.0,0.0,0.0,0.0,0.0,0.0,4.084090473769857,0.0,0.0,0.0,0.0,5.57490197467876,4.936227842223513,0.0,0.0,0.0,0.0
CHEMBL151207,4.145400235520185,3.050490037893537,0.0,11.91733953766692,0.0,0.0,0.0,3.056251014230813,0.0,0.0,0.0,0.0,0.0,0.0,4.207813597087136,0.0,2.005115347064752,0.0,0.0,5.617590230536659,0.0,0.0,0.0,0.0,0.0
CHEMBL151212,1.91124716553288,0.8340702947845803,0.0,7.138557256235828,0.0,0.0,-0.4088458994708988,1.5067450869236587,0.0,-0.7035879629629631,5.6043936602418745,2.3625970804988663,0.0,0.0,0.0,0.0,0.0,0.0,23.17148998488284,0.0,0.0,0.0,0.0,0.0,0.0
CHEMBL151212,1.91124716553288,0.8340702947845803,0.0,7.138557256235828,0.0,0.0,-0.4088458994708988,1.5067450869236587,0.0,-0.7035879629629631,5.6043936602418745,2.3625970804988663,0.0,0.0,0.0,0.0,0.0,0.0,23.17148998488284,0.0,0.0,0.0,0.0,0.0,0.0
CHEMBL151449,2.1471239116756795,2.9768728741496595,0.0,11.336439830561854,0.0,0.0,0.0,2.6340648095658024,0.0,0.0,0.0,0.0,0.0,0.0,3.687831970368496,0.0,0.0,0.0,0.0,5.6230385487528345,5.094628054925674,0.0,0.0,0.0,0.0
CHEMBL151646,2.1615689300411525,3.0564129380453333,0.0,15.81169298699737,0.0,0.0,0.0,3.2357777987738308,0.0,0.0,0.0,0.0,0.0,0.0,4.1129061896797285,0.0,0.0,0.0,0.0,5.6216411564625846,0.0,0.0,0.0,0.0,0.0
CHEMBL151691,3.314955278407659,0.2284240362811789,0.0,7.103835034013605,0.0,0.0,-0.2855588624338621,1.4878491118669697,0.0,-0.736574074074074,5.5954434366339125,0.0,0.0,0.0,0.0,1.190830498866213,0.0,0.0,23.517462207105066,0.0,0.0,0.0,0.0,0.0,0.0
CHEMBL151691,3.314955278407659,0.2284240362811789,0.0,7.103835034013605,0.0,0.0,-0.2855588624338621,1.4878491118669697,0.0,-0.736574074074074,5.5954434366339125,0.0,0.0,0.0,0.0,1.190830498866213,0.0,0.0,23.517462207105066,0.0,0.0,0.0,0.0,0.0,0.0
CHEMBL1521315,1.6437862447466385,2.016932135508524,0.0,9.742981153899574,0.0,0.0,-0.3021008125472406,0.7987538048838561,0.0,0.0,0.0,2.751715797430083,0.0,0.0,3.929821825072269,0.0,1.9195195400372167,0.0,22.79275977976017,0.0,0.0,0.0,0.0,0.0,0.0
CHEMBL152237,6.100530042314855,7.408883844413697,0.0,0.0,1.6993300684471315,0.0,2.685553402267193,0.0,0.0,-0.0537970311581421,0.0,0.0,0.0,0.0,0.0,0.0,0.0,0.0,36.6629204687308,0.0,0.0,0.0,0.0,0.0,0.0
CHEMBL1538978,1.1362976068143815,2.3003813164238505,1.515811495703271,11.778230338215783,0.0,0.0,-0.1881412719408741,0.9837895361312574,0.0,0.0,0.0,2.844766195830184,0.0,0.0,3.9590754840561977,1.2289714299318235,1.9447706737198496,0.0,35.7412995487715,0.0,0.0,0.0,-3.398226976880476,0.0,0.0
CHEMBL154104,6.847411691209491,9.215571165947248,0.0,0.0,1.984111998194339,0.0,3.516915370442383,0.0,0.0,0.172149470899471,0.0,0.0,0.0,0.0,0.0,0.0,0.0,0.0,24.9848536909152,0.0,0.0,0.0,0.0,0.0,0.0
CHEMBL154918,6.90483735480617,10.42654326800611,0.0,0.0,1.982987633324934,0.0,3.558130935180676,0.0,0.0,0.1695338902319425,0.0,0.0,0.0,0.0,0.0,0.0,0.0,0.0,25.133841417169407,0.0,0.0,0.0,0.0,0.0,0.0
CHEMBL15594,2.231384832670723,9.921986056503478,17.418473811138348,0.0,0.0,0.0,-0.7121413840004573,0.0,0.0,0.0,0.0,0.0,0.0,0.0,0.0,0.0,0.0,8.493155155261592,10.313808195092982,0.0,0.0,0.0,0.0,0.0,0.0
CHEMBL1571,4.439452685395146,5.705676781515076,5.76834115436298,0.0,1.659196428571428,0.0,1.4294364723429938,0.0,0.0,-0.2342352450239351,0.0,0.0,0.0,0.0,0.0,0.0,0.0,0.0,23.44504833701285,5.787083385823466,0.0,0.0,0.0,0.0,0.0
CHEMBL157101,1.6177670952231942,4.185350943007786,0.0,18.56264271715396,-0.2920361229273844,0.0,0.1285999941915376,3.5931261165224653,0.0,-1.0810780009922878,0.0,0.0,0.0,0.0,4.125039726047292,4.151960072600888,1.8919902343358297,0.0,11.55334279947623,18.712909891078528,0.0,0.0,0.0,12.655940089837516,0.0
CHEMBL157101,1.6177670952231942,4.185350943007786,0.0,18.56264271715396,-0.2920361229273844,0.0,0.1285999941915376,3.5931261165224653,0.0,-1.0810780009922878,0.0,0.0,0.0,0.0,4.125039726047292,4.151960072600888,1.8919902343358297,0.0,11.55334279947623,18.712909891078528,0.0,0.0,0.0,12.655940089837516,0.0
CHEMBL157925,0.0,0.6543102796674224,0.0,11.65533352229781,0.0,0.0,0.0,1.0339351851851857,1.1972968631897207,0.0,0.0,0.0,0.0,0.0,7.468615152851264,0.0,1.849418461829176,0.0,11.521789651045603,0.0,5.311803193499622,0.0,0.0,0.0,0.0
CHEMBL158325,6.448475471079413,5.966684847339609,5.753861725245654,0.0,1.2211418178382465,0.0,1.894639608285668,0.0,0.0,-0.0604030454774502,0.0,0.0,0.0,0.0,0.0,0.0,0.0,0.0,23.94226624235553,0.0,0.0,0.0,0.0,0.0,0.0
CHEMBL158326,6.170519669657477,5.274545068027211,5.733703546233308,0.0,1.2193768896447466,0.0,1.800734192596793,0.0,0.0,-0.067568932665659,0.0,0.0,0.0,0.0,0.0,0.0,0.0,0.0,23.53535623317279,0.0,0.0,0.0,0.0,0.0,0.0
CHEMBL158397,6.032694005080299,6.07942552175191,5.761557758102221,0.0,1.2745956160241871,0.0,1.2816391355925092,0.0,0.0,0.1648852828168303,0.0,0.0,0.0,0.0,0.0,0.0,0.0,0.0,22.770900551033648,5.300968796265063,0.0,0.0,0.0,0.0,0.0
CHEMBL158600,4.381265169648106,5.263638038548753,6.880318772570757,0.0,1.230395408163265,0.0,1.4540929836440752,0.0,0.0,-0.0615220694759386,0.0,0.0,0.0,0.0,0.0,0.0,0.0,0.0,22.85181169690098,0.0,0.0,0.0,0.0,0.0,0.0
CHEMBL158635,1.588088466868229,0.397351347946586,0.0,20.093425773661163,0.0,0.0,0.0,2.679052185689091,1.049241307634165,0.0,0.0,0.0,0.0,0.0,4.04920125939877,0.0,1.855208333333333,0.0,13.113905895691609,5.248796026904793,6.13734410430839,0.0,0.0,0.0,0.0
CHEMBL158717,4.112604927773578,4.421801303854875,5.572438114134542,0.0,0.9482657785336356,0.0,0.6982341925967925,0.0,0.0,-0.593646030171328,0.0,0.0,0.0,0.0,0.0,0.0,0.0,9.449114442455894,23.05785393748868,0.0,0.0,0.0,0.0,0.0,0.0
CHEMBL158984,0.0,0.7168102796674224,0.0,13.852026145334676,0.0,0.0,0.0,1.0739351851851855,1.2333300264550269,0.0,0.0,0.0,0.0,0.0,3.984307576425632,0.0,1.9605295729402872,0.0,11.531789651045605,0.0,5.327428193499622,0.0,0.0,0.0,0.0
CHEMBL159073,0.0,0.3985858371126225,0.0,14.73169850540206,0.0,0.0,0.0,0.4262381897203332,0.965902987738306,0.0,0.0,0.0,0.0,0.0,3.974069346491785,0.0,1.801382275132275,0.0,24.125609882842028,0.0,5.859566326530612,0.0,0.0,0.0,0.0
CHEMBL1601919,0.0,0.0,0.0,19.849853237591333,0.0,0.0,0.0,4.254608843537416,0.0,0.0,0.0,0.0,0.0,0.0,8.736948538674728,0.0,0.0,0.0,0.0,0.0,0.0,0.0,0.0,0.0,0.0
CHEMBL1601919,0.0,0.0,0.0,19.849853237591333,0.0,0.0,0.0,4.254608843537416,0.0,0.0,0.0,0.0,0.0,0.0,8.736948538674728,0.0,0.0,0.0,0.0,0.0,0.0,0.0,0.0,0.0,0.0
CHEMBL160271,6.249603384563702,3.6017188681027967,5.588364040060469,0.0,1.071555650037792,0.0,0.6915198124002695,0.0,0.0,-0.6548960301713276,0.0,0.0,0.0,0.0,0.0,0.0,0.0,9.619531109122558,23.33260316588374,0.0,0.0,0.0,0.0,0.0,0.0
CHEMBL161230,0.0,0.5368669690098261,0.0,11.306468568909048,0.0,2.0177272297808013,0.0,1.1698436318972036,0.7943197278911571,0.0,0.0,0.0,0.0,9.061864449483496,3.9679628054925673,0.0,1.868866213151928,0.0,11.882827853363567,0.0,5.430029289493575,0.0,0.0,0.0,0.0
CHEMBL161530,0.0,0.6217592592592591,0.0,11.976731623204838,0.0,0.0,0.0,1.6991954837490555,1.1950836167800454,0.0,0.0,0.0,0.0,0.0,3.994876385739481,0.0,1.9262641723356009,0.0,11.845050075585789,0.0,5.48947373393802,0.0,0.0,0.0,3.380634054547745
CHEMBL162431,0.0,0.3094425547996975,0.0,11.936647665238937,0.0,0.0,0.0490740740740747,1.3260007768539517,0.0,0.0,5.536354560342655,0.0,0.0,0.0,3.873758713361888,0.0,1.734811980347695,0.0,11.733909674981104,0.0,0.0,0.0,0.0,0.0,0.0
CHEMBL162496,2.024452160493828,0.8031169690098262,0.0,11.260280376039304,0.0,2.105265810027715,0.0,3.0097803550432527,0.0,0.0,0.0,0.0,0.0,8.664069244981944,4.0622206475182665,0.0,2.0708144368858656,0.0,0.0,0.0,0.0,0.0,0.0,0.0,0.0
CHEMBL162549,0.0,0.1783838813303098,0.0,10.367830197633587,0.0,0.0,-0.1130574452003014,0.4245192953724706,0.0,0.0,0.0,0.0,0.0,0.0,3.827643010882549,0.0,1.6426051902242378,0.0,22.22135634001841,0.0,0.0,0.0,0.0,0.0,0.0
CHEMBL162585,0.0,2.2166881613756613,0.0,11.666669264928196,0.3937433862433861,2.1397557634164777,0.0,3.2756585674393217,0.0,0.0,0.0,0.0,0.0,8.753338661081717,4.163887314184933,0.0,2.223592214663644,0.0,0.0,0.0,0.0,0.0,0.0,0.0,0.0
CHEMBL1627334,2.2484873918703285,6.117582803183002,0.0,3.188212474804737,1.377067586293776,0.0,0.0,1.5283486210842372,0.0,0.0636248897707232,0.0,0.0,0.0,0.0,0.0,0.0,0.0,19.945825591038883,0.0,0.0,0.0,13.780850641954313,0.0,0.0,0.0
CHEMBL1627334,2.2484873918703285,6.117582803183002,0.0,3.188212474804737,1.377067586293776,0.0,0.0,1.5283486210842372,0.0,0.0636248897707232,0.0,0.0,0.0,0.0,0.0,0.0,0.0,19.945825591038883,0.0,0.0,0.0,13.780850641954313,0.0,0.0,0.0
CHEMBL1627337,2.2484873918703285,5.799819197740825,0.0,3.4369624748047367,1.377067586293776,0.0,0.0,1.2206171396027554,0.0,0.0636248897707232,0.0,0.0,0.0,0.0,0.0,0.0,0.0,19.945825591038883,0.0,0.0,0.0,14.15759572887797,0.0,0.0,0.0
CHEMBL1627841,2.2725614659444027,6.344372139287814,0.7554481476232466,3.7173791414714032,1.5619953073822113,0.0,0.0,3.0226078803434966,0.0,0.0863872354497354,0.0,0.0,0.0,0.0,0.0,0.0,0.0,20.332561128228967,11.156687554268723,0.0,0.0,0.0,0.0,0.0,0.0
CHEMBL1628064,2.3133022066851434,6.770381248950198,0.0,4.09967080813807,1.904858591584781,0.0,0.0,3.962306954417571,0.0,0.1456561397707232,0.0,0.0,0.0,0.0,0.0,0.0,0.0,20.326450591038885,0.0,0.0,0.0,0.0,0.0,0.0,3.47737345941463
CHEMBL1628064,2.3133022066851434,6.770381248950198,0.0,4.09967080813807,1.904858591584781,0.0,0.0,3.962306954417571,0.0,0.1456561397707232,0.0,0.0,0.0,0.0,0.0,0.0,0.0,20.326450591038885,0.0,0.0,0.0,0.0,0.0,0.0,3.47737345941463
CHEMBL162834,0.0,4.742916587931469,0.0,11.84304114701436,0.3729100529100526,2.164447121441169,0.0,3.315033567439322,0.0,0.0,0.0,0.0,0.0,8.843338661081717,4.2655539808516,0.0,2.286092214663644,0.0,0.0,0.0,0.0,0.0,0.0,0.0,0.0
CHEMBL1629800,4.856985308012094,9.93749220521542,4.936612037561939,0.0,3.249552626606197,0.0,0.5803393749475101,0.0,0.0,0.5828409627739989,0.0,0.0,0.0,0.0,0.0,0.0,0.0,0.0,12.356177484882842,0.0,0.0,0.0,0.0,0.0,0.0
CHEMBL1629800,4.856985308012094,9.93749220521542,4.936612037561939,0.0,3.249552626606197,0.0,0.5803393749475101,0.0,0.0,0.5828409627739989,0.0,0.0,0.0,0.0,0.0,0.0,0.0,0.0,12.356177484882842,0.0,0.0,0.0,0.0,0.0,0.0
CHEMBL1629800,4.856985308012094,9.93749220521542,4.936612037561939,0.0,3.249552626606197,0.0,0.5803393749475101,0.0,0.0,0.5828409627739989,0.0,0.0,0.0,0.0,0.0,0.0,0.0,0.0,12.356177484882842,0.0,0.0,0.0,0.0,0.0,0.0
CHEMBL1629801,4.978950066137566,10.502604324137064,4.968281276245065,0.0,3.450527814520869,0.0,0.0,0.0,0.0,0.8069528297430085,0.0,0.0,0.0,0.0,0.0,0.0,0.0,10.459350355883094,0.0,0.0,0.0,0.0,0.0,0.0,0.0
CHEMBL1629801,4.978950066137566,10.502604324137064,4.968281276245065,0.0,3.450527814520869,0.0,0.0,0.0,0.0,0.8069528297430085,0.0,0.0,0.0,0.0,0.0,0.0,0.0,10.459350355883094,0.0,0.0,0.0,0.0,0.0,0.0,0.0
CHEMBL1629802,4.865447242168472,9.893490672503567,0.0,0.0,4.416866247270512,0.0,0.5763527494331069,0.0,0.0,0.546822562358277,0.0,0.0,0.0,0.0,0.0,0.0,0.0,0.0,12.406074604224408,5.961612588708324,0.0,0.0,0.0,0.0,0.0
CHEMBL1629802,4.865447242168472,9.893490672503567,0.0,0.0,4.416866247270512,0.0,0.5763527494331069,0.0,0.0,0.546822562358277,0.0,0.0,0.0,0.0,0.0,0.0,0.0,0.0,12.406074604224408,5.961612588708324,0.0,0.0,0.0,0.0,0.0
CHEMBL1629802,4.865447242168472,9.893490672503567,0.0,0.0,4.416866247270512,0.0,0.5763527494331069,0.0,0.0,0.546822562358277,0.0,0.0,0.0,0.0,0.0,0.0,0.0,0.0,12.406074604224408,5.961612588708324,0.0,0.0,0.0,0.0,0.0
CHEMBL1629803,4.987412000293945,10.458602791425212,0.0,0.0,4.64140882201646,0.0,0.0,0.0,0.0,0.7709344293272865,0.0,0.0,0.0,0.0,0.0,0.0,0.0,10.499247475224658,0.0,5.975727815045772,0.0,0.0,0.0,0.0,0.0
CHEMBL1629803,4.987412000293945,10.458602791425212,0.0,0.0,4.64140882201646,0.0,0.0,0.0,0.0,0.7709344293272865,0.0,0.0,0.0,0.0,0.0,0.0,0.0,10.499247475224658,0.0,5.975727815045772,0.0,0.0,0.0,0.0,0.0
CHEMBL1629804,4.839318389392794,11.286386618690685,2.5628211608717564,0.0,2.4039597505668926,0.0,2.3555673920802893,0.0,0.0,0.5293108701814062,0.0,0.0,0.0,0.0,0.0,0.0,0.0,0.0,12.355969151549507,0.0,0.0,0.0,0.0,0.0,0.0
CHEMBL1629804,4.839318389392794,11.286386618690685,2.5628211608717564,0.0,2.4039597505668926,0.0,2.3555673920802893,0.0,0.0,0.5293108701814062,0.0,0.0,0.0,0.0,0.0,0.0,0.0,0.0,12.355969151549507,0.0,0.0,0.0,0.0,0.0,0.0
CHEMBL1629804,4.839318389392794,11.286386618690685,2.5628211608717564,0.0,2.4039597505668926,0.0,2.3555673920802893,0.0,0.0,0.5293108701814062,0.0,0.0,0.0,0.0,0.0,0.0,0.0,0.0,12.355969151549507,0.0,0.0,0.0,0.0,0.0,0.0
CHEMBL1629805,2.2371684460821366,10.492120745674812,2.434071160871756,0.0,1.9028023431594847,0.0,2.082785362601832,0.0,0.0,0.0434832057823131,0.0,0.0,0.0,0.0,0.0,0.0,0.0,10.264774738599144,12.376127330561854,0.0,0.0,0.0,0.0,0.0,0.0
CHEMBL1629805,2.2371684460821366,10.492120745674812,2.434071160871756,0.0,1.9028023431594847,0.0,2.082785362601832,0.0,0.0,0.0434832057823131,0.0,0.0,0.0,0.0,0.0,0.0,0.0,10.264774738599144,12.376127330561854,0.0,0.0,0.0,0.0,0.0,0.0
CHEMBL1629805,2.2371684460821366,10.492120745674812,2.434071160871756,0.0,1.9028023431594847,0.0,2.082785362601832,0.0,0.0,0.0434832057823131,0.0,0.0,0.0,0.0,0.0,0.0,0.0,10.264774738599144,12.376127330561854,0.0,0.0,0.0,0.0,0.0,0.0
CHEMBL1629806,4.612732032627866,8.641578417632484,2.3313396793902745,0.0,1.5233134920634912,0.0,1.8319468327454445,0.0,0.0,0.125676610922147,0.0,0.0,0.0,0.0,0.0,0.0,0.0,10.725084089191231,12.374995512093726,0.0,0.0,0.0,0.0,0.0,0.0
CHEMBL1629806,4.612732032627866,8.641578417632484,2.3313396793902745,0.0,1.5233134920634912,0.0,1.8319468327454445,0.0,0.0,0.125676610922147,0.0,0.0,0.0,0.0,0.0,0.0,0.0,10.725084089191231,12.374995512093726,0.0,0.0,0.0,0.0,0.0,0.0
CHEMBL1629806,4.612732032627866,8.641578417632484,2.3313396793902745,0.0,1.5233134920634912,0.0,1.8319468327454445,0.0,0.0,0.125676610922147,0.0,0.0,0.0,0.0,0.0,0.0,0.0,10.725084089191231,12.374995512093726,0.0,0.0,0.0,0.0,0.0,0.0
CHEMBL1630260,6.7066767254619855,10.99561919335328,0.0,0.0,1.9261007028819075,0.0,2.9149226223468303,0.0,0.0,0.1247967721995957,0.0,0.0,0.0,0.0,0.0,0.0,0.0,0.0,24.64230843208512,5.856242218337952,0.0,0.0,0.0,0.0,0.0
CHEMBL1630260,6.7066767254619855,10.99561919335328,0.0,0.0,1.9261007028819075,0.0,2.9149226223468303,0.0,0.0,0.1247967721995957,0.0,0.0,0.0,0.0,0.0,0.0,0.0,0.0,24.64230843208512,5.856242218337952,0.0,0.0,0.0,0.0,0.0
CHEMBL1630261,4.612732032627866,8.641578417632484,2.3313396793902745,0.0,1.5233134920634912,0.0,1.8319468327454445,0.0,0.0,0.125676610922147,0.0,0.0,0.0,0.0,0.0,0.0,0.0,10.725084089191231,12.374995512093726,0.0,0.0,0.0,0.0,0.0,0.0
CHEMBL1630261,4.612732032627866,8.641578417632484,2.3313396793902745,0.0,1.5233134920634912,0.0,1.8319468327454445,0.0,0.0,0.125676610922147,0.0,0.0,0.0,0.0,0.0,0.0,0.0,10.725084089191231,12.374995512093726,0.0,0.0,0.0,0.0,0.0,0.0
CHEMBL1630261,4.612732032627866,8.641578417632484,2.3313396793902745,0.0,1.5233134920634912,0.0,1.8319468327454445,0.0,0.0,0.125676610922147,0.0,0.0,0.0,0.0,0.0,0.0,0.0,10.725084089191231,12.374995512093726,0.0,0.0,0.0,0.0,0.0,0.0
CHEMBL1630262,6.859111941896883,13.37149905989632,0.0,0.0,1.923120244572195,0.0,2.966682406352112,0.0,0.0,0.1201892541156581,0.0,0.0,0.0,0.0,0.0,0.0,0.0,0.0,24.96365374104203,5.962410018791467,0.0,0.0,0.0,0.0,0.0
CHEMBL1630262,6.859111941896883,13.37149905989632,0.0,0.0,1.923120244572195,0.0,2.966682406352112,0.0,0.0,0.1201892541156581,0.0,0.0,0.0,0.0,0.0,0.0,0.0,0.0,24.96365374104203,5.962410018791467,0.0,0.0,0.0,0.0,0.0
CHEMBL1630263,4.6656285417824925,9.36987016384728,0.0,9.331727427242676,1.8365257376034787,0.0,2.6340213324713897,0.6245032427188815,0.0,0.0520354808941918,0.0,0.0,0.0,0.0,0.0,0.0,0.0,0.0,25.31713104028684,6.001890366486101,0.0,0.0,0.0,0.0,0.0
CHEMBL1630263,4.6656285417824925,9.36987016384728,0.0,9.331727427242676,1.8365257376034787,0.0,2.6340213324713897,0.6245032427188815,0.0,0.0520354808941918,0.0,0.0,0.0,0.0,0.0,0.0,0.0,0.0,25.31713104028684,6.001890366486101,0.0,0.0,0.0,0.0,0.0
CHEMBL1630263,4.6656285417824925,9.36987016384728,0.0,9.331727427242676,1.8365257376034787,0.0,2.6340213324713897,0.6245032427188815,0.0,0.0520354808941918,0.0,0.0,0.0,0.0,0.0,0.0,0.0,0.0,25.31713104028684,6.001890366486101,0.0,0.0,0.0,0.0,0.0
CHEMBL1630264,6.171270783055595,9.59714766768992,0.0,0.0,1.928646489459981,0.0,2.7424358689884487,0.0,0.0,0.130003123162846,0.0,0.0,0.0,0.0,0.0,0.0,0.0,0.0,23.98147607152748,5.615686662782397,0.0,0.0,0.0,0.0,0.0
CHEMBL1630264,6.171270783055595,9.59714766768992,0.0,0.0,1.928646489459981,0.0,2.7424358689884487,0.0,0.0,0.130003123162846,0.0,0.0,0.0,0.0,0.0,0.0,0.0,0.0,23.98147607152748,5.615686662782397,0.0,0.0,0.0,0.0,0.0
CHEMBL1630264,6.171270783055595,9.59714766768992,0.0,0.0,1.928646489459981,0.0,2.7424358689884487,0.0,0.0,0.130003123162846,0.0,0.0,0.0,0.0,0.0,0.0,0.0,0.0,23.98147607152748,5.615686662782397,0.0,0.0,0.0,0.0,0.0
CHEMBL1630265,3.648773145111529,8.616636518785914,0.0,0.0,1.4274890820525736,0.0,2.253024020915886,0.0,0.0,-0.3558245412362468,0.0,0.0,0.0,0.0,0.0,0.0,0.0,10.48286289052658,24.02746333217248,5.566242218337953,0.0,0.0,0.0,0.0,0.0
CHEMBL1630265,3.648773145111529,8.616636518785914,0.0,0.0,1.4274890820525736,0.0,2.253024020915886,0.0,0.0,-0.3558245412362468,0.0,0.0,0.0,0.0,0.0,0.0,0.0,10.48286289052658,24.02746333217248,5.566242218337953,0.0,0.0,0.0,0.0,0.0
CHEMBL1630266,2.160165422650542,7.826479211283278,2.2025896793902744,0.0,0.8667394179894168,0.0,1.5591648032669865,0.0,0.0,-0.3601510534769463,0.0,0.0,0.0,0.0,0.0,0.0,0.0,21.01652549445704,12.39515369110607,0.0,0.0,0.0,0.0,0.0,0.0
CHEMBL1630266,2.160165422650542,7.826479211283278,2.2025896793902744,0.0,0.8667394179894168,0.0,1.5591648032669865,0.0,0.0,-0.3601510534769463,0.0,0.0,0.0,0.0,0.0,0.0,0.0,21.01652549445704,12.39515369110607,0.0,0.0,0.0,0.0,0.0,0.0
CHEMBL1630266,2.160165422650542,7.826479211283278,2.2025896793902744,0.0,0.8667394179894168,0.0,1.5591648032669865,0.0,0.0,-0.3601510534769463,0.0,0.0,0.0,0.0,0.0,0.0,0.0,21.01652549445704,12.39515369110607,0.0,0.0,0.0,0.0,0.0,0.0
CHEMBL1630267,2.160165422650542,7.826479211283278,2.2025896793902744,0.0,0.8667394179894168,0.0,1.5591648032669865,0.0,0.0,-0.3601510534769463,0.0,0.0,0.0,0.0,0.0,0.0,0.0,21.01652549445704,12.39515369110607,0.0,0.0,0.0,0.0,0.0,0.0
CHEMBL1630267,2.160165422650542,7.826479211283278,2.2025896793902744,0.0,0.8667394179894168,0.0,1.5591648032669865,0.0,0.0,-0.3601510534769463,0.0,0.0,0.0,0.0,0.0,0.0,0.0,21.01652549445704,12.39515369110607,0.0,0.0,0.0,0.0,0.0,0.0
CHEMBL1630267,2.160165422650542,7.826479211283278,2.2025896793902744,0.0,0.8667394179894168,0.0,1.5591648032669865,0.0,0.0,-0.3601510534769463,0.0,0.0,0.0,0.0,0.0,0.0,0.0,21.01652549445704,12.39515369110607,0.0,0.0,0.0,0.0,0.0,0.0
CHEMBL1630268,4.636880117787856,8.602541427836567,2.3606443688586545,0.0,1.7558699976904328,0.0,1.8587824126564207,0.0,0.0,0.1703410808767953,0.0,0.0,0.0,0.0,0.0,0.0,0.0,10.417611738368189,12.363995522591752,0.0,0.0,0.0,0.0,0.0,0.0
CHEMBL1630268,4.636880117787856,8.602541427836567,2.3606443688586545,0.0,1.7558699976904328,0.0,1.8587824126564207,0.0,0.0,0.1703410808767953,0.0,0.0,0.0,0.0,0.0,0.0,0.0,10.417611738368189,12.363995522591752,0.0,0.0,0.0,0.0,0.0,0.0
CHEMBL1630269,6.159118005277817,8.461912879330132,2.391338813303099,0.0,1.8407948318216167,0.0,1.7317798210754565,0.0,0.0,0.0982873257327625,0.0,0.0,0.0,0.0,0.0,0.0,0.0,0.0,23.98233166067672,5.66776999611573,0.0,0.0,0.0,0.0,0.0
CHEMBL1630269,6.159118005277817,8.461912879330132,2.391338813303099,0.0,1.8407948318216167,0.0,1.7317798210754565,0.0,0.0,0.0982873257327625,0.0,0.0,0.0,0.0,0.0,0.0,0.0,0.0,23.98233166067672,5.66776999611573,0.0,0.0,0.0,0.0,0.0
CHEMBL1630270,6.159118005277817,8.461912879330132,2.3913388133031,0.0,1.8407948318216163,0.0,1.7317798210754562,0.0,0.0,0.0982873257327623,0.0,0.0,0.0,0.0,0.0,0.0,0.0,0.0,23.98233166067672,5.66776999611573,0.0,0.0,0.0,0.0,0.0
CHEMBL1630270,6.159118005277817,8.461912879330132,2.3913388133031,0.0,1.8407948318216163,0.0,1.7317798210754562,0.0,0.0,0.0982873257327623,0.0,0.0,0.0,0.0,0.0,0.0,0.0,0.0,23.98233166067672,5.66776999611573,0.0,0.0,0.0,0.0,0.0
CHEMBL1630271,3.6470370340004177,7.61973506375946,2.262588813303099,0.0,1.1842207577475423,0.0,1.3844513063362271,0.0,0.0,-0.3875403386663301,0.0,0.0,0.0,0.0,0.0,0.0,0.0,10.476196223859915,24.02831892132172,5.618325551671286,0.0,0.0,0.0,0.0,0.0
CHEMBL1630271,3.6470370340004177,7.61973506375946,2.262588813303099,0.0,1.1842207577475423,0.0,1.3844513063362271,0.0,0.0,-0.3875403386663301,0.0,0.0,0.0,0.0,0.0,0.0,0.0,10.476196223859915,24.02831892132172,5.618325551671286,0.0,0.0,0.0,0.0,0.0
CHEMBL1630272,4.636880117787856,8.602541427836567,2.3606443688586545,0.0,1.7558699976904328,0.0,1.8587824126564207,0.0,0.0,0.1703410808767953,0.0,0.0,0.0,0.0,0.0,0.0,0.0,10.417611738368189,12.363995522591752,0.0,0.0,0.0,0.0,0.0,0.0
CHEMBL1630272,4.636880117787856,8.602541427836567,2.3606443688586545,0.0,1.7558699976904328,0.0,1.8587824126564207,0.0,0.0,0.1703410808767953,0.0,0.0,0.0,0.0,0.0,0.0,0.0,10.417611738368189,12.363995522591752,0.0,0.0,0.0,0.0,0.0,0.0
CHEMBL1630273,2.184313507810532,7.78744222148736,2.2318943688586543,0.0,1.0992959236163586,0.0,1.5860003831779632,0.0,0.0,-0.3154865835222977,0.0,0.0,0.0,0.0,0.0,0.0,0.0,20.709053143633994,12.3841537016041,0.0,0.0,0.0,0.0,0.0,0.0
CHEMBL1630273,2.184313507810532,7.78744222148736,2.2318943688586543,0.0,1.0992959236163586,0.0,1.5860003831779632,0.0,0.0,-0.3154865835222977,0.0,0.0,0.0,0.0,0.0,0.0,0.0,20.709053143633994,12.3841537016041,0.0,0.0,0.0,0.0,0.0,0.0
CHEMBL1630273,2.184313507810532,7.78744222148736,2.2318943688586543,0.0,1.0992959236163586,0.0,1.5860003831779632,0.0,0.0,-0.3154865835222977,0.0,0.0,0.0,0.0,0.0,0.0,0.0,20.709053143633994,12.3841537016041,0.0,0.0,0.0,0.0,0.0,0.0
CHEMBL1630274,2.184313507810532,7.78744222148736,2.2318943688586543,0.0,1.0992959236163586,0.0,1.5860003831779632,0.0,0.0,-0.3154865835222977,0.0,0.0,0.0,0.0,0.0,0.0,0.0,20.709053143633994,12.3841537016041,0.0,0.0,0.0,0.0,0.0,0.0
CHEMBL1630274,2.184313507810532,7.78744222148736,2.2318943688586543,0.0,1.0992959236163586,0.0,1.5860003831779632,0.0,0.0,-0.3154865835222977,0.0,0.0,0.0,0.0,0.0,0.0,0.0,20.709053143633994,12.3841537016041,0.0,0.0,0.0,0.0,0.0,0.0
CHEMBL1630274,2.184313507810532,7.78744222148736,2.2318943688586543,0.0,1.0992959236163586,0.0,1.5860003831779632,0.0,0.0,-0.3154865835222977,0.0,0.0,0.0,0.0,0.0,0.0,0.0,20.709053143633994,12.3841537016041,0.0,0.0,0.0,0.0,0.0,0.0
CHEMBL1630275,4.019369453398133,8.58975546159822,2.3881443688586548,0.0,1.82814607478794,0.0,1.8704756918199383,0.0,0.0,-0.1594333427815564,0.0,0.0,0.0,0.0,0.0,0.0,0.0,10.42251850277148,12.450476015653685,5.757214440560174,0.0,0.0,0.0,0.0,0.0
CHEMBL1630275,4.019369453398133,8.58975546159822,2.3881443688586548,0.0,1.82814607478794,0.0,1.8704756918199383,0.0,0.0,-0.1594333427815564,0.0,0.0,0.0,0.0,0.0,0.0,0.0,10.42251850277148,12.450476015653685,5.757214440560174,0.0,0.0,0.0,0.0,0.0
CHEMBL1630276,7.286350006823717,9.921612352502729,2.6106443688586545,0.0,3.108613761862769,0.0,2.3526095731502483,0.0,0.0,0.4828410808767953,0.0,0.0,0.0,0.0,0.0,0.0,0.0,0.0,12.403995522591751,0.0,0.0,0.0,0.0,0.0,0.0
CHEMBL1630276,7.286350006823717,9.921612352502729,2.6106443688586545,0.0,3.108613761862769,0.0,2.3526095731502483,0.0,0.0,0.4828410808767953,0.0,0.0,0.0,0.0,0.0,0.0,0.0,0.0,12.403995522591751,0.0,0.0,0.0,0.0,0.0,0.0
CHEMBL1630277,7.244371185572485,11.296175621483162,2.6418943688586545,0.0,3.161092030948181,0.0,2.39017130154531,0.0,0.0,0.4826443216175362,0.0,0.0,0.0,0.0,0.0,0.0,0.0,0.0,12.45031783664134,0.0,0.0,0.0,0.0,0.0,0.0
CHEMBL1630277,7.244371185572485,11.296175621483162,2.6418943688586545,0.0,3.161092030948181,0.0,2.39017130154531,0.0,0.0,0.4826443216175362,0.0,0.0,0.0,0.0,0.0,0.0,0.0,0.0,12.45031783664134,0.0,0.0,0.0,0.0,0.0,0.0
CHEMBL1630278,7.232913234419367,12.717235969214236,2.6618943688586545,0.0,3.174633828840177,0.0,2.4103331472753373,0.0,0.0,0.4804838277903756,0.0,0.0,0.0,0.0,0.0,0.0,0.0,0.0,12.48917229026852,0.0,0.0,0.0,0.0,0.0,0.0
CHEMBL1630278,7.232913234419367,12.717235969214236,2.6618943688586545,0.0,3.174633828840177,0.0,2.4103331472753373,0.0,0.0,0.4804838277903756,0.0,0.0,0.0,0.0,0.0,0.0,0.0,0.0,12.48917229026852,0.0,0.0,0.0,0.0,0.0,0.0
CHEMBL1630279,4.647471419123205,9.628098243155288,0.0,0.0,2.346610449735449,0.0,1.0657227891156469,0.0,0.0,0.2165244708994713,0.0,0.0,0.0,0.0,0.0,0.0,0.0,0.0,24.76223929463761,0.0,0.0,0.0,0.0,0.0,0.0
CHEMBL1630279,4.647471419123205,9.628098243155288,0.0,0.0,2.346610449735449,0.0,1.0657227891156469,0.0,0.0,0.2165244708994713,0.0,0.0,0.0,0.0,0.0,0.0,0.0,0.0,24.76223929463761,0.0,0.0,0.0,0.0,0.0,0.0
CHEMBL1630280,4.505084587847485,7.552365546527252,0.0,0.0,1.0649493863903574,0.0,0.5846322541362234,0.0,0.0,-0.0190966710758373,0.0,0.0,0.0,0.0,0.0,0.0,0.0,9.958875953541808,24.85318894263272,0.0,0.0,0.0,0.0,0.0,0.0
CHEMBL1630280,4.505084587847485,7.552365546527252,0.0,0.0,1.0649493863903574,0.0,0.5846322541362234,0.0,0.0,-0.0190966710758373,0.0,0.0,0.0,0.0,0.0,0.0,0.0,9.958875953541808,24.85318894263272,0.0,0.0,0.0,0.0,0.0,0.0
CHEMBL1630280,4.505084587847485,7.552365546527252,0.0,0.0,1.0649493863903574,0.0,0.5846322541362234,0.0,0.0,-0.0190966710758373,0.0,0.0,0.0,0.0,0.0,0.0,0.0,9.958875953541808,24.85318894263272,0.0,0.0,0.0,0.0,0.0,0.0
CHEMBL1630909,4.360933773200639,6.527604271646931,0.0,0.0,1.4630324074074068,0.0,0.931386244535822,0.0,0.0,-0.3568407108213649,0.0,0.0,0.0,0.0,0.0,0.0,0.0,10.306945012183782,23.654161565254864,5.779444103258587,0.0,0.0,0.0,0.0,0.0
CHEMBL1630909,4.360933773200639,6.527604271646931,0.0,0.0,1.4630324074074068,0.0,0.931386244535822,0.0,0.0,-0.3568407108213649,0.0,0.0,0.0,0.0,0.0,0.0,0.0,10.306945012183782,23.654161565254864,5.779444103258587,0.0,0.0,0.0,0.0,0.0
CHEMBL1630910,4.833242000503905,11.335978534160578,2.5921258503401363,0.0,2.351043083900226,0.0,2.3494910031914005,0.0,0.0,0.5195149518140589,0.0,0.0,0.0,0.0,0.0,0.0,0.0,0.0,12.351937909423029,0.0,0.0,0.0,0.0,0.0,0.0
CHEMBL1630911,2.231092057193248,10.541712661144706,2.463375850340136,0.0,1.8498856764928189,0.0,2.0767089737129423,0.0,0.0,0.033687287414966,0.0,0.0,0.0,0.0,0.0,0.0,0.0,10.264774738599144,12.372096088435374,0.0,0.0,0.0,0.0,0.0,0.0
CHEMBL1630911,2.231092057193248,10.541712661144706,2.463375850340136,0.0,1.8498856764928189,0.0,2.0767089737129423,0.0,0.0,0.033687287414966,0.0,0.0,0.0,0.0,0.0,0.0,0.0,10.264774738599144,12.372096088435374,0.0,0.0,0.0,0.0,0.0,0.0
CHEMBL163413,0.0,3.30211267531704,0.0,10.930787561938354,0.290828609221466,0.0,-0.8810055272108845,2.7434492052994046,0.0,0.0,0.0,0.0,0.0,0.0,4.194175380028555,0.0,2.1937240173847314,8.895560883303938,10.830367194717391,0.0,0.0,0.0,0.0,0.0,0.0
CHEMBL163420,0.0,6.488779053287981,0.0,3.9047492283950618,0.592222222222222,2.200188492063492,0.0,1.3594515306122452,0.0,0.0,0.0,0.0,0.0,8.481845159360041,4.180230300453514,0.0,2.292534013605442,0.0,0.0,0.0,0.0,0.0,0.0,0.0,0.0
CHEMBL163922,0.0,0.7594444444444444,0.0,12.995342104434366,0.0,2.122074829931973,0.0,1.809875283446712,0.0,0.0,0.0,0.0,0.0,8.71897833207357,3.9588806216931216,0.0,1.9687377173091456,0.0,0.0,0.0,0.0,0.0,0.0,0.0,0.0
CHEMBL164,0.0,0.0,0.0,3.88806171078267,0.0,0.0,0.0,-4.495488840597965,-0.5521973943898542,0.0,0.0,0.0,0.0,0.0,0.0,0.0,0.0,57.49737568948608,12.165302028218695,0.0,5.297127739984883,0.0,0.0,0.0,0.0
CHEMBL1642686,0.0,0.0,4.139351851851852,18.05217487612329,0.0,0.0,0.0,3.1148048416897627,0.0,0.0,5.693668430335097,0.0,0.0,0.0,0.0,0.0,0.0,0.0,0.0,0.0,0.0,0.0,0.0,0.0,0.0
CHEMBL164543,2.204633149938886,8.679408467664691,6.314258672974852,0.0,1.0624014760225071,0.0,3.7408709252691503,0.0,0.0,-0.044909611992945,0.0,0.0,0.0,0.0,0.0,0.0,0.0,0.0,24.58640167912895,0.0,0.0,0.0,0.0,0.0,0.0
CHEMBL164746,4.397192439928732,10.295966751861188,4.443971954522549,0.0,1.1124396625934323,0.0,3.853412100307168,0.0,0.0,0.0276341122868901,0.0,0.0,0.0,0.0,0.0,0.0,0.0,0.0,24.615322813877107,0.0,0.0,0.0,0.0,0.0,0.0
CHEMBL164821,2.223432592172672,8.984816281982535,4.464663564499874,10.857781490108277,1.069874008500451,0.0,3.829567874189278,1.4655216304458731,0.0,-0.0323797136572208,0.0,0.0,0.0,0.0,0.0,0.0,0.0,0.0,24.91193496177253,0.0,0.0,0.0,0.0,0.0,0.0
CHEMBL164993,4.058451164786392,7.791164572310405,1.875923012723608,0.0,1.5046924603174594,0.0,2.1942385125346444,0.0,0.0,-0.2346593521667919,0.0,0.0,0.0,0.0,0.0,0.0,0.0,0.0,36.98714476880309,0.0,0.0,0.0,0.0,0.0,0.0
CHEMBL165,0.0,0.0,3.596700680272109,11.118409457906212,0.0,0.0,0.0,1.892657312925172,0.0,0.0,0.0,0.0,0.0,0.0,0.0,0.0,0.0,27.725565882229844,0.0,0.0,0.0,0.0,0.0,0.0,0.0
CHEMBL165,0.0,0.0,3.596700680272109,11.118409457906212,0.0,0.0,0.0,1.892657312925172,0.0,0.0,0.0,0.0,0.0,0.0,0.0,0.0,0.0,27.725565882229844,0.0,0.0,0.0,0.0,0.0,0.0,0.0
CHEMBL1650709,0.0,0.0,0.0,19.098498808474005,0.0,0.0,0.0,2.1605111489040065,1.5584575774754352,0.0,0.0,0.0,0.0,0.0,0.0,0.0,0.0,0.0,11.164572625346434,0.0,5.168226804610733,0.0,0.0,0.0,0.0
CHEMBL1650711,1.6385801757699303,0.0,0.0,16.76226188372247,0.0,0.0,0.0,2.8701631655748727,1.5117404940371213,0.0,0.0,0.0,0.0,0.0,0.0,0.0,0.0,0.0,11.231553800736702,5.131171901624643,5.188435137944067,0.0,0.0,0.0,0.0
CHEMBL165106,2.168310835889299,7.500203572131332,4.2515588781809015,0.0,0.940564662593432,0.0,3.474328861282552,0.0,0.0,-0.2076256613756615,0.0,0.0,0.0,0.0,0.0,0.0,0.0,0.0,24.51198452781786,0.0,0.0,12.67596279612243,0.0,0.0,0.0
CHEMBL165218,4.442706843220913,10.18288747673082,4.4390588781809015,0.0,1.1083887366675065,0.0,3.8428876713998026,0.0,0.0,0.0190410052910052,0.0,0.0,0.0,0.0,0.0,0.0,0.0,0.0,24.613651194484525,0.0,0.0,0.0,0.0,0.0,0.0
CHEMBL165279,2.2135421898327743,10.891610969937238,4.424505551706279,0.0,1.0801655713725815,0.0,3.7986317697737713,0.0,0.0,-0.0186188961351299,0.0,0.0,0.0,0.0,0.0,0.0,0.0,0.0,24.675698435316733,0.0,0.0,0.0,0.0,0.0,0.0
CHEMBL165342,4.391125493407239,6.543500698118754,4.32772478898967,0.0,1.0890787981859409,0.0,3.690213857919712,0.0,0.0,-0.0523185547367091,0.0,0.0,0.0,0.0,0.0,0.0,0.0,0.0,24.252332845175104,0.0,0.0,0.0,0.0,0.0,0.0
CHEMBL165552,2.131251687275767,7.062134522976545,4.165977745754254,3.7394281026844296,0.7359307099423574,0.0,3.18633591067312,-0.1718430351858715,0.0,-0.4451587349889572,0.0,0.0,0.0,0.0,0.0,0.0,0.0,0.0,47.539755608915,0.0,0.0,0.0,0.0,0.0,0.0
CHEMBL165925,3.952512772454151,8.099323323465187,4.326058122323003,0.0,1.0287093726379437,0.0,3.634849812610231,0.0,0.0,-0.1090068342151671,0.0,0.0,0.0,0.0,0.0,0.0,0.0,0.0,24.47591556801784,5.424971196040144,0.0,0.0,0.0,0.0,0.0
CHEMBL166017,6.481222582365259,8.739603384563702,4.409391455656337,0.0,1.0769661753590325,0.0,3.776920390841523,0.0,0.0,-0.0310785934744266,0.0,0.0,0.0,0.0,0.0,2.2629041608927523,0.0,0.0,24.617403777129155,0.0,0.0,0.0,0.0,0.0,0.0
CHEMBL166032,2.174839761509134,7.940166068149022,4.27324255165029,0.0,0.9604728573528172,2.1952513383682217,3.516001242432746,0.0,0.0,-0.1844157848324514,0.0,0.0,0.0,8.942244940905654,0.0,0.0,0.0,0.0,24.525263274884487,0.0,0.0,0.0,0.0,0.0,0.0
CHEMBL166060,2.2093585180985977,8.972349838330391,4.40272478898967,0.0,1.1192280801209369,0.0,3.817510300138575,0.0,0.0,0.0380649250440918,0.0,0.0,0.0,0.0,0.0,0.0,0.0,0.0,24.40822735890653,0.0,0.0,0.0,0.0,0.0,0.0
CHEMBL166079,2.227828742225387,10.567826473437044,4.477111599269337,0.0,2.0260512745298094,0.0,3.897368742894313,0.0,0.0,0.0372097295708406,0.0,0.0,0.0,0.0,0.0,0.0,0.0,0.0,24.71875288478824,0.0,0.0,0.0,0.0,0.0,0.0
CHEMBL166148,2.1203907256964616,6.609798246803567,4.070861599269337,0.0,-1.587567552630684,0.0,3.098824654306933,0.0,0.0,-0.4539013815402706,0.0,0.0,0.0,0.0,0.0,0.0,0.0,0.0,24.49847510701046,0.0,0.0,25.4352589255782,0.0,0.0,0.0
CHEMBL166709,0.0,1.6809819066515497,1.8385648148148148,13.090868108045688,0.0,0.0,0.9275028344671208,2.692516009490216,0.0,0.0,0.0,0.0,0.0,0.0,7.798277116402116,0.0,0.0,0.0,12.304622543461829,0.0,0.0,0.0,0.0,0.0,0.0
CHEMBL166789,0.0,2.586899329176114,0.0,17.16667115457294,2.2726851851851846,0.0,0.0,4.435914115646259,0.0,0.0,0.0,0.0,0.0,0.0,4.537830215419501,0.0,0.0,0.0,0.0,0.0,0.0,0.0,0.0,0.0,0.0
CHEMBL1668326,3.451483070067125,2.5176429568741074,0.0,1.53849111866969,-0.7402409297052166,0.0,-0.6366189531368096,-0.3879261936255971,0.0,0.0,0.0,0.0,0.0,0.0,0.0,0.0,0.0,19.85303470309152,12.075668068153186,16.32846615961199,0.0,0.0,0.0,0.0,0.0
CHEMBL1668327,4.843190623509887,2.3394937430895224,0.0,1.67411541005291,-0.9054241990005892,0.0,-0.603331916099773,0.9558896476532672,0.0,0.0,0.0,0.0,0.0,0.0,0.0,0.0,0.0,20.10197444103649,12.16367260330058,15.59708631312437,0.0,0.0,0.0,0.0,0.0
CHEMBL1668328,3.33492016120804,2.209307016386292,0.0,1.51786541005291,-0.9702254713613852,0.0,-0.694072656840514,-0.3796196116059922,0.0,0.0,0.0,0.0,0.0,0.0,0.0,0.0,0.0,29.457511177144568,11.992187342529604,10.198793299153149,0.0,0.0,0.0,0.0,0.0
CHEMBL1668329,4.76807674963925,2.044862538755937,0.0,1.6187998393801966,-0.5472108843537418,0.0,-0.47398966994205,0.7519609187542997,0.0,0.0,0.0,0.0,0.0,0.0,0.0,0.0,0.0,10.198636869884163,23.62061493078764,15.518248707094306,0.0,0.0,0.0,0.0,0.0
CHEMBL166974,0.0,1.8229931972789115,2.0225925925925927,14.066211078567232,0.0,0.0,1.1251388888888894,3.192527163643235,0.0,0.0,0.0,0.0,0.0,0.0,0.0,0.0,0.0,0.0,12.278084845049133,0.0,0.0,0.0,0.0,0.0,0.0
CHEMBL1672974,0.0,0.5469817191620039,0.0,24.895339676133027,0.0,2.200384252275035,0.0,3.8420254369187568,0.0,0.0,4.914032116802437,0.0,0.0,9.626513918864658,7.8183323517173,1.970698422849397,1.765086534971095,0.0,22.26523371392152,4.685961531523262,0.0,0.0,-4.113923008471827,0.0,0.0
CHEMBL1672975,0.0,0.525592830273115,0.0,22.89284641763557,0.0,2.201402962100563,0.0,4.771794807900735,0.0,0.0,4.919659459651341,0.0,0.0,9.648059502910243,7.831562804392197,1.9646515596596763,1.7601705060595303,0.0,22.297249645294063,4.690995545128704,0.0,0.0,-4.119602985323678,0.0,3.448950277651273
CHEMBL1672976,0.0,0.4105405958679771,0.0,24.89473535640625,0.0,2.246266990296398,0.0,4.100248529287548,0.0,0.0,4.913846115212041,0.0,0.0,9.582651143039886,7.7946147710180895,1.9197747779667425,1.7270911806080456,0.0,22.22425921004832,4.68935099038121,0.0,0.0,-4.086712993465838,0.0,0.0
CHEMBL1672977,0.0,0.1713739292013105,0.0,21.60804658371397,0.0,2.204145778175186,0.0,1.930074226911766,0.0,0.0,4.816068337434263,0.0,0.0,9.571517075087636,7.6815746475613,1.766441444633409,1.6139014602754682,0.0,22.19537032115943,4.445138027418247,0.0,14.42889449522719,-4.349212993465838,0.0,0.0
CHEMBL1672978,0.0,0.326929484756866,0.0,22.871125667474228,0.0,2.236285355769309,0.0,3.7826046012014007,0.0,0.0,4.924093028792288,0.0,0.0,9.598523247927144,7.777596595435099,1.8744661359914336,1.6932665396405475,0.0,22.41141970387548,4.688193582973803,0.0,0.0,-4.193657437910283,6.20359793851714,0.0
CHEMBL1672979,0.0,0.3813739292013105,0.0,23.31320334679032,0.0,2.247534207927252,0.0,4.430990232202771,0.0,0.0,4.961901670767596,0.0,0.0,9.60797540842097,7.81120427719093,1.9122747779667424,1.7210443174183254,0.0,22.48703698782609,4.773263027418247,0.0,0.0,-4.139212993465838,0.0,3.3247441436686223
CHEMBL1672980,1.5981960919337597,0.3905235908004667,0.0,22.594011598415285,0.0,2.2436175508910066,0.0,4.633433740173236,0.0,0.0,4.923051141857775,0.0,0.0,9.658723673904085,7.805014287973551,1.906464592781557,1.7162064069454943,0.0,22.281949027533045,9.931212846188595,0.0,0.0,-4.09907121606452,0.0,0.0
CHEMBL1672981,0.0,0.3496558222054258,0.0,20.623672205006773,0.0,2.1671322113848337,0.0,3.0473541125130703,0.0,0.0,4.901307368095547,0.0,0.0,9.563168118348528,7.730679968446925,1.8509090372260013,1.6712064069454942,0.0,22.21994296149007,4.671051670653319,0.0,13.400154233835044,-4.11290078281769,0.0,0.0
CHEMBL1672982,0.0,0.3674657395607974,0.0,21.91627292070845,0.0,4.296194427976955,0.0,4.205984704620845,0.0,0.0,4.914165670457887,0.0,0.0,18.69882236543606,7.771565898755931,1.8788102717939028,1.6931485557058248,0.0,22.264178084733267,4.685730490097764,0.0,0.0,-4.109005796514347,0.0,0.0
CHEMBL16782,1.583651738473167,0.0,0.0,16.26386910010918,0.0,0.0,0.0,2.1079024418409342,1.0890594293272866,0.0,0.0,0.0,0.0,0.0,0.0,0.0,0.0,0.0,12.07166761148904,5.145695861678004,5.791157407407408,0.0,0.0,0.0,0.0
CHEMBL168434,0.0,1.7230914588057449,1.8698148148148148,11.227138054295793,0.0,0.0,0.9774537037037044,2.79624503968254,0.0,0.0,0.0,0.0,2.8863035399344925,0.0,4.116585097001764,0.0,0.0,0.0,12.236701625094485,0.0,0.0,0.0,0.0,0.0,0.0
CHEMBL168444,0.0,1.4679957955404384,0.0,12.213867213934854,-1.2697628495842788,0.0,0.0073724489795923,2.30391182707651,0.0,0.0,0.0,0.0,0.0,0.0,7.8516760326847805,0.0,0.0,10.330163454270595,12.42810941043084,0.0,0.0,0.0,0.0,0.0,0.0
CHEMBL168636,0.0,1.7487596844293272,1.949675925925926,15.218156152893254,0.0,0.0,1.0300028344671206,2.9907019505333,0.0,0.0,0.0,0.0,0.0,0.0,4.063636463844797,0.0,0.0,0.0,12.332400321239607,0.0,0.0,0.0,0.0,0.0,0.0
CHEMBL168700,0.0,2.6546771069538924,0.0,20.082834703325773,2.508796296296296,0.0,0.0,4.753691893424037,0.0,0.0,0.0,0.0,0.0,0.0,0.0,0.0,0.0,0.0,0.0,0.0,0.0,0.0,0.0,0.0,0.0
CHEMBL168762,0.0,1.4875876322751322,0.0,12.351220136585397,-1.1986517384731676,0.0,0.0195946712018144,2.4549534937431767,0.0,0.0,0.0,0.0,0.0,0.0,7.430486658787073,0.0,0.0,10.352663454270598,12.435479024943312,0.0,0.0,0.0,0.0,0.0,0.0
CHEMBL1688890,0.0,0.9264329198672632,0.0,19.763384239776293,0.0,0.0,0.0,3.128432751729942,1.36538421026847,0.0,0.0,0.0,0.0,0.0,4.026249915437984,0.0,1.900564797390576,0.0,11.91384424516414,5.804888117283951,5.351759311749391,0.0,0.0,5.986090511524984,0.0
CHEMBL1688891,0.0,0.7438711914722017,0.0,18.24706418294698,0.0,0.0,0.0,1.8016503169929616,1.2784843474426817,0.0,0.0,0.0,0.0,0.0,4.008965964820701,0.0,1.877553620533245,0.0,11.886838072324634,5.696863425925926,5.312870422860502,13.233897941356178,0.0,0.0,0.0
CHEMBL1688892,0.0,0.4036949094209197,0.0,16.447696747116634,0.0,0.0,0.0,0.8046349874451637,1.0822928873875848,-4.4087249547079645,0.0,0.0,0.0,0.0,3.980372214820701,0.0,1.8256577142417345,0.0,11.915961593034694,5.608853221844294,5.268800174926618,38.484979311623135,0.0,0.0,0.0
CHEMBL1688893,2.051566478188051,1.0255378581388683,0.0,20.586529413483635,0.0,0.0,0.0,3.848686073444302,1.4125584215167553,0.0,0.0,0.0,0.0,0.0,4.035632631487367,0.0,1.9130565791131269,0.0,11.9285047389913,5.863530092592592,5.372870422860502,0.0,0.0,0.0,0.0
CHEMBL1688894,0.0,0.4660959462656375,0.0,17.075446440618357,0.0,0.0,0.0,1.3470223179643108,1.0976808580028283,-4.760129965150959,0.0,0.0,0.0,0.0,3.983898788133849,0.0,1.8280073700804007,0.0,11.936805618514708,9.566493637252949,5.282715464182816,37.086365445150925,0.0,0.0,0.0
CHEMBL1688895,0.0,0.6548935451868629,0.0,18.12471506893692,0.0,0.0,0.0,1.9960934808517088,1.2177374848776368,0.0,0.0,0.0,0.0,0.0,4.004382631487367,0.0,1.8620361709498607,0.0,22.79696726473847,5.72067294973545,5.3150191831910805,0.0,0.0,0.0,0.0
CHEMBL1688896,0.0,0.8220529802221721,0.0,18.197986079542336,0.0,0.0,0.0,1.983842979937373,1.3024570500580606,0.0,0.0,0.0,0.0,0.0,4.011437738252295,0.0,1.882101905988124,0.0,11.88742535088394,5.725952617157974,5.319898447211759,12.94712273350401,0.0,0.0,0.0
CHEMBL1688897,0.0,0.9530888484375276,0.0,19.75597560859445,0.0,0.0,0.0,3.1993908194435456,1.3734855165410726,0.0,0.0,0.0,0.0,0.0,4.026628710474517,0.0,1.9019431758293937,0.0,11.910436527741272,5.805317696523053,5.352038024805882,0.0,0.0,5.886077892638929,0.0
CHEMBL1688898,1.6343564552408014,0.960925097116267,0.0,20.00080253458836,0.0,0.0,0.0,3.3380215707158567,1.3795774969512349,0.0,0.0,0.0,0.0,0.0,4.032476070864752,0.0,1.9050610896615927,0.0,11.939562773900484,10.992711983783412,5.367505196523053,0.0,0.0,0.0,0.0
CHEMBL1688899,0.0,0.588703583510825,0.0,17.065388252256362,0.0,0.0,0.0,1.5936914889132472,1.1466136974446033,-4.732396055249371,0.0,0.0,0.0,0.0,3.988774930277798,0.0,1.8380819229949263,0.0,11.930055971179398,9.525264067116746,5.292831873051654,36.65649144353736,0.0,0.0,0.0
CHEMBL1688900,0.0,0.4623204568532852,0.0,14.862550084613506,0.0,0.0,0.0,0.2504752966782613,1.146285273368607,0.0,0.0,0.0,0.0,0.0,3.988444422870587,0.0,1.8443654767681783,0.0,11.882648448816829,5.58519675925926,5.27198564919795,26.509462549379023,0.0,0.0,0.0
CHEMBL1688901,0.0,0.5405022456032555,0.0,15.304212721949604,0.0,0.0,0.0,-0.090480188525476,1.1702579759839866,0.0,0.0,0.0,0.0,0.0,3.990916196302182,0.0,1.8489137622230567,0.0,11.883235727376135,5.614285950491308,5.279013673549208,26.25509474893426,0.0,0.0,0.0
CHEMBL1688902,0.0,0.5061511066394724,0.0,17.69354023615977,0.0,0.0,0.0,1.2697156334208175,1.218898704543546,0.0,0.0,0.0,0.0,0.0,3.999655423177491,0.0,1.8664389720662269,0.0,11.86506103214166,5.635659722222222,5.289069349962206,13.261809021816582,0.0,0.0,0.0
CHEMBL1688903,0.0,0.5382906842335955,0.0,19.27384612690418,0.0,0.0,0.0,2.631906991445509,1.327673567369335,0.0,0.0,0.0,0.0,0.0,4.019496693018761,0.0,1.893445144905733,0.0,11.897200609735783,5.791215277777777,5.337080323899107,0.0,0.0,5.968066005082437,0.0
CHEMBL1688904,1.6027701818917546,0.5398689670618784,0.0,19.52217990973545,0.0,0.0,0.0,2.7860377210253726,1.33731820042832,0.0,0.0,0.0,0.0,0.0,4.027059051295405,0.0,1.8976889720662269,0.0,11.93697333700851,11.05423277705596,5.359624905517762,0.0,0.0,0.0,0.0
CHEMBL1688905,2.024066478188051,0.5558193802850188,0.0,20.11712267278767,0.0,0.0,0.0,3.4104523774432,1.3859102838666335,0.0,0.0,0.0,0.0,0.0,4.029338365387906,0.0,1.907665632611069,0.0,11.907469204777104,5.849826388888888,5.358531798521878,0.0,0.0,0.0,0.0
CHEMBL1688906,0.0,0.5411588864578584,0.0,19.246477499080324,0.0,0.0,0.0,2.7376990557288394,1.338736072618348,0.0,0.0,0.0,0.0,0.0,4.019955649338524,0.0,1.895173850888518,0.0,11.892808710949945,5.791184413580247,5.337420687410766,0.0,0.0,5.874146067080539,0.0
CHEMBL1688907,0.0,0.5257199391278854,0.0,18.87730261020204,0.0,2.0609274334520613,0.0,2.55146328662781,1.2955914388508187,0.0,0.0,0.0,0.0,8.84202454021255,4.015397393165684,0.0,1.8842988894641064,0.0,11.909914142318195,5.784917091836734,5.332870641497085,0.0,0.0,0.0,0.0
CHEMBL1688908,1.516457783259263,0.522631236519952,0.0,18.962574679988567,0.0,0.0,-0.0005074919879552,2.601746030579385,1.2898602209478836,0.0,0.0,0.0,0.0,0.0,4.019101096869388,0.0,1.884127815117208,0.0,23.28986938119269,5.818269321617535,5.345336206235377,0.0,0.0,0.0,0.0
CHEMBL1688909,3.9773600109629705,0.5499022205217052,0.0,20.11712267278767,0.0,0.0,0.0,3.302813488554311,1.3737339753266886,0.0,0.0,0.0,0.0,0.0,4.037150865387906,2.024066478188051,1.907665632611069,0.0,11.96664080241024,5.911050878684806,5.38332518695163,0.0,0.0,0.0,0.0
CHEMBL1688910,0.0,0.4557654317083428,0.0,14.28856633914246,0.0,0.0,0.0,-0.4104844485389967,1.053762125220459,0.0,0.0,0.0,0.0,0.0,3.97611760568363,0.0,1.8275271263361992,0.0,11.860129902665076,5.476493055555555,5.238722127739985,26.565284710299835,0.0,0.0,0.0
CHEMBL1688911,0.0,0.4637670386872226,0.0,14.728424285974445,0.0,0.0,0.0,-0.704931609116104,1.086699630469472,0.0,0.0,0.0,0.0,0.0,3.979133881227378,0.0,1.83325082830116,0.0,11.860871408633852,5.523993055555556,5.248184576299655,26.30228103724684,0.0,0.0,0.0
CHEMBL1688912,0.0,0.5769449448359081,0.0,22.50148402483744,0.0,0.0,0.0,2.760100900565818,1.4865352838666337,0.0,0.0,3.30328554106828,0.0,0.0,4.033193240671353,0.0,1.9209758177962544,0.0,11.890400324883547,0.0,5.379416572184429,0.0,0.0,0.0,0.0
CHEMBL1688913,0.0,0.5345984504913077,0.0,11.383236462794995,0.0,0.0,0.0,0.9071118879650631,1.1932549130763423,0.0,0.0,0.0,0.0,0.0,3.9563487076929538,0.0,1.8621730914588053,9.39145628621819,11.4708593159486,0.0,5.061872637944067,0.0,0.0,0.0,0.0
CHEMBL1688914,1.5847108353340316,0.0,0.0,22.436037341436418,-0.1771343537414966,0.0,0.0,2.562975061938356,1.3665273053665916,0.0,0.0,0.0,0.0,0.0,4.165360052589039,0.0,1.9799392951625088,0.0,12.176879566641473,5.242140647351686,5.387749905517762,0.0,0.0,0.0,0.0
CHEMBL1688915,0.0,0.0,0.0,32.015494795812494,-0.2072299009645688,0.0,0.0,3.215318756736957,1.3236502687494756,0.0,0.0,0.0,0.0,0.0,4.19894012275752,0.0,1.984054521499958,0.0,12.446867004147848,5.906307314018353,5.523627173091459,0.0,0.0,0.0,0.0
CHEMBL1688916,0.0,0.0,0.0,24.683575611324425,-0.3025344617236751,0.0,0.0,0.1856182127915966,1.0263146153523142,0.0,0.0,0.0,0.0,0.0,4.154880763313546,0.0,1.911954532004864,0.0,12.437746251163455,5.63547398068502,5.4323951772066845,26.68316507852329,0.0,0.0,0.0
CHEMBL1688917,0.0,0.0,0.0,29.35787488981612,-0.2710570614583962,0.0,0.0,3.7152726862131695,1.267288552252177,0.0,0.0,0.0,0.0,0.0,4.190431034966025,0.0,1.95022988053246,0.0,12.479871119374184,5.904818307794498,5.521631288317796,0.0,0.0,6.093417128960537,0.0
CHEMBL1688918,0.0,0.0,0.0,28.90695610997687,-0.3215420702767393,2.134476558693028,0.0,3.516461275415621,1.2155211482741248,0.0,0.0,0.0,0.0,9.146764155862815,4.180321295597027,0.0,1.920609699126564,0.0,12.504246693295212,5.901213679991153,5.517081242404114,0.0,0.0,0.0,0.0
CHEMBL1688919,0.0,0.0,0.0,31.964143441788053,-0.3244488052465155,0.0,0.0,2.8550873005507955,1.306187064331906,0.0,0.0,0.0,0.0,0.0,4.151334300265786,0.0,1.903078703703704,0.0,12.971536001376371,5.857824397907821,5.702374102418744,0.0,0.0,0.0,0.0
CHEMBL1689257,0.0,-1.6091895539009755,2.2792294998982747,10.228290811074732,-10.521309984987408,0.0,-0.9528517190214514,0.5089109582189734,0.0,-2.020511598695364,0.0,0.0,0.0,0.0,0.0,0.0,0.0,80.03025670902657,12.62055651744383,28.019951694276138,0.0,0.0,0.0,0.0,0.0
CHEMBL1689258,0.0,-1.7357194838945524,2.34467544866462,8.046533035786936,-10.888311176109053,0.0,-0.8549987222173365,-0.4050131590870727,0.0,-2.023692449862037,0.0,0.0,0.0,0.0,0.0,0.0,0.0,89.92554033310033,12.27776970873489,27.56321646488328,0.0,0.0,0.0,0.0,0.0
CHEMBL1689259,0.0,-1.995062598779516,2.232581429352817,7.9532172676611665,-10.873840137191426,0.0,-0.998263873263648,-0.5472723554018157,0.0,-2.061256246455318,0.0,0.0,0.0,0.0,0.0,0.0,0.0,89.62786408685453,12.809146907732073,28.10288551949113,0.0,0.0,0.0,0.0,0.0
CHEMBL169,16.95041687830337,9.274346043437838,2.5636285903250187,0.0,2.1725938203628035,0.0,0.978026481553494,0.0,0.0,-0.0610432899565289,0.0,0.0,0.0,0.0,0.0,0.0,0.0,21.410935547618777,12.794429261688569,0.0,0.0,0.0,0.0,0.0,0.0
CHEMBL169086,0.0,1.7780725623582767,1.9681944444444444,11.44794732090367,0.0,0.0,1.0631481481481488,3.070556500377929,0.0,0.0,0.0,0.0,0.0,0.0,4.019654982363316,0.0,0.0,0.0,12.258904950869235,0.0,0.0,0.0,0.0,0.0,0.0
CHEMBL169251,0.0,1.7230914588057449,1.8698148148148148,11.227138054295793,0.0,0.0,0.9774537037037044,2.79624503968254,0.0,0.0,0.0,0.0,2.8863035399344925,0.0,4.116585097001764,0.0,0.0,0.0,12.236701625094485,0.0,0.0,0.0,0.0,0.0,0.0
CHEMBL169449,0.0,1.455843017762661,0.0,12.177782318174184,-1.304485071806501,0.0,2.8344671207936045e-06,2.247238231712439,0.0,0.0,0.0,0.0,0.0,0.0,8.015684523809524,0.0,0.0,10.317941232048376,12.423326247165534,0.0,0.0,0.0,0.0,0.0,0.0
CHEMBL169664,0.0,1.455843017762661,0.0,12.552782318174184,-1.304485071806501,0.0,2.8344671207936045e-06,2.247238231712439,0.0,0.0,0.0,0.0,0.0,0.0,7.640684523809524,0.0,0.0,10.317941232048376,12.423326247165534,0.0,0.0,0.0,0.0,0.0,0.0
CHEMBL172263,3.744526748971193,0.650599962207105,0.0,7.30474962207105,-0.2227026119089616,0.0,-0.0656514550264544,1.5907760665994797,0.0,-0.5882407407407408,5.657279331485681,0.0,0.0,0.0,0.0,1.4072656840513984,0.0,0.0,24.604730725623583,0.0,0.0,0.0,0.0,0.0,0.0
CHEMBL1728910,0.0,0.0,0.0,11.47245862541272,0.0,3.901712805492567,0.0,1.731087438061645,0.0,0.0,0.0,0.0,0.0,17.649296040960003,3.914798831569665,0.0,0.0,0.0,0.0,5.4973129251700685,0.0,0.0,0.0,0.0,0.0
CHEMBL174308,4.0285483467951,1.1746717529604431,0.0,7.336731859410431,0.1492984168976228,0.0,-0.0310218253968246,1.6013565812127326,0.0,-0.5836574074074075,5.674946236223293,0.0,0.0,0.0,0.0,1.4396730914588056,0.0,0.0,24.79278628117914,0.0,0.0,0.0,0.0,0.0,0.0
CHEMBL174407,1.972607506730884,2.0016924655664736,0.0,7.324720804988662,-0.1387273242630389,0.0,-0.0251884920634912,1.6048053928361474,0.0,-0.5694907407407408,5.656750643936791,0.0,0.0,0.0,0.0,1.4211545729402872,0.0,0.0,24.501675170068022,0.0,0.0,0.0,0.0,0.0,0.0
CHEMBL174407,1.972607506730884,2.0016924655664736,0.0,7.324720804988662,-0.1387273242630389,0.0,-0.0251884920634912,1.6048053928361474,0.0,-0.5694907407407408,5.656750643936791,0.0,0.0,0.0,0.0,1.4211545729402872,0.0,0.0,24.501675170068022,0.0,0.0,0.0,0.0,0.0,0.0
CHEMBL174579,0.0,2.239758125472412,2.1629346182917613,10.126837732006384,0.0,0.0,1.383888888888889,4.958702693268666,0.0,0.0,0.0,0.0,2.9735784097589653,0.0,4.228995338876292,0.0,0.0,0.0,0.0,0.0,0.0,0.0,0.0,0.0,3.5086375267699674
CHEMBL174909,2.0570407714279466,3.080569369136288,0.0,7.352691484001008,-0.1384438775510208,0.0,-0.00370701058201,1.6120463201988278,0.0,-0.5709079743008314,5.674771764230639,0.0,0.0,0.0,0.0,1.4524045729402872,0.0,0.0,24.733534580498866,0.0,0.0,0.0,0.0,0.0,0.0
CHEMBL174909,2.0570407714279466,3.080569369136288,0.0,7.352691484001008,-0.1384438775510208,0.0,-0.00370701058201,1.6120463201988278,0.0,-0.5709079743008314,5.674771764230639,0.0,0.0,0.0,0.0,1.4524045729402872,0.0,0.0,24.733534580498866,0.0,0.0,0.0,0.0,0.0,0.0
CHEMBL175091,0.0,2.030069916855631,2.081231103552532,9.468422384360334,0.0,2.1790891124968503,1.2911479591836736,4.141170792391032,0.0,0.0,0.0,0.0,3.0775493669690097,8.862570938894892,4.202081758629378,0.0,0.0,0.0,0.0,0.0,0.0,0.0,0.0,0.0,0.0
CHEMBL175144,0.0,3.439978662761401,2.1436728395061726,9.77931845063128,0.0,0.0,1.3341203703703706,4.458878732048376,0.0,0.0,0.0,0.0,2.972906256123849,0.0,4.240754440665155,0.0,0.0,0.0,0.0,0.0,0.0,0.0,0.0,6.07481469233784,0.0
CHEMBL175550,2.153068153187201,2.3148707955404384,2.2621759259259258,14.576350282396907,0.0,0.0,1.441388888888889,5.4298020072226425,0.0,0.0,0.0,0.0,0.0,0.0,4.155677280171328,0.0,0.0,0.0,0.0,0.0,0.0,0.0,0.0,0.0,0.0
CHEMBL175554,0.0,2.185326042454019,2.2375179516250943,13.865202734385935,0.0,0.0,1.3915432098765432,4.732156924498195,0.0,0.0,0.0,0.0,0.0,0.0,4.029153510080188,0.0,0.0,0.0,0.0,0.0,0.0,0.0,0.0,6.00354407152447,0.0
CHEMBL175609,1.7126961031326111,2.2026528250188964,2.2499896069538927,14.066511033425716,0.0,0.0,1.4017157974300831,4.893377346308895,0.0,0.0,0.0,0.0,0.0,0.0,4.041148459575137,0.0,0.0,0.0,0.0,5.265242161488103,0.0,0.0,0.0,0.0,0.0
CHEMBL175688,0.0,2.1475050390526578,2.135156840513983,9.708884199770443,0.0,0.0,1.3460802469135804,4.457643665490889,0.0,0.0,0.0,0.0,2.9599672986478542,0.0,4.2121914979983766,0.0,0.0,0.0,0.0,0.0,0.0,0.0,0.0,5.97701565605666,0.0
CHEMBL175791,1.7317718568909044,2.1698707955404384,2.209675925925926,13.997359063995969,0.0,0.0,1.3430092592592595,4.763647959183674,0.0,0.0,0.0,0.0,0.0,0.0,4.14945916792643,0.0,0.0,0.0,0.0,5.468539304610733,0.0,0.0,0.0,0.0,0.0
CHEMBL175799,0.0,2.185326042454019,2.2375179516250943,13.865202734385935,0.0,0.0,1.3915432098765432,4.732156924498195,0.0,0.0,0.0,0.0,0.0,0.0,4.029153510080188,0.0,0.0,0.0,0.0,0.0,0.0,0.0,0.0,6.00354407152447,0.0
CHEMBL175962,0.0,2.328134684429327,2.2713425925925925,16.457537005542957,0.0,0.0,1.4461111111111111,4.12853835978836,0.0,0.0,0.0,0.0,0.0,0.0,4.035002913202318,0.0,0.0,0.0,0.0,0.0,0.0,0.0,0.0,0.0,0.0
CHEMBL175979,1.7205086031326111,3.485074168556311,2.2699896069538927,14.156433085579913,0.0,0.0,1.41213246409675,4.923469938901487,0.0,0.0,0.0,0.0,0.0,0.0,4.059666978093656,0.0,0.0,0.0,0.0,5.306058488018715,0.0,0.0,0.0,0.0,0.0
CHEMBL176009,2.200244079113127,2.32260227702192,2.2621759259259258,14.404544726841351,0.0,0.0,1.441388888888889,5.546700155370791,0.0,0.0,0.0,0.0,0.0,0.0,4.155677280171328,0.0,0.0,0.0,0.0,0.0,0.0,0.0,0.0,0.0,0.0
CHEMBL176076,0.0,1.7076022770219197,2.0955092592592592,12.801303986100615,0.0,0.0,1.2013888888888893,2.882584509112288,0.0,0.0,0.0,0.0,0.0,0.0,4.081603206097254,0.0,0.0,0.0,0.0,0.0,0.0,13.563341206853112,0.0,0.0,0.0
CHEMBL176098,1.7191885847671382,3.469642069790879,2.2474896069538928,14.163479051144996,0.0,0.0,1.3999102418745275,4.860360371000253,0.0,0.0,0.0,0.0,0.0,0.0,4.168940456973015,0.0,0.0,0.0,0.0,5.304322950828633,0.0,0.0,0.0,0.0,0.0
CHEMBL176101,1.7113760847671382,2.1905000472411187,2.2274896069538928,14.075196659484629,0.0,0.0,1.3894935752078612,4.83026777840766,0.0,0.0,0.0,0.0,0.0,0.0,4.145502956973015,0.0,0.0,0.0,0.0,5.26350662429802,0.0,0.0,0.0,0.0,0.0
CHEMBL176118,0.0,2.2654263510959938,2.2427957294028724,14.320955191777252,0.0,0.0,1.41712962962963,5.170106384374739,0.0,0.0,0.0,0.0,0.0,0.0,4.144738494163097,0.0,0.0,0.0,0.0,0.0,0.0,0.0,0.0,0.0,3.522181552889751
CHEMBL176287,0.0,2.106213388133031,2.203533950617284,13.840441503247389,0.0,0.0,1.3569444444444447,4.609326131687244,0.0,0.0,0.0,0.0,0.0,0.0,4.129614180034153,0.0,0.0,0.0,0.0,0.0,0.0,0.0,0.0,6.198370846280898,0.0
CHEMBL176452,0.0,0.9237269305870496,1.58059670781893,7.232746283698665,-0.1865051020408166,0.0,-0.1676884920634913,1.5543355011757796,0.0,-0.6172685185185185,5.643486181126874,0.0,0.0,0.0,0.0,1.3030990173847314,0.0,0.0,24.40611961451247,0.0,0.0,0.0,0.0,0.0,0.0
CHEMBL176539,0.0,0.6533187673217437,0.0,7.140771762408667,-0.2342828798185945,2.3536360439237423,-0.3101884920634914,1.5038656095154117,0.0,-0.6650462962962964,5.630221718316957,0.0,0.0,0.0,0.0,1.185043461829176,0.0,0.0,24.31056405895692,0.0,0.0,0.0,0.0,0.0,0.0
CHEMBL176609,1.7113760847671382,2.1905000472411187,2.2274896069538928,14.075196659484629,0.0,0.0,1.3894935752078612,4.83026777840766,0.0,0.0,0.0,0.0,0.0,0.0,4.145502956973015,0.0,0.0,0.0,0.0,5.26350662429802,0.0,0.0,0.0,0.0,0.0
CHEMBL176886,2.0148424508692364,2.9159889997601938,2.2353021069538928,14.175301113111807,0.0,0.0,1.394489323507181,4.885656415343917,0.0,0.0,0.0,0.0,0.0,0.0,4.156579632822417,0.0,0.0,0.0,0.0,5.555173290964687,0.0,0.0,0.0,0.0,0.0
CHEMBL177268,0.0,2.7582736869745346,2.239417333291341,24.49187743715643,0.0,0.0,1.3820457165623112,6.001631538106037,0.0,0.0,0.0,0.0,0.0,0.0,4.185377293240958,0.0,0.0,0.0,0.0,5.941376994668391,0.0,0.0,0.0,0.0,0.0
CHEMBL177274,0.0,3.3083786848072565,2.106793272864701,9.53371874212648,0.0,2.207476694381456,1.2781944444444446,4.216781698790628,0.0,0.0,0.0,0.0,2.95779651675485,8.99530226442429,4.228891014739229,0.0,0.0,0.0,0.0,0.0,0.0,0.0,0.0,0.0,0.0
CHEMBL177293,0.0,2.239758125472412,2.1629346182917613,10.126837732006384,0.0,0.0,1.383888888888889,4.958702693268666,0.0,0.0,0.0,0.0,2.9735784097589653,0.0,4.228995338876292,0.0,0.0,0.0,0.0,0.0,0.0,0.0,0.0,0.0,3.5086375267699674
CHEMBL177413,0.0,3.3083786848072565,2.106793272864701,9.53371874212648,0.0,2.207476694381456,1.2781944444444446,4.216781698790628,0.0,0.0,0.0,0.0,2.95779651675485,8.99530226442429,4.228891014739229,0.0,0.0,0.0,0.0,0.0,0.0,0.0,0.0,0.0,0.0
CHEMBL177468,0.0,2.2903136810279667,2.1689814814814814,12.25156997984379,0.0,0.0,1.4006481481481483,3.862489606953893,0.0,0.0,0.0,0.0,2.9719631834215168,0.0,4.220700585789872,0.0,0.0,0.0,0.0,0.0,0.0,0.0,0.0,0.0,0.0
CHEMBL177692,0.0,2.1475050390526578,2.135156840513983,9.708884199770443,0.0,0.0,1.3460802469135804,4.457643665490889,0.0,0.0,0.0,0.0,2.9599672986478542,0.0,4.2121914979983766,0.0,0.0,0.0,0.0,0.0,0.0,0.0,0.0,5.97701565605666,0.0
CHEMBL177921,0.0,2.0398658352229777,2.1055366591080875,9.470546856075355,0.0,2.180261952003024,1.3023979591836736,4.22205081569665,0.0,0.0,0.0,0.0,2.9471527899242544,8.863438707489934,4.202081758629378,0.0,0.0,0.0,0.0,0.0,0.0,0.0,0.0,0.0,0.0
CHEMBL178036,0.0,2.2903136810279667,2.1689814814814814,12.25156997984379,0.0,0.0,1.4006481481481483,3.862489606953893,0.0,0.0,0.0,0.0,2.9719631834215168,0.0,4.220700585789872,0.0,0.0,0.0,0.0,0.0,0.0,0.0,0.0,0.0,0.0
CHEMBL1783176,0.0,0.8945571145124716,0.0,29.06638996493659,0.2573781179138317,0.0,0.0,3.4370219198790632,2.37971224909717,0.0,0.0,0.0,0.0,0.0,4.252550233056185,0.0,2.1865740740740742,0.0,0.0,6.525816326530612,0.0,0.0,0.0,0.0,0.0
CHEMBL1783177,0.0,0.8119796390778533,0.0,25.586119415180114,0.074967876039304,0.0,0.0,3.440668323012299,2.292204533047787,0.0,0.0,0.0,0.0,0.0,4.231090177959767,0.0,2.1423996913580248,9.603181833364914,0.0,6.484055177626606,0.0,0.0,0.0,0.0,0.0
CHEMBL1783178,0.0,0.8130957105064247,0.0,25.994394072729243,0.0740263342991511,2.1748864061490325,0.0,3.854882571983493,2.291268404081356,0.0,0.0,0.0,0.0,9.06289988550041,4.239182464461145,0.0,2.145609567901235,0.0,0.0,6.516421249055178,0.0,0.0,0.0,0.0,0.0
CHEMBL178453,0.0,0.0,0.0,19.74250078735197,0.0,0.0,0.0,2.201438019652306,2.1796234882842027,0.0,0.0,0.0,0.0,0.0,8.543104371378181,0.0,0.0,0.0,0.0,0.0,0.0,0.0,0.0,0.0,0.0
CHEMBL1784788,0.0,0.0,1.7380450050390526,17.09285365117887,0.0,0.0,0.0823538674729156,1.9931995896341748,0.0,0.0,0.0,0.0,0.0,0.0,7.955837934968226,0.0,1.4169338939279417,0.0,12.895330215419502,0.0,0.0,0.0,0.0,12.047668064581543,0.0
CHEMBL1784789,0.0,2.651971925695459,0.0,9.871971316680687,0.0,0.0,0.0,1.219656582661634,0.0,0.0,0.0,2.5866435185185184,0.0,0.0,3.936731531687218,0.0,1.901164444555498,0.0,24.50534060846561,10.78844113182608,0.0,0.0,-3.545254393424037,0.0,0.0
CHEMBL1784790,0.0,3.108373601851964,0.0,8.41075826641518,-0.7134946879986563,0.0,0.0,2.4580340858017697,1.5014166707010324,0.0,0.0,0.0,0.0,0.0,7.757667946957685,0.0,1.5384531127776078,9.979464910607138,12.017044339262988,5.610350529100529,5.4167767052872575,0.0,0.0,0.0,0.0
CHEMBL1784791,4.677065612057495,2.6051131808707564,0.0,8.987714190056675,-0.0445929542105594,0.0,0.044633408919124,2.4114283677697355,0.0,0.0,0.0,0.0,0.0,0.0,4.037294380360793,1.8415473828420257,1.956194142257454,0.0,12.807564799067777,21.8427041566754,0.0,0.0,0.0,0.0,0.0
CHEMBL1784792,1.5846883211885916,2.876442227538908,0.0,8.210578742030433,0.0,0.0,0.0748615117279447,1.8316213021902128,0.0,-0.5411870905769718,0.0,0.0,0.0,0.0,7.808347453202546,1.7935119047619048,1.5097867664308862,0.0,24.961596059197067,11.47308613564181,0.0,0.0,0.0,0.0,0.0
CHEMBL1784793,0.0,2.838208764398755,0.0,19.04034760982497,-0.1462462207105066,0.0,-0.1125456139245817,3.687433082022729,0.0,0.0,0.0,3.124725292894936,0.0,0.0,7.873848774155897,0.0,1.5073404282639489,0.0,12.538566625724364,11.314987924016153,0.0,0.0,0.0,0.0,0.0
CHEMBL1784794,6.1993900556516754,1.462324450845617,0.0,8.92142240194757,0.0609906310754073,0.0,-0.0717465041572182,3.109758758173712,2.1858409851799108,0.0,0.0,2.9541939090451,3.398191557487192,0.0,8.000062469638172,0.0,1.7294691655613372,0.0,12.383435452884855,0.0,0.0,0.0,0.0,0.0,0.0
CHEMBL1784795,1.9268020090012328,5.538964372459176,0.0,4.815940913933893,-0.026519563072143,0.0,-0.3423497732426306,2.2713412686266223,0.0,0.0,0.0,2.80271447467876,2.8885085978835976,0.0,7.9226825744961085,0.0,1.6681908978901223,0.0,24.509132653061226,0.0,0.0,0.0,0.0,0.0,0.0
CHEMBL1784796,1.8633937044212183,-0.9471320997293988,0.0,16.40832809226934,-0.5893158651357058,0.0,-5.018888888888888,3.4813125254815427,0.0,-2.7384259259259256,0.0,3.30698241758442,0.0,0.0,12.28784985716016,0.0,1.8153118946282727,43.77984721931753,30.4847515117158,5.615985557101629,0.0,0.0,0.0,0.0,0.0
CHEMBL1784797,0.0,6.254079551146858,0.0,16.569217881716902,0.9507233098958384,0.0,0.1056130777581549,3.056714067096186,0.0,0.0,0.0,3.098344825201788,0.0,0.0,17.27682999600524,0.0,1.9223029507846767,0.0,12.09950767372769,0.0,0.0,0.0,0.0,0.0,0.0
CHEMBL1784798,0.0,0.1576215372129874,0.0,17.638338085506334,0.0,0.0,-0.1961517384731663,1.1824149764092122,0.0,0.0,0.0,2.793814799067776,0.0,0.0,3.890401559650436,0.0,1.665452761223865,0.0,12.064271125499484,5.70004897329302,0.0,12.93712125394339,0.0,0.0,0.0
CHEMBL1784800,3.216797847097721,0.4396212906395085,0.0,14.977869607079043,-0.3589516145964562,0.0,-0.2319985880154529,1.737025918901198,0.0,0.0,0.0,2.9054598922902493,0.0,0.0,7.975642360489283,0.0,1.6472133010688206,0.0,12.710915847820612,4.920089713907112,0.0,13.893647756651696,0.0,0.0,0.0
CHEMBL1784801,7.791640629022622,3.805396632029253,0.0,10.651476608282008,0.2944998871462165,0.0,0.0,1.965402073759308,0.0,-0.2056254672055539,0.0,0.0,0.0,0.0,4.071268410787971,1.6312944066515491,2.0197173983357244,0.0,26.559970710506423,5.443681074630057,0.0,0.0,-3.528722363945579,0.0,0.0
CHEMBL1784803,3.6910515817558425,4.931566894600181,0.0,11.467870583150615,0.0,0.0,0.0,5.235767543718065,0.0,0.0,0.0,0.0,0.0,0.0,8.624099402638016,0.0,4.304391957783011,0.0,0.0,17.245252036354266,0.0,0.0,0.0,0.0,0.0
CHEMBL1784804,3.3888459554314534,1.643566155048389,0.0,17.631348612179984,-0.1889135592508615,0.0,0.0,1.7833265206781634,0.0,0.0,0.0,0.0,0.0,0.0,3.983053777228058,1.4721277399848829,1.883102171998276,8.552095616024188,46.489955593348455,10.740352670163483,0.0,0.0,-7.545527919501133,0.0,0.0
CHEMBL1784805,1.4505787596642576,1.5055678853140075,0.0,11.206913084846104,-0.2229464810615611,0.0,-0.0919290806580592,0.6849005947522371,0.0,0.0,0.0,0.0,0.0,0.0,3.973493740195493,1.4314177059712774,1.863531464927569,0.0,36.8838993000854,5.663741346069088,0.0,0.0,-3.599168320105821,0.0,0.0
CHEMBL1784806,1.9040194432341349,2.293392727963332,0.0,15.97499167112788,0.0,0.0,0.0,0.9642052579755508,1.4594445114669687,0.0,0.0,2.679001165280927,0.0,0.0,3.967176303504368,0.0,1.9172405464838729,0.0,25.411167013101537,5.602769688470654,0.0,0.0,-3.5900749952758866,0.0,0.0
CHEMBL1784807,3.376744350326601,1.8060290707702324,0.0,10.072837945057309,0.0,0.0,0.0,1.7187769530320045,0.0,0.0,0.0,2.600089521919879,0.0,0.0,3.9357214383007513,0.0,1.908559990928317,0.0,24.34855914588057,5.128603021803988,0.0,0.0,-3.4792547713529847,0.0,0.0
CHEMBL1784808,7.6731152885221725,1.785357183959953,0.0,10.250651305938849,0.0,0.0,0.0,1.8228741752542263,0.0,-0.2100238121916964,0.0,2.651535100151172,0.0,0.0,3.958681250924026,0.0,1.9160599909283167,0.0,25.002470710506422,5.355478021803988,0.0,0.0,-3.539532549130763,0.0,0.0
CHEMBL1784809,1.3203790032618494,1.5157560171043216,0.0,8.650331058004964,0.0,0.0,0.0,-0.8228897136346625,0.0,0.0,0.0,2.4334228552532124,0.0,0.0,3.8940547716340848,0.0,1.848559990928317,0.0,24.015225812547243,4.753603021803988,0.0,13.527478621116336,-3.719254771352985,0.0,0.0
CHEMBL1784810,3.473127744669952,0.0,0.0,15.554243912789047,0.0,0.0,-0.2702258125472405,1.0870544590005349,0.0,-0.9310645551838737,0.0,2.844092576845553,0.0,0.0,7.901906892508964,0.0,1.477952761223865,0.0,12.67704890327726,5.752592907533384,0.0,13.01660354321589,0.0,0.0,0.0
CHEMBL1784811,0.0,2.672212166674648,0.0,11.395260510340467,-0.0276687032837832,0.0,0.0467956349206355,0.5342768801213141,0.0,0.0,0.0,0.0,0.0,0.0,4.00097420074391,1.8139408541194253,1.94307086402054,0.0,12.357898242630386,5.705525809267693,0.0,12.891046873778102,0.0,0.0,0.0
CHEMBL1784812,0.0,3.089273550767404,0.0,11.04509937817873,-0.0058760078105322,0.0,0.1044411375661382,2.375121142464044,0.0,0.0,0.0,0.0,0.0,0.0,4.030942680575027,1.8707128684807253,1.9687297253612188,0.0,12.594836073318216,16.426719451099032,0.0,0.0,0.0,0.0,0.0
CHEMBL1784813,3.301094442023825,1.6049041222192373,0.0,9.598289409939966,0.0,0.0,-0.316815518257791,0.8812594738180968,0.0,-0.987139220867732,0.0,5.238973040222364,0.0,0.0,3.932446018665441,0.0,1.876800922976068,0.0,36.76316639252079,5.603140058841024,0.0,0.0,-3.6627858087679512,0.0,0.0
CHEMBL179144,0.0,1.9217457955404385,2.158152872260015,12.584149922314603,0.0,0.0,1.2835185185185187,3.300559702275973,0.0,0.0,0.0,0.0,0.0,0.0,3.997013932486064,0.0,0.0,0.0,0.0,0.0,0.0,13.08819258993772,0.0,0.0,0.0
CHEMBL179149,0.0,2.328134684429327,2.2713425925925925,16.457537005542957,0.0,0.0,1.4461111111111111,4.12853835978836,0.0,0.0,0.0,0.0,0.0,0.0,4.035002913202318,0.0,0.0,0.0,0.0,0.0,0.0,0.0,0.0,0.0,0.0
CHEMBL179222,0.0,2.2775791288737715,2.2652957294028724,14.3135712186109,0.0,0.0,1.429351851851852,5.233215952275972,0.0,0.0,0.0,0.0,0.0,0.0,4.04040236223813,0.0,0.0,0.0,0.0,0.0,0.0,0.0,0.0,0.0,3.5239170900798333
CHEMBL179247,0.0,1.8839247921390776,2.055791761148904,8.514731250524902,0.0,0.0,1.238055555555556,3.0260464432686667,0.0,0.0,0.0,0.0,2.921078409758965,0.0,4.164180524061477,0.0,0.0,0.0,0.0,0.0,0.0,13.029524596875786,0.0,0.0,0.0
CHEMBL179374,3.2266670492806853,0.0,3.8392176870748296,11.948871273027118,0.0,0.0,0.0,3.125114413304349,0.0,0.0,0.0,0.0,0.0,0.0,0.0,0.0,0.0,0.0,0.0,10.403273840757606,0.0,12.790189069888749,0.0,0.0,0.0
CHEMBL1824742,2.1088611392769736,1.893406017850462,0.0,16.90121551398337,-0.1540816326530616,4.275492875397276,0.0,4.211373874108363,0.0,0.0,0.0,0.0,0.0,18.02608749674309,8.563284360040313,0.0,1.841027021919879,0.0,0.0,0.0,0.0,0.0,0.0,0.0,0.0
CHEMBL1824743,2.204409711160252,5.704186433444364,0.0,17.056946582658163,-0.1552059975224662,4.308920165445445,0.0,4.2738316707820125,0.0,0.0,0.0,0.0,0.0,18.149173023853344,8.751472584404132,0.0,1.872932492441421,0.0,0.0,0.0,0.0,0.0,0.0,0.0,0.0
CHEMBL1824744,2.220275503964302,7.062082451396314,0.0,17.090482291073677,-0.1557156393957444,4.31727085988989,0.0,4.284601330114985,0.0,0.0,0.0,0.0,0.0,18.180760934753,8.787803602922649,0.0,1.8791053319475937,0.0,0.0,0.0,0.0,0.0,0.0,0.0,0.0
CHEMBL1824745,2.250428935885563,11.256137819864328,0.0,17.163620122554523,-0.1571283692362963,4.337040447723469,0.0,4.3058801545016365,0.0,0.0,0.0,0.0,0.0,18.25692966806567,8.862048101732999,0.0,1.8917097855747744,0.0,0.0,0.0,0.0,0.0,0.0,0.0,0.0
CHEMBL1824746,0.0,6.176913145932078,0.0,17.210748029928222,0.3429686030493207,4.328022787210405,0.0,4.381685590877511,0.0,0.0,0.0,0.0,0.0,18.196432282659806,8.953804012345678,0.0,1.9094255479969768,0.0,0.0,0.0,0.0,0.0,0.0,0.0,0.0
CHEMBL1824747,0.0,0.0,0.0,26.650374717148296,-0.2171778155706734,4.285021146271701,0.0,4.94284464500013,0.0,0.0,0.0,0.0,0.0,18.16009739155469,8.70156289367599,0.0,1.8106103552532125,0.0,0.0,0.0,0.0,0.0,0.0,0.0,0.0
CHEMBL1824748,0.0,0.3030493929537943,0.0,26.13762464445989,-0.2467953724699758,4.273547499390961,0.0,4.562903859577604,0.0,0.0,0.0,0.0,0.0,18.186248256313192,8.57728584026203,0.0,1.7702862811791382,0.0,0.0,5.769182931666698,0.0,0.0,0.0,0.0,0.0
CHEMBL1824749,0.0,0.259020670353643,0.0,23.61514621659412,-0.266418880275302,4.263923656798369,0.0,5.052215948255085,0.0,0.0,0.0,0.0,0.0,18.201924318404693,8.561780867696871,0.0,1.7532903964054758,0.0,0.0,5.765540956358056,0.0,0.0,0.0,5.904686960520097,0.0
CHEMBL1824750,0.0,0.221587988947747,0.0,23.252718919257383,-0.2855113198222874,6.324658308297168,0.0,4.840823300265214,0.0,0.0,0.0,0.0,0.0,27.107116661154087,8.542988851009232,0.0,1.7363436562769174,0.0,0.0,5.759273634614544,0.0,0.0,0.0,0.0,0.0
CHEMBL1824751,0.0,0.1302295705804004,0.0,21.93542562477544,-0.3276753847136247,4.218132975329703,0.0,3.922775902110979,0.0,0.0,0.0,0.0,0.0,18.204188404867168,8.46283937646582,0.0,1.6917568794174134,0.0,10.775709901418644,5.681325788809556,0.0,0.0,0.0,0.0,0.0
CHEMBL1824752,2.0295810595198573,0.3021045705804002,0.0,24.467285035206285,-0.2489716810099211,4.280416712353924,0.0,5.745510701341505,0.0,0.0,0.0,0.0,0.0,18.216534083879512,8.608955078945158,0.0,1.7744015075165869,0.0,0.0,5.824182931666698,0.0,0.0,0.0,0.0,0.0
CHEMBL1824753,1.6173743187605587,0.2636798256824406,0.0,23.86181797987659,-0.2659980048544268,4.2721581699663815,0.0,5.195946072198883,0.0,0.0,0.0,0.0,0.0,18.23084481906683,8.593701023236557,0.0,1.7594015075165867,0.0,0.0,10.971074288549598,0.0,0.0,0.0,0.0,0.0
CHEMBL1824754,0.0,0.2759366126564899,0.0,34.79452754822685,-0.2667670262278432,4.298884216854171,0.0,6.797533357470675,0.0,0.0,0.0,0.0,0.0,18.33254493464376,8.696211982952256,0.0,1.7777348408499205,0.0,0.0,5.960060199240393,0.0,0.0,0.0,0.0,0.0
CHEMBL1824755,0.0,0.0,0.0,24.259449168556312,0.0786111111111107,0.0,0.0,2.4059259259259265,0.0,0.0,0.0,0.0,0.0,0.0,8.043050831443688,0.0,1.879629629629629,0.0,0.0,0.0,0.0,0.0,0.0,0.0,0.0
CHEMBL1824756,2.1576332199546484,2.0519179894179898,0.0,22.947383786848075,0.0745427059712773,0.0,0.0,3.488573318216176,0.0,0.0,0.0,0.0,0.0,0.0,8.645365646258504,0.0,1.9679166666666668,0.0,0.0,0.0,0.0,0.0,0.0,0.0,0.0
CHEMBL1824757,2.236702795060479,6.02371445559837,0.0,23.124240922540537,0.0734183411018727,0.0,0.0,3.5418808112215405,0.0,0.0,0.0,0.0,0.0,0.0,8.833553870622323,0.0,1.9998221371882088,0.0,0.0,0.0,0.0,0.0,0.0,0.0,0.0
CHEMBL1824758,2.248900451900993,7.422254251894992,0.0,23.162878671772383,0.0729086992285945,0.0,0.0,3.550511392701148,0.0,0.0,0.0,0.0,0.0,0.0,8.86988488914084,0.0,2.0059949766943816,0.0,0.0,0.0,0.0,0.0,0.0,0.0,0.0
CHEMBL1824759,2.271141405819332,11.71319183460182,0.0,23.24782740531013,0.0714959693880425,0.0,0.0,3.5669478999412614,0.0,0.0,0.0,0.0,0.0,0.0,8.94412938795119,0.0,2.0185994303215624,0.0,0.0,0.0,0.0,0.0,0.0,0.0,0.0
CHEMBL1824760,0.0,6.498028090853217,0.0,23.294504899194653,0.6638308085579906,0.0,0.0,3.6381023767531713,0.0,0.0,0.0,0.0,0.0,0.0,9.03588529856387,0.0,2.036315192743764,0.0,0.0,0.0,0.0,0.0,0.0,0.0,0.0
CHEMBL1824761,0.0,0.0,0.0,32.93638248509279,0.0114465230536657,0.0,0.0,4.331026811959353,0.0,0.0,0.0,0.0,0.0,0.0,8.783644179894178,0.0,1.9375,0.0,0.0,0.0,0.0,0.0,0.0,0.0,0.0
CHEMBL1824762,0.0,0.3891991055681529,0.0,32.339229002819366,-0.0181710338456371,0.0,0.0,3.952490311449548,0.0,0.0,0.0,0.0,0.0,0.0,8.659367126480221,0.0,1.897175925925926,0.0,0.0,5.780709561602419,0.0,0.0,0.0,0.0,0.0
CHEMBL1824763,0.0,0.3451703829680019,0.0,29.76909341949883,-0.037794541650963,0.0,0.0,4.497989648174396,0.0,0.0,0.0,0.0,0.0,0.0,8.643862153915062,0.0,1.880180041152264,0.0,0.0,5.777067586293777,0.0,0.0,0.0,5.902209087426416,0.0
CHEMBL1824764,0.0,0.3077377015621061,0.0,29.389737109816405,-0.0568869811979482,2.0936277895546755,0.0,4.306130179196871,0.0,0.0,0.0,0.0,0.0,8.867217164933164,8.625070137227423,0.0,1.863233301023705,0.0,0.0,5.770800264550264,0.0,0.0,0.0,0.0,0.0
CHEMBL1824765,0.0,0.2163792831947593,0.0,28.030013259778908,-0.0990510460892859,0.0,0.0,3.433117503264857,0.0,0.0,0.0,0.0,0.0,0.0,8.54492066268401,0.0,1.818646524164201,0.0,10.735791026733695,5.692852418745275,0.0,0.0,0.0,0.0,0.0
CHEMBL1824766,2.0582060074565485,0.3882542831947593,0.0,30.63999767020975,-0.020347342385582,0.0,0.0,5.1725189691620495,0.0,0.0,0.0,0.0,0.0,0.0,8.691036365163349,0.0,1.9012911522633744,0.0,0.0,5.835709561602418,0.0,0.0,0.0,0.0,0.0
CHEMBL1824767,1.6429217177310402,0.3498295382967999,0.0,30.021197281546726,-0.0373736662300876,0.0,0.0,4.638891840019429,0.0,0.0,0.0,0.0,0.0,0.0,8.675782309454748,0.0,1.8862911522633743,0.0,0.0,10.98912649358464,0.0,0.0,0.0,0.0,0.0
CHEMBL1824768,0.0,0.3620863252708488,0.0,41.08789097306413,-0.0381426876035044,0.0,0.0,6.266994138658587,0.0,0.0,0.0,0.0,0.0,0.0,8.778293269170447,0.0,1.904624485596708,0.0,0.0,5.971586829176115,0.0,0.0,0.0,0.0,0.0
CHEMBL1824769,0.0,0.686218820861678,0.0,10.87583593159486,0.0,2.0782596371882085,0.0,1.7794817649281938,0.0,0.0,0.0,0.0,0.0,8.607608339632149,7.568447735575712,0.0,1.7374811035525322,0.0,0.0,0.0,0.0,0.0,0.0,0.0,0.0
CHEMBL1825017,0.0,0.6376077097505669,0.0,10.675385802469137,0.0,2.0749803162005542,0.0,1.7521986016628877,0.0,0.0,0.0,0.0,0.0,8.605262660619804,7.989306027966743,0.0,1.598592214663643,0.0,0.0,0.0,0.0,0.0,0.0,0.0,0.0
CHEMBL1825018,0.0,0.7925,0.0,13.724863473167044,0.0,0.0,0.0,1.2388888888888892,0.0,0.0,0.0,0.0,0.0,0.0,7.609488378684807,0.0,1.800925925925926,0.0,0.0,0.0,0.0,0.0,0.0,0.0,0.0
CHEMBL1825019,0.0,0.7438888888888889,0.0,13.510202191987906,0.0,0.0,0.0,1.216388888888889,0.0,0.0,0.0,0.0,0.0,0.0,8.034149659863946,0.0,1.662037037037037,0.0,0.0,0.0,0.0,0.0,0.0,0.0,0.0
CHEMBL1825020,0.0,0.686218820861678,0.0,10.598058153817082,0.0,2.0782596371882085,0.0,1.7794817649281938,0.0,0.0,0.0,0.0,0.0,8.607608339632149,7.84622551335349,0.0,1.7374811035525322,0.0,0.0,0.0,0.0,0.0,0.0,0.0,0.0
CHEMBL1825021,0.0,0.7925,0.0,13.447085695389266,0.0,0.0,0.0,1.238888888888889,0.0,0.0,0.0,0.0,0.0,0.0,7.887266156462585,0.0,1.800925925925926,0.0,0.0,0.0,0.0,0.0,0.0,0.0,0.0
CHEMBL1825022,0.0,0.0,0.0,17.918306563366087,-0.1986243386243389,4.217230410682792,0.0,3.1586307025105738,0.0,0.0,0.0,0.0,0.0,17.830512028655967,8.460093537414966,0.0,1.6138510959939532,0.0,0.0,0.0,0.0,0.0,0.0,0.0,0.0
CHEMBL1825023,0.0,0.0,0.0,23.985219198790627,0.0299999999999995,0.0,0.0,2.3609259259259265,0.0,0.0,0.0,0.0,0.0,0.0,8.549780801209373,0.0,1.7407407407407407,0.0,0.0,0.0,0.0,0.0,0.0,0.0,0.0
CHEMBL1825024,0.0,0.0,0.0,23.981671390778533,0.0786111111111107,0.0,0.0,2.4059259259259265,0.0,0.0,0.0,0.0,0.0,0.0,8.320828609221467,0.0,1.879629629629629,0.0,0.0,0.0,0.0,0.0,0.0,0.0,0.0
CHEMBL1825025,2.12463748573826,2.74142145185796,0.0,9.499594907407408,0.0,2.1041115485577966,0.0,2.830653520795116,0.0,0.0,0.0,0.0,0.0,8.703050394663364,8.170762550390526,0.0,1.8257681405895687,0.0,0.0,0.0,0.0,0.0,0.0,0.0,0.0
CHEMBL1825026,2.21613476550706,6.702561363085665,0.0,9.599506927005574,0.0,2.120825193581881,0.0,2.879754206735872,0.0,0.0,0.0,0.0,0.0,8.764593158218492,8.358950774754346,0.0,1.8576736111111112,0.0,0.0,0.0,0.0,0.0,0.0,0.0,0.0
CHEMBL1825027,2.230895752649513,8.096770407222566,0.0,9.620181031213331,0.0,2.125000540804104,0.0,2.887636910552017,0.0,0.0,0.0,0.0,0.0,8.780387113668318,8.395281793272865,0.0,1.863846450617284,0.0,0.0,0.0,0.0,0.0,0.0,0.0,0.0
CHEMBL1825028,2.258453349234912,12.375142854787825,0.0,9.66440248240932,0.0,2.1348853347208934,0.0,2.9026673021947187,0.0,0.0,0.0,0.0,0.0,8.818471480324654,8.469526292083213,0.0,1.8764509042444648,0.0,0.0,0.0,0.0,0.0,0.0,0.0,0.0
CHEMBL1825029,0.0,7.187225823721896,0.0,9.706189869083538,0.5958008406403066,2.130376504464361,0.0,2.970068638438949,0.0,0.0,0.0,0.0,0.0,8.788222787621722,8.561282202695892,0.0,1.8941666666666663,0.0,0.0,0.0,0.0,0.0,0.0,0.0,0.0
CHEMBL1825030,0.0,0.6443870464852607,0.0,19.368909722519724,0.0,2.1088756839950094,0.0,3.670046313648407,0.0,0.0,0.0,0.0,0.0,8.770055342069162,8.309041084026203,0.0,1.7953514739229024,0.0,0.0,0.0,0.0,0.0,0.0,0.0,0.0
CHEMBL1825031,0.0,1.001417774078308,0.0,18.899310689786848,0.0,2.1031388605546395,0.0,3.305887523355889,0.0,0.0,0.0,0.0,0.0,8.783130774448416,8.184764030612245,0.0,1.7550273998488284,0.0,0.0,5.633989613981497,0.0,0.0,0.0,0.0,0.0
CHEMBL1825032,0.0,0.9391429541411505,0.0,16.403058318327577,0.0,2.098326939258343,0.0,3.846122140173004,0.0,0.0,0.0,0.0,0.0,8.790968805494167,8.169259058047086,0.0,1.738031515075166,0.0,0.0,5.630347638672856,0.0,0.0,0.0,5.829187075255098,0.0
CHEMBL1825033,0.0,0.8837752405956769,0.0,16.081496590098162,0.0,4.1551022894778615,0.0,3.658948835725394,0.0,0.0,0.0,0.0,0.0,17.558378244200842,8.150467041359448,0.0,1.7210847749466076,0.0,0.0,5.624080316929343,0.0,0.0,0.0,0.0,0.0
CHEMBL1825034,0.0,0.7514101647443999,0.0,14.867741918165834,0.0,2.07543159852401,0.0,2.7974219216276994,0.0,0.0,0.0,0.0,0.0,8.792100848725404,8.070317566816033,0.0,1.6764979980871035,0.0,10.608038768656714,5.546132471124354,0.0,0.0,0.0,0.0,0.0
CHEMBL1825035,2.0402013082050687,0.9996740536332884,0.0,17.208671623381253,0.0,2.106573467036121,0.0,4.51537368338288,0.0,0.0,0.0,0.0,0.0,8.798273688231575,8.216433269295372,0.0,1.759142626186277,0.0,0.0,5.688989613981497,0.0,0.0,0.0,0.0,0.0
CHEMBL1825036,1.6270182242506208,0.945380392298231,0.0,16.63626216979048,0.0,2.1024441958423488,0.0,3.986166857494697,0.0,0.0,0.0,0.0,0.0,8.805429055825236,8.201179213586771,0.0,1.744142626186277,0.0,0.0,10.785310598058668,0.0,0.0,0.0,0.0,0.0
CHEMBL1825037,0.0,0.960848292030096,0.0,27.573446759377607,0.0,2.115807219286244,0.0,5.602585601315083,0.0,0.0,0.0,0.0,0.0,8.856279113613697,8.30369017330247,0.0,1.7624759595196102,0.0,0.0,5.824866881555193,0.0,0.0,0.0,0.0,0.0
CHEMBL1825038,2.1490235260770976,2.9269586167800448,0.0,12.324039115646258,0.0,0.0,0.0,2.332295918367348,0.0,0.0,0.0,0.0,0.0,0.0,8.211803193499623,0.0,1.8892129629629628,0.0,0.0,0.0,0.0,0.0,0.0,0.0,0.0
CHEMBL1825039,2.232281307457173,6.96860655330099,0.0,12.434514168753264,0.0,0.0,0.0,2.37682145247396,0.0,0.0,0.0,0.0,0.0,0.0,8.399991417863442,0.0,1.9211184334845048,0.0,0.0,0.0,0.0,0.0,0.0,0.0,0.0
CHEMBL1825040,2.2452082266178586,8.383137486610229,0.0,12.457739293369183,0.0,0.0,0.0,2.383634617363424,0.0,0.0,0.0,0.0,0.0,0.0,8.43632243638196,0.0,1.9272912729906777,0.0,0.0,0.0,0.0,0.0,0.0,0.0,0.0
CHEMBL1825041,2.2688095842017963,12.709951041294891,0.0,12.507866195593625,0.0,0.0,0.0,2.3962438504328563,0.0,0.0,0.0,0.0,0.0,0.0,8.51056693519231,0.0,1.9398957266178587,0.0,0.0,0.0,0.0,0.0,0.0,0.0,0.0
CHEMBL1825042,0.0,7.454064475320788,0.0,12.549428375523252,0.6419197740824722,0.0,0.0,2.4613197068951043,0.0,0.0,0.0,0.0,0.0,0.0,8.602322845804988,0.0,1.9576114890400604,0.0,0.0,0.0,0.0,0.0,0.0,0.0,0.0
CHEMBL1825043,0.0,0.7506682256235827,0.0,22.31327367829848,0.0,0.0,0.0,3.227180072646343,0.0,0.0,0.0,0.0,0.0,0.0,8.350081727135299,0.0,1.8587962962962965,0.0,0.0,0.0,0.0,0.0,0.0,0.0,0.0
CHEMBL1825044,0.0,1.0884989895866517,0.0,19.28139199158643,0.0,0.0,0.0,3.432051665650984,0.0,0.0,0.0,0.0,0.0,0.0,8.210299701156181,0.0,1.80147633744856,0.0,0.0,5.636110953640715,0.0,0.0,0.0,5.8279481387082575,0.0
CHEMBL1825045,0.0,1.0331312760411784,0.0,18.951365757184178,0.0,2.073221919247456,0.0,3.2546449507095465,0.0,0.0,0.0,0.0,0.0,8.748421849798563,8.191507684468544,0.0,1.7845295973200013,0.0,0.0,5.629843631897203,0.0,0.0,0.0,0.0,0.0
CHEMBL1825046,0.0,0.9007662001899012,0.0,17.716395807474072,0.0,0.0,0.0,2.4156353977229643,0.0,0.0,0.0,0.0,0.0,0.0,8.111358209925129,0.0,1.7399428204604972,0.0,10.58807933131424,5.551895786092215,0.0,0.0,0.0,0.0,0.0
CHEMBL1825047,2.054513782173414,1.1490300890787903,0.0,20.096388012689488,0.0,0.0,0.0,4.091920492811478,0.0,0.0,0.0,0.0,0.0,0.0,8.257473912404468,0.0,1.8225874485596707,0.0,0.0,5.694752928949358,0.0,0.0,0.0,0.0,0.0
CHEMBL1825048,1.6397919237358618,1.0947364277437326,0.0,19.51731189243205,0.0,0.0,0.0,3.5706824169232947,0.0,0.0,0.0,0.0,0.0,0.0,8.242219856695867,0.0,1.8075874485596708,0.0,0.0,10.794336700576189,0.0,0.0,0.0,0.0,0.0
CHEMBL1825049,0.0,1.1102043274755975,0.0,30.52148854360275,0.0,0.0,0.0,5.200358667427364,0.0,0.0,0.0,0.0,0.0,0.0,8.344730816411566,0.0,1.825920781893004,0.0,0.0,5.830630196523053,0.0,0.0,0.0,0.0,0.0
CHEMBL1835539,2.148950354833292,5.274688812253296,0.0,3.396980741370622,1.340955687830687,0.0,0.438549645166709,1.136852757306627,0.0,-0.1308195546737214,0.0,0.0,0.0,0.0,0.0,0.0,0.0,9.577625953541808,12.256068433163492,0.0,0.0,14.14348050254052,0.0,0.0,0.0
CHEMBL1835542,2.1230244289073656,5.2999757233140175,0.0,3.164897408037289,1.1468806689342397,0.0,0.4059570525741163,1.6514360906399612,0.0,-0.1790448633156967,0.0,0.0,0.0,0.0,0.0,0.0,0.0,9.872625953541808,23.461158191288963,0.0,0.0,0.0,0.0,0.0,0.0
CHEMBL1835547,2.173024428907365,5.819241753800286,0.7413329212857982,3.677397408037289,1.5084760015117151,0.0,0.4592903859074497,2.938843498047368,0.0,-0.1080572089947091,0.0,0.0,0.0,0.0,0.0,0.0,0.0,9.91262595354181,23.461158191288963,0.0,0.0,0.0,0.0,0.0,0.0
CHEMBL184051,3.6220987211547,0.6803536785084402,0.0,20.67705862024179,0.0,0.0,0.0,4.966808859397244,1.071366790543378,0.0,0.0,0.0,0.0,0.0,4.051289203217171,0.0,0.0,0.0,13.32146132527085,5.283585592881678,6.1899820483749055,0.0,0.0,0.0,0.0
CHEMBL184051,3.6220987211547,0.6803536785084402,0.0,20.67705862024179,0.0,0.0,0.0,4.966808859397244,1.071366790543378,0.0,0.0,0.0,0.0,0.0,4.051289203217171,0.0,0.0,0.0,13.32146132527085,5.283585592881678,6.1899820483749055,0.0,0.0,0.0,0.0
CHEMBL184700,0.0,0.6884285241874526,0.0,24.17214689562949,0.0,0.0,0.0,3.168470036290203,0.85736756739733,0.0,0.0,0.0,0.0,0.0,0.0,0.0,0.0,9.73742639343514,13.117388196019148,0.0,6.033700160619803,0.0,0.0,0.0,0.0
CHEMBL184749,0.0,0.6484285241874526,0.0,21.40654982319935,0.0,0.0,0.0,3.049326731202634,0.8350218883849845,0.0,0.0,0.0,0.0,0.0,4.019778957764618,0.0,0.0,9.730481948990697,13.107388196019148,0.0,6.018075160619803,0.0,0.0,0.0,0.0
CHEMBL184952,1.6631946806500375,0.834704506802721,0.0,19.75212243848157,0.1324707105064244,0.0,0.0,3.930505899890821,0.0,0.0,0.0,0.0,0.0,0.0,7.898516628873772,0.0,2.0315173847316705,0.0,0.0,11.59030108339632,0.0,0.0,0.0,0.0,0.0
CHEMBL185,0.0,0.0,0.0,0.7094907407407407,0.0,0.0,0.0,-0.9911111111111108,0.0,0.0,0.0,0.0,3.6510185185185184,0.0,0.0,0.0,0.0,0.0,20.353981481481483,0.0,0.0,11.984814814814817,0.0,0.0,0.0
CHEMBL185165,1.660849001637692,0.812204506802721,0.0,19.51634429852188,0.0716373771730911,0.0,0.0,3.8836308998908207,0.0,0.0,0.0,0.0,0.0,0.0,8.416386605568153,0.0,1.8926284958427813,0.0,0.0,11.579652147896194,0.0,0.0,0.0,0.0,0.0
CHEMBL185809,1.5939601445534748,0.6813181846812798,0.0,22.34206724489102,0.0,0.0,0.0,3.80822163021162,1.0686792957923912,0.0,0.0,0.0,0.0,0.0,4.043057228639043,0.0,0.0,0.0,13.236533604182416,5.270414105278372,6.15974182728647,0.0,0.0,0.0,0.0
CHEMBL185809,1.5939601445534748,0.6813181846812798,0.0,22.34206724489102,0.0,0.0,0.0,3.80822163021162,1.0686792957923912,0.0,0.0,0.0,0.0,0.0,4.043057228639043,0.0,0.0,0.0,13.236533604182416,5.270414105278372,6.15974182728647,0.0,0.0,0.0,0.0
CHEMBL185819,1.592932859872344,0.6588181846812798,0.0,22.358496445116664,0.0,0.0,0.0,3.742442883144994,1.0630542957923912,0.0,0.0,0.0,0.0,0.0,4.145509464014154,0.0,0.0,0.0,13.234187925170067,5.2690940869129,6.154958664021164,0.0,0.0,0.0,0.0
CHEMBL185950,0.0,0.5980813019652305,0.0,18.12225949260176,0.0,0.0,0.0,2.763766002766274,0.7258266670865883,0.0,0.0,0.0,0.0,0.0,4.004342293289492,0.0,0.0,19.289288400978823,13.129815917107583,0.0,5.985815381708239,0.0,0.0,0.0,0.0
CHEMBL185950,0.0,0.5980813019652305,0.0,18.12225949260176,0.0,0.0,0.0,2.763766002766274,0.7258266670865883,0.0,0.0,0.0,0.0,0.0,4.004342293289492,0.0,0.0,19.289288400978823,13.129815917107583,0.0,5.985815381708239,0.0,0.0,0.0,0.0
CHEMBL185966,1.6133020759257022,1.0698225700322213,1.78378472981377,22.669985723204608,0.0,0.0,0.0,4.33525907400611,1.0140905822205424,0.0,0.0,0.0,0.0,0.0,0.0,0.0,0.0,0.0,13.38676568084126,11.13734788087054,6.183464191232048,0.0,0.0,0.0,0.0
CHEMBL186079,1.6178993004904592,1.0778568395699877,0.0,30.17939555169441,0.0,0.0,0.0,5.409917825517176,1.0057333133870836,0.0,0.0,0.0,0.0,0.0,4.077438401859965,0.0,0.0,0.0,13.65077519205315,11.24251512143308,6.335278958805745,0.0,0.0,0.0,0.0
CHEMBL186208,0.0,0.6380813019652304,0.0,20.859558296349007,0.0,0.0,0.0,2.8898537522982872,0.748172346098934,0.0,0.0,0.0,0.0,0.0,0.0,0.0,0.0,19.302150005186583,13.139815917107583,0.0,6.001440381708239,0.0,0.0,0.0,0.0
CHEMBL186626,0.0,0.5816924130763417,1.720165711346267,10.820596156672543,0.0,0.0,0.0,1.7302451677411108,0.7341839359200468,0.0,0.0,0.0,0.0,0.0,0.0,0.0,0.0,19.030261456600293,12.865806405895691,0.0,5.834000614134542,0.0,0.0,0.0,0.0
CHEMBL187068,1.5990738991925304,0.6239454994960947,0.0,19.147223781959983,0.0,0.0,0.0,3.591515025929259,0.7883048049466703,0.0,0.0,0.0,0.0,0.0,4.024237233514103,0.0,0.0,9.774266520091702,13.230606812169311,5.213808518316371,6.043396400226757,0.0,0.0,0.0,0.0
CHEMBL187068,1.5990738991925304,0.6239454994960947,0.0,19.147223781959983,0.0,0.0,0.0,3.591515025929259,0.7883048049466703,0.0,0.0,0.0,0.0,0.0,4.024237233514103,0.0,0.0,9.774266520091702,13.230606812169311,5.213808518316371,6.043396400226757,0.0,0.0,0.0,0.0
CHEMBL187185,0.0,0.7689965986394558,0.0,18.56975865037373,-0.0400406273620566,0.0,0.0,3.016198454690519,0.0,0.0,0.0,0.0,0.0,0.0,8.324114229024943,0.0,1.841608087679516,9.747113095238095,0.0,6.105584845049132,0.0,0.0,0.0,0.0,0.0
CHEMBL188664,0.0,1.1144103893813209,0.0,32.48740334668006,0.0,0.0,0.0,4.862440209589172,1.0524503968253975,0.0,0.0,0.0,0.0,0.0,4.0729801261104805,0.0,0.0,0.0,13.527556575902985,5.948284475648743,6.30995771919879,0.0,0.0,0.0,0.0
CHEMBL188664,0.0,1.1144103893813209,0.0,32.48740334668006,0.0,0.0,0.0,4.862440209589172,1.0524503968253975,0.0,0.0,0.0,0.0,0.0,4.0729801261104805,0.0,0.0,0.0,13.527556575902985,5.948284475648743,6.30995771919879,0.0,0.0,0.0,0.0
CHEMBL189051,2.213765169648106,6.245250863462669,0.0,4.059689074703956,1.8039318783068767,0.0,0.5033644599815237,3.878542572121443,0.0,-0.0487883046737214,0.0,0.0,0.0,0.0,0.0,0.0,0.0,9.905750953541808,12.30856843316349,0.0,0.0,0.0,0.0,0.0,3.4632582330771813
CHEMBL189051,2.213765169648106,6.245250863462669,0.0,4.059689074703956,1.8039318783068767,0.0,0.5033644599815237,3.878542572121443,0.0,-0.0487883046737214,0.0,0.0,0.0,0.0,0.0,0.0,0.0,9.905750953541808,12.30856843316349,0.0,0.0,0.0,0.0,0.0,3.4632582330771813
CHEMBL189170,1.5998773043167884,0.7213181846812798,0.0,25.12502542843226,0.0,0.0,0.0,3.927364935299189,1.091024974804737,0.0,0.0,0.0,0.0,0.0,0.0,0.0,0.0,0.0,13.246533604182414,5.277358549722817,6.17536682728647,0.0,0.0,0.0,0.0
CHEMBL189274,1.604924444391505,0.4254844617635644,0.0,27.48357447714526,0.0,0.0,0.0,3.9728159166977823,0.9243220637020242,0.0,0.0,0.0,0.0,0.0,4.107253795066052,0.0,1.6923658877131098,0.0,13.524231667235815,11.161353640773214,6.233556783824641,0.0,0.0,0.0,0.0
CHEMBL189274,1.604924444391505,0.4254844617635644,0.0,27.48357447714526,0.0,0.0,0.0,3.9728159166977823,0.9243220637020242,0.0,0.0,0.0,0.0,0.0,4.107253795066052,0.0,1.6923658877131098,0.0,13.524231667235815,11.161353640773214,6.233556783824641,0.0,0.0,0.0,0.0
CHEMBL189472,3.1720979824823203,0.0,0.0,17.409626900142772,0.0,0.0,0.0,2.935167202543196,0.9405509626690184,0.0,0.0,0.0,0.0,0.0,4.060409262087653,0.0,1.6804381613756614,0.0,13.233208695515245,10.44092855427257,6.083340891912321,0.0,0.0,0.0,0.0
CHEMBL189472,3.1720979824823203,0.0,0.0,17.409626900142772,0.0,0.0,0.0,2.935167202543196,0.9405509626690184,0.0,0.0,0.0,0.0,0.0,4.060409262087653,0.0,1.6804381613756614,0.0,13.233208695515245,10.44092855427257,6.083340891912321,0.0,0.0,0.0,0.0
CHEMBL190099,1.56542128579827,0.0,0.0,17.38927472280872,0.0,0.0,0.0,2.1392031210632405,0.919490268329554,0.0,0.0,0.0,0.0,0.0,8.046738866843032,0.0,1.447072940287226,0.0,13.0822123015873,5.210804747250905,5.995519652305367,0.0,0.0,0.0,0.0
CHEMBL190208,1.5712218950048134,0.0,0.0,16.082803529393082,0.0,0.0,0.0,2.9080156368102807,0.9653883219954652,0.0,0.0,0.0,2.908398053665911,0.0,7.727142223790853,0.0,0.0,0.0,13.117448034769463,5.225429101622283,6.039177059712774,0.0,0.0,0.0,0.0
CHEMBL1908014,4.433023247879399,6.360749165406904,1.9188203892668176,0.0,0.7112582147056346,0.0,1.7340538784958444,0.0,0.0,-0.1553632448349708,0.0,0.0,0.0,0.0,0.0,0.0,0.0,10.10978959677688,24.221002085636822,0.0,0.0,0.0,0.0,0.0,0.0
CHEMBL190848,3.4869727103804484,0.0,0.0,18.34309734290614,0.0,0.0,0.0,3.247062179810196,1.0135034013605444,0.0,0.0,0.0,0.0,0.0,4.32849253590325,0.0,1.8841369047619048,0.0,13.221402116402118,5.256601941128456,6.128621504157218,0.0,0.0,0.0,0.0
CHEMBL191488,1.579486357814731,0.0,0.0,18.096146363440283,0.0,0.0,0.0,3.1196583679768213,1.0014214852607712,0.0,0.0,0.0,3.019509164777022,0.0,4.210436980347694,0.0,0.0,0.0,13.133073034769463,5.235429101622283,6.066954837490552,0.0,0.0,0.0,0.0
CHEMBL1915151,1.3197718253968254,0.7755459498614263,1.4894473838918283,7.873401314994929,-0.6907208994708995,0.0,-0.998990457294028,1.9635896426471824,2.053645019736289,0.0,0.0,0.0,3.3127543146888385,0.0,0.0,1.3958796296296294,0.0,0.0,24.368266408415217,9.951433846686822,0.0,0.0,0.0,0.0,0.0
CHEMBL1915152,5.824164540816327,2.398087207105064,0.0,8.294397570756697,0.3399912866381114,0.0,-0.132795256991685,2.4981566515495093,2.377882180650038,0.0,0.0,0.0,3.502966506046864,0.0,0.0,2.2303703703703706,0.0,0.0,12.152420005039051,5.014358938019653,0.0,0.0,0.0,0.0,0.0
CHEMBL1915156,3.175653202383902,0.3721241181657853,0.0,14.4035877944306,-0.8953618669690104,0.0,-0.55405759217267,2.916644316932468,1.9393394489976383,0.0,0.0,0.0,3.297953645964559,0.0,0.0,1.2373148148148148,0.0,0.0,38.95570536239187,4.918497312505249,0.0,0.0,-3.850733890778533,0.0,0.0
CHEMBL1915159,2.3790898998488283,0.4739120370370371,0.0,7.739728442302846,-0.8086054421768714,0.0,-0.5311517384731668,1.821924130763417,1.9685378873771733,0.0,0.0,0.0,3.237373157596372,0.0,0.0,1.1910185185185185,0.0,0.0,35.845818846056936,4.763504818594104,0.0,0.0,-3.497817224111867,0.0,0.0
CHEMBL1915161,1.4884724584278155,3.8725629094230287,0.0,8.33908892878139,0.6299912866381114,0.0,-0.1050174792139073,2.546342592592593,2.409132180650038,0.0,0.0,0.0,3.5233746693121697,0.0,0.0,2.2928703703703706,0.0,0.0,12.17282816830436,5.034767101284959,0.0,0.0,0.0,0.0,0.0
CHEMBL1915167,5.13723447866801,0.8193140589569166,0.0,7.967209047199127,-0.6015147602250785,0.0,-0.6393116969009811,2.0646815948601667,2.118105893592005,0.0,0.0,2.851308736457546,3.357918792517007,0.0,0.0,1.5451851851851852,0.0,0.0,24.638604497354496,4.907930839002267,0.0,0.0,0.0,0.0,0.0
CHEMBL1915176,4.2492762660619805,2.089614984882842,0.0,8.134387965062569,0.0480411732594266,0.0,-0.7207582199546485,2.3447741874527592,2.2694283824640973,0.0,0.0,0.0,3.4441335978835976,0.0,0.0,2.0741203703703706,0.0,9.504839065255732,11.562142227261274,0.0,0.0,0.0,0.0,0.0,0.0
CHEMBL1915401,1.436320219433044,1.9063610166288736,0.0,15.27663466535407,-0.3143433484504918,0.0,-0.2132319748887206,3.642747711994196,2.276190488770756,0.0,0.0,0.0,3.4846203126312254,0.0,0.0,2.1209599395313683,0.0,9.458878178200347,12.375254367178968,5.04960842361636,0.0,0.0,0.0,0.0,0.0
CHEMBL1915403,0.0,1.597888794406651,0.0,14.936459243333411,-0.550454459561603,0.0,-0.8011949378516829,3.399192660343906,2.1677366905848148,0.0,0.0,0.0,3.42578740446796,0.0,0.0,1.964709939531368,0.0,19.074898075343985,11.784976589401191,0.0,0.0,0.0,0.0,0.0,0.0
CHEMBL192077,2.1554138321995464,2.327023573318216,2.2846759259259257,14.569645534139584,0.0,0.0,1.4536111111111112,5.493845217099185,0.0,0.0,0.0,0.0,0.0,0.0,4.049118139539766,0.0,0.0,0.0,0.0,0.0,0.0,0.0,0.0,0.0,0.0
CHEMBL192155,1.7130427514338047,2.219812925170068,2.246008125472412,10.122030475770554,0.0,0.0,1.409169501133787,4.922012629125725,0.0,0.0,0.0,0.0,0.0,0.0,4.101521475491533,0.0,0.0,0.0,0.0,5.253167543251868,0.0,0.0,0.0,0.0,0.0
CHEMBL192306,1.5777669648106154,0.0,0.0,19.67293850776715,0.0,0.0,0.0,2.373222395439658,0.9872680461073318,0.0,0.0,0.0,0.0,0.0,4.053029572940288,0.0,1.697072940287226,0.0,13.10999007936508,5.226429747250905,6.058019652305367,0.0,0.0,0.0,0.0
CHEMBL192306,1.5777669648106154,0.0,0.0,19.67293850776715,0.0,0.0,0.0,2.373222395439658,0.9872680461073318,0.0,0.0,0.0,0.0,0.0,4.053029572940288,0.0,1.697072940287226,0.0,13.10999007936508,5.226429747250905,6.058019652305367,0.0,0.0,0.0,0.0
CHEMBL193343,1.9957327622406988,0.6937252053535423,0.0,20.31679416866736,0.0,0.0,0.0,3.2427522150835646,2.40592261904762,0.0,0.0,0.0,0.0,0.0,4.15957849903557,0.0,0.0,0.0,0.0,5.518827863904974,0.0,0.0,0.0,0.0,0.0
CHEMBL1933690,1.635911123708743,0.9102581727135308,0.0,24.117080813807,-0.0525925925925931,0.0,0.0,2.3069208238851098,0.0,0.0,0.0,0.0,0.0,0.0,8.028355064247922,0.0,1.837072940287226,0.0,0.0,11.21699365394306,0.0,0.0,0.0,0.0,0.0
CHEMBL1933692,0.0,0.4838699924414209,0.0,22.54314799067776,-0.2682407407407412,0.0,0.0947222222222228,1.702149470899471,0.0,0.0,0.0,0.0,0.0,0.0,7.774701593600403,0.0,1.692962962962963,0.0,12.810019841269842,0.0,0.0,0.0,0.0,0.0,0.0
CHEMBL1933693,0.0,0.533376952632905,0.0,32.423359326359865,-0.607899659863947,0.0,-0.348171768707483,2.53191006340808,0.0,0.0,0.0,0.0,0.0,0.0,8.035829911063498,0.0,1.7678174603174603,0.0,12.909617661879563,6.087493386243386,0.0,0.0,0.0,0.0,0.0
CHEMBL1933694,1.43795524691358,0.5663236961451248,0.0,23.2810867031998,-0.463425925925927,0.0,-0.3024310279667423,2.0460846560846564,0.0,0.0,0.0,0.0,0.0,0.0,7.930077160493828,0.0,1.761014739229025,0.0,11.70869173595364,5.701289682539683,0.0,0.0,0.0,0.0,0.0
CHEMBL1933699,1.635911123708743,0.9102581727135308,0.0,24.117080813807,-0.0525925925925931,0.0,0.0,2.3069208238851098,0.0,0.0,0.0,0.0,0.0,0.0,8.028355064247922,0.0,1.837072940287226,0.0,0.0,11.21699365394306,0.0,0.0,0.0,0.0,0.0
CHEMBL1933700,0.0,0.5834070294784581,0.0,23.20933468757873,-0.6591666666666676,0.0,0.0,1.9961309523809527,0.0,0.0,0.0,0.0,0.0,0.0,7.84548012723608,0.0,1.7537962962962963,10.771017573696144,0.0,0.0,0.0,0.0,0.0,0.0,0.0
CHEMBL1933701,1.43795524691358,0.5663236961451248,0.0,23.2810867031998,-0.463425925925927,0.0,-0.3024310279667423,2.0460846560846564,0.0,0.0,0.0,0.0,0.0,0.0,7.930077160493828,0.0,1.761014739229025,0.0,11.70869173595364,5.701289682539683,0.0,0.0,0.0,0.0,0.0
CHEMBL193496,1.7205086031326111,3.485074168556311,2.2699896069538927,14.156433085579913,0.0,0.0,1.41213246409675,4.923469938901487,0.0,0.0,0.0,0.0,0.0,0.0,4.059666978093656,0.0,0.0,0.0,0.0,5.306058488018715,0.0,0.0,0.0,0.0,0.0
CHEMBL193534,0.0,0.0,0.0,20.49981786184528,0.0,0.0,0.0,3.46237868218275,2.4875633030990176,0.0,0.0,0.0,0.0,0.0,4.147737360376249,0.0,0.0,0.0,0.0,0.0,0.0,0.0,0.0,0.0,3.4858361258300383
CHEMBL193555,0.0,1.0538236961451246,2.2725925925925927,27.39588813650141,0.4586309523809523,0.0,1.400419501133787,5.36999800537499,0.0,0.0,0.0,0.0,0.0,0.0,4.215313782537809,0.0,0.0,0.0,0.0,0.0,0.0,0.0,0.0,0.0,0.0
CHEMBL193556,0.0,0.0,0.0,17.462798878810784,0.0,0.0,0.0,1.0335185185185187,2.157467876039305,0.0,0.0,0.0,0.0,0.0,8.402325837742504,0.0,1.9438888888888888,0.0,0.0,0.0,0.0,0.0,0.0,0.0,0.0
CHEMBL193606,0.0,3.634493496472663,2.268842592592593,16.564226820357774,0.0,0.0,1.4443055555555555,4.093237433862434,0.0,0.0,0.0,0.0,0.0,0.0,4.161560767825649,0.0,0.0,0.0,0.0,0.0,0.0,0.0,0.0,0.0,0.0
CHEMBL193652,0.0,2.1731732646762407,2.2150179516250943,13.874948966505452,0.0,0.0,1.379320987654321,4.669047356596961,0.0,0.0,0.0,0.0,0.0,0.0,4.131127383051986,0.0,0.0,0.0,0.0,0.0,0.0,0.0,0.0,6.001808534334387,0.0
CHEMBL193653,0.0,0.0,0.0,17.678735906399595,0.0,0.0,0.0,1.8675491307634169,2.451078987150416,0.0,0.0,0.0,0.0,0.0,3.911955467372134,0.0,0.0,0.0,0.0,0.0,5.257347174981104,0.0,0.0,0.0,0.0
CHEMBL193858,3.361228692476889,3.340851993575208,2.2416562736205594,11.910324021583945,0.0,0.0,1.3503732048374908,5.386798810573613,0.0,0.0,0.0,0.0,0.0,0.0,4.067046667241021,0.0,0.0,0.0,0.0,10.841720336091278,0.0,0.0,0.0,0.0,0.0
CHEMBL193863,1.6866406840513983,0.0,0.0,20.17522570756698,0.0,0.0,0.0,3.177694108507601,2.388095710506425,0.0,0.0,0.0,0.0,0.0,4.150157627865961,0.0,0.0,0.0,0.0,5.255519494834971,0.0,0.0,0.0,0.0,0.0
CHEMBL1939366,0.0,0.0,0.0,14.704633093978334,0.0,0.0,0.0,3.4980895691609986,0.0,0.0,0.0,0.0,0.0,0.0,16.92868795666415,0.0,0.0,0.0,0.0,0.0,0.0,0.0,0.0,0.0,0.0
CHEMBL1939519,0.0,0.0,0.0,15.064778054370407,0.0,0.0,0.0,4.985467337140619,0.0,0.0,0.0,0.0,0.0,0.0,8.900711451247165,0.0,0.0,0.0,0.0,0.0,0.0,0.0,0.0,11.73424511302412,0.0
CHEMBL1939520,0.0,0.0,0.0,12.080046904487745,0.0,0.0,0.0,2.242300327538424,0.0,0.0,0.0,0.0,0.0,0.0,8.601852324263039,0.0,0.0,0.0,0.0,0.0,0.0,25.67890914552485,0.0,0.0,0.0
CHEMBL1939521,0.0,0.0,0.0,16.10943395682934,0.0,0.0,0.0,5.945575790501387,0.0,0.0,0.0,0.0,0.0,0.0,9.00531214569161,0.0,0.0,0.0,0.0,0.0,0.0,0.0,0.0,0.0,6.853612701648867
CHEMBL1939522,3.3051749056606354,0.0,0.0,15.533807235066254,0.0,0.0,0.0,5.291496511362966,0.0,0.0,0.0,0.0,0.0,0.0,9.006895707357017,0.0,0.0,0.0,0.0,10.308246887508702,0.0,0.0,0.0,0.0,0.0
CHEMBL1939523,0.0,0.0,0.0,16.004430140883514,0.0,0.0,0.0,5.785294443394642,0.0,0.0,0.0,0.0,0.0,0.0,9.064297052154195,0.0,0.0,0.0,0.0,0.0,0.0,0.0,0.0,0.0,7.070907501889645
CHEMBL1939524,0.0,0.0,0.0,15.115822030458274,0.0,0.0,0.0,4.458423301419335,0.0,0.0,0.0,0.0,0.0,0.0,8.863155076845551,0.0,0.0,0.0,0.0,0.0,0.0,0.0,0.0,12.30200403824081,0.0
CHEMBL1939525,0.0,0.0,0.0,8.78564607804146,0.0,0.0,0.0,-0.1236213611293743,0.0,-8.85667607823407,0.0,0.0,0.0,0.0,8.232276195200303,0.0,0.0,0.0,0.0,0.0,0.0,75.33971757762332,0.0,0.0,0.0
CHEMBL1939526,13.359402268002311,0.0,0.0,17.260687400355508,0.0,0.0,0.0,6.628534712345382,0.0,0.3269973911536861,0.0,0.0,0.0,0.0,9.298248417422524,0.0,0.0,0.0,0.0,0.0,0.0,0.0,0.0,0.0,0.0
CHEMBL1939527,0.0,0.0,0.0,16.59296040311033,0.0,0.0,0.0,6.3899688460569415,0.0,0.0,0.0,0.0,0.0,0.0,9.053727324263038,0.0,0.0,0.0,0.0,0.0,0.0,0.0,0.0,0.0,0.0
CHEMBL1939528,0.0,0.0,0.0,16.55560847064058,0.0,0.0,0.0,6.36840711346267,0.0,0.0,0.0,0.0,0.0,0.0,9.09207105064248,0.0,0.0,0.0,0.0,0.0,0.0,0.0,0.0,0.0,0.0
CHEMBL1939529,0.0,0.0,0.0,12.231714684292246,0.0,0.0,0.0,1.681657113462671,0.0,0.0,0.0,0.0,0.0,0.0,8.482071050642478,0.0,0.0,0.0,0.0,0.0,0.0,26.2760773708014,0.0,0.0,0.0
CHEMBL1939530,0.0,0.0,0.0,12.576941714957586,0.0,0.0,0.0,0.6673628957755955,0.0,0.0,0.0,0.0,0.0,0.0,8.28846371882086,0.0,0.0,0.0,0.0,0.0,0.0,27.247994142101287,0.0,0.0,0.0
CHEMBL1939531,0.0,0.0,0.0,16.09233413638897,0.0,0.0,0.0,5.866255327748384,0.0,0.0,0.0,0.0,0.0,0.0,9.026713907785336,0.0,0.0,0.0,0.0,0.0,0.0,0.0,0.0,0.0,6.93324065679991
CHEMBL1939532,0.0,0.0,0.0,10.725182272055168,0.0,0.0,0.0,4.445132730046755,0.0,0.0,0.0,0.0,0.0,0.0,8.797146006550769,0.0,0.0,0.0,0.0,0.0,0.0,0.0,0.0,24.41466326698349,0.0
CHEMBL1939533,4.033016599201664,0.0,0.0,11.529921562390898,0.0,0.0,0.0,7.32204246101733,0.0,0.0,0.0,0.0,0.0,0.0,9.124322562358277,0.0,0.0,0.0,0.0,0.0,0.0,0.0,0.0,11.986361733777104,0.0
CHEMBL1939534,4.169978269085412,0.0,0.0,16.64385120097422,0.0,0.0,0.0,6.464055072646343,0.0,0.0,0.0,0.0,0.0,0.0,9.104520030234315,0.0,0.0,0.0,0.0,0.0,0.0,0.0,0.0,0.0,0.0
CHEMBL1939535,0.0,0.0,0.0,9.391747442689452,0.0,0.0,0.0,-2.708057628915764,0.0,-9.223974395313682,0.0,0.0,0.0,0.0,7.72984126984127,0.0,0.0,0.0,0.0,0.0,0.0,78.5251456926511,0.0,0.0,0.0
CHEMBL1939536,0.0,0.0,0.0,10.374688444894677,0.0,0.0,0.0,4.890441372022063,0.0,0.0,0.0,0.0,0.0,0.0,8.797146006550769,0.0,0.0,0.0,0.0,0.0,0.0,0.0,0.0,24.319848452168674,0.0
CHEMBL1939537,0.0,0.0,0.0,10.647174692480128,0.0,0.0,0.0,5.0045819908584495,0.0,0.0,0.0,0.0,0.0,0.0,8.83470238095238,0.0,0.0,0.0,0.0,0.0,0.0,0.0,0.0,23.84146272016356,0.0
CHEMBL1939538,3.964659968925842,0.0,0.0,11.582169583440628,0.0,0.0,0.0,7.024398952996838,0.0,0.0,0.0,0.0,0.0,0.0,9.109121315192745,0.0,0.0,0.0,0.0,0.0,0.0,0.0,0.0,12.33646581310482,0.0
CHEMBL1939539,4.164284638238011,0.0,0.0,16.68506067859242,0.0,0.0,0.0,6.474615142353239,0.0,0.0,0.0,0.0,0.0,0.0,9.062949263038549,0.0,0.0,0.0,0.0,0.0,0.0,0.0,0.0,0.0,0.0
CHEMBL1939540,0.0,0.0,0.0,29.540891336529484,0.0,0.0,0.0,3.914862685815068,4.9085745501338245,0.0,0.0,0.0,0.0,0.0,9.352020187704712,0.0,0.0,0.0,0.0,0.0,0.0,0.0,0.0,0.0,0.0
CHEMBL1939541,4.457259623275824,7.261326816318219,0.0,17.465508404914278,0.0,0.0,0.0,6.872045209054173,0.0,0.0,0.0,0.0,0.0,0.0,9.2990250448205,0.0,0.0,0.0,0.0,0.0,0.0,0.0,0.0,0.0,0.0
CHEMBL1939542,4.063857499790039,0.0,0.0,11.53192266986038,0.0,0.0,0.0,7.169460681391899,0.0,0.0,0.0,0.0,0.0,0.0,9.109121315192745,0.0,0.0,0.0,0.0,0.0,0.0,0.0,0.0,12.142453467425808,0.0
CHEMBL1939543,4.164403192406439,0.0,0.0,12.37721635373872,0.0,0.0,0.0,8.47951202548921,0.0,0.0,0.0,0.0,0.0,0.0,9.22892325680272,0.0,0.0,0.0,0.0,0.0,0.0,0.0,0.0,0.0,6.974342729197076
CHEMBL1939544,0.0,0.0,0.0,16.415728751994624,0.0,0.0,0.0,6.3994462291089285,0.0,0.0,0.0,0.0,0.0,0.0,9.157397052154195,0.0,0.0,0.0,0.0,0.0,0.0,0.0,0.0,0.0,0.0
CHEMBL1939545,4.140221277356469,0.0,0.0,12.463201871798102,0.0,0.0,0.0,8.277418299109769,0.0,0.0,0.0,0.0,0.0,0.0,9.175727040816328,0.0,0.0,0.0,0.0,0.0,0.0,0.0,0.0,0.0,7.191637529437854
CHEMBL1939546,0.0,0.0,0.0,10.457783359373066,0.0,0.0,0.0,4.95792712969962,0.0,0.0,0.0,0.0,0.0,0.0,8.8123472537163,0.0,0.0,0.0,0.0,0.0,0.0,0.0,0.0,24.1329158179316,0.0
CHEMBL1939547,0.0,0.0,0.0,11.976704388417952,0.0,0.0,0.0,2.473337469183014,0.0,0.0,0.0,0.0,0.0,0.0,8.589183830939783,0.0,0.0,0.0,21.28723528078212,0.0,0.0,0.0,0.0,0.0,0.0
CHEMBL1939548,0.0,0.0,0.0,14.417967014680578,0.0,4.1714557281309625,0.0,4.496403186393267,0.0,0.0,0.0,0.0,0.0,17.588782389431287,8.846862481103553,0.0,0.0,0.0,0.0,0.0,0.0,0.0,0.0,0.0,0.0
CHEMBL1939549,0.0,0.0,0.0,14.45227967766027,0.0,4.213542083117299,0.0,4.201113643217721,0.0,0.0,0.0,0.0,0.0,17.867599507191407,8.82210081254724,0.0,0.0,0.0,0.0,0.0,0.0,0.0,0.0,0.0,0.0
CHEMBL1939550,3.301738724555734,0.0,0.0,15.540817071803724,0.0,0.0,0.0,5.125039562376323,0.0,0.0,0.0,0.0,0.0,0.0,9.025757275132277,0.0,0.0,0.0,0.0,10.46733637784774,0.0,0.0,0.0,0.0,0.0
CHEMBL1939551,0.0,0.0,0.0,13.615051495855967,0.0,0.0,0.0,3.653071932476695,0.0,0.0,0.0,0.0,0.0,0.0,8.755551303854876,0.0,0.0,18.507367643095908,0.0,0.0,0.0,0.0,0.0,0.0,0.0
CHEMBL1939552,0.0,0.0,0.0,15.150056087224195,0.0,0.0,0.0,5.063843537414968,0.0,0.0,11.33582614066696,0.0,0.0,0.0,8.909250283446712,0.0,0.0,0.0,0.0,0.0,0.0,0.0,0.0,0.0,0.0
CHEMBL193997,0.0,1.9095930177626603,2.135652872260015,12.600645465728888,0.0,0.0,1.2712962962962966,3.2374501343747384,0.0,0.0,0.0,0.0,0.0,0.0,4.092238494163097,0.0,0.0,0.0,0.0,0.0,0.0,13.086457052747637,0.0,0.0,0.0
CHEMBL194047,2.1158767951625093,1.9162133881330308,0.0,12.75638620646963,0.0,0.0,2.561535336356765,3.309906672545562,0.0,0.0,0.0,0.0,0.0,0.0,4.153071827496431,0.0,0.0,0.0,0.0,0.0,0.0,13.187009773836072,0.0,0.0,0.0
CHEMBL194277,0.0,0.0,0.0,27.20456664147141,0.0,0.0,0.0,2.4044935752078613,5.143005952380953,0.0,0.0,0.0,0.0,0.0,4.247933830939783,0.0,0.0,0.0,0.0,0.0,0.0,0.0,0.0,0.0,0.0
CHEMBL194440,0.0,2.2654263510959938,2.2427957294028724,14.320955191777252,0.0,0.0,1.41712962962963,5.170106384374739,0.0,0.0,0.0,0.0,0.0,0.0,4.144738494163097,0.0,0.0,0.0,0.0,0.0,0.0,0.0,0.0,0.0,3.522181552889751
CHEMBL194472,1.6850547996976568,0.0,0.0,17.823714411690602,0.0,0.0,0.0,1.8522222222222229,2.365940098261527,0.0,0.0,0.0,0.0,0.0,4.061437704711514,0.0,1.949675925925926,0.0,0.0,5.428621504157219,0.0,0.0,0.0,0.0,0.0
CHEMBL194515,0.0,0.0,0.0,17.02426004661124,0.0,0.0,0.0,1.8403269085411949,1.818512377173092,0.0,0.0,0.0,0.0,0.0,12.983567334341146,0.0,0.0,0.0,0.0,0.0,0.0,0.0,0.0,0.0,0.0
CHEMBL194565,0.0,0.5834474275757645,0.0,30.587980474114,0.0,0.0,0.0,4.363297559708025,2.371866811539431,0.0,0.0,0.0,0.0,0.0,4.188376159454109,0.0,0.0,0.0,0.0,5.9050315676086775,0.0,0.0,0.0,0.0,0.0
CHEMBL194641,4.856985308012094,9.93749220521542,4.936612037561938,0.0,3.249552626606197,0.0,0.5803393749475101,0.0,0.0,0.5828409627739985,0.0,0.0,0.0,0.0,0.0,0.0,0.0,0.0,12.356177484882842,0.0,0.0,0.0,0.0,0.0,0.0
CHEMBL194641,4.856985308012094,9.93749220521542,4.936612037561938,0.0,3.249552626606197,0.0,0.5803393749475101,0.0,0.0,0.5828409627739985,0.0,0.0,0.0,0.0,0.0,0.0,0.0,0.0,12.356177484882842,0.0,0.0,0.0,0.0,0.0,0.0
CHEMBL194928,0.0,0.0,2.2199074074074074,24.928780864197527,0.0,0.0,1.2816666666666667,6.375548941798943,0.0,0.0,0.0,0.0,0.0,0.0,4.194096119929453,0.0,0.0,0.0,0.0,0.0,0.0,0.0,0.0,0.0,0.0
CHEMBL195248,0.0,1.8614070767195767,2.073152872260015,10.06295786599764,0.0,0.0,1.2312962962962966,3.065807403208198,0.0,0.0,0.0,0.0,0.0,0.0,7.962254766103973,0.0,0.0,0.0,0.0,0.0,0.0,13.076457052747635,0.0,0.0,0.0
CHEMBL195354,1.7130427514338047,2.219812925170068,2.246008125472412,10.122030475770554,0.0,0.0,1.409169501133787,4.922012629125725,0.0,0.0,0.0,0.0,0.0,0.0,4.101521475491533,0.0,0.0,0.0,0.0,5.253167543251868,0.0,0.0,0.0,0.0,0.0
CHEMBL195571,0.0,0.0,0.0,19.12430866635502,0.0,0.0,0.0,2.5327709015705056,2.1544383030990177,0.0,0.0,0.0,0.0,0.0,4.115237360376249,0.0,0.0,9.40657810193254,0.0,0.0,0.0,0.0,0.0,0.0,0.0
CHEMBL195580,0.0,1.8862888951877048,2.2160232426303854,17.121940504431034,0.0,0.0,1.2790306122448982,3.3139268054176068,2.1594798227933154,0.0,0.0,0.0,0.0,0.0,4.393495413967546,0.0,0.0,0.0,0.0,0.0,0.0,13.296481369994176,0.0,0.0,0.0
CHEMBL1955869,0.0,0.0,0.0,17.16912080417311,0.0,2.1150233843537416,0.0,1.7040154425967922,2.223673495632821,0.0,0.0,0.0,0.0,8.764014063971675,4.1318039808516,0.0,2.0590154950869235,0.0,0.0,0.0,0.0,0.0,0.0,0.0,0.0
CHEMBL1956171,0.0,0.0,0.0,13.891408219139098,0.0,2.050131802721088,0.0,1.9979114176534816,0.0,0.0,0.0,0.0,0.0,8.617403876686886,3.9372206475182665,0.0,0.0,0.0,0.0,5.505924036281179,0.0,0.0,0.0,0.0,0.0
CHEMBL1956175,0.0,0.6447082073570167,0.0,22.37629042747269,0.0,2.1925229906777526,0.0,3.797185621417224,0.0,0.0,0.0,3.288525447215924,0.0,9.255438016268643,4.02002269473059,0.0,0.0,0.0,0.0,5.7586399281935,0.0,0.0,0.0,0.0,0.0
CHEMBL1956179,0.0,0.0,0.0,18.64771914087796,0.0,2.0935924508692363,0.0,2.557623666750652,0.0,0.0,0.0,0.0,0.0,9.18063060256242,7.966968530474122,0.0,0.0,0.0,0.0,11.386798941798943,0.0,0.0,0.0,0.0,0.0
CHEMBL1956180,0.0,0.0,0.0,18.795309799867127,0.0,2.081637359676381,0.0,3.081623809630816,0.0,0.0,0.0,0.0,0.0,9.075386575939426,4.004215576190685,0.0,0.0,0.0,0.0,11.605612481103552,0.0,0.0,0.0,5.967325508703123,0.0
CHEMBL1956183,0.0,0.0,0.0,17.544802094706196,0.0,0.0,0.0,1.838645072226422,2.2868263416477705,0.0,0.0,0.0,0.0,0.0,4.1419137202205984,0.0,2.095895061728395,0.0,0.0,0.0,0.0,0.0,0.0,5.869695487248396,0.0
CHEMBL1956186,2.0096962396069538,0.0,0.0,15.841881806220432,0.0,0.0,0.0,2.979762639623752,2.2933569538926686,0.0,0.0,0.0,0.0,0.0,4.164341441309034,0.0,2.1167283950617284,0.0,0.0,0.0,0.0,0.0,0.0,6.038676968729877,0.0
CHEMBL1956188,0.0,0.0,0.0,24.59018429502195,0.0,2.178892195767196,0.0,2.6502240803728903,2.118292803359993,0.0,0.0,0.0,0.0,9.342865789847211,4.190728477354108,0.0,2.029108087679516,0.0,0.0,5.899704270597128,0.0,0.0,0.0,0.0,0.0
CHEMBL195629,1.6815735001530454,0.0,0.0,17.877315339716137,0.0,0.0,0.0,1.9935626627194087,2.365940098261527,0.0,0.0,0.0,0.0,0.0,4.04896478614913,0.0,1.989754109977324,0.0,0.0,5.2095561696900985,0.0,0.0,0.0,0.0,0.0
CHEMBL195653,0.0,1.8862888951877048,2.2160232426303854,17.121940504431034,0.0,0.0,1.2790306122448982,3.3139268054176068,2.1594798227933154,0.0,0.0,0.0,0.0,0.0,4.393495413967546,0.0,0.0,0.0,0.0,0.0,0.0,13.296481369994176,0.0,0.0,0.0
CHEMBL195688,2.294560185185185,1.1331755479969765,2.259259259259259,16.523338844797177,0.633445767195767,0.0,1.4315740740740743,4.067496693121694,0.0,0.0,0.0,0.0,0.0,0.0,4.157149628369867,0.0,0.0,0.0,0.0,0.0,0.0,0.0,0.0,0.0,0.0
CHEMBL1957208,0.0,0.0,0.0,15.398483615183654,0.0,0.0,0.0,4.68367450606786,0.0,0.0,0.0,0.0,0.0,0.0,12.9804628579827,0.0,0.0,0.0,0.0,0.0,0.0,0.0,0.0,0.0,3.457585936865564
CHEMBL1957208,0.0,0.0,0.0,15.398483615183654,0.0,0.0,0.0,4.68367450606786,0.0,0.0,0.0,0.0,0.0,0.0,12.9804628579827,0.0,0.0,0.0,0.0,0.0,0.0,0.0,0.0,0.0,3.457585936865564
CHEMBL1957209,1.6530569237694055,0.0,0.0,15.122725082891026,0.0,0.0,0.0,4.323321444318469,0.0,0.0,0.0,0.0,0.0,0.0,12.981121028275613,0.0,0.0,0.0,0.0,5.214217130722812,0.0,0.0,0.0,0.0,0.0
CHEMBL1957209,1.6530569237694055,0.0,0.0,15.122725082891026,0.0,0.0,0.0,4.323321444318469,0.0,0.0,0.0,0.0,0.0,0.0,12.981121028275613,0.0,0.0,0.0,0.0,5.214217130722812,0.0,0.0,0.0,0.0,0.0
CHEMBL1957210,0.0,0.0,0.0,15.710348956565587,0.0,0.0,0.0,3.460850936181024,0.0,0.0,0.0,0.0,0.0,0.0,8.606178000891205,0.0,0.0,0.0,0.0,0.0,0.0,12.847290473709126,0.0,0.0,0.0
CHEMBL1957210,0.0,0.0,0.0,15.710348956565587,0.0,0.0,0.0,3.460850936181024,0.0,0.0,0.0,0.0,0.0,0.0,8.606178000891205,0.0,0.0,0.0,0.0,0.0,0.0,12.847290473709126,0.0,0.0,0.0
CHEMBL1957211,0.0,0.0,0.0,17.25834501564119,0.0,0.0,0.0,4.805428268142616,0.0,0.0,0.0,0.0,0.0,0.0,8.717682657850407,0.0,0.0,0.0,0.0,0.0,0.0,0.0,0.0,5.874958457458757,0.0
CHEMBL1957211,0.0,0.0,0.0,17.25834501564119,0.0,0.0,0.0,4.805428268142616,0.0,0.0,0.0,0.0,0.0,0.0,8.717682657850407,0.0,0.0,0.0,0.0,0.0,0.0,0.0,0.0,5.874958457458757,0.0
CHEMBL1957212,0.0,0.0,0.0,17.800143636317653,0.0,0.0,0.0,5.276030334329173,0.0,0.0,0.0,0.0,0.0,0.0,8.756709287786128,0.0,0.0,0.0,0.0,0.0,0.0,0.0,0.0,0.0,3.43464225177113
CHEMBL1957212,0.0,0.0,0.0,17.800143636317653,0.0,0.0,0.0,5.276030334329173,0.0,0.0,0.0,0.0,0.0,0.0,8.756709287786128,0.0,0.0,0.0,0.0,0.0,0.0,0.0,0.0,0.0,3.43464225177113
CHEMBL1957213,1.6655822992777358,0.0,0.0,17.501601539210213,0.0,0.0,0.0,4.956171414681066,0.0,0.0,0.0,0.0,0.0,0.0,8.757774262674154,0.0,0.0,0.0,0.0,5.154306283476558,0.0,0.0,0.0,0.0,0.0
CHEMBL1957213,1.6655822992777358,0.0,0.0,17.501601539210213,0.0,0.0,0.0,4.956171414681066,0.0,0.0,0.0,0.0,0.0,0.0,8.757774262674154,0.0,0.0,0.0,0.0,5.154306283476558,0.0,0.0,0.0,0.0,0.0
CHEMBL1957214,0.0,0.0,0.0,17.051237458328906,0.0,0.0,0.0,4.116075680272109,0.0,0.0,0.0,0.0,0.0,0.0,12.701875258980238,0.0,0.0,0.0,0.0,0.0,0.0,0.0,0.0,0.0,0.0
CHEMBL1957214,0.0,0.0,0.0,17.051237458328906,0.0,0.0,0.0,4.116075680272109,0.0,0.0,0.0,0.0,0.0,0.0,12.701875258980238,0.0,0.0,0.0,0.0,0.0,0.0,0.0,0.0,0.0,0.0
CHEMBL1957215,0.0,0.0,0.0,16.506461215518755,0.0,0.0,0.0,4.152347849761271,0.0,0.0,0.0,0.0,0.0,0.0,8.663523253041651,0.0,0.0,9.26151972249465,0.0,0.0,0.0,0.0,0.0,0.0,0.0
CHEMBL1957215,0.0,0.0,0.0,16.506461215518755,0.0,0.0,0.0,4.152347849761271,0.0,0.0,0.0,0.0,0.0,0.0,8.663523253041651,0.0,0.0,9.26151972249465,0.0,0.0,0.0,0.0,0.0,0.0,0.0
CHEMBL1957216,0.0,0.0,0.0,14.85658710825588,0.0,0.0,0.0,4.328804537246999,0.0,0.0,0.0,0.0,0.0,0.0,12.63722505321892,0.0,0.0,0.0,0.0,0.0,0.0,0.0,0.0,5.874287748242173,0.0
CHEMBL1957216,0.0,0.0,0.0,14.85658710825588,0.0,0.0,0.0,4.328804537246999,0.0,0.0,0.0,0.0,0.0,0.0,12.63722505321892,0.0,0.0,0.0,0.0,0.0,0.0,0.0,0.0,5.874287748242173,0.0
CHEMBL1957217,1.6061819237694055,0.0,0.0,15.025849666440395,0.0,0.0,0.0,4.497288281053162,0.0,0.0,0.0,0.0,0.0,0.0,12.81938533361513,0.0,0.0,0.0,0.0,5.123514182877007,0.0,0.0,0.0,0.0,0.0
CHEMBL1957217,1.6061819237694055,0.0,0.0,15.025849666440395,0.0,0.0,0.0,4.497288281053162,0.0,0.0,0.0,0.0,0.0,0.0,12.81938533361513,0.0,0.0,0.0,0.0,5.123514182877007,0.0,0.0,0.0,0.0,0.0
CHEMBL1957218,2.0490866717057195,0.0,0.0,15.26455997869508,0.0,0.0,0.0,5.32824210548417,0.0,0.0,0.0,0.0,0.0,0.0,12.879799641696287,0.0,0.0,0.0,0.0,0.0,0.0,0.0,0.0,0.0,0.0
CHEMBL1957218,2.0490866717057195,0.0,0.0,15.26455997869508,0.0,0.0,0.0,5.32824210548417,0.0,0.0,0.0,0.0,0.0,0.0,12.879799641696287,0.0,0.0,0.0,0.0,0.0,0.0,0.0,0.0,0.0,0.0
CHEMBL1957219,0.0,0.0,0.0,15.249478253294994,0.0,0.0,0.0,4.888004439168537,0.0,0.0,0.0,0.0,0.0,0.0,12.831838602214685,0.0,0.0,0.0,0.0,0.0,0.0,0.0,0.0,0.0,3.3240539651479404
CHEMBL1957219,0.0,0.0,0.0,15.249478253294994,0.0,0.0,0.0,4.888004439168537,0.0,0.0,0.0,0.0,0.0,0.0,12.831838602214685,0.0,0.0,0.0,0.0,0.0,0.0,0.0,0.0,0.0,3.3240539651479404
CHEMBL1957220,0.0,0.0,0.0,15.267003164851287,0.0,0.0,0.0,4.803005013089565,0.0,0.0,0.0,0.0,0.0,0.0,12.912855357325054,0.0,0.0,0.0,0.0,0.0,0.0,0.0,0.0,0.0,3.322733946782468
CHEMBL1957220,0.0,0.0,0.0,15.267003164851287,0.0,0.0,0.0,4.803005013089565,0.0,0.0,0.0,0.0,0.0,0.0,12.912855357325054,0.0,0.0,0.0,0.0,0.0,0.0,0.0,0.0,0.0,3.322733946782468
CHEMBL1957221,1.6035630304609243,0.0,0.0,15.029692103297805,0.0,0.0,0.0,4.56814551952043,0.0,0.0,0.0,0.0,0.0,0.0,12.812032972862353,0.0,0.0,0.0,0.0,5.043717996853368,0.0,0.0,0.0,0.0,0.0
CHEMBL1957221,1.6035630304609243,0.0,0.0,15.029692103297805,0.0,0.0,0.0,4.56814551952043,0.0,0.0,0.0,0.0,0.0,0.0,12.812032972862353,0.0,0.0,0.0,0.0,5.043717996853368,0.0,0.0,0.0,0.0,0.0
CHEMBL1957222,1.9414848221964025,0.6202763382354624,0.0,15.123963510552164,0.0,0.0,0.0,4.620034343078626,0.0,0.0,0.0,0.0,0.0,0.0,12.91150177257268,0.0,0.0,0.0,0.0,5.335384663520035,0.0,0.0,0.0,0.0,0.0
CHEMBL1957222,1.9414848221964025,0.6202763382354624,0.0,15.123963510552164,0.0,0.0,0.0,4.620034343078626,0.0,0.0,0.0,0.0,0.0,0.0,12.91150177257268,0.0,0.0,0.0,0.0,5.335384663520035,0.0,0.0,0.0,0.0,0.0
CHEMBL1957223,1.6025357457797935,0.0,0.0,15.048207028628203,0.0,0.0,0.0,4.483146093441459,0.0,0.0,0.0,0.0,0.0,0.0,12.893086998879747,0.0,0.0,0.0,0.0,5.042397978487895,0.0,0.0,0.0,0.0,0.0
CHEMBL1957223,1.6025357457797935,0.0,0.0,15.048207028628203,0.0,0.0,0.0,4.483146093441459,0.0,0.0,0.0,0.0,0.0,0.0,12.893086998879747,0.0,0.0,0.0,0.0,5.042397978487895,0.0,0.0,0.0,0.0,0.0
CHEMBL195996,0.0,0.0,0.0,20.288817397329304,0.0,0.0,0.0,1.14462962962963,2.5185789871504163,0.0,0.0,0.0,0.0,0.0,4.041585097001764,0.0,2.006388888888889,0.0,0.0,0.0,0.0,0.0,0.0,0.0,0.0
CHEMBL196328,1.6765220598238275,0.0,0.0,18.073944349918825,0.0,0.0,0.0,4.125807219492736,2.320387377173092,0.0,0.0,0.0,0.0,0.0,4.156796576272586,0.0,0.0,0.0,0.0,5.311073234275344,0.0,0.0,0.0,0.0,3.585469183043588
CHEMBL196796,0.0,0.0,0.0,19.53041421524737,0.0,2.155394435360615,0.0,2.9311992157974305,2.2194845993953143,0.0,0.0,0.0,0.0,8.871396895586109,4.125443971946497,0.0,0.0,0.0,0.0,0.0,0.0,0.0,0.0,0.0,0.0
CHEMBL197044,2.011432350718065,0.0,0.0,18.59423122952885,0.0,0.0,0.0,2.351345427059713,2.536683673469388,0.0,0.0,0.0,0.0,0.0,4.141122134038801,0.0,2.031851851851852,0.0,0.0,0.0,0.0,0.0,0.0,0.0,0.0
CHEMBL197150,2.112320937817316,1.7889455887978545,0.0,20.411207404102704,0.0,0.0,0.0,3.265753566986432,2.418004535147393,0.0,0.0,0.0,0.0,0.0,4.168967881021105,0.0,0.0,0.0,0.0,5.6681334194605295,0.0,0.0,0.0,0.0,0.0
CHEMBL197451,4.360933773200639,6.527604271646931,0.0,0.0,1.4630324074074068,0.0,0.931386244535822,0.0,0.0,-0.3568407108213649,0.0,0.0,0.0,0.0,0.0,0.0,0.0,10.306945012183782,23.654161565254864,5.779444103258587,0.0,0.0,0.0,0.0,0.0
CHEMBL197451,4.360933773200639,6.527604271646931,0.0,0.0,1.4630324074074068,0.0,0.931386244535822,0.0,0.0,-0.3568407108213649,0.0,0.0,0.0,0.0,0.0,0.0,0.0,10.306945012183782,23.654161565254864,5.779444103258587,0.0,0.0,0.0,0.0,0.0
CHEMBL197576,1.622077615379383,0.0,0.0,17.667522453485354,0.0,0.0,0.0,3.568708454060637,2.084083364827413,0.0,0.0,0.0,0.0,0.0,4.139992735394671,0.0,0.0,0.0,0.0,5.2260037898309,0.0,0.0,0.0,6.302722698132751,0.0
CHEMBL197650,1.624981185913448,0.0,0.0,18.2020805283648,-0.2697798563869993,2.1296931204099385,0.0,3.035642077295667,1.724695032333922,0.0,0.0,0.0,0.0,9.004818749279913,8.318634964405618,0.0,1.732466695011338,0.0,0.0,5.256258401583493,6.073842435122197,0.0,0.0,0.0,0.0
CHEMBL197723,1.6994472298918546,0.0,0.0,25.889154291142027,0.0,0.0,0.0,5.232029242252457,2.3111078042328046,0.0,0.0,0.0,0.0,0.0,8.449978731085332,0.0,0.0,0.0,0.0,5.584949368062192,0.0,0.0,0.0,0.0,0.0
CHEMBL197840,0.0,0.0,0.0,19.076699846069435,0.0,0.0,-0.4044111995374615,2.7059542181069967,2.078975340136055,0.0,5.278542811038301,0.0,0.0,0.0,4.117248379659996,0.0,0.0,0.0,11.14699060452668,0.0,0.0,0.0,0.0,0.0,0.0
CHEMBL197899,0.0,0.0,0.0,19.7665200617284,0.0,0.0,0.0,2.013938019652306,2.1796234882842027,0.0,0.0,0.0,0.0,0.0,8.706585097001764,0.0,0.0,0.0,0.0,0.0,0.0,0.0,0.0,0.0,0.0
CHEMBL198291,1.6128449704805292,0.0,0.0,16.949786438476014,-0.3273195389266821,0.0,0.0,1.9825954116597164,1.675559229864786,0.0,0.0,0.0,0.0,0.0,8.231833266874753,0.0,1.6827217970521542,0.0,0.0,5.232856856547333,6.018769132653061,13.27368576865167,0.0,0.0,0.0
CHEMBL1991089,1.3239155804135616,0.2326175516502897,1.3754809670781891,13.494606525687008,0.0,0.0,-0.3087177077649103,2.054902080702462,0.0,0.0,0.0,3.086843820861678,0.0,0.0,0.0,0.0,0.0,0.0,35.93386065560103,4.639823859104023,0.0,0.0,0.0,0.0,0.0
CHEMBL199334,1.5973275208971458,0.0,0.0,16.83263334185322,-0.3919453892668181,0.0,0.0,2.172408945888835,1.6103740446796009,0.0,0.0,0.0,0.0,0.0,8.220891908850062,0.0,1.6489207766439908,0.0,10.906185532571854,5.233103404870803,6.0260993795666415,0.0,0.0,0.0,0.0
CHEMBL1997104,2.166445665750996,0.9259908562190308,0.0,22.431914984394087,0.0457098765432095,0.0,0.0,4.248567859242463,2.476531329610033,0.0,0.0,0.0,0.0,0.0,4.257058986660508,0.0,4.426458158366227,0.0,0.0,0.0,0.0,0.0,0.0,6.100203449871258,3.6155632777866273
CHEMBL1997442,1.5935362864281517,0.5180378401360545,0.0,12.543690266229948,0.0,0.0,1.177898715041573,3.1263837711010334,0.0,0.0,6.140064720332577,0.0,0.0,0.0,3.9713929323642527,0.0,0.0,0.0,12.416829648526075,5.178832486506999,0.0,0.0,0.0,0.0,0.0
CHEMBL2003274,4.621971555597548,6.874258878195636,4.055389730646661,7.531691488143439,1.662946900982615,0.0,3.0818568278125222,1.0729309308599984,0.0,-0.0408079614038761,0.0,0.0,0.0,0.0,4.0867058516172765,0.0,0.0,0.0,25.386389130881515,0.0,0.0,0.0,0.0,0.0,0.0
CHEMBL2011171,0.0,0.4304166666666666,0.0,17.2095346749811,-0.1749074074074079,0.0,0.1509722222222227,2.4067474489795924,0.0,0.0,0.0,0.0,0.0,0.0,0.0,0.0,0.0,0.0,12.33717970521542,5.640056689342403,0.0,0.0,0.0,0.0,0.0
CHEMBL2011172,1.9858030990173847,0.429471844293273,0.0,15.572857195347275,-0.1800925925925931,0.0,0.1584722222222223,3.51569628159906,0.0,0.0,0.0,0.0,0.0,0.0,0.0,0.0,0.0,0.0,12.489401927437642,5.695056689342404,0.0,0.0,0.0,0.0,0.0
CHEMBL2011173,1.997421107331821,0.4298611111111112,0.0,15.551332776937937,-0.1792535903250189,0.0,0.1550462962962966,3.542889161837575,0.0,0.0,0.0,0.0,0.0,0.0,0.0,0.0,0.0,0.0,12.44847978080121,5.7208900226757375,0.0,0.0,0.0,0.0,0.0
CHEMBL2011174,2.0333394746787605,0.4298611111111112,0.0,15.507862864281517,-0.1807407407407408,0.0,0.1550462962962966,3.5928896867388938,0.0,0.0,0.0,0.0,0.0,0.0,0.0,0.0,0.0,0.0,12.448479780801213,5.679928193499622,0.0,0.0,0.0,0.0,0.0
CHEMBL2011175,2.039953047577056,0.429471844293273,0.0,15.51704139371798,-0.1800925925925929,0.0,0.1534287603930464,3.6144598765432105,0.0,0.0,0.0,0.0,0.0,0.0,0.0,0.0,0.0,0.0,12.422107426303857,5.670296910430839,0.0,0.0,0.0,0.0,0.0
CHEMBL2011176,0.0,0.4108997071050644,0.0,21.71433371651129,-0.2180498866213156,0.0,0.1520833333333335,2.430711451247166,2.0440211115310323,0.0,0.0,0.0,0.0,0.0,0.0,0.0,0.0,0.0,12.951164965986395,5.848168934240363,0.0,0.0,0.0,0.0,0.0
CHEMBL2011177,0.0,0.3697775223113426,0.0,24.63337127159326,-0.2725228856974895,0.0,0.1051645752168843,3.793368806210133,0.0,0.0,0.0,0.0,0.0,0.0,0.0,0.0,0.0,0.0,12.681880398024427,11.52229364567478,0.0,0.0,0.0,0.0,0.0
CHEMBL2011178,0.0,0.4033038863693627,0.0,25.873455320833568,-0.2271080036953061,0.0,0.1382510288065848,4.698397262192808,0.0,0.0,0.0,0.0,0.0,0.0,0.0,0.0,0.0,0.0,12.692094863810231,5.754938975016086,0.0,0.0,0.0,0.0,0.0
CHEMBL2011179,0.0,0.3870845143613004,0.0,26.299177164693035,-0.2736980347694637,0.0,0.1410038737717314,2.415405118837659,4.679699336524735,0.0,0.0,0.0,0.0,0.0,0.0,0.0,0.0,0.0,13.116949011085914,5.901045682161754,0.0,0.0,0.0,0.0,0.0
CHEMBL2011180,1.5878621031746032,0.3910470993953137,0.0,15.046861824976904,-0.2353647014361306,0.0,0.0892129629629632,2.891496073738137,0.0,0.0,0.0,0.0,0.0,0.0,0.0,0.0,0.0,0.0,12.549776077097505,10.845775226757368,0.0,0.0,0.0,0.0,0.0
CHEMBL2011181,1.612043178382464,0.3573611111111112,0.0,14.93359268707483,-0.2999537037037039,0.0,0.0892129629629632,2.9135539493575218,0.0,0.0,0.0,0.0,0.0,0.0,0.0,0.0,0.0,0.0,12.549776077097505,11.011080404383977,0.0,0.0,0.0,0.0,0.0
CHEMBL2011182,1.6186567512807593,0.3779903628117915,0.0,14.945304993911144,-0.2592592592592595,0.0,0.1065769085411945,3.0103960117997826,0.0,0.0,0.0,0.0,0.0,0.0,0.0,0.0,0.0,0.0,12.495992535903252,10.871008361678005,0.0,0.0,0.0,0.0,0.0
CHEMBL2011183,1.625124217897035,0.3910470993953137,0.0,14.935292847651253,-0.2353647014361304,0.0,0.1176081821617538,3.083759002057614,0.0,0.0,0.0,0.0,0.0,0.0,0.0,0.0,0.0,0.0,12.460398321365584,10.788801697574243,0.0,0.0,0.0,0.0,0.0
CHEMBL2011184,3.1806468358948514,0.3255640589569162,0.0,12.794501238767111,-0.3436111111111115,0.0,0.0621815948601665,3.432285315360713,0.0,0.0,0.0,0.0,0.0,0.0,0.0,0.0,0.0,0.0,12.65480536659108,16.226960034013608,0.0,0.0,0.0,0.0,0.0
CHEMBL2011185,0.0,0.4509722222222221,0.0,13.424504230704628,-0.1378240740740746,0.0,0.1668981481481488,2.4661413454270606,0.0,0.0,0.0,0.0,0.0,0.0,0.0,0.0,0.0,0.0,12.23976851851852,5.6140740740740736,0.0,0.0,0.0,0.0,0.0
CHEMBL2011186,0.0,0.3904166666666666,0.0,14.524376259763166,-0.2374074074074079,0.0,0.1109722222222229,2.247450396825397,0.0,0.0,0.0,0.0,0.0,0.0,4.042511022927689,0.0,0.0,0.0,12.30940192743764,5.612278911564626,0.0,0.0,0.0,0.0,0.0
CHEMBL2011187,0.0,0.3070228647014359,0.0,13.468875713865792,-0.3467592592592599,0.0,-0.0815277777777776,1.278247302007224,0.0,0.0,0.0,0.0,0.0,0.0,0.0,0.0,0.0,0.0,12.322735260770976,5.528390022675737,0.0,13.18968253968254,0.0,0.0,0.0
CHEMBL2011188,0.0,0.3863879440665156,0.0,14.832567414826013,-0.2387345679012349,0.0,0.0740277777777782,2.7284457147056367,0.0,0.0,0.0,0.0,0.0,0.0,0.0,0.0,0.0,0.0,12.430759952129002,5.636414714033762,0.0,0.0,0.0,5.927908828140309,0.0
CHEMBL2011189,0.0,0.4141657218442933,0.0,15.309859510162088,-0.2009259259259264,0.0,0.1284722222222227,3.2360151591500808,0.0,0.0,0.0,0.0,0.0,0.0,0.0,0.0,0.0,0.0,12.468568594104308,5.67422335600907,0.0,0.0,0.0,0.0,3.386288029100529
CHEMBL2011190,6.45108630952381,0.4213404667422524,0.0,15.83585488053246,-0.2000755857898719,0.0,0.1606944444444449,3.6008635151591504,0.0,0.0228181689342399,0.0,0.0,0.0,0.0,0.0,0.0,0.0,0.0,12.816357709750566,5.807726757369615,0.0,0.0,0.0,0.0,0.0
CHEMBL2011191,0.0,0.0,0.0,16.18900085034014,-1.781574074074075,0.0,-0.1013425925925921,1.739201152683296,0.0,0.0,0.0,0.0,0.0,0.0,0.0,0.0,0.0,9.99650604686319,12.387596371882086,5.403945578231292,0.0,0.0,0.0,0.0,0.0
CHEMBL2011192,0.0,0.3478391912320484,0.0,13.96571193754004,-0.2912037037037043,0.0,0.0717961073318222,2.342577160493828,0.0,0.0,0.0,0.0,0.0,0.0,0.0,0.0,0.0,9.26254163703794,12.359607426303857,5.607796910430839,0.0,0.0,0.0,0.0,0.0
CHEMBL2011193,0.0,0.2361725245653818,0.0,11.48610802807502,-0.4570370370370376,0.0,-0.0352409297052147,1.3382904488956089,0.0,0.0,0.0,0.0,0.0,0.0,0.0,0.0,0.0,18.809729688184323,12.38927484882842,5.566035761526833,0.0,0.0,0.0,0.0,0.0
CHEMBL201831,3.719496263266556,0.0,0.0,19.46428062274293,-0.1606528722600151,0.0,0.0,3.8946311681110566,1.8237073780129345,0.0,0.0,0.0,0.0,0.0,8.399657340948828,0.0,1.8051707766439908,0.0,0.0,5.274523523213999,6.112519132653061,0.0,0.0,0.0,0.0
CHEMBL202020,3.2116130917667745,0.0,0.0,21.572804794361883,0.0,0.0,0.0,3.0757620994525765,1.515559229864786,-1.493267313869992,0.0,0.0,0.0,0.0,4.170465006607683,0.0,0.0,11.810598466238346,0.0,10.501076303582478,6.052054988662132,0.0,0.0,0.0,0.0
CHEMBL202030,6.32194105883094,1.4468674414210128,0.0,3.9057553854875287,-0.1261904761904759,0.0,0.0,0.3494742063492071,0.0,0.0,0.0,0.0,0.0,0.0,0.0,1.050038737717309,0.0,0.0,34.202336033950616,5.740509259259259,0.0,0.0,-3.477237811791384,0.0,0.0
CHEMBL202065,1.560949064189019,0.0,0.0,15.04162729017482,-0.5479828042328045,0.0,0.0,1.0659273043341413,1.4622258965314523,-4.391668845099547,0.0,0.0,0.0,0.0,8.085450165022902,0.0,1.5392268990929705,0.0,0.0,5.199850199742599,5.957571215986395,38.61015694759139,0.0,0.0,0.0
CHEMBL202226,0.0,0.0,0.0,17.25323793577221,-0.3103835978835985,2.1093734294171704,0.0,2.331743775104166,1.491037624926514,0.0,0.0,0.0,0.0,8.969617686606323,8.244506304064835,0.0,1.693404195011338,9.618620211858849,0.0,0.0,5.93217576845553,0.0,0.0,0.0,0.0
CHEMBL202231,0.0,0.0,0.0,15.883790749260628,-0.432549130763417,0.0,0.0,1.4685106436973334,1.376716637272193,0.0,0.0,0.0,0.0,0.0,8.14676324850928,0.0,1.6098582766439908,9.610258114554444,10.86588242908194,0.0,5.884432712899974,0.0,0.0,0.0,0.0
CHEMBL202452,4.556021487464489,4.403053652137572,0.0,3.915029683169564,0.0,0.0,0.0,0.3716890799529697,0.0,0.0,0.0,0.0,0.0,0.0,0.0,1.0536726033005794,0.0,0.0,34.1731830886816,5.580288170823885,0.0,0.0,-3.467211243650864,0.0,0.0
CHEMBL202469,3.197921702723776,8.285371952336671,0.0,3.835446685661159,0.0,0.0,0.0,0.2595096460400952,0.0,0.0,0.0,2.315743230396285,0.0,0.0,0.0,0.0,0.0,0.0,33.60764303883523,5.570183610481229,0.0,0.0,-3.480738455214413,0.0,0.0
CHEMBL202470,4.656327181697541,8.302413372455014,0.0,3.9535022412167145,0.0,0.0,0.0,0.3929355719660212,0.0,0.0,0.0,0.0,0.0,0.0,0.0,1.0662770569277602,0.0,0.0,34.432083231579,5.661433610481229,0.0,0.0,-3.476108825584784,0.0,0.0
CHEMBL202471,3.106137621881219,4.388053652137572,0.0,3.7969741276140088,0.0,0.0,0.0,0.2382631540270436,0.0,0.0,0.0,2.292575743260267,0.0,0.0,0.0,0.0,0.0,0.0,33.34874289593783,5.489038170823886,0.0,0.0,-3.471840873280493,0.0,0.0
CHEMBL202473,2.4779459561602417,3.8642136715797433,0.0,3.9695663265306127,-0.0150793650793652,0.0,0.0,0.437660147392291,0.0,0.0,0.0,0.0,0.0,0.0,0.0,1.0704469009826152,0.0,0.0,34.239373070987654,5.803009259259259,0.0,0.0,-3.4616128117913827,0.0,0.0
CHEMBL202474,4.860800658226253,1.439497826908541,0.0,3.787699829931973,-0.1276719576719573,0.0,0.0,0.216048280423281,0.0,0.0,0.0,2.294049508692366,0.0,0.0,0.0,0.0,0.0,0.0,33.37789584120685,5.649259259259258,0.0,0.0,-3.4818674414210125,0.0,0.0
CHEMBL202612,1.601890740959259,0.0,0.0,21.30103918300136,0.0,0.0,0.0,2.927573839300031,1.507136733294141,-1.4949365000629875,0.0,0.0,0.0,0.0,4.152920424989028,0.0,0.0,11.735626810909547,0.0,5.252451916219503,6.023987859032502,0.0,0.0,6.020086770135389,0.0
CHEMBL203869,5.920011652809272,0.0,0.0,3.817569444444445,-0.2280423280423278,0.0,0.0,0.2779870559334854,0.0,0.0,0.0,0.0,0.0,0.0,0.0,1.0222609599395314,0.0,0.0,33.78509066358025,5.441898148148148,0.0,0.0,-3.4637918083900225,0.0,0.0
CHEMBL203981,0.0,0.0,0.0,22.387590933730905,-0.0255555555555562,0.0,0.0,1.930751553707904,2.2610779898379105,0.0,0.0,0.0,3.198963129022653,0.0,4.146683830939783,0.0,2.028828420256992,0.0,0.0,0.0,0.0,13.238326364726078,0.0,0.0,0.0
CHEMBL204039,0.0,0.0,0.0,24.14800554561858,0.0824691358024687,0.0,0.0,3.137894410850761,2.3479778526637,0.0,0.0,0.0,3.231102706616776,0.0,4.194694804876683,0.0,2.108193499622072,0.0,0.0,0.0,0.0,0.0,0.0,6.0274398217267375,0.0
CHEMBL204183,2.4891187956664145,5.021849227345259,0.0,3.9937557476694376,-0.0254960317460319,0.0,0.0,0.448295304232805,0.0,0.0,0.0,0.0,0.0,0.0,0.0,1.0782594009826152,0.0,0.0,34.40437307098765,5.883009259259259,0.0,0.0,-3.468814457881918,0.0,0.0
CHEMBL204184,2.8740394699546483,1.0561670918367343,0.0,3.721893896447468,0.0,0.0,0.0,0.1881287792894941,0.0,0.0,0.0,2.2494009826152683,0.0,0.0,0.0,0.0,0.0,0.0,32.92469407438901,5.29162037037037,0.0,0.0,-3.457665225812548,0.0,0.0
CHEMBL204483,0.0,0.0,0.0,24.09932942106884,0.0560185185185182,0.0,0.0,3.081564993281264,2.336915347414686,0.0,0.0,0.0,3.2290884563702025,0.0,4.192645502645503,0.0,2.0967094986142607,0.0,0.0,0.0,0.0,0.0,0.0,6.185506039864505,0.0
CHEMBL204501,1.0271112563482692,6.148961797031332,0.0,3.8677666761148894,0.4158295540438397,0.0,0.0,0.297965823675149,0.0,0.0,0.0,2.3282385361552027,0.0,0.0,0.0,0.0,0.0,0.0,33.62109243297487,5.6819444444444445,0.0,0.0,-3.475802574116065,0.0,0.0
CHEMBL204502,2.4893818219819304,6.164308231901575,0.0,3.9858222316704457,0.4161130007558578,0.0,0.0,0.4313917496010753,0.0,0.0,0.0,0.0,0.0,0.0,0.0,1.0763188145628622,0.0,0.0,34.445532625718634,5.773194444444444,0.0,0.0,-3.4711729444864363,0.0,0.0
CHEMBL205177,0.0,0.0,0.0,23.718953677328493,0.0319841269841265,2.1650725396270127,0.0,2.968436266481902,2.30483321889617,0.0,0.0,0.0,3.2201121189216426,8.994116334703456,4.184585065507685,0.0,2.078573318216175,0.0,0.0,0.0,0.0,0.0,0.0,0.0,0.0
CHEMBL2051951,1.964021164021164,1.6369768046107327,0.0,7.314801587301588,0.0,0.0,-0.3791282963802798,1.6032380112538849,0.0,-0.5817361111111112,5.642841448307718,2.4250970804988663,0.0,0.0,0.0,0.0,0.0,0.0,23.290554978164103,0.0,0.0,0.0,0.0,0.0,0.0
CHEMBL205250,2.2714583333333334,2.3133156179138323,2.317962962962963,16.702308752204583,0.6401908541194253,0.0,1.4107870370370372,4.118098544973545,0.0,0.0,0.0,0.0,0.0,0.0,4.225877897455279,0.0,0.0,0.0,0.0,0.0,0.0,0.0,0.0,0.0,0.0
CHEMBL205503,2.243851095993953,3.3581566515495083,0.0,16.809520817586293,0.0,0.0,2.966805555555556,4.204580026455027,0.0,0.0,0.0,0.0,0.0,0.0,4.250419186192996,0.0,0.0,0.0,0.0,0.0,0.0,0.0,0.0,0.0,0.0
CHEMBL205782,0.0,1.0296296296296297,2.256296296296296,16.377002078609223,0.0,0.0,1.3650925925925927,3.987413076341648,0.0,0.0,0.0,0.0,0.0,0.0,4.151232993197279,0.0,0.0,0.0,0.0,0.0,0.0,0.0,0.0,0.0,0.0
CHEMBL2057976,4.922220647518266,13.389101172104644,0.0,0.0,3.539340041572183,0.0,0.594324714453683,0.0,0.0,0.6876630999622074,0.0,0.0,0.0,0.0,0.0,0.0,0.0,0.0,12.367350324389015,0.0,0.0,0.0,0.0,0.0,0.0
CHEMBL2058266,4.829013920382968,11.05855876532712,0.0,0.0,2.8769182781137137,0.0,0.5699837280591251,0.0,0.0,0.6895620748299323,0.0,0.0,0.0,0.0,0.0,0.0,0.0,0.0,12.413919897434283,6.312043335852859,0.0,0.0,0.0,0.0,0.0
CHEMBL2058266,4.829013920382968,11.05855876532712,0.0,0.0,2.8769182781137137,0.0,0.5699837280591251,0.0,0.0,0.6895620748299323,0.0,0.0,0.0,0.0,0.0,0.0,0.0,0.0,12.413919897434283,6.312043335852859,0.0,0.0,0.0,0.0,0.0
CHEMBL2058267,4.856985308012094,9.927908871882089,4.852445370895272,0.0,3.343302626606197,0.0,0.5803393749475101,0.0,0.0,0.5828409627739989,0.0,0.0,0.0,0.0,0.0,0.0,0.0,0.0,12.356177484882842,0.0,0.0,0.0,0.0,0.0,0.0
CHEMBL2058267,4.856985308012094,9.927908871882089,4.852445370895272,0.0,3.343302626606197,0.0,0.5803393749475101,0.0,0.0,0.5828409627739989,0.0,0.0,0.0,0.0,0.0,0.0,0.0,0.0,12.356177484882842,0.0,0.0,0.0,0.0,0.0,0.0
CHEMBL2058268,4.865447242168472,9.9105740058369,0.0,0.0,4.477329210233475,0.0,0.5763527494331069,0.0,0.0,0.546822562358277,0.0,0.0,0.0,0.0,0.0,0.0,0.0,0.0,12.406074604224404,5.884066292412027,0.0,0.0,0.0,0.0,0.0
CHEMBL205881,0.0,2.2496107331821618,2.287546296296296,16.503992661879565,0.0,0.0,1.3951851851851853,4.055320767195768,0.0,0.0,0.0,0.0,0.0,0.0,4.1750110229276896,0.0,0.0,0.0,0.0,0.0,0.0,0.0,0.0,0.0,0.0
CHEMBL206070,2.2938510959939533,1.0999074074074071,2.2979629629629628,16.571375503905266,0.5892649281934995,0.0,1.3928703703703706,4.054718915343916,0.0,0.0,0.0,0.0,0.0,0.0,4.200048815822625,0.0,0.0,0.0,0.0,0.0,0.0,0.0,0.0,0.0,0.0
CHEMBL206125,0.0,0.0,4.13824074074074,17.822804547745022,0.0,0.0,0.0,2.3265797430083146,0.0,0.0,0.0,0.0,0.0,0.0,4.045708301839254,0.0,0.0,0.0,0.0,0.0,0.0,0.0,0.0,0.0,0.0
CHEMBL206273,1.7046572656840513,2.157814862055933,2.2483796296296297,14.124421663727215,0.0,0.0,1.3507898715041575,4.783611058620981,0.0,0.0,0.0,0.0,0.0,0.0,4.18404651675485,0.0,0.0,0.0,0.0,5.279612465356513,0.0,0.0,0.0,0.0,0.0
CHEMBL206283,2.2225462962962963,2.2562311035525315,0.0,16.66028895817586,0.0,0.0,2.8441203703703706,4.134024470899472,0.0,0.0,0.0,0.0,0.0,0.0,4.216122134038801,0.0,0.0,0.0,0.0,0.0,0.0,0.0,0.0,0.0,0.0
CHEMBL206300,1.6968447656840513,0.9772033257747542,2.2171296296296297,14.011319969345765,0.0,0.0,1.3206972789115647,4.711073738137231,0.0,0.0,0.0,0.0,0.0,0.0,4.160268487024439,0.0,0.0,0.0,0.0,5.238796138825901,0.0,0.0,0.0,0.0,0.0
CHEMBL206351,1.709781697012036,2.1241288737717308,2.259212962962963,14.121207855629754,0.0,0.0,1.3618211451247166,4.813740000629882,0.0,0.0,0.0,0.0,0.0,0.0,4.182390712075056,0.0,0.0,0.0,0.0,5.261050086127197,0.0,0.0,0.0,0.0,0.0
CHEMBL206550,2.2864814814814816,1.1219255479969763,2.306064814814815,16.564501921138824,0.5639814814814814,0.0,1.3998148148148148,4.047774470899471,0.0,0.0,0.0,0.0,0.0,0.0,4.209455467372134,0.0,0.0,0.0,0.0,0.0,0.0,0.0,0.0,0.0,0.0
CHEMBL207751,1.7056664706745877,2.0903514739229023,2.2221759259259257,11.88694496934576,0.0,0.0,1.2918211451247168,3.566848282522886,0.0,0.0,0.0,0.0,0.0,0.0,4.082853675038018,0.0,2.07655966553288,0.0,0.0,5.243445058578987,0.0,0.0,0.0,0.0,0.0
CHEMBL207829,0.0,0.0,4.13824074074074,17.822804547745022,0.0,0.0,0.0,2.3265797430083146,0.0,0.0,0.0,0.0,0.0,0.0,4.045708301839254,0.0,0.0,0.0,0.0,0.0,0.0,0.0,0.0,0.0,0.0
CHEMBL208471,0.0,2.2158333333333333,2.250509259259259,14.2538636936256,0.0,0.0,1.3251851851851857,2.785940098261527,0.0,0.0,0.0,0.0,0.0,0.0,4.075473985890652,0.0,2.0931944444444444,0.0,0.0,0.0,0.0,0.0,0.0,0.0,0.0
CHEMBL209047,1.5856349544715345,0.3846228190350216,0.0,18.12204723053388,0.0,0.0,0.0,3.5806094290843578,1.0309507931258923,0.0,0.0,0.0,0.0,0.0,4.054600708434583,0.0,1.8511574074074075,0.0,13.171583364827413,5.258327707345565,6.161909486016629,0.0,0.0,0.0,3.436961830065411
CHEMBL209073,4.658847841605779,6.788780286806081,5.867291351725875,0.0,1.9568990404803888,0.0,1.5243146757159662,0.0,0.0,0.2347657234189974,0.0,0.0,0.0,0.0,0.0,0.0,0.0,10.435225553567005,11.700542193346577,0.0,0.0,0.0,0.0,0.0,0.0
CHEMBL2096872,1.7453194846579587,2.526848072562358,0.0,14.7287890526581,2.207974300831443,0.0,0.0,5.455061675904931,0.0,0.0,0.0,0.0,0.0,0.0,4.124604824571906,0.0,0.0,0.0,0.0,5.37806925547997,0.0,0.0,0.0,0.0,0.0
CHEMBL2096873,1.736152817991292,2.476292517006802,0.0,12.617786228689006,2.1426511715797427,0.0,0.0,6.422609638762914,0.0,0.0,0.0,0.0,0.0,0.0,4.130004273607719,0.0,0.0,0.0,0.0,5.461981292517007,0.0,0.0,0.0,0.0,3.595855393178851
CHEMBL209731,0.0,0.363593631897203,0.0,19.35962291739979,0.0,2.092901652753745,0.0,2.391955099941212,1.0937510760477032,0.0,0.0,0.0,0.0,8.976563126844963,4.0296879444309095,0.0,1.827554012345679,0.0,13.025856953892667,0.0,6.065449026832955,0.0,0.0,0.0,0.0
CHEMBL210300,3.1916571873477464,0.0,3.768001700680272,11.91049508692366,0.0,0.0,0.0,3.2893871490796105,0.0,0.0,0.0,0.0,0.0,0.0,0.0,0.0,0.0,0.0,10.59240937940537,10.405225172254394,0.0,0.0,0.0,0.0,0.0
CHEMBL2105261,2.215106974888721,8.46774444654405,1.9212933830939785,0.0,1.7473190665154943,2.9341510770975057,2.1071997433232563,0.0,0.0,-0.0250515715545474,0.0,0.0,0.0,0.0,0.0,0.0,0.0,0.0,24.376021116780045,0.0,0.0,0.0,0.0,0.0,0.0
CHEMBL2105261,2.215106974888721,8.46774444654405,1.9212933830939785,0.0,1.7473190665154943,2.9341510770975057,2.1071997433232563,0.0,0.0,-0.0250515715545474,0.0,0.0,0.0,0.0,0.0,0.0,0.0,0.0,24.376021116780045,0.0,0.0,0.0,0.0,0.0,0.0
CHEMBL2111801,4.240499932318045,9.48236608445998,0.0,7.24974609798078,-0.0676014371798106,0.0,-0.2434397139122963,0.970320180477558,0.0,-0.5935245391583324,0.0,2.6326310661240315,0.0,0.0,4.051112365202753,0.0,0.0,0.0,24.861223297020626,0.0,0.0,0.0,0.0,0.0,0.0
CHEMBL2111917,6.159118005277817,8.461912879330132,2.3913388133031,0.0,1.8407948318216163,0.0,1.7317798210754562,0.0,0.0,0.0982873257327623,0.0,0.0,0.0,0.0,0.0,0.0,0.0,0.0,23.98233166067672,5.66776999611573,0.0,0.0,0.0,0.0,0.0
CHEMBL2111917,6.159118005277817,8.461912879330132,2.3913388133031,0.0,1.8407948318216163,0.0,1.7317798210754562,0.0,0.0,0.0982873257327623,0.0,0.0,0.0,0.0,0.0,0.0,0.0,0.0,23.98233166067672,5.66776999611573,0.0,0.0,0.0,0.0,0.0
CHEMBL2111947,5.177403260686991,11.601761887561626,2.5674480347694635,0.0,4.475562203257232,0.0,1.610657018980432,0.0,0.0,1.004574790564374,0.0,3.624477487307799,0.0,0.0,0.0,0.0,0.0,10.104781983538746,0.0,0.0,0.0,0.0,0.0,0.0,0.0
CHEMBL211207,0.0,0.8822222222222221,0.0,13.870671060090702,0.0,0.0,0.0,2.3917417800453515,0.0,0.0,0.0,0.0,0.0,0.0,3.9895971907281433,0.0,2.044879062736205,0.0,0.0,0.0,0.0,0.0,0.0,0.0,3.404222017510708
CHEMBL2112299,5.037395128186975,8.177175360680952,5.063776087595532,8.243559880407442,2.26727479185998,0.0,3.142372576083796,1.37730647517399,0.0,0.6540683657722345,0.0,0.0,0.0,0.0,4.214067437748167,0.0,0.0,10.156337229824263,0.0,0.0,0.0,0.0,0.0,0.0,0.0
CHEMBL2112301,5.013722075249853,8.107584097867289,5.02342886537331,8.257706403200544,2.225120390047944,0.0,3.0671802487702564,1.18980647517399,0.0,0.6137211435500122,0.0,0.0,0.0,0.0,4.68056880790399,0.0,0.0,10.154494826196146,0.0,0.0,0.0,0.0,0.0,0.0,0.0
CHEMBL2112309,2.215106843663391,8.252547542936927,2.1420418398841017,0.0,-1.4273573580666843,0.0,1.0806930272108846,0.0,0.0,-0.8369022817460317,0.0,0.0,0.0,0.0,0.0,0.0,0.0,10.420175973167044,0.0,0.0,0.0,28.4870277462837,0.0,0.0,0.0
CHEMBL2112738,3.6470370340004177,7.61973506375946,2.262588813303099,0.0,1.1842207577475423,0.0,1.3844513063362271,0.0,0.0,-0.3875403386663301,0.0,0.0,0.0,0.0,0.0,0.0,0.0,10.476196223859915,24.02831892132172,5.618325551671286,0.0,0.0,0.0,0.0,0.0
CHEMBL2112739,6.159118005277817,8.461912879330132,2.3913388133031,0.0,1.8407948318216163,0.0,1.7317798210754562,0.0,0.0,0.0982873257327623,0.0,0.0,0.0,0.0,0.0,0.0,0.0,0.0,23.98233166067672,5.66776999611573,0.0,0.0,0.0,0.0,0.0
CHEMBL2112739,6.159118005277817,8.461912879330132,2.3913388133031,0.0,1.8407948318216163,0.0,1.7317798210754562,0.0,0.0,0.0982873257327623,0.0,0.0,0.0,0.0,0.0,0.0,0.0,0.0,23.98233166067672,5.66776999611573,0.0,0.0,0.0,0.0,0.0
CHEMBL2113268,2.245681820567733,10.133567714894602,1.9957378275384228,0.0,2.344327575165868,0.0,2.279255545582432,0.0,0.0,0.1479188318846056,0.0,0.0,0.0,0.0,0.0,0.0,0.0,0.0,24.56798393277064,5.618860084929033,0.0,0.0,0.0,0.0,0.0
CHEMBL2113269,2.245681820567733,10.133567714894602,1.9957378275384228,0.0,2.344327575165868,0.0,2.279255545582432,0.0,0.0,0.1479188318846056,0.0,0.0,0.0,0.0,0.0,0.0,0.0,0.0,24.56798393277064,5.618860084929033,0.0,0.0,0.0,0.0,0.0
CHEMBL2113272,2.266257952254976,11.055620131540271,2.042034123834719,0.0,2.9079708102376745,0.0,2.400511949378518,0.0,0.0,0.2781271652179391,0.0,0.0,0.0,0.0,0.0,0.0,0.0,0.0,24.61069226610397,0.0,0.0,0.0,0.0,0.0,0.0
CHEMBL2113276,2.266257952254976,11.055620131540271,2.042034123834719,0.0,2.9079708102376745,0.0,2.400511949378518,0.0,0.0,0.2781271652179391,0.0,0.0,0.0,0.0,0.0,0.0,0.0,0.0,24.61069226610397,0.0,0.0,0.0,0.0,0.0,0.0
CHEMBL2113524,4.357584839453075,6.475279476332416,0.0,0.0,-1.15173261834833,0.0,1.698505514305254,0.0,0.0,-0.3007929159318041,0.0,0.0,0.0,0.0,0.0,0.0,0.0,0.0,24.749842212494627,0.0,0.0,26.03584539782141,0.0,0.0,0.0
CHEMBL2113524,4.357584839453075,6.475279476332416,0.0,0.0,-1.15173261834833,0.0,1.698505514305254,0.0,0.0,-0.3007929159318041,0.0,0.0,0.0,0.0,0.0,0.0,0.0,0.0,24.749842212494627,0.0,0.0,26.03584539782141,0.0,0.0,0.0
CHEMBL2113619,4.590745965244071,8.025973546405094,0.0,0.0,1.7827260749978997,2.179068668241197,2.9973664723707567,0.0,0.0,0.0170656081532705,0.0,0.0,0.0,8.950221371585354,0.0,0.0,0.0,0.0,24.99381790283271,0.0,0.0,0.0,0.0,0.0,0.0
CHEMBL2113619,4.590745965244071,8.025973546405094,0.0,0.0,1.7827260749978997,2.179068668241197,2.9973664723707567,0.0,0.0,0.0170656081532705,0.0,0.0,0.0,8.950221371585354,0.0,0.0,0.0,0.0,24.99381790283271,0.0,0.0,0.0,0.0,0.0,0.0
CHEMBL212168,1.5316716901717318,0.260539099899219,0.0,15.889797077488277,0.0,0.0,0.0,1.887759391916139,0.813574892920131,0.0,0.0,0.0,0.0,0.0,4.005243499986466,0.0,1.7604166666666663,0.0,24.115527200004635,5.215914943341891,6.067840608465608,0.0,0.0,0.0,0.0
CHEMBL212473,1.6206620317880238,0.3973513479465858,0.0,19.99131305105962,0.0,0.0,0.0,2.7534573675149083,1.1551631130847402,0.0,0.0,0.0,0.0,0.0,4.04920125939877,0.0,1.855208333333333,0.0,13.053511274880323,5.209769083763492,6.10754086356765,0.0,0.0,0.0,0.0
CHEMBL212741,2.09820987654321,0.9030555555555556,0.0,14.163784486016633,0.0,0.0,0.0,2.609241780045352,0.0,0.0,0.0,0.0,0.0,0.0,3.9988564499874015,0.0,2.060185185185185,0.0,0.0,0.0,0.0,0.0,0.0,0.0,0.0
CHEMBL213587,0.0,0.4279714663643237,0.0,22.28903376165281,0.0,0.0,0.0,2.1401558956916107,1.201880196523054,0.0,0.0,0.0,0.0,0.0,4.043055713025952,0.0,1.8685185185185185,0.0,12.95509306500378,0.0,6.07484410430839,0.0,0.0,0.0,0.0
CHEMBL213588,0.0,0.2911592183169567,0.0,17.99599089005564,0.0,0.0,0.0,1.4532084068195184,0.9662137818090204,0.0,0.0,0.0,0.0,0.0,3.999097953613647,0.0,1.773726851851852,0.0,23.90006819400804,0.0,6.005340608465609,0.0,0.0,0.0,0.0
CHEMBL2137046,6.25948394565458,2.451331830631905,0.0,26.21644965473727,0.0,0.0,2.454729135736532,4.58280696528664,0.0,0.0,0.0,0.0,0.0,0.0,0.0,2.1045803908904004,0.0,9.74362436715906,0.0,5.85366037657028,0.0,0.0,0.0,0.0,0.0
CHEMBL214932,0.0,2.970068263416478,0.0,12.221032816656912,0.0,0.0,0.0,1.0045137839086251,0.0,0.0,0.0,0.0,0.0,0.0,3.972802150551068,0.0,2.045162037037037,0.0,0.0,0.0,0.0,12.61975428176321,0.0,0.0,0.0
CHEMBL2163638,4.49853185101201,3.3534347442680774,0.0,10.404827324818305,0.7897284160577808,0.0,0.2861288527756782,5.22941373771731,0.0,0.0,0.0,0.0,0.0,0.0,4.209288300183863,1.985657911312673,2.1942584719072813,0.0,12.04873038994702,0.0,0.0,0.0,0.0,0.0,0.0
CHEMBL2163639,0.0,4.730933300789451,0.0,10.592605102596083,1.150839527168892,0.0,0.2984745317880237,5.367877456538172,0.0,0.0,0.0,0.0,0.0,0.0,4.237066077961641,2.001282911312673,2.2567584719072813,0.0,12.05873038994702,0.0,0.0,0.0,0.0,0.0,0.0
CHEMBL2163641,0.0,3.219696082136558,0.0,9.752512510003491,0.0,0.0,1.1892001028806587,4.818574735449736,0.0,0.0,0.0,0.0,0.0,0.0,4.066232744628307,1.942385046611237,1.925739953388763,0.0,11.922945924926443,0.0,0.0,0.0,0.0,0.0,0.0
CHEMBL2163646,1.6812026491703065,3.169654107383184,0.0,18.440932644229,0.0478094293272859,0.0,0.2595499847064253,7.008011482498316,0.0,0.0,0.0,0.0,0.0,0.0,4.261431787208302,1.969791829342695,2.1358684492315447,0.0,12.210517091999012,5.315230544903927,0.0,0.0,0.0,0.0,0.0
CHEMBL2165313,0.0,1.193416398966994,0.0,10.656478270690483,0.0,0.0,-0.0036779835390943,3.5271225434618305,0.0,0.0,0.0,2.76482174351222,0.0,0.0,4.045441442008903,0.0,0.0,10.02713529856387,11.289262286334797,0.0,0.0,0.0,0.0,0.0,0.0
CHEMBL2165314,1.6311935468631895,1.2958646699420506,0.0,11.410970901075968,0.0,0.0,0.0589637398169147,4.748604024943312,0.0,0.0,0.0,2.878710632401108,0.0,0.0,4.135294049718652,0.0,0.0,0.0,11.41840769449806,5.421990740740741,0.0,0.0,0.0,0.0,0.0
CHEMBL2165315,3.454122811161501,1.3314202254976062,0.0,11.532169959403005,0.0,0.0,0.1469267027798777,4.907032785336357,0.0,0.0,0.0,0.0,0.0,0.0,4.155452228730999,1.7027546296296294,0.0,0.0,11.786463250053618,5.483657407407407,0.0,0.0,0.0,0.0,0.0
CHEMBL2165316,1.9494574357520784,1.8832245212899967,0.0,11.5080152604864,0.0,0.0,0.0639594881162344,4.829810563114135,0.0,0.0,0.0,2.9028036029226505,0.0,0.0,4.161123131351306,0.0,0.0,0.0,11.48794858955979,5.713657407407407,0.0,0.0,0.0,0.0,0.0
CHEMBL2165317,3.778905974426808,1.9224648841017888,0.0,11.629214318813435,0.0,0.0,0.1519224510791974,4.988239323507182,0.0,0.0,0.0,0.0,0.0,0.0,4.181281310363652,1.7166435185185185,0.0,0.0,11.856004145115346,5.775324074074074,0.0,0.0,0.0,0.0,0.0
CHEMBL2165318,0.0,5.995467634584698,0.0,11.778709783666043,0.280336592970521,0.0,0.0818927416645676,5.037090891912321,0.0,0.0,0.0,2.969295477450239,0.0,0.0,4.232811528932561,0.0,0.0,0.0,11.674626830300532,6.283101851851852,0.0,0.0,0.0,0.0,0.0
CHEMBL2165319,1.85061649659864,6.039085674393213,0.0,11.899908841993076,0.2806200396825393,0.0,0.1698557046275304,5.195519652305368,0.0,0.0,0.0,0.0,0.0,0.0,4.2529697079449065,1.7573063114134542,0.0,0.0,12.042682385856086,6.344768518518519,0.0,0.0,0.0,0.0,0.0
CHEMBL2165320,0.0,1.7340557077335572,0.0,21.58970388234368,0.0,0.0,0.0515158811713647,5.820235129545646,0.0,0.0,0.0,2.942577003023432,0.0,0.0,4.219287285519248,0.0,0.0,0.0,11.709430666218635,6.09986111111111,0.0,0.0,0.0,0.0,0.0
CHEMBL2165321,1.8244527903754093,1.7732960705453489,0.0,21.74387361968305,0.0,0.0,0.1394788441343275,5.983659638238013,0.0,0.0,0.0,0.0,0.0,0.0,4.2394454645315935,1.723446239606954,0.0,0.0,12.077486221774189,6.161527777777778,0.0,0.0,0.0,0.0,0.0
CHEMBL2165322,0.0,1.3371049855127235,0.0,11.692240624243016,0.0,0.0,0.0808590534979427,5.191106859410432,0.0,0.0,0.0,2.905400447215923,0.0,0.0,4.129802742084488,0.0,0.0,0.0,11.39098375269912,0.0,0.0,0.0,0.0,0.0,3.5225015353363567
CHEMBL2165323,0.0,1.3123264676240864,0.0,22.13426778001273,0.0,0.0,0.0868600928025533,6.521132369614515,0.0,0.0,0.0,3.051090639959688,0.0,0.0,4.217852943646594,0.0,0.0,0.0,11.843136373006502,0.0,0.0,0.0,0.0,0.0,0.0
CHEMBL2165324,0.0,1.2762933043587803,0.0,19.32966814849345,0.0,0.0,0.0664519295372472,6.231557539682541,0.0,0.0,0.0,3.0233128621819096,0.0,0.0,8.411871509406232,0.0,0.0,0.0,11.827511373006502,0.0,0.0,0.0,0.0,0.0,0.0
CHEMBL2165325,0.0,1.332317334341144,0.0,18.238634696532426,0.0,0.0,0.0954697866801044,6.631634542705973,0.0,0.0,0.0,3.045516187956664,0.0,0.0,4.209910556815319,0.0,0.0,0.0,11.784012144611442,0.0,0.0,0.0,0.0,0.0,0.0
CHEMBL2179107,6.208215912908373,4.809432686654908,5.649940791131268,0.0,1.5302149470899469,0.0,1.7010337275342249,0.0,0.0,-0.2125920808138068,0.0,0.0,0.0,0.0,0.0,0.0,0.0,0.0,24.35500850340136,5.79207884542706,0.0,0.0,0.0,0.0,0.0
CHEMBL2179108,6.505396969744687,5.489700701268162,5.694033761652809,0.0,1.5461522108843535,0.0,1.7297338356638965,0.0,0.0,-0.2149400825144871,0.0,0.0,0.0,0.0,0.0,0.0,0.0,0.0,24.499510424540187,6.083745512093726,0.0,0.0,0.0,0.0,0.0
CHEMBL2179109,6.266557478191001,5.073431230899664,5.637938869992441,0.0,1.328274544385655,5.873896161266517,1.6351818313477324,0.0,0.0,-0.2968025242504408,0.0,0.0,0.0,0.0,0.0,0.0,0.0,0.0,24.66416578496259,6.150689956538171,0.0,0.0,0.0,0.0,0.0
CHEMBL2179110,6.494258561739102,5.912451290567497,5.656924209498614,0.0,1.327152384101788,6.141257272377628,1.6448345024100357,0.0,0.0,-0.2994476306171381,0.0,0.0,0.0,0.0,0.0,0.0,0.0,0.0,24.74354612005097,6.212356623204837,0.0,0.0,0.0,0.0,0.0
CHEMBL2179111,6.593643996993702,7.044567527471793,5.672229280409746,0.0,1.3254266881607242,6.279312827933183,1.652276790770399,0.0,0.0,-0.30185089303934,0.0,0.0,0.0,0.0,0.0,0.0,0.0,0.0,24.81086935764144,6.256857756991685,0.0,0.0,0.0,0.0,0.0
CHEMBL2179112,6.64957603404646,8.297590865933826,5.684833734036927,0.0,1.3235042971632072,6.364451716822073,1.6581916131429304,0.0,0.0,-0.3040148877470408,0.0,0.0,0.0,0.0,0.0,0.0,0.0,0.0,24.868700621310616,6.290499338624339,0.0,0.0,0.0,0.0,0.0
CHEMBL2179113,6.73060398309459,12.357783485634087,5.712110412569849,0.0,1.3179361517228505,6.496545049525524,1.6703707188796522,0.0,0.0,-0.3092823169398024,0.0,0.0,0.0,0.0,0.0,0.0,0.0,0.0,25.00186595798268,6.3553998908639056,0.0,0.0,0.0,0.0,0.0
CHEMBL2179114,4.39635639576206,4.568280032532602,5.534483642209562,0.0,1.1161370149911811,5.446812827933183,1.5145567246322575,0.0,0.0,-0.3818881979061899,0.0,0.0,0.0,0.0,0.0,0.0,0.0,8.850529751326906,24.686819629758045,6.101245512093726,0.0,0.0,0.0,0.0,0.0
CHEMBL220774,0.98351933970711,0.1079150919627109,0.0,10.501873692157032,0.0,0.0,0.0,1.357905946388692,0.0,0.0,0.0,2.264777389350802,0.0,0.0,0.0,0.0,0.0,0.0,33.59448334971806,5.52530612244898,0.0,0.0,-3.5386430081929707,5.789838094694395,0.0
CHEMBL220792,2.3919026393079426,0.1140262030738221,0.0,10.655962410977892,0.0,0.0,0.0,1.501257546287911,0.0,0.0,0.0,0.0,0.0,0.0,0.0,1.0078576677584614,0.0,0.0,34.41892354246182,5.61655612244898,0.0,0.0,-3.534013378563342,5.812285293959776,0.0
CHEMBL220793,2.4126036519597127,0.1518348450491307,0.0,11.17023423981622,0.0,0.0,0.0,1.9476620816102697,0.0,0.0,0.0,0.0,0.0,0.0,0.0,1.0214687788695724,0.0,0.0,34.44728002394331,5.644333900226757,0.0,0.0,-3.5227645264054,0.0,3.3302929288808167
CHEMBL2208131,1.676946386579323,0.0,0.0,20.286016109178085,0.0,0.0,0.0,5.11996417548501,0.0,0.0,0.0,0.0,0.0,0.0,4.68911186696901,0.0,0.0,0.0,0.0,5.244625293988118,0.0,0.0,0.0,0.0,0.0
CHEMBL2208140,1.676149192701772,0.0,0.0,20.281072798520487,0.0,0.0,0.0,5.117927138447973,0.0,0.0,0.0,0.0,0.0,0.0,4.68911186696901,0.0,0.0,0.0,0.0,5.243397024902706,0.0,0.0,0.0,0.0,0.0
CHEMBL2208141,3.33777188782104,0.0,0.0,17.920890767948848,0.0,0.0,0.0,5.7275395623763234,0.0,0.0,0.0,0.0,0.0,0.0,4.70896447467876,0.0,0.0,0.0,0.0,10.515522318890826,0.0,0.0,0.0,0.0,0.0
CHEMBL220829,0.9929715002009372,0.1457237339380195,0.0,11.01614552099536,0.0,0.0,0.0,1.804310481711052,0.0,0.0,0.0,2.2783885004619133,0.0,0.0,0.0,0.0,0.0,0.0,33.62283983119954,5.553083900226757,0.0,0.0,-3.527394156035028,0.0,3.3190945817733786
CHEMBL220885,1.0028735722684132,0.1398441043083897,0.0,17.28009142794068,0.0,0.0,0.0,0.9516466154362988,2.041833099752247,0.0,0.0,2.313942507558579,0.0,0.0,0.0,0.0,0.0,0.0,34.05047993169949,5.736630763416478,0.0,0.0,-3.550246734853516,0.0,0.0
CHEMBL220886,4.885990426971217,0.1737329931972788,0.0,9.629831090551464,0.0,0.0,0.0,3.094577703766693,0.0,0.0,0.0,2.3027696680524063,0.0,0.0,0.0,0.0,0.0,0.0,33.822346322884066,5.664351851851851,0.0,0.0,-3.530460233476106,0.0,0.0
CHEMBL222189,2.434694297472075,0.1459552154195009,0.0,17.44749458364741,0.0,0.0,0.0,1.092158709162678,2.0505261217141184,0.0,0.0,0.0,0.0,0.0,0.0,1.0368646069538925,0.0,0.0,34.874920124443264,5.827880763416477,0.0,0.0,-3.545617105223887,0.0,0.0
CHEMBL222250,2.417922178130512,0.1732237339380196,0.0,13.0610479036656,0.0,0.0,0.0,1.0793395166708664,0.0,0.0,0.0,0.0,0.0,0.0,0.0,1.0248535525321238,0.0,0.0,34.35047389446672,5.619768518518518,0.0,0.0,-3.510946344587217,0.0,0.0
CHEMBL222260,4.386674815217384,0.1726681783824644,0.0,11.453608512849584,0.0,0.0,0.0,2.19364009086953,0.0,0.0,0.0,0.0,0.0,0.0,0.0,1.0289687788695725,0.0,0.0,34.46290502394331,5.659640022675736,0.0,0.0,-3.516566179297961,0.0,0.0
CHEMBL223108,0.9954250125976314,0.1671126228269084,0.0,12.900786345338563,0.0,0.0,0.0,0.9388274229444872,0.0,0.0,0.0,2.276773274124465,0.0,0.0,0.0,0.0,0.0,0.0,33.52603370172296,5.528518518518519,0.0,0.0,-3.515575974216845,0.0,0.0
CHEMBL223109,0.9390082359011344,-0.0579327286470143,0.0,8.997430721485104,0.0,0.0,0.0,0.2422988300513568,0.0,0.0,0.0,2.211508335172657,0.0,0.0,0.0,0.0,0.0,0.0,44.2541800699438,5.459015022675737,0.0,0.0,-3.6056865496683295,0.0,0.0
CHEMBL223161,1.0015131668676038,0.1432974300831444,0.0,17.3894820173231,0.0,0.0,0.0,0.9256916811209746,2.1325534139147964,0.0,0.0,2.306401904706378,0.0,0.0,0.0,0.0,0.0,0.0,33.96535583646468,5.677439767573696,0.0,0.0,-3.5443902321157004,0.0,0.0
CHEMBL223162,1.0028735722684132,0.1157511337868479,0.0,21.114032853733832,0.0,0.0,0.0,2.8796935156510832,0.0,0.0,0.0,2.3230747389635376,0.0,0.0,0.0,0.0,0.0,0.0,34.243403994815864,5.790680508314437,0.0,0.0,-3.566723051045741,0.0,0.0
CHEMBL223176,0.0,0.7636978772990677,0.0,22.50462234075274,0.0,0.0,0.0553526287058039,2.576900352733687,0.0,0.0,0.0,0.0,0.0,0.0,4.012639983930221,0.0,1.994071239606953,0.0,12.259382243638196,0.0,0.0,0.0,0.0,0.0,0.0
CHEMBL223368,2.434694297472075,0.1218622448979591,0.0,21.29056824084552,0.0,0.0,0.0,3.0288986313393336,0.0,0.0,0.0,0.0,0.0,0.0,0.0,1.0368646069538925,0.0,0.0,35.06784418755962,5.881930508314436,0.0,0.0,-3.562093421416112,0.0,0.0
CHEMBL223369,2.541077146880892,0.1146863189720333,0.0,10.732771247961994,0.0,0.0,0.0,1.5018327955480744,0.0,0.0,0.0,2.275020731866872,0.0,0.0,0.0,0.0,0.0,0.0,33.69597222764925,10.616739958507637,0.0,0.0,-3.5411156512906143,0.0,0.0
CHEMBL223421,5.192770756523809,0.1646674225245654,0.0,11.551408036725046,0.4141710615222517,0.0,0.0,2.15593625650444,0.0,0.0,0.0,2.300819629938497,0.0,0.0,0.0,0.0,0.0,0.0,33.829868512987844,5.628870464852607,0.0,0.0,-3.5307324633506085,0.0,0.0
CHEMBL223452,0.0,0.0,0.0,20.030832941175653,-0.0447354497354501,4.25395313681028,0.0,4.293713741899168,0.0,0.0,0.0,0.0,0.0,17.916427113851356,8.21647518266566,0.0,0.0,0.0,0.0,0.0,0.0,0.0,0.0,0.0,0.0
CHEMBL223554,0.0,0.0,0.0,22.698406952261568,0.0177645502645498,4.278644494834971,0.0,4.51607485301028,0.0,0.0,0.0,0.0,0.0,17.93642711385136,4.2193487024439404,0.0,0.0,0.0,0.0,0.0,0.0,0.0,0.0,0.0,0.0
CHEMBL223555,0.0,6.027297718648729,0.0,11.01569349962207,0.0,2.1565781683043586,2.5677291194255485,1.7840133954816495,0.0,0.0,0.0,0.0,0.0,8.910216506177004,8.355897896195515,0.0,1.8492403628117915,0.0,0.0,0.0,0.0,0.0,0.0,0.0,0.0
CHEMBL2235950,1.6261703234502658,2.985951855030728,1.938170902620308,19.03772455481324,0.0,0.0,0.9089339442218508,4.191805096727016,0.0,0.0,0.0,0.0,0.0,0.0,4.029455233915625,0.0,2.020334983462238,0.0,12.563700507410443,11.364419265014954,0.0,0.0,0.0,0.0,0.0
CHEMBL2235951,1.6279337031848755,2.942969020431731,1.9445669336375504,19.02839157788424,0.0,0.0,0.9089288291189518,4.193792743721358,0.0,0.0,0.0,0.0,0.0,0.0,4.036124659770563,0.0,2.0186550512078107,0.0,12.600884882694636,11.364419265014954,0.0,0.0,0.0,0.0,0.0
CHEMBL2235952,0.0,3.0686489144173126,1.9658059334845048,21.218055240297755,0.0,0.0,0.9409040106451728,3.681145722953637,0.0,0.0,0.0,0.0,0.0,0.0,4.037237821604566,0.0,2.033392312286612,0.0,12.5863562461245,5.968453798185941,0.0,0.0,0.0,0.0,0.0
CHEMBL2235953,0.0,3.138440565531252,1.972900266970884,21.251403188788167,0.0,0.0,0.9682512077617668,3.752332993154464,0.0,0.0,0.0,0.0,0.0,0.0,4.028744970623197,0.0,2.035289830119376,0.0,12.502466672818093,5.850170304232805,0.0,0.0,0.0,0.0,0.0
CHEMBL223607,0.0,0.6056991685563113,0.0,11.460959125934323,0.0,0.0,0.0,1.0114351851851855,1.185144085411943,0.0,0.0,0.0,0.0,0.0,7.895550490257832,0.0,1.7105295729402872,0.0,11.519443972033258,0.0,5.307020030234316,0.0,0.0,0.0,0.0
CHEMBL223717,1.7453194846579587,2.526848072562358,0.0,14.7287890526581,2.207974300831443,0.0,0.0,5.455061675904931,0.0,0.0,0.0,0.0,0.0,0.0,4.124604824571906,0.0,0.0,0.0,0.0,5.37806925547997,0.0,0.0,0.0,0.0,0.0
CHEMBL223874,0.0,0.0,0.0,33.931387944066515,0.0,0.0,0.0,6.446764928193501,0.0,-0.3700925925925926,0.0,0.0,0.0,0.0,4.346106386999244,0.0,2.2291666666666665,0.0,0.0,0.0,0.0,0.0,0.0,0.0,0.0
CHEMBL223929,0.0,0.6056991685563115,0.0,12.04100164294113,0.0,0.0,0.0,1.0114351851851855,1.5019033446712022,0.0,0.0,0.0,0.0,0.0,7.895550490257831,0.0,1.7105295729402872,0.0,11.117503306878309,0.0,5.120631141345427,0.0,0.0,0.0,0.0
CHEMBL223983,1.5968490173847316,0.5351851851851852,0.0,12.156099300831444,0.0,0.0,0.0,1.519675925925926,1.4269123204837493,0.0,0.0,0.0,0.0,0.0,4.001261810279667,0.0,1.893144368858655,0.0,11.411088907785338,5.3462962962962965,5.314751511715797,0.0,0.0,0.0,0.0
CHEMBL224037,3.958643182937188,0.1207974300831444,0.0,10.886859966782858,0.0,0.0,0.0,1.6451843954472936,0.0,0.0,0.0,0.0,0.0,0.0,0.0,1.0139687788695726,0.0,0.0,34.52041242039301,10.725386652722513,0.0,0.0,-3.5364860216609846,0.0,0.0
CHEMBL224060,1.880829287255153,0.0,0.0,17.097719478737996,-0.0888271604938273,0.0,0.0,2.863404614932393,1.839143763472468,0.0,0.0,0.0,0.0,0.0,16.578071741892693,0.0,3.5905707252036616,0.0,0.0,0.0,0.0,0.0,0.0,6.016865326777243,0.0
CHEMBL224228,0.0,0.7589944727891155,0.0,14.42972449665,0.0,0.0,0.0,1.1429157218442936,1.5500892857142865,0.0,0.0,0.0,0.0,0.0,3.9953868136633286,0.0,1.986386211892164,0.0,11.045611819988173,0.0,5.077132306626354,0.0,0.0,0.0,0.0
CHEMBL224391,3.955569570420761,0.7242280801209373,0.0,9.270599568531116,0.0,2.183699452003024,0.0,3.6886366213151938,1.7364493575207862,0.0,0.0,0.0,0.0,9.15812673217435,4.046947987528345,0.0,2.0025736961451246,0.0,0.0,0.0,5.733168934240362,0.0,0.0,0.0,0.0
CHEMBL224462,2.081437232300328,0.7442068216175357,0.0,18.214924414210127,0.0,4.284860008818342,0.0,3.252554549827278,0.0,-0.5431831065759636,0.0,0.0,0.0,18.077995179323644,8.474742693373646,0.0,1.8291288737717308,0.0,0.0,0.0,0.0,0.0,0.0,0.0,0.0
CHEMBL224600,0.0,0.8110778061224488,0.0,15.421161594905282,0.0,0.0,0.0,1.2109429327286472,1.8917559523809528,0.0,0.0,0.0,0.0,0.0,4.02293502302972,0.0,2.02753847526665,0.0,0.0,0.0,5.4475026769967245,0.0,0.0,0.0,0.0
CHEMBL224649,0.0,0.7168102796674225,0.0,14.43206866234148,0.0,0.0,0.0,1.0739351851851855,1.550089285714286,0.0,0.0,0.0,0.0,0.0,3.984307576425632,0.0,1.9605295729402872,0.0,11.129848985890654,0.0,5.141039304610733,0.0,0.0,0.0,0.0
CHEMBL224665,0.0,0.0,0.0,19.525575048551097,-0.5007775888133039,0.0,0.0,1.134640015084189,0.9919977939395336,0.0,0.0,0.0,0.0,0.0,4.053945105820106,0.0,1.7660648148148148,0.0,23.91825029152417,0.0,5.64411257558579,0.0,0.0,0.0,0.0
CHEMBL224786,0.0,0.5658144368858654,0.0,22.62846820672713,0.0,0.0,0.0,2.417748488284203,1.5481013794406655,0.0,0.0,0.0,0.0,0.0,4.084644982993197,0.0,1.952037037037037,0.0,12.591380857898717,0.0,5.526605253212396,0.0,0.0,0.0,0.0
CHEMBL224787,1.588088466868229,0.397351347946586,0.0,20.604532396866,0.0,0.0,0.0,3.099790091962712,1.3882402683295545,0.0,0.0,0.0,0.0,0.0,4.04920125939877,0.0,1.855208333333333,0.0,12.71196523053666,5.248796026904793,5.576913501511715,0.0,0.0,0.0,0.0
CHEMBL224789,0.0,0.0,0.0,18.164114229024943,-0.150013227513228,4.2237890526581,0.0,3.213197029041185,0.0,0.0,0.0,0.0,0.0,17.83520338668066,7.960969545225497,0.0,1.752739984882842,0.0,0.0,0.0,0.0,0.0,0.0,0.0,0.0
CHEMBL224790,0.0,0.0,0.0,15.850269589317207,-0.2611243386243389,4.1925390526581,0.0,3.0473807025105737,0.0,0.0,0.0,0.0,0.0,17.81051202865597,11.857682980599648,0.0,1.502739984882842,0.0,0.0,0.0,0.0,0.0,0.0,0.0,0.0
CHEMBL22485,0.0,1.3319803476946332,0.0,12.482886432350718,-0.0595370370370371,0.0,0.1367705971277402,2.8095708406819524,0.0,0.0,0.0,0.0,0.0,0.0,3.967648232132359,0.0,0.0,9.77076562106324,12.226581632653062,0.0,0.0,0.0,0.0,0.0,0.0
CHEMBL225053,0.0,4.792542989417989,0.0,13.780929547745025,0.0,2.172895408163265,0.0,2.0088222789115653,0.0,0.0461167800453514,0.0,0.0,0.0,8.876792170571932,4.181641943814563,0.0,2.223592214663644,0.0,0.0,0.0,0.0,0.0,0.0,0.0,0.0
CHEMBL225079,0.0,0.0,0.0,20.98626220389661,-0.3786120559334853,2.103811252513453,0.0,1.9580238964145,1.096499885562837,0.0,0.0,0.0,0.0,9.000372422316381,4.097772266313933,0.0,1.8496107331821616,0.0,13.015440287226005,0.0,5.682939736079617,0.0,0.0,0.0,0.0
CHEMBL225128,4.242184429327287,0.0,0.0,13.16759621441169,0.0,2.121237244897959,0.0,1.842297335600908,0.0,-0.1483276643990927,0.0,0.0,0.0,8.750056059460821,4.058308610481229,0.0,2.049981103552532,0.0,0.0,0.0,0.0,0.0,0.0,0.0,0.0
CHEMBL225178,0.0,1.1372640306122448,0.0,13.986418575528877,0.0,0.0,0.0,0.5481160241874528,1.3336684828252294,0.0,0.0,0.0,0.0,0.0,3.95428450354226,0.0,1.910329979213908,0.0,11.434200837742504,5.664814814814815,5.103744567271353,0.0,0.0,0.0,0.0
CHEMBL225360,0.0,0.0,0.0,13.21334829302091,0.0,3.972678886369363,0.0,1.3364547765846486,0.0,-2.1959608843537426,0.0,0.0,0.0,17.751413389200188,11.0564098324515,0.0,0.8569066515495087,0.0,0.0,0.0,0.0,15.925415721844296,0.0,0.0,0.0
CHEMBL225378,0.0,0.0,0.0,17.054000535399346,0.0,4.035178886369362,0.0,1.6680874296458732,0.0,-1.9737386621315205,0.0,0.0,0.0,17.800796105249567,3.925019998740237,0.0,1.3569066515495087,0.0,0.0,0.0,0.0,16.050415721844296,0.0,0.0,0.0
CHEMBL225447,0.0,0.0,0.0,22.993969198790627,0.2637962962962961,0.0,0.0,5.395370370370371,0.0,0.0,0.0,0.0,0.0,0.0,4.17556783824641,0.0,2.1712962962962963,0.0,0.0,0.0,0.0,0.0,0.0,0.0,0.0
CHEMBL225472,1.5779914423299164,0.577806358654573,0.0,12.23279082157554,0.0,0.0,0.0,1.5577165742840346,1.4269123204837495,0.0,0.0,0.0,0.0,0.0,3.989613170502871,0.0,1.9012355914588053,0.0,11.600004724111866,5.130659722222222,5.203539304610733,0.0,0.0,0.0,0.0
CHEMBL225497,1.736152817991292,2.476292517006802,0.0,12.617786228689006,2.1426511715797427,0.0,0.0,6.422609638762914,0.0,0.0,0.0,0.0,0.0,0.0,4.130004273607719,0.0,0.0,0.0,0.0,5.461981292517007,0.0,0.0,0.0,0.0,3.595855393178851
CHEMBL225499,0.0,1.025421926091118,0.0,22.30750420720637,0.0,0.0,0.0,2.6352327447150685,1.4106834215167554,0.0,0.0,0.0,0.0,0.0,4.029487506770813,0.0,1.910741764298312,0.0,11.89102769583244,5.8085300925925925,5.353755196523053,0.0,0.0,0.0,0.0
CHEMBL225550,0.0,0.0,0.0,14.88367441421013,0.0,4.003928886369362,0.0,1.502271103115261,0.0,-2.0848497732426314,0.0,0.0,0.0,17.776104747224878,7.740714915595868,0.0,1.1069066515495087,0.0,0.0,0.0,0.0,15.987915721844296,0.0,0.0,0.0
CHEMBL226736,1.3961095189960075,0.3709873393801963,0.0,14.86531948791148,0.0,2.077705853261236,0.0,2.329592146169528,0.0,0.0,4.9197647019925785,0.0,0.0,8.984281519129553,7.651502008159657,1.8572747779667425,1.6831456023767533,0.0,22.35171374815876,9.930765620755214,0.0,0.0,-4.168162324257704,0.0,0.0
CHEMBL226737,0.0,0.2998762282690854,0.0,14.367479981738642,0.0,3.948551570795265,0.0,1.8336091248618325,0.0,0.0,4.865909826709132,0.0,0.0,18.26501036580766,7.596193366184347,1.803419902683296,1.6410537656420594,0.0,22.244003997591868,4.624165305085635,0.0,0.0,-4.239273435368814,0.0,0.0
CHEMBL226738,0.0,0.3344645219198789,0.0,14.242386687687013,0.0,2.063885029562789,0.0,0.9423907747595526,0.0,0.0,0.0,0.0,0.0,8.888634606518355,7.560955635340556,1.812475434618292,1.658871882086168,9.292082670916546,0.0,0.0,0.0,13.537186089924186,0.0,0.0,0.0
CHEMBL226789,0.0,0.4900200774754344,0.0,15.41217406765958,0.0,2.096024607156912,0.0,2.7080212862233983,0.0,0.0,0.0,0.0,0.0,8.915640779357862,7.656977583214355,1.9205001259763164,1.7382369614512472,9.5351382264721,0.0,0.0,0.0,0.0,0.0,5.971710729457241,0.0
CHEMBL226790,0.0,0.5696645219198788,0.0,16.011105206205528,0.0,2.112480070885104,0.0,3.612024108092887,0.0,0.0,0.0,0.0,0.0,8.929467939851687,7.706140820525741,1.9758087679516247,1.7788718820861678,9.659582670916546,0.0,0.0,0.0,0.0,0.0,0.0,0.0
CHEMBL226791,1.5109148855870882,0.50057563303099,0.0,15.595997798798123,0.0,2.10454733442964,0.0,2.906310651479754,0.0,0.0,0.0,0.0,0.0,8.943553245571609,7.692066746451667,1.937475434618292,1.7507086167800454,9.733332670916546,0.0,5.15785031566958,0.0,0.0,0.0,0.0,0.0
CHEMBL226841,0.0,0.4294645219198789,0.0,15.098158292625284,0.0,4.047476385297002,0.0,2.410327630172058,0.0,0.0,0.0,0.0,0.0,17.983078388546012,7.636758104476359,1.883620559334845,1.7086167800453516,9.635832670916546,0.0,0.0,0.0,0.0,0.0,0.0,0.0
CHEMBL226842,0.0,0.0627978552532122,0.0,12.67891446546479,0.0,2.0050868201963983,0.0,-0.5054900276991712,0.0,-4.656817571457724,0.0,0.0,0.0,8.900006647938472,7.427622302007222,1.6326284958427817,1.5153769841269842,9.473957670916544,0.0,0.0,0.0,39.04924969074382,0.0,0.0,0.0
CHEMBL226843,0.0,0.4064089663643233,0.0,13.494550142073289,0.0,2.086042972629824,0.0,2.408825100147704,0.0,0.0,0.0,0.0,0.0,8.931512884245116,7.639959407631365,1.875191484001008,1.7044123204837491,9.690230819064697,0.0,0.0,0.0,0.0,0.0,11.98508812558115,0.0
CHEMBL226891,0.0,-0.6431280706727138,0.0,8.277822761820776,0.0,1.919994270116474,0.0,-9.17317655854046,0.0,0.0,0.0,0.0,0.0,8.851109353993103,7.162626396237507,1.220808767951625,1.2390154950869237,9.085786374620248,0.0,0.0,0.0,55.39247454271985,0.0,0.0,0.0
CHEMBL226892,0.0,0.1996024659863944,0.0,13.464730612834868,0.0,2.036051416174106,0.0,0.3692190760027622,0.0,0.0,4.809194963804382,0.0,0.0,8.938129182455238,7.524973082539821,1.7312679516250946,1.5882375519652303,0.0,22.17298167918977,4.47035031566958,0.0,13.802666563581273,-4.357404861828526,0.0,0.0
CHEMBL226893,0.0,0.3454357993197277,0.0,15.068573205427462,0.0,2.0725097495074394,0.0,2.6004720890881625,0.0,0.0,4.955028297137716,0.0,0.0,8.969194271212634,7.629973082539822,1.838410808767952,1.6702688019652303,0.0,22.46464834585644,4.79847531566958,0.0,0.0,-4.147404861828526,0.0,3.2344150953363613
CHEMBL226945,1.3940627170566675,0.3143983843537414,0.0,14.839452835057092,0.0,2.070259996055763,0.0,2.208161987865497,0.0,0.0,4.975011290334995,0.0,0.0,8.985164564655456,7.631502008159656,1.823104686318972,1.6585500519652303,0.0,22.62706331184284,9.930765620755214,0.0,0.0,-4.20749745442112,0.0,0.0
CHEMBL226946,0.0,0.4669336577223479,0.0,15.421035521706218,0.0,2.093531239133241,0.0,2.6532081853632192,0.0,0.0,0.0,0.0,0.0,8.913700352737948,7.648116129167716,1.9065797430083145,1.729202097505669,9.764425745811028,0.0,0.0,0.0,0.0,0.0,5.847711772288745,0.0
CHEMBL226947,0.0,0.5047422996976567,0.0,15.836846564230225,0.0,2.1029833996270684,0.0,3.2316811887557297,0.0,0.0,0.0,0.0,0.0,8.921754264638013,7.675338351389938,1.934357520786092,1.75046945861678,9.849495190255473,0.0,0.0,0.0,0.0,0.0,0.0,3.275665095336361
CHEMBL226999,0.0,0.1484497826908539,0.0,12.71256664381394,0.0,2.01576693019906,0.0,-0.3237191849306282,0.0,-4.621335324162186,0.0,0.0,0.0,8.900017759385024,7.457404467092418,1.6837197656840512,1.5516847363945578,9.703245190255473,0.0,0.0,0.0,38.35553256691077,0.0,0.0,0.0
CHEMBL227113,5.968958333333333,1.2212962962962963,1.5891666666666666,0.0,-0.3768055555555558,0.0,0.7546064814814819,0.0,0.0,-0.7114814814814816,0.0,0.0,0.0,0.0,0.0,0.0,0.0,9.724823318216176,11.22885723733938,5.267245370370371,0.0,0.0,0.0,0.0,0.0
CHEMBL2282047,4.634429048598361,9.23107475071265,4.087943310162755,13.724859929882154,1.580731214004965,0.0,3.0463175504997344,1.9294495223019128,0.0,-0.1015643506308632,0.0,0.0,0.0,0.0,4.064758124943507,0.0,2.052500310310498,0.0,25.83429802442077,5.915202564793555,0.0,0.0,0.0,0.0,0.0
CHEMBL2282050,4.633095060080818,9.15845719547145,4.083176591152669,13.716276699428953,1.5579661978884105,0.0,3.0244617346361937,1.890149750550409,0.0,-0.1173595845896862,0.0,0.0,0.0,0.0,4.076882994297373,0.0,2.0536241766374665,0.0,25.910122403755064,6.013146780690885,0.0,0.0,0.0,0.0,0.0
CHEMBL2282053,4.804209766765961,9.732829184303968,4.695803614445654,13.905816034193837,1.2521096892883676,0.0,2.691350785092377,1.993083921415712,0.0,0.1753437096909893,0.0,0.0,0.0,0.0,4.086713266475966,0.0,2.0666302132894114,21.888897173398515,0.0,6.040545974972573,0.0,0.0,0.0,0.0,0.0
CHEMBL228985,5.671865682780844,0.8795280496671117,2.02891195746632,12.996348282390434,-0.292649806836315,0.0,1.3033512938103144,3.611361587214242,0.0,0.0,0.0,0.0,0.0,0.0,0.0,0.0,0.0,0.0,12.38900565897423,16.91227729453282,0.0,0.0,0.0,0.0,0.0
CHEMBL229094,7.125280391898773,0.5491900605024631,2.0779367059995457,9.87010786418434,-0.9765177259175276,0.0,0.8448915740411052,2.7724056059593805,0.0,0.0,0.0,0.0,0.0,0.0,0.0,0.0,0.0,20.53120735297045,12.476921287837143,10.39524354919099,0.0,0.0,0.0,0.0,0.0
CHEMBL229633,7.255905916800092,0.7642868260605383,5.316850396475736,10.397215762899384,0.0,0.0,0.9629412244568272,3.4019251637825088,0.0,0.0,0.0,0.0,0.0,0.0,0.0,0.0,0.0,9.966724170808696,12.33969906561492,10.427784806434628,0.0,0.0,0.0,0.0,0.0
CHEMBL229635,7.41680907531935,1.1092910700143743,2.1613875293510936,11.298710540218025,-0.3069765684051402,0.0,1.3362428363573404,4.766380040180547,0.0,0.0,0.0,0.0,0.0,0.0,0.0,0.0,0.0,0.0,12.536921287837142,16.847900855793934,0.0,0.0,0.0,0.0,0.0
CHEMBL229789,5.769819100234033,1.045215393256068,2.1407263723263004,10.477915787131606,-0.3628155706727138,0.0,1.2582123884779912,3.849171551719352,0.0,0.0,0.0,0.0,0.0,0.0,0.0,0.0,0.0,9.65139348297801,12.407775879673878,11.429252281542144,0.0,0.0,0.0,0.0,0.0
CHEMBL229790,7.314465625721972,1.2289070896720538,2.144664173342023,11.20754255998536,-0.338857106114051,0.0,1.298770543555412,4.575988644651581,0.0,0.0,0.0,0.0,0.0,0.0,0.0,0.0,0.0,0.0,12.605569129894077,22.12961600595824,0.0,0.0,0.0,0.0,0.0
CHEMBL229841,5.495432719521755,0.6280368260605382,5.096385543868026,9.74061567107202,0.0,0.0,0.8653522274382668,2.401112247850129,0.0,0.0,0.0,0.0,0.0,0.0,0.0,0.0,0.0,19.842110557050542,12.258834868084056,5.005452672387993,0.0,0.0,0.0,0.0,0.0
CHEMBL229861,3.831788942428824,1.967864988252044,0.0,3.4160730820105822,-0.7156657585873865,2.05143489648946,-0.0858571113630635,2.239849038380786,0.0,0.0,0.0,0.0,0.0,9.059005348874576,0.0,3.485909470269589,0.0,10.199732807732149,12.75291233623079,0.0,0.0,0.0,0.0,6.241396403726099,0.0
CHEMBL229885,3.979361824858828,0.613634294831084,4.991509736296477,8.95814895849167,0.0,0.0,0.7914368835229226,1.5182259465489096,0.0,0.0,0.0,0.0,0.0,0.0,0.0,0.0,0.0,28.851326228862654,12.12968945992079,0.0,0.0,0.0,0.0,0.0,0.0
CHEMBL229893,7.245969012679641,0.8234532642626804,5.293201571204888,10.300076708286554,0.0,0.0,0.9342916077701016,3.2336814378808167,0.0,0.0,0.0,0.0,0.0,0.0,0.0,0.0,0.0,10.094133467860852,12.440721442158129,15.46780482122967,0.0,0.0,0.0,0.0,0.0
CHEMBL229905,5.65861528380322,0.8722497890235013,5.405703382114436,12.686381508169026,0.0,0.0,1.0332948767202017,2.836258311443648,0.0,0.0,0.0,0.0,0.0,0.0,0.0,0.0,0.0,9.914951902672794,12.241280855738378,5.017930756981462,0.0,0.0,0.0,0.0,0.0
CHEMBL229906,5.796362159153638,1.2566236002486904,2.20055419601776,13.630476565498665,-0.2465192743764177,0.0,1.406596488620715,4.190018802529176,0.0,0.0,0.0,0.0,0.0,0.0,0.0,0.0,0.0,0.0,12.4385030779606,11.327384384347178,0.0,0.0,0.0,0.0,0.0
CHEMBL229907,3.0978901227927893,0.0,3.1059370275888134,11.8973022380057,0.0,0.0,-0.272248965944402,2.2693550376170544,0.0,0.0,0.0,0.0,0.0,0.0,0.0,0.0,0.0,9.807121222532476,12.04925248803225,10.045390829375318,0.0,0.0,0.0,0.0,0.0
CHEMBL229908,3.213783792582945,0.338946050642479,0.0,12.843131986393171,-0.2749886621315196,0.0,0.0830751081296721,3.601375829908028,0.0,0.0,0.0,0.0,0.0,0.0,0.0,0.0,0.0,0.0,12.246474710254471,16.28153451755409,0.0,0.0,0.0,0.0,0.0
CHEMBL2299368,0.0,0.9685438785036412,0.0,19.818384859707447,0.0,0.0,0.7886235866799056,3.321772244063748,0.0,0.0,0.0,12.180952843891536,0.0,0.0,0.0,0.0,0.0,0.0,21.46075990830361,0.0,0.0,0.0,0.0,0.0,0.0
CHEMBL2299369,0.0,1.223679012743374,0.0,22.98775232929809,0.0,0.0,1.100357020794292,5.380342040154551,0.0,0.0,0.0,12.69151456340505,0.0,0.0,0.0,0.0,0.0,0.0,0.0,0.0,0.0,0.0,0.0,11.794691404037188,0.0
CHEMBL229944,7.153177330647351,0.9359097991684552,5.252538778309951,10.210901904846017,0.0,0.0,0.8968193149681734,3.050328714019226,0.0,0.0,0.0,0.0,0.0,0.0,0.0,0.0,0.0,10.132806752756665,12.509369284215062,20.69148145440243,0.0,0.0,0.0,0.0,0.0
CHEMBL229945,7.264077101032177,1.316612272492434,2.139260655919275,11.103324878116162,-0.3707376438229619,0.0,1.2683369224208598,4.395971931275344,0.0,0.0,0.0,0.0,0.0,0.0,0.0,0.0,0.0,0.0,12.706591506437285,27.34322904279609,0.0,0.0,0.0,0.0,0.0
CHEMBL23097,1.732932361526684,4.778188224363819,0.0,14.527315875028718,0.7530508314436883,0.0,0.0,5.333083239978984,0.0,0.0,0.0,0.0,0.0,0.0,4.079617980630891,0.0,0.0,0.0,0.0,5.295811487027216,0.0,0.0,0.0,0.0,0.0
CHEMBL2311169,4.833242000503906,11.335978534160576,2.592125850340136,0.0,2.351043083900226,0.0,2.3494910031914005,0.0,0.0,0.5195149518140592,0.0,0.0,0.0,0.0,0.0,0.0,0.0,0.0,12.351937909423029,0.0,0.0,0.0,0.0,0.0,0.0
CHEMBL2311169,4.833242000503906,11.335978534160576,2.592125850340136,0.0,2.351043083900226,0.0,2.3494910031914005,0.0,0.0,0.5195149518140592,0.0,0.0,0.0,0.0,0.0,0.0,0.0,0.0,12.351937909423029,0.0,0.0,0.0,0.0,0.0,0.0
CHEMBL2311178,4.4517441945914165,3.889737391870328,10.084705530360292,0.0,1.501555650037793,0.0,1.728379249076175,0.0,0.0,-0.1274016991055677,0.0,0.0,0.0,0.0,0.0,0.0,0.0,0.0,23.971279683169563,0.0,0.0,0.0,0.0,0.0,0.0
CHEMBL2311178,4.4517441945914165,3.889737391870328,10.084705530360292,0.0,1.501555650037793,0.0,1.728379249076175,0.0,0.0,-0.1274016991055677,0.0,0.0,0.0,0.0,0.0,0.0,0.0,0.0,23.971279683169563,0.0,0.0,0.0,0.0,0.0,0.0
CHEMBL2311553,0.0,4.349091474552784,0.0,12.3664175832051,0.0,0.0,0.2899386611598011,6.539841164861008,0.0,0.0,0.0,0.0,0.0,0.0,4.061815034145481,1.9765712396069537,0.0,0.0,11.916324842468873,0.0,0.0,0.0,0.0,0.0,0.0
CHEMBL2312948,0.0,2.996793902746284,0.0,11.14132499061251,-0.63775179516251,0.0,0.2256316883706857,5.22067449819434,0.0,0.0,0.0,0.0,0.0,0.0,3.985148367478815,1.8995682161753589,0.0,10.570668776769969,11.931274688147884,0.0,0.0,0.0,0.0,0.0,0.0
CHEMBL2312949,0.0,3.2407243638196017,0.0,11.941510175797694,0.0,0.0,1.285889152467436,5.9890078315276725,0.0,0.0,0.0,0.0,0.0,0.0,4.055148367478815,1.951533446712018,0.0,0.0,11.963103391851588,0.0,0.0,0.0,0.0,0.0,0.0
CHEMBL2312950,2.2405547682035776,3.382281431090955,0.0,12.461324990612509,0.3622482048374902,0.0,0.2881316883706859,6.540674498194341,0.0,0.0,0.0,0.0,0.0,0.0,4.096259478589926,1.981200869236584,0.0,0.0,11.980657404197268,0.0,0.0,0.0,0.0,0.0,0.0
CHEMBL2312951,4.55493774670362,3.374463025951121,0.0,12.68132499061251,0.899635823465188,0.0,0.2903179023624553,6.626698685647099,0.0,0.0,0.0,0.0,0.0,0.0,4.155594323639057,1.9948063114134544,0.0,0.0,12.088887856872164,0.0,0.0,0.0,0.0,0.0,0.0
CHEMBL2312952,0.0,10.18141735979669,0.0,13.1052493103404,1.1857932308725956,0.0,0.3073743251764536,6.889668052406149,0.0,0.0,0.0,0.0,0.0,0.0,4.241396005422882,2.0277769904258,0.0,0.0,12.2279913922257,0.0,0.0,0.0,0.0,0.0,0.0
CHEMBL2312953,0.0,2.841674855127236,0.0,21.04387188035096,0.0,0.0,0.2096804283645914,5.842260435038215,0.0,-1.2593193735827666,0.0,0.0,0.0,0.0,4.109930743392143,1.908685752078609,0.0,12.004094702695896,12.21578724320179,0.0,0.0,0.0,0.0,0.0,0.0
CHEMBL2312954,0.0,3.2640520282186944,0.0,23.21526076923984,0.1874333900226756,0.0,0.2756880814258158,7.677491916519696,0.0,0.0,0.0,0.0,0.0,0.0,4.189930743392143,1.9880035903250188,0.0,0.0,12.202139480856111,0.0,0.0,0.0,0.0,0.0,0.0
CHEMBL2312955,1.7206200472740876,3.153845742000504,0.0,20.62915999868471,0.0623870937263792,0.0,0.2587151534932923,8.20458251973629,0.0,0.0,0.0,0.0,0.0,0.0,4.201266643492923,1.9746934051398333,0.0,0.0,12.269120656246375,5.692275406872269,0.0,0.0,0.0,0.0,0.0
CHEMBL2312956,1.7000515958821545,3.175051968700958,0.0,20.735492128388955,0.1030815381708236,0.0,0.2615550847928196,8.282394215899808,0.0,0.0,0.0,0.0,0.0,0.0,4.198966237219303,1.977118816662468,0.0,0.0,12.258785656164877,5.474169424784503,0.0,0.0,0.0,0.0,0.0
CHEMBL2312957,1.6881465196937224,3.190682389066227,0.0,20.78342568039357,0.1269760959939527,0.0,0.2637390342932024,8.34739278131414,0.0,0.0,0.0,0.0,0.0,0.0,4.197310432539509,1.978940229443476,0.0,0.0,12.250674558924157,5.339378945004707,0.0,0.0,0.0,0.0,0.0
CHEMBL2312958,0.0,2.9922053203997643,0.0,18.766270189613444,-0.0583999433106579,0.0,0.226679816963006,6.505503258899726,0.0,0.0,0.0,0.0,0.0,0.0,4.133410681663748,1.932118816662468,0.0,0.0,12.197949857348306,0.0,0.0,13.970928668426865,0.0,0.0,0.0
CHEMBL2312959,0.0,3.0415111310313323,0.0,18.828564569282463,0.0155815381708235,0.0,0.2344614208809734,6.768742651381544,0.0,0.0,0.0,0.0,0.0,0.0,4.144045969729591,1.941750146798848,0.0,0.0,12.198537135907612,0.0,0.0,13.493472103483482,0.0,0.0,0.0
CHEMBL2312960,0.0,3.1660050460513416,0.0,20.468066926826847,0.0971556122448977,0.0,0.2588193945571291,8.106369171108229,0.0,0.0,0.0,0.0,0.0,0.0,4.181421655600648,1.971007705551356,0.0,0.0,12.224956030187812,0.0,0.0,0.0,0.0,6.303976235649516,0.0
CHEMBL2312961,0.0,3.1835680639973565,0.0,20.517950714687125,0.1236062295288484,0.0,0.2614675937204795,8.190161424652167,0.0,0.0,0.0,0.0,0.0,0.0,4.182934858618481,1.9738897243929712,0.0,0.0,12.221548312764943,0.0,0.0,0.0,0.0,6.122650855415404,0.0
CHEMBL2312962,2.141916343570384,3.2603534685479127,0.0,21.391899441314127,0.1816000566893421,0.0,0.2762665938225104,8.975410666307132,0.0,0.0,0.0,0.0,0.0,0.0,4.207484755737822,1.992118816662468,0.0,0.0,12.239616524014972,0.0,0.0,0.0,0.0,0.0,0.0
CHEMBL2312963,0.0,1.8990638467406136,0.0,11.418232463350607,-0.8753443877551021,0.0,0.0253529115451918,0.8854494400300683,0.0,-9.881753727406686,0.0,0.0,0.0,0.0,3.94355728660202,1.713713381842891,0.0,0.0,12.25200727526062,0.0,0.0,81.45305484312311,0.0,0.0,0.0
CHEMBL2312964,0.0,2.985543902746284,0.0,11.18492268073437,-0.66025179516251,0.0,0.223896151180603,5.146995517342741,0.0,0.0,0.0,0.0,0.0,0.0,4.066603114998678,1.8972225371630127,0.0,10.558446554547746,11.929954669782411,0.0,0.0,0.0,0.0,0.0,0.0
CHEMBL2312965,0.0,4.315341474552784,0.0,12.364876384438071,0.0,0.0,0.2882031239697185,6.466162184009408,0.0,0.0,0.0,0.0,0.0,0.0,4.176186448332011,1.974225560594608,0.0,0.0,11.9150048241034,0.0,0.0,0.0,0.0,0.0,0.0
CHEMBL2312966,0.0,3.229474363819602,0.0,11.955941199252887,0.0,0.0,1.2616536152773534,5.915328850676074,0.0,0.0,0.0,0.0,0.0,0.0,4.165769781665345,1.9491877676996725,0.0,0.0,11.961783373486115,0.0,0.0,0.0,0.0,0.0,0.0
CHEMBL2312967,2.228332545981356,3.3710314310909544,0.0,12.45603379184548,0.3397482048374902,0.0,0.2863961511806032,6.466995517342741,0.0,0.0,0.0,0.0,0.0,0.0,4.226603114998678,1.9788551902242373,0.0,0.0,11.979337385831794,0.0,0.0,0.0,0.0,0.0,0.0
CHEMBL2312968,0.0,3.252802028218694,0.0,23.178310619855534,0.1649333900226757,0.0,0.2739525442357331,7.591590713445873,0.0,0.0,0.0,0.0,0.0,0.0,4.351933330418179,1.985657911312673,0.0,0.0,12.20081946249064,0.0,0.0,0.0,0.0,0.0,0.0
CHEMBL2312969,1.7173407262864333,3.142595742000504,0.0,20.604297670540006,0.0398870937263793,0.0,0.2569796163032096,8.111311702149997,0.0,0.0,0.0,0.0,0.0,0.0,4.366613508044785,1.972347726127488,0.0,0.0,12.267800637880905,5.687492243606963,0.0,0.0,0.0,0.0,0.0
CHEMBL2312970,2.1386370225827296,3.2491034685479128,0.0,21.358138067440013,0.1591000566893421,0.0,0.2745310566324277,8.884726299968005,0.0,0.0,0.0,0.0,0.0,0.0,4.374361051506615,1.989773137650121,0.0,0.0,12.2382965056495,0.0,0.0,0.0,0.0,0.0,0.0
CHEMBL2312971,0.0,3.1547550460513416,0.0,20.44122856392668,0.0746556122448978,0.0,0.2570838573670464,8.015684804769101,0.0,0.0,0.0,0.0,0.0,0.0,4.341374940395503,1.9686620265390105,0.0,0.0,12.22363601182234,0.0,0.0,0.0,0.0,6.300696914661861,0.0
CHEMBL2312972,0.0,3.0302611310313328,0.0,18.807874707964,-0.0069184618291764,0.0,0.2327258836908907,6.679562127320065,0.0,0.0,0.0,0.0,0.0,0.0,4.295413268689784,1.9394044677865023,0.0,0.0,12.19721711754214,0.0,0.0,13.491126424471137,0.0,0.0,0.0
CHEMBL23148,1.7625702055513564,4.693272864701436,0.0,14.441991531563142,0.7379686318972032,0.0,0.0,5.325779347232721,0.0,0.0,0.0,0.0,0.0,0.0,4.08056376852598,0.0,0.0,0.0,0.0,5.457853650528164,0.0,0.0,0.0,0.0,0.0
CHEMBL23150,0.0,0.7334618291761147,1.9484259259259256,15.073154446963969,0.0,0.0,1.0090854119425552,2.987748488284203,0.0,0.0,0.0,0.0,0.0,0.0,3.964273746535652,0.0,0.0,0.0,12.117183484504912,0.0,0.0,0.0,0.0,0.0,0.0
CHEMBL231936,3.231280111924537,0.0,3.953403250188965,12.768921800201564,0.0,0.0,0.0,3.723348289333592,0.0,0.0,0.0,0.0,0.0,0.0,0.0,0.0,0.0,9.21338777563657,0.0,10.442992106048113,0.0,0.0,0.0,0.0,0.0
CHEMBL2331699,1.8010353886733756,1.3880010707986896,0.0,7.306647488464317,0.0,0.0,0.0,3.184445205551358,0.0,0.0,0.0,0.0,0.0,0.0,11.91378873923562,0.0,1.7517592592592592,0.0,0.0,0.0,0.0,27.987656181350715,0.0,0.0,0.0
CHEMBL2331704,7.831724379970925,1.9070227745789163,0.0,12.52187778891783,0.0,0.0,0.0,7.850599887701485,0.0,-0.3554458364306851,0.0,0.0,0.0,0.0,12.911572085985624,0.0,2.1580555555555554,0.0,0.0,5.591260030387014,0.0,0.0,0.0,0.0,0.0
CHEMBL2333326,0.0,0.5384614355001259,0.0,16.078869768454602,0.0,0.0,0.0,1.2954974489795923,2.063620926765769,0.0,0.0,0.0,0.0,0.0,4.023658095057055,0.0,1.900107709750567,0.0,12.845972064751829,0.0,5.860807823129251,0.0,0.0,6.23146277749783,0.0
CHEMBL2333327,0.0,0.5937700774754345,0.0,16.679042216034457,0.0,0.0,0.0,1.8729196712018144,2.5442530255312006,0.0,0.0,0.0,0.0,0.0,4.048239713712747,0.0,1.940742630385488,0.0,12.901280706727135,0.0,5.985252267573696,0.0,0.0,0.0,0.0
CHEMBL2333328,0.0,0.564156667296548,0.0,26.818778512552857,0.0,0.0,0.0,2.8612317859242467,2.458632527084908,0.0,0.0,0.0,0.0,0.0,4.097309791595957,0.0,1.94999433106576,0.0,13.335933327034518,0.0,6.247531179138322,0.0,0.0,0.0,0.0
CHEMBL2333329,1.5689474678760391,0.5452326625094484,0.0,16.263074481718512,0.0,0.0,0.0,1.426423374905518,2.160907711850173,0.0,0.0,0.0,0.0,0.0,4.04120267667571,0.0,1.912579365079365,0.0,12.964988189720332,5.369803555681531,5.959002267573696,0.0,0.0,0.0,0.0
CHEMBL2333330,1.9071321263813144,1.0540771447467876,0.0,16.363672081869684,0.0,0.0,0.0,1.4682317649281935,2.201647035357354,0.0,0.0,0.0,0.0,0.0,4.054467139485627,0.0,1.920391865079365,0.0,13.053317271352984,5.661470222348198,6.020668934240363,0.0,0.0,0.0,0.0
CHEMBL2333331,3.897597586095962,0.5432131046863191,0.0,16.397204615253404,-0.0143786218190982,0.0,0.0,1.4637438586545732,2.1921577118501734,0.0,0.0,0.0,0.0,0.0,4.064398268962211,0.0,1.922996031746032,0.0,13.134843631897205,5.869803555681532,6.069002267573696,0.0,0.0,0.0,0.0
CHEMBL2333332,4.312133776971232,2.075536009922283,0.0,16.51169768312896,0.5459414174556664,0.0,0.0,1.501478542034098,2.240018817712271,0.0,0.0,0.0,0.0,0.0,4.082007764491288,0.0,1.933231371252205,0.0,13.231088619089611,5.9724424445704205,6.125650510204082,0.0,0.0,0.0,0.0
CHEMBL2333333,4.065701717798128,1.415978554223955,0.0,16.470383914559598,0.0365473041068276,0.0,0.0,1.4866562736205595,2.2186776423532386,0.0,0.0,0.0,0.0,0.0,4.075474944811615,0.0,1.9291688712522048,0.0,13.20438452695893,6.019109111237087,6.1135034013605445,0.0,0.0,0.0,0.0
CHEMBL2333334,0.0,2.442990420507556,0.0,16.57351393387423,0.6276421951164912,0.0,0.0,1.542045540438398,2.2962398694045523,0.0,0.0,0.0,0.0,0.0,4.080810114692239,0.0,1.938622317754262,0.0,13.199536407155456,5.9855442964222725,6.120820105820107,0.0,0.0,0.0,0.0
CHEMBL2333335,0.0,5.039564382443621,0.0,16.65583266679542,0.1985843411438648,0.0,0.0,1.5651936885865465,2.3213541929117327,0.0,0.0,0.0,0.0,0.0,4.093496065105462,0.0,1.9453417107583773,0.0,13.286271101033003,6.230914666792643,6.178412698412699,0.0,0.0,0.0,0.0
CHEMBL2333336,0.0,0.4859922996976566,0.0,15.509509745638896,0.0,0.0,0.0,0.7477196712018146,1.607664136642312,0.0,0.0,0.0,0.0,0.0,4.000338479144847,0.0,1.8615589569161,10.05386400856639,12.793502928949358,0.0,5.742752267573696,0.0,0.0,0.0,0.0
CHEMBL2333337,0.0,0.5415478552532125,0.0,16.112361534502586,0.0,0.0,0.0,1.3277196712018144,2.09044191442009,0.0,6.006615646258504,0.0,0.0,0.0,4.025029837169537,0.0,1.902375283446712,0.0,12.849058484504912,0.0,5.867752267573696,0.0,0.0,0.0,0.0
CHEMBL23334,1.6296252764191077,0.6254988662131519,1.9200925925925925,12.819545382968004,0.0,0.0,0.8855668934240366,3.5037625451415138,0.0,0.0,0.0,0.0,0.0,0.0,3.9716534356830175,0.0,0.0,0.0,12.329779856387,5.31447515117158,0.0,0.0,0.0,0.0,0.0
CHEMBL23364,0.0,4.341592734315949,0.0,13.796235358723637,0.6821296296296295,0.0,0.0,4.303007999496096,0.0,0.0,0.0,0.0,0.0,0.0,4.052958167056742,0.0,0.0,9.824076110777952,0.0,0.0,0.0,0.0,0.0,0.0,0.0
CHEMBL23365,1.7351238242210465,4.782495512093726,0.0,14.513241531563144,0.7379686318972031,0.0,0.0,5.3250849027882765,0.0,0.0,0.0,0.0,0.0,0.0,4.08056376852598,0.0,0.0,0.0,0.0,5.325521828910627,0.0,0.0,0.0,0.0,0.0
CHEMBL2336847,1.6977831089965831,0.7697319066515496,0.0,24.42414262618628,0.0,0.0,0.0,3.213225361132108,2.342994142101285,0.0,0.0,0.0,0.0,0.0,4.135756169369085,0.0,4.3499392951625095,0.0,0.0,5.399760723733937,0.0,0.0,0.0,0.0,0.0
CHEMBL2336848,1.651529665470412,0.6749721277399849,0.0,20.09183350112823,0.0,0.0,0.0,2.541411039724532,2.1308460884353746,0.0,0.0,0.0,0.0,0.0,4.097767188652831,0.0,4.127740221088436,0.0,0.0,5.358875950071386,0.0,13.32502421768881,0.0,0.0,0.0
CHEMBL2336849,1.5823147894373544,0.5397001369992441,0.0,18.102414022248528,0.0,0.0,0.0,1.5942355862097928,1.842627039241623,-4.360966358293648,0.0,0.0,0.0,0.0,4.049385645953106,0.0,3.8512266156462585,0.0,0.0,5.314805702137502,0.0,38.73425682042024,0.0,0.0,0.0
CHEMBL2336850,1.66920643314718,0.7053540721844294,0.0,21.366069739777352,0.0,2.164217081703103,0.0,3.603663653733098,2.2078222106743937,0.0,0.0,0.0,0.0,9.04127703458692,4.122388400774043,0.0,4.22678658037289,0.0,0.0,5.393214793046592,0.0,0.0,0.0,0.0,0.0
CHEMBL2336851,3.805260148034319,0.7687221277399849,0.0,22.666327685395142,0.0,0.0,0.0,4.477934093390443,2.3470450680272115,0.0,0.0,0.0,0.0,0.0,4.147353965512335,0.0,4.368480961829176,0.0,0.0,5.418875950071386,0.0,0.0,0.0,0.0,0.0
CHEMBL2336852,3.3647129715956376,0.7391117882338121,0.0,22.02270413932841,0.0,0.0,0.0,3.9389653670110034,2.2836717634584702,0.0,0.0,0.0,0.0,0.0,4.141901715741904,0.0,4.308295776643991,0.0,0.0,10.700636477986766,0.0,0.0,0.0,0.0,0.0
CHEMBL2336853,1.670942718430092,0.734452632905014,0.0,21.76649110987796,0.0,0.0,0.0,3.798668202877861,2.243625467162174,0.0,0.0,0.0,0.0,0.0,4.127526141820875,0.0,4.274302721088436,0.0,0.0,5.265856028374516,0.0,0.0,0.0,6.229246088574191,0.0
CHEMBL2336854,2.098032594593291,0.7640629724111867,0.0,22.41011465594468,0.0,0.0,0.0,4.337636929257301,2.306998771730916,0.0,0.0,0.0,0.0,0.0,4.1329783915913065,0.0,4.334487906273621,0.0,0.0,0.0,0.0,0.0,0.0,6.226798889308809,0.0
CHEMBL2336855,0.0,0.7310768613000757,0.0,21.504274109628547,0.0,0.0,0.0,3.656267706671147,2.2309287603930468,0.0,0.0,0.0,0.0,0.0,4.115531192325926,0.0,4.2497828308278045,0.0,0.0,0.0,0.0,0.0,0.0,12.234360761075676,0.0
CHEMBL2336856,0.0,0.7143416950113379,0.0,22.474241643397484,0.0,0.0,0.0,1.861013636936256,2.283484977324264,0.0,0.0,0.0,0.0,0.0,4.090387499505465,0.0,4.183541666666667,0.0,0.0,0.0,0.0,13.226322214491857,0.0,0.0,0.0
CHEMBL2336857,2.1150284793669534,0.8080916950113379,0.0,25.12280990173848,0.0,0.0,0.0,3.7234626165280935,2.4996839569161,0.0,0.0,0.0,0.0,0.0,4.139974276364969,0.0,4.424282407407407,0.0,0.0,0.0,0.0,0.0,0.0,0.0,0.0
CHEMBL2336858,1.68505658436214,0.7784813555051652,0.0,24.460667837153228,0.0,0.0,0.0,3.2063457420005053,2.436310652347359,0.0,0.0,0.0,0.0,0.0,4.134522026594538,0.0,4.364097222222222,0.0,0.0,5.26785191314818,0.0,0.0,0.0,0.0,0.0
CHEMBL2336859,0.0,0.5790697042705972,0.0,20.38815549785112,0.0,0.0,0.0,1.0205048500881837,1.995265928130512,-4.336383237523661,0.0,0.0,0.0,0.0,4.04200595680574,0.0,3.90702806122449,0.0,0.0,0.0,0.0,38.48768657248635,0.0,0.0,0.0
CHEMBL2336860,0.0,0.8091014739229025,0.0,26.88872669438146,0.0,0.0,0.0,2.439088246409676,2.495633030990174,0.0,0.0,0.0,0.0,0.0,4.128376480221719,0.0,4.405740740740741,0.0,0.0,0.0,0.0,0.0,0.0,0.0,0.0
CHEMBL2336861,2.1362226001511715,0.8081566515495088,0.0,25.07154767153775,0.0,0.0,0.0,3.7222011736793488,2.519336734693878,0.0,0.0,0.0,0.0,0.0,4.142491706559166,0.0,4.433376795162509,0.0,0.0,0.0,0.0,0.0,0.0,0.0,0.0
CHEMBL2336862,4.259481532193021,0.807146872637944,0.0,23.295214212228103,0.0,0.0,0.0,5.008761757789537,2.523387660619804,0.0,0.0,0.0,0.0,0.0,4.154089502702417,0.0,4.451918461829177,0.0,0.0,0.0,0.0,0.0,0.0,0.0,0.0
CHEMBL2336863,3.8137277441840935,0.7775365331317713,0.0,22.65159066616137,0.0,0.0,0.0,4.469793031410096,2.460014356051063,0.0,0.0,0.0,0.0,0.0,4.1486372529319855,0.0,4.391733276643991,0.0,0.0,5.286967139485627,0.0,0.0,0.0,0.0,0.0
CHEMBL2336864,2.0803378264886203,0.7133968726379442,0.0,20.72072002796119,0.0,0.0,0.0,3.0722387041236257,2.307188681027968,0.0,0.0,0.0,0.0,0.0,4.104502725842913,0.0,4.211177721088435,0.0,0.0,0.0,0.0,13.290437440829306,0.0,0.0,0.0
CHEMBL2336865,2.1022799752489507,0.7437788170823886,0.0,21.99495626661031,0.0,2.175084850298144,0.0,4.134491318132191,2.3841648032669864,0.0,0.0,0.0,0.0,9.025895951024015,4.129123937964126,0.0,4.31022408037289,0.0,0.0,0.0,0.0,0.0,0.0,0.0,0.0
CHEMBL23394,0.0,4.5507282218442935,0.0,13.689707580945855,0.6821296296296294,0.0,0.0,4.468517258755355,0.0,0.0,0.0,0.0,0.0,0.0,4.052958167056742,0.0,0.0,9.555959141768126,0.0,0.0,0.0,0.0,0.0,0.0,0.0
CHEMBL23484,0.0,1.687859977324263,0.0,15.451210002519524,0.1062962962962961,0.0,0.28927059712774,3.2863595993953143,0.0,0.0,0.0,0.0,0.0,0.0,3.993533005794911,0.0,0.0,0.0,12.185470521541951,0.0,0.0,0.0,0.0,0.0,0.0
CHEMBL23485,0.0,3.1319699546485262,0.0,13.67432917611489,0.6117592592592593,0.0,0.0,4.243181951793064,0.0,0.0,0.0,0.0,0.0,0.0,4.033549592676577,0.0,0.0,9.805210065507683,0.0,0.0,0.0,0.0,0.0,0.0,0.0
CHEMBL23646,1.7273113242210465,3.4821648242630383,0.0,14.434821218610905,0.7171352985638699,0.0,0.0,5.288281919249182,0.0,0.0,0.0,0.0,0.0,0.0,4.065579912711947,0.0,0.0,0.0,0.0,5.284705502380016,0.0,0.0,0.0,0.0,0.0
CHEMBL2386284,2.1681291449852056,1.893136238345404,0.0,25.9012197630838,0.0,0.0,2.422214086251785,4.463483323380718,0.0,0.0,5.511959004078621,0.0,0.0,0.0,0.0,0.0,0.0,9.697864729970853,0.0,5.60866037657028,0.0,0.0,0.0,0.0,0.0
CHEMBL2386284,2.1681291449852056,1.893136238345404,0.0,25.9012197630838,0.0,0.0,2.422214086251785,4.463483323380718,0.0,0.0,5.511959004078621,0.0,0.0,0.0,0.0,0.0,0.0,9.697864729970853,0.0,5.60866037657028,0.0,0.0,0.0,0.0,0.0
CHEMBL2386285,2.1681291449852056,1.893136238345404,0.0,25.9012197630838,0.0,0.0,2.422214086251785,4.463483323380718,0.0,0.0,5.511959004078621,0.0,0.0,0.0,0.0,0.0,0.0,9.697864729970853,0.0,5.60866037657028,0.0,0.0,0.0,0.0,0.0
CHEMBL2386285,2.1681291449852056,1.893136238345404,0.0,25.9012197630838,0.0,0.0,2.422214086251785,4.463483323380718,0.0,0.0,5.511959004078621,0.0,0.0,0.0,0.0,0.0,0.0,9.697864729970853,0.0,5.60866037657028,0.0,0.0,0.0,0.0,0.0
CHEMBL2386286,2.132029512294664,0.6987901430212938,0.0,25.078408458042222,0.0,0.0,1.7901359829200405,4.019148288536471,0.0,0.0,5.136959004078621,0.0,0.0,0.0,0.0,0.0,0.0,9.69177649586064,10.914693590527618,5.37139185805176,0.0,0.0,0.0,0.0,0.0
CHEMBL2386286,2.132029512294664,0.6987901430212938,0.0,25.078408458042222,0.0,0.0,1.7901359829200405,4.019148288536471,0.0,0.0,5.136959004078621,0.0,0.0,0.0,0.0,0.0,0.0,9.69177649586064,10.914693590527618,5.37139185805176,0.0,0.0,0.0,0.0,0.0
CHEMBL2386287,7.649280785975966,0.8481989900464829,0.0,25.17759645334716,0.0,0.0,2.0427841795133017,3.9703635241891786,0.0,-0.5570787388469878,0.0,0.0,0.0,0.0,0.0,0.0,0.0,9.743289860904223,12.190515679411506,5.518382598792501,0.0,0.0,0.0,0.0,0.0
CHEMBL2386288,7.615462556259882,0.6538208725025386,0.0,25.43064585112412,0.0,0.0,1.4630063460274236,4.227782997742865,0.0,-0.5786163264946373,5.179869159664548,0.0,0.0,0.0,0.0,0.0,0.0,0.0,23.29430870497228,10.963719838200984,0.0,0.0,0.0,0.0,0.0
CHEMBL24014,0.0,3.2936054421768706,0.0,13.611287267993616,0.6612962962962963,0.0,0.0,4.43171427521626,0.0,0.0,0.0,0.0,0.0,0.0,4.03797431124271,0.0,0.0,9.464122407074248,0.0,0.0,0.0,0.0,0.0,0.0,0.0
CHEMBL24021,6.957947347148735,8.276942213613841,2.015367457168052,0.0,2.5384093915343904,0.0,2.3294499690308235,0.0,0.0,0.1726120008188461,0.0,0.0,0.0,0.0,0.0,0.0,0.0,0.0,24.542604954018643,0.0,0.0,0.0,0.0,0.0,0.0
CHEMBL24021,6.957947347148735,8.276942213613841,2.015367457168052,0.0,2.5384093915343904,0.0,2.3294499690308235,0.0,0.0,0.1726120008188461,0.0,0.0,0.0,0.0,0.0,0.0,0.0,0.0,24.542604954018643,0.0,0.0,0.0,0.0,0.0,0.0
CHEMBL24037,6.987480412287861,10.890712146741413,2.049256346056941,0.0,2.558788265306122,0.0,2.376726072373395,0.0,0.0,0.1674000062988161,0.0,0.0,0.0,0.0,0.0,0.0,0.0,0.0,24.802970084268782,0.0,0.0,0.0,0.0,0.0,0.0
CHEMBL24037,6.987480412287861,10.890712146741413,2.049256346056941,0.0,2.558788265306122,0.0,2.376726072373395,0.0,0.0,0.1674000062988161,0.0,0.0,0.0,0.0,0.0,0.0,0.0,0.0,24.802970084268782,0.0,0.0,0.0,0.0,0.0,0.0
CHEMBL24115,1.7557590632671802,3.4135714285714283,0.0,14.348210348954396,0.6932407407407406,0.0,0.0,5.276818100697069,0.0,0.0,0.0,0.0,0.0,0.0,4.066814055486494,0.0,0.0,0.0,0.0,5.445586262282691,0.0,0.0,0.0,0.0,0.0
CHEMBL2417553,2.062749485596708,0.8717754787100024,0.0,22.34815635873265,0.0,0.0,0.0,5.77842276133492,0.0,0.0,0.0,0.0,0.0,0.0,8.772229248959047,0.0,0.0,0.0,0.0,0.0,0.0,0.0,0.0,0.0,0.0
CHEMBL241993,4.32800961356765,6.863638169774083,0.0,4.229879141471404,1.980257306626353,0.0,0.0,4.310015287750904,0.0,0.1573748897707234,0.0,0.0,0.0,0.0,0.0,0.0,0.0,20.380825591038885,0.0,0.0,0.0,0.0,0.0,0.0,0.0
CHEMBL2420674,0.0,0.0,0.0,16.4786908436214,0.0,0.0,0.0,2.7358761127907965,1.8504259574200053,0.0,0.0,0.0,0.0,0.0,4.091762566137566,0.0,0.0,9.545160619803475,0.0,0.0,0.0,0.0,0.0,6.409195011337868,0.0
CHEMBL2420675,1.5734509637188208,0.0,0.0,16.041202653901063,0.0,0.0,0.0,1.7201015159150088,1.4089290438397586,0.0,0.0,0.0,0.0,0.0,4.0246020723104055,0.0,0.0,0.0,0.0,5.1438528281683045,0.0,14.587860922146636,0.0,0.0,0.0
CHEMBL2420676,0.0,0.0,0.0,15.074943048206936,0.0,0.0,0.0,0.9329440140253638,1.1752716364323512,0.0,0.0,0.0,0.0,0.0,3.983737874779541,0.0,0.0,9.437135928445452,0.0,0.0,0.0,14.395967498110355,0.0,0.0,0.0
CHEMBL2420677,1.4336493764172336,0.0,0.0,14.177240226337446,0.0,0.0,0.0,1.705015379608635,1.1049166981607463,0.0,0.0,0.0,0.0,0.0,4.061304484756866,0.0,0.0,0.0,0.0,5.007664556563366,0.0,14.400985922146637,0.0,6.387001133786847,0.0
CHEMBL2420678,0.0,0.0,0.0,13.488758398421094,0.0,0.0,0.0,0.660913433274545,0.871259290753339,0.0,0.0,0.0,0.0,0.0,4.020440287226002,0.0,0.0,9.457197656840512,0.0,0.0,0.0,14.004735922146637,0.0,6.274472789115645,0.0
CHEMBL2420679,1.6065625995577295,0.0,0.0,13.676693856554968,0.0,0.0,0.0,2.311261757789537,1.8719353111615025,0.0,0.0,0.0,0.0,0.0,3.857163800705467,0.0,0.0,0.0,0.0,5.210992745863777,0.0,13.291550170241548,0.0,6.4516175359032495,0.0
CHEMBL2420680,0.0,0.0,0.0,12.741298448391705,0.0,0.0,0.0,1.4965733917023616,1.6382779037540949,0.0,0.0,0.0,0.0,0.0,3.816299603174603,0.0,0.0,9.529275846140926,0.0,0.0,0.0,13.216963393382043,0.0,6.339089191232048,0.0
CHEMBL2420681,3.2624591205985505,0.0,0.0,15.2443986468044,0.0,0.0,0.0,4.008301629293694,2.0247609861845977,0.0,0.0,0.0,0.0,0.0,4.178413800705467,0.0,0.0,0.0,0.0,10.48300321248283,0.0,0.0,0.0,6.576440381708238,0.0
CHEMBL2420682,1.5980452813713997,0.0,0.0,14.309003238641134,0.0,0.0,0.0,3.1936132632065184,1.7911035787771905,0.0,0.0,0.0,0.0,0.0,4.137549603174604,0.0,0.0,9.607333697380597,0.0,5.1772170781893,0.0,0.0,0.0,6.463912037037036,0.0
CHEMBL2420683,1.6230915251775642,0.0,0.0,14.37345154111027,0.0,0.0,0.0,3.096508671369784,1.9440016376921143,0.0,0.0,0.0,0.0,0.0,3.982163800705467,0.0,0.0,9.53513399342494,0.0,5.2309927458637775,0.0,0.0,0.0,6.492433862433861,0.0
CHEMBL2420684,0.0,0.0,0.0,13.438056132947008,0.0,0.0,0.0,2.2818203052826083,1.710344230284707,0.0,0.0,0.0,0.0,0.0,3.941299603174604,0.0,0.0,19.026351988326194,0.0,0.0,0.0,0.0,0.0,6.379905517762659,0.0
CHEMBL2420685,1.6428160430839005,0.0,0.0,14.862091416813636,0.0,0.0,0.0,3.29379750356933,2.035897423784329,0.0,0.0,0.0,0.0,0.0,8.043031305114638,0.0,0.0,0.0,0.0,5.239531840513983,0.0,0.0,0.0,6.493945578231291,0.0
CHEMBL2420686,0.0,0.0,0.0,13.926696008650376,0.0,0.0,0.0,2.5066400016796853,1.8022400163769217,0.0,0.0,0.0,0.0,0.0,7.961302910052909,0.0,0.0,9.53281494079113,0.0,0.0,0.0,0.0,0.0,6.381417233560089,0.0
CHEMBL2420687,1.660264602754682,0.0,0.0,22.01405079990624,0.0,0.0,0.0,3.54322908793147,4.3218969146300505,0.0,0.0,0.0,0.0,0.0,4.360774911816579,0.0,0.0,0.0,0.0,5.322116291930505,0.0,0.0,0.0,6.722111835474929,0.0
CHEMBL2420688,0.0,0.0,0.0,21.016192537187305,0.0,0.0,0.0,2.756071586041825,4.02576136936256,0.0,0.0,0.0,0.0,0.0,4.319910714285714,0.0,0.0,9.716924746763311,0.0,0.0,0.0,0.0,0.0,6.609583490803728,0.0
CHEMBL24233,0.0,4.986716506046864,0.0,16.945378614791494,0.7984259259259258,0.0,0.0,4.52839406441589,0.0,0.0,0.0,0.0,0.0,0.0,4.074418222153161,0.0,0.0,0.0,0.0,0.0,0.0,0.0,0.0,0.0,0.0
CHEMBL242454,0.0,0.6261774848828419,0.0,20.50510233298247,0.0,0.0,0.0342734315948605,3.285158730158731,0.0,0.0,0.0,0.0,0.0,0.0,4.037356488509087,0.0,1.9494160997732424,0.0,12.702114040060469,0.0,0.0,0.0,0.0,0.0,3.44373472537163
CHEMBL24279,0.0,1.446115835222978,0.0,12.354983413118337,-0.0100000000000002,0.0,0.182233560090703,3.067038349290334,0.0,0.0,0.0,0.0,0.0,0.0,3.972072950698492,0.0,0.0,9.439084614179311,12.215137944066516,0.0,0.0,0.0,0.0,0.0,0.0
CHEMBL2430098,0.0,0.7308333333333333,0.0,15.56252519526329,0.0,0.0,0.0,0.9529629629629628,2.0835468631897207,0.0,0.0,0.0,0.0,0.0,3.993557571176619,0.0,1.9838425925925929,0.0,0.0,0.0,5.692731481481482,0.0,0.0,0.0,0.0
CHEMBL2430196,0.0,0.0,0.0,10.057782580624842,0.0,0.0,0.0,1.4202385676492832,0.8590211640211642,0.0,0.0,0.0,0.0,0.0,4.355277777777777,0.0,1.878459939531368,19.07529565066768,0.0,0.0,0.0,0.0,0.0,0.0,0.0
CHEMBL2430197,1.9889634912479428,0.0,0.0,6.54658100277148,0.0,0.0,0.0,0.8336611604518362,0.81431925547997,0.0,0.0,0.0,0.0,0.0,4.364145880574452,0.0,1.8597996976568405,28.55335570649288,0.0,0.0,0.0,0.0,0.0,0.0,0.0
CHEMBL2430497,0.0,1.0693137200560248,0.0,26.05567288756586,0.0,0.0,0.0,2.994206647329284,1.234261186976386,0.0,0.0,2.630438903120685,0.0,0.0,8.205532349879132,0.0,1.5390434634342465,0.0,36.638620901032496,5.757038364814791,5.176734775776729,0.0,-3.6243606123445455,0.0,0.0
CHEMBL2430498,0.0,0.996072090836008,0.0,26.103397374297103,0.0,0.0,0.0,2.794738053756756,1.1175182842711626,0.0,0.0,2.627989353245963,0.0,0.0,8.201402100952706,0.0,1.5231998771730917,0.0,37.03997546134493,5.805215802456514,5.176734775776729,0.0,-3.633420848474664,0.0,0.0
CHEMBL2430499,3.136702500877841,0.7658402077758766,0.0,23.55781233212032,0.0,0.0,0.0,4.773096809126179,0.0,0.0,0.0,2.6400846629569643,0.0,0.0,8.338737390258755,0.0,1.6143098776054363,0.0,25.3845767173384,10.519065718140922,0.0,0.0,-3.646892882867359,0.0,0.0
CHEMBL2430501,3.0987232593686893,0.7880698488860614,0.0,19.0315158075269,0.0,0.0,0.0,3.779771617441592,0.0,0.0,0.0,2.6066405774859653,0.0,0.0,8.100013873048585,0.0,1.495456401769637,0.0,36.20596165653602,16.099001885021647,0.0,0.0,-3.7138049954469694,0.0,0.0
CHEMBL2430505,0.0,0.9831179383125352,0.0,27.92970351703364,0.0,0.0,0.0,3.775016275871411,0.0,0.0,0.0,2.646070506368403,0.0,0.0,8.325113599440991,0.0,1.6265514770723104,0.0,25.026865216811245,0.0,0.0,0.0,-3.562438530910528,0.0,0.0
CHEMBL2430506,0.0,1.2586294251123111,0.0,27.48480039165096,0.0,0.0,0.0,3.423185009273113,0.0,0.0,0.0,2.6403336829280333,0.0,0.0,8.200836546027032,0.0,1.5862274029982362,0.0,25.06360257720495,5.671095432086144,0.0,0.0,-3.5787104672807675,0.0,0.0
CHEMBL2430507,0.0,1.2259648404195018,0.0,32.040108226513226,0.0,0.0,0.0,3.437255222779036,2.1479812472341253,0.0,0.0,2.652955339640521,0.0,0.0,8.343229781098838,0.0,1.598238457420005,0.0,25.249920507976864,5.984382469123181,0.0,0.0,-3.596702758871959,0.0,0.0
CHEMBL2430508,0.0,1.2311934086367815,0.0,32.10425306870088,0.0,0.0,0.0,3.4112195762136626,2.264724149939349,0.0,0.0,2.651374420710074,0.0,0.0,8.313097659966537,0.0,1.595550962669018,0.0,25.22713842128114,5.879207676984104,0.0,0.0,-3.594426011768203,0.0,0.0
CHEMBL2430509,2.02051810169414,1.2568667749269644,0.0,25.822725420033954,0.0,0.0,0.0,4.600040796125674,0.0,0.0,0.0,2.6437682894095142,0.0,0.0,8.23250578471016,0.0,1.5903426293356848,0.0,25.10562804016791,5.726095432086144,0.0,0.0,-3.5818246018234734,0.0,0.0
CHEMBL2430510,0.0,1.1387185092212773,0.7705181016941389,24.58474472441009,0.0,0.0,0.0,3.719382359911681,0.0,0.0,0.0,2.628197355153459,0.0,0.0,8.15944793347049,0.0,1.5490203152860982,0.0,35.817558129518666,5.6546668606575725,0.0,0.0,-3.6055876226568073,0.0,0.0
CHEMBL2430511,0.0,1.02057024351559,0.0,23.34676402878624,0.0,0.0,0.0,2.8387239236976907,0.0,0.0,0.0,2.612626420897404,0.0,0.0,8.086390082230821,0.0,1.507698001236511,0.0,35.817558129518666,5.583238289229001,0.0,0.0,-3.629350643490141,0.0,0.0
CHEMBL2430512,1.9844440851151224,1.2584695729770123,0.0,25.819989780446416,0.0,0.0,0.0,4.525300005686721,0.0,0.0,0.0,2.6448570899239674,0.0,0.0,8.252931689640034,0.0,1.5930301240866718,0.0,25.118567758543755,5.801882469123182,0.0,0.0,-3.58280590887621,0.0,0.0
CHEMBL2431524,4.226705535609305,5.851644358360628,0.0,0.0,-0.0514183620979269,0.0,0.2138072798563879,0.0,0.0,-1.8550096450617288,0.0,0.0,0.0,0.0,0.0,0.0,0.0,21.661182773263626,24.36975472673637,0.0,0.0,0.0,0.0,0.0,0.0
CHEMBL2431525,4.58032892941127,7.690474589527169,0.0,0.0,1.726346765558074,0.0,1.0851867730116749,0.0,0.0,0.1121602576215674,0.0,0.0,0.0,0.0,0.0,0.0,0.0,20.75195123226441,11.88688478593917,0.0,0.0,0.0,0.0,0.0,0.0
CHEMBL2431526,4.627049345972957,8.117477665448895,0.0,0.0,1.1768530722474162,0.0,0.1175850602586718,0.0,0.0,0.2050151958931727,0.0,0.0,0.0,0.0,0.0,0.0,0.0,20.43060599857227,12.492080328273286,0.0,0.0,0.0,0.0,0.0,0.0
CHEMBL2431527,4.281162262744604,5.284525043041907,0.0,0.0,0.1611634700176353,0.0,0.7247606581212742,0.0,0.0,-0.4445527053413953,0.0,0.0,0.0,0.0,0.0,0.0,0.0,31.753696791599253,11.905911146483389,0.0,0.0,0.0,0.0,0.0,0.0
CHEMBL243755,0.0,0.4225210222978079,0.0,18.15832260257179,0.0,0.0,-0.2320228647014359,1.4445318405139844,0.0,0.0,0.0,0.0,0.0,0.0,3.966615747768345,0.0,1.8084722222222225,0.0,23.74254661123709,0.0,0.0,0.0,0.0,0.0,0.0
CHEMBL243756,0.0,0.4039350574302773,0.0,26.61227292411136,0.0,0.0,-0.2468268665490884,3.453027758126515,0.0,0.0,0.0,0.0,0.0,0.0,4.005112673567968,0.0,1.815920781893004,0.0,24.39189291251354,0.0,0.0,0.0,0.0,0.0,0.0
CHEMBL24387,9.322340456244229,7.097212669018224,2.025784123834719,0.0,3.042633692365834,0.0,2.3227355888343006,0.0,0.0,0.1423521746661629,0.0,0.0,0.0,0.0,0.0,0.0,0.0,0.0,24.7136079617032,0.0,0.0,0.0,0.0,0.0,0.0
CHEMBL24387,9.322340456244229,7.097212669018224,2.025784123834719,0.0,3.042633692365834,0.0,2.3227355888343006,0.0,0.0,0.1423521746661629,0.0,0.0,0.0,0.0,0.0,0.0,0.0,0.0,24.7136079617032,0.0,0.0,0.0,0.0,0.0,0.0
CHEMBL243960,0.0,0.6289804089042004,0.0,31.113455610367367,0.0,0.0,0.0419694297472079,4.666589629155918,0.0,0.0,0.0,0.0,0.0,0.0,4.067558661222289,0.0,1.9629115226337448,0.0,13.018534737969262,0.0,0.0,0.0,0.0,0.0,0.0
CHEMBL243961,0.0,0.7024454401336546,0.0,31.156592116141265,0.0,0.0,0.0389748152347364,4.735306496181594,0.0,0.0,0.0,0.0,0.0,0.0,4.0526936331156245,0.0,1.984368577550396,0.0,12.82961892164273,0.0,0.0,0.0,0.0,0.0,0.0
CHEMBL2440145,1.6485958842010429,-0.0157696365583268,0.0,17.67761018719803,0.0,0.0,0.0,3.5293571533551704,3.991955669741114,0.0,0.0,0.0,3.2044433193770314,0.0,4.838013510959939,0.0,0.0,9.7562432936265,0.0,5.202883951432833,0.0,0.0,0.0,0.0,0.0
CHEMBL24410,4.613348739187033,6.822329354581338,4.001282045225498,0.0,2.135492724867724,0.0,2.137787554064837,0.0,0.0,0.0670649486646512,0.0,0.0,0.0,0.0,0.0,0.0,0.0,0.0,24.4881497228521,0.0,0.0,0.0,0.0,0.0,0.0
CHEMBL24410,4.613348739187033,6.822329354581338,4.001282045225498,0.0,2.135492724867724,0.0,2.137787554064837,0.0,0.0,0.0670649486646512,0.0,0.0,0.0,0.0,0.0,0.0,0.0,0.0,24.4881497228521,0.0,0.0,0.0,0.0,0.0,0.0
CHEMBL2442753,2.135525216259343,0.9435380728278452,0.0,20.489789880266976,0.0,0.0,0.0,2.884191888175024,4.298212815990595,0.0,0.0,0.0,0.0,0.0,4.905408163265307,0.0,2.212562358276644,9.79743827160494,0.0,0.0,0.0,0.0,0.0,0.0,0.0
CHEMBL2442754,1.9484996220710509,0.0513784958427816,0.0,9.887719198790627,0.0,0.0,0.0,1.871157407407408,4.174434996220711,0.0,0.0,0.0,3.1661288265306125,0.0,4.553518518518518,0.0,0.0,9.347162934618291,0.0,0.0,0.0,0.0,0.0,0.0,0.0
CHEMBL2442755,2.132284711724196,0.938754360151366,0.0,20.46485814194824,0.0,0.0,0.0,2.8889403554631734,4.3176944759385245,0.0,0.0,0.0,0.0,0.0,4.818922430083144,0.0,2.209359882842026,9.895852308515998,0.0,0.0,0.0,0.0,0.0,0.0,0.0
CHEMBL2442756,0.0,0.77260227702192,0.0,26.52187823161353,0.0,0.0,0.0,3.3663780234315954,4.483013196019149,0.0,0.0,0.0,3.280747905643739,0.0,9.15389014518163,0.0,2.088156887755102,0.0,0.0,0.0,0.0,0.0,0.0,0.0,0.0
CHEMBL2442757,1.6757365756773988,0.7481192523305619,0.0,24.12567355554098,0.0,0.0,0.0,4.07334208747268,4.398564439792344,0.0,0.0,0.0,3.279288998389377,0.0,9.17377008128597,0.0,2.0772721140925507,0.0,0.0,5.2815662287514735,0.0,0.0,0.0,0.0,0.0
CHEMBL2442758,2.1685807718148986,1.7302807521462822,0.0,27.036237979759804,0.0,0.0,0.0,3.399234877593013,4.704821586041825,0.0,0.0,0.0,0.0,0.0,9.260306113772923,0.0,4.367204585537919,0.0,0.0,0.0,0.0,0.0,0.0,0.0,0.0
CHEMBL2442759,2.043985733182162,0.8152673847316705,0.0,16.09918341101873,0.0,0.0,0.0,2.314736394557824,4.581043766271941,0.0,0.0,0.0,3.2409745055429577,0.0,8.825911176198874,0.0,2.078897628495843,0.0,0.0,0.0,0.0,0.0,0.0,0.0,0.0
CHEMBL2442760,2.1734029649636613,1.732797570027909,0.0,26.9979902840766,0.0,0.0,0.0,3.403983344881163,4.781131267321744,0.0,0.0,0.0,0.0,0.0,9.188401878504692,0.0,4.388959356890904,0.0,0.0,0.0,0.0,0.0,0.0,0.0,0.0
CHEMBL2442761,1.6687921312329543,0.6370081412194507,0.0,21.612165424862937,0.0,0.0,0.0,3.952656146429596,4.294753498749261,0.0,0.0,0.0,3.2669433193770314,0.0,13.300440791428,0.0,1.8272721140925503,0.0,0.0,5.273301765941556,0.0,0.0,0.0,0.0,0.0
CHEMBL2442762,2.163402964963661,1.6093407799044523,0.0,24.45311248110356,0.0,0.0,0.0,3.293297403838079,4.665167548500882,0.0,0.0,0.0,0.0,0.0,13.359011131465136,0.0,4.123334356890904,0.0,0.0,0.0,0.0,0.0,0.0,0.0,0.0
CHEMBL2442763,1.6056069034847895,0.0,0.0,16.426029026956154,0.0,0.0,-0.9656968589905086,2.4480852912152526,3.1480658360298523,0.0,0.0,0.0,3.130729458832814,0.0,4.720235733182162,0.0,0.0,9.603465515848724,11.717652755176656,5.165826338264108,0.0,0.0,0.0,0.0,0.0
CHEMBL2442764,1.802944066515495,0.0,0.0,9.012531651549509,0.0,0.0,-0.9209391534391528,1.0131481481481486,3.3305451625094493,0.0,0.0,0.0,3.092414965986394,0.0,4.435740740740741,0.0,0.0,9.194385156840514,11.20589592781557,0.0,0.0,0.0,0.0,0.0,0.0
CHEMBL2442765,2.0679521499958007,0.8402171813909728,0.0,19.188661445677138,0.0,0.0,-0.933954081632652,1.8761162813890992,3.363527809271858,0.0,0.0,0.0,0.0,0.0,4.701144652305366,0.0,2.102689436885865,9.74307453073822,11.883903927311664,0.0,0.0,0.0,0.0,0.0,0.0
CHEMBL2442766,1.6162090611675748,0.0,5.187751375241454,11.17556022717729,0.0,0.0,0.6074258314436889,3.059480583900227,0.0,0.0,0.0,0.0,0.0,0.0,0.0,0.0,0.0,0.0,12.40122834782061,5.2359937694213485,0.0,0.0,0.0,0.0,0.0
CHEMBL2442767,1.809271594440245,0.3429750881834221,0.0,19.408850676072905,0.0,0.0,-0.3222529289493572,2.278836451247166,3.60114572835307,0.0,0.0,0.0,3.188596545099521,0.0,4.82123724489796,0.0,0.0,0.0,12.458742992567396,5.2459299414210125,0.0,0.0,0.0,0.0,0.0
CHEMBL2442768,3.431350031442023,0.3263072736746983,0.0,17.108021184930454,0.0,0.0,-0.3430116738053239,2.9181868257837777,3.5166969721262653,0.0,0.0,0.0,3.18713763784516,0.0,4.835917422524565,0.0,0.0,0.0,12.539180532954433,10.480213792523948,0.0,0.0,0.0,0.0,0.0
CHEMBL2442769,3.9310036603407816,1.2320357037443082,0.0,19.89173251380187,0.0,0.0,-0.3135599069874861,2.311693305408584,3.822954118375746,0.0,0.0,0.0,0.0,0.0,4.903312074829932,0.0,2.176271337238599,0.0,12.584456727135295,5.293433799445704,0.0,0.0,0.0,0.0,0.0
CHEMBL2442770,3.686655853699504,0.3691430461073324,0.0,9.486387314184933,0.0,0.0,-0.298253968253968,1.3858361678004538,3.699176298605863,0.0,0.0,0.0,3.1488231449987403,0.0,4.551422430083145,0.0,0.0,0.0,12.02742370559335,5.110052673847316,0.0,0.0,0.0,0.0,0.0
CHEMBL2442771,3.925775436717897,1.2168076323861867,0.0,19.885875007027607,0.0,0.0,-0.3112688964474679,2.316441772696733,3.780476505416983,0.0,0.0,0.0,0.0,0.0,4.81682634164777,0.0,2.1615223450491308,0.0,12.705431705089442,5.335445483749055,0.0,0.0,0.0,0.0,0.0
CHEMBL2442772,0.0,0.0087133881330312,0.0,20.006908042538,0.0,0.0,0.0,2.851335034013606,4.076404425967919,0.0,0.0,0.0,3.205902226631393,0.0,4.823333333333333,0.0,0.0,9.694070216049385,0.0,0.0,0.0,0.0,0.0,0.0,0.0
CHEMBL2443348,1.6325263500461913,0.8848011148904016,0.0,22.067639130300115,-0.0982634164777029,0.0,0.0,3.310665797954985,0.0,0.0,0.0,0.0,0.0,0.0,8.040369739621182,0.0,1.8330220143613,0.0,0.0,11.256026628243893,0.0,0.0,0.0,0.0,3.4898793077263046
CHEMBL2443349,1.633046109934638,0.8837834624590585,0.0,22.05481158927452,-0.0982634164777029,0.0,0.0,3.3204324268287566,0.0,0.0,0.0,0.0,0.0,0.0,8.04326504367179,0.0,1.8321569113756613,0.0,0.0,11.24713035136894,0.0,0.0,0.0,0.0,3.500304188231001
CHEMBL2443350,0.0,0.4886472505668935,0.0,19.01928087434852,-0.9578136810279684,0.0,0.0,1.3552599311329476,0.0,0.0,0.0,0.0,0.0,0.0,7.761606372857274,0.0,1.6849305555555556,10.739460506424791,0.0,0.0,0.0,13.075294856808654,0.0,0.0,0.0
CHEMBL2443351,0.0,0.5706785005668935,0.0,21.216104030148944,-0.7048374905517776,0.0,0.0,2.959791181132948,0.0,0.0,0.0,0.0,0.0,0.0,7.857494802609341,0.0,1.7497453703703705,10.846603363567649,0.0,0.0,0.0,0.0,0.0,0.0,3.4210869088222986
CHEMBL2443352,0.0,0.5671560846560847,0.0,21.187379852691,-0.7048374905517774,0.0,0.0,2.981985058683968,0.0,0.0,0.0,0.0,0.0,0.0,7.860390106659949,0.0,1.7488802673847317,10.82860154478458,0.0,0.0,0.0,0.0,0.0,0.0,3.447111242358131
CHEMBL2443353,1.3690895061728394,0.4715639172335601,0.0,19.0929107244367,-0.7620729402872275,0.0,-0.3945866402116393,1.386116412614429,0.0,0.0,0.0,0.0,0.0,0.0,7.8462034061150225,0.0,1.6921489984882845,0.0,11.701554390274628,5.618712207105064,0.0,13.311693351391677,0.0,0.0,0.0
CHEMBL2443354,1.433904320987654,0.5535951672335602,0.0,21.28973388023713,-0.509096749811037,0.0,-0.3125553902116402,2.990647662614429,0.0,0.0,0.0,0.0,0.0,0.0,7.942091835867089,0.0,1.756963813303099,0.0,11.766369205089443,5.725855064247922,0.0,0.0,0.0,0.0,3.445824523775688
CHEMBL2443355,1.4345704732510287,0.5500727513227514,0.0,21.26463152187719,-0.5090967498110368,0.0,-0.3105971802301168,3.013000322814312,0.0,0.0,0.0,0.0,0.0,0.0,7.944987139917695,0.0,1.7560987103174603,0.0,11.755306962291089,5.719811153628118,0.0,0.0,0.0,0.0,3.4645482279548387
CHEMBL2443356,1.5800263500461913,0.7207386148904015,0.0,19.870815974499685,-0.3512396069538936,0.0,0.0,1.7061345479549848,0.0,0.0,0.0,0.0,0.0,0.0,7.944481309869117,0.0,1.7682071995464852,0.0,0.0,11.084068956286218,0.0,13.343433320527476,0.0,0.0,0.0
CHEMBL2443357,1.6325263500461913,0.8848011148904016,0.0,22.067639130300115,-0.0982634164777029,0.0,0.0,3.310665797954985,0.0,0.0,0.0,0.0,0.0,0.0,8.040369739621182,0.0,1.8330220143613,0.0,0.0,11.256026628243893,0.0,0.0,0.0,0.0,3.4898793077263046
CHEMBL2443358,1.633046109934638,0.8837834624590585,0.0,22.05481158927452,-0.0982634164777029,0.0,0.0,3.3204324268287566,0.0,0.0,0.0,0.0,0.0,0.0,8.04326504367179,0.0,1.8321569113756613,0.0,0.0,11.24713035136894,0.0,0.0,0.0,0.0,3.500304188231001
CHEMBL2443359,0.0,0.4886472505668935,0.0,19.01928087434852,-0.9578136810279684,0.0,0.0,1.3552599311329476,0.0,0.0,0.0,0.0,0.0,0.0,7.761606372857274,0.0,1.6849305555555556,10.739460506424791,0.0,0.0,0.0,13.075294856808654,0.0,0.0,0.0
CHEMBL2443360,0.0,0.5706785005668935,0.0,21.216104030148944,-0.7048374905517776,0.0,0.0,2.959791181132948,0.0,0.0,0.0,0.0,0.0,0.0,7.857494802609341,0.0,1.7497453703703705,10.846603363567649,0.0,0.0,0.0,0.0,0.0,0.0,3.4210869088222986
CHEMBL2443361,0.0,0.5671560846560847,0.0,21.187379852691,-0.7048374905517774,0.0,0.0,2.981985058683968,0.0,0.0,0.0,0.0,0.0,0.0,7.860390106659949,0.0,1.7488802673847317,10.82860154478458,0.0,0.0,0.0,0.0,0.0,0.0,3.447111242358131
CHEMBL2443362,1.3690895061728394,0.4715639172335601,0.0,19.0929107244367,-0.7620729402872275,0.0,-0.3945866402116393,1.386116412614429,0.0,0.0,0.0,0.0,0.0,0.0,7.8462034061150225,0.0,1.6921489984882845,0.0,11.701554390274628,5.618712207105064,0.0,13.311693351391677,0.0,0.0,0.0
CHEMBL2443363,1.433904320987654,0.5535951672335602,0.0,21.28973388023713,-0.509096749811037,0.0,-0.3125553902116402,2.990647662614429,0.0,0.0,0.0,0.0,0.0,0.0,7.942091835867089,0.0,1.756963813303099,0.0,11.766369205089443,5.725855064247922,0.0,0.0,0.0,0.0,3.445824523775688
CHEMBL2443364,1.4345704732510287,0.5500727513227514,0.0,21.26463152187719,-0.5090967498110368,0.0,-0.3105971802301168,3.013000322814312,0.0,0.0,0.0,0.0,0.0,0.0,7.944987139917695,0.0,1.7560987103174603,0.0,11.755306962291089,5.719811153628118,0.0,0.0,0.0,0.0,3.4645482279548387
CHEMBL2443365,1.5800263500461913,0.7207386148904015,0.0,19.870815974499685,-0.3512396069538936,0.0,0.0,1.7061345479549848,0.0,0.0,0.0,0.0,0.0,0.0,7.944481309869117,0.0,1.7682071995464852,0.0,0.0,11.084068956286218,0.0,13.343433320527476,0.0,0.0,0.0
CHEMBL244795,0.0,0.6475663737717308,0.0,22.451212026860023,0.0,0.0,0.0567734315948604,2.455864984882843,0.0,0.0,0.0,0.0,0.0,0.0,4.029061735422666,0.0,1.955462962962963,0.0,12.57072515117158,0.0,0.0,0.0,0.0,0.0,0.0
CHEMBL24580,4.67688757138658,6.823264649995801,2.0049507905013857,10.7683219078367,2.0993173658352218,0.0,2.1992590099311338,1.346967592592593,0.0,0.0225900336986641,0.0,0.0,0.0,0.0,0.0,0.0,0.0,0.0,25.058441078221925,0.0,0.0,0.0,0.0,0.0,0.0
CHEMBL24580,4.67688757138658,6.823264649995801,2.0049507905013857,10.7683219078367,2.0993173658352218,0.0,2.1992590099311338,1.346967592592593,0.0,0.0225900336986641,0.0,0.0,0.0,0.0,0.0,0.0,0.0,0.0,25.058441078221925,0.0,0.0,0.0,0.0,0.0,0.0
CHEMBL24593,0.0,3.647016250944822,0.0,16.85306941295036,0.7775925925925924,0.0,0.0,4.496220710506425,0.0,0.0,0.0,0.0,0.0,0.0,4.059434366339128,0.0,0.0,0.0,0.0,0.0,0.0,0.0,0.0,0.0,0.0
CHEMBL24897,4.701423191190056,7.955526138307072,2.028700790501386,10.753797240576416,2.264899166456705,0.0,2.26697371322394,1.3687888426975732,0.0,0.0592943751574703,0.0,0.0,0.0,0.0,0.0,0.0,0.0,0.0,25.10059654188938,0.0,0.0,0.0,0.0,0.0,0.0
CHEMBL24897,4.701423191190056,7.955526138307072,2.028700790501386,10.753797240576416,2.264899166456705,0.0,2.26697371322394,1.3687888426975732,0.0,0.0592943751574703,0.0,0.0,0.0,0.0,0.0,0.0,0.0,0.0,25.10059654188938,0.0,0.0,0.0,0.0,0.0,0.0
CHEMBL24946,6.987480412287861,10.890712146741413,2.049256346056941,0.0,2.558788265306122,0.0,2.376726072373395,0.0,0.0,0.1674000062988161,0.0,0.0,0.0,0.0,0.0,0.0,0.0,0.0,24.802970084268782,0.0,0.0,0.0,0.0,0.0,0.0
CHEMBL24946,6.987480412287861,10.890712146741413,2.049256346056941,0.0,2.558788265306122,0.0,2.376726072373395,0.0,0.0,0.1674000062988161,0.0,0.0,0.0,0.0,0.0,0.0,0.0,0.0,24.802970084268782,0.0,0.0,0.0,0.0,0.0,0.0
CHEMBL25059,6.957947347148735,8.276942213613841,2.015367457168052,0.0,2.5384093915343904,0.0,2.3294499690308235,0.0,0.0,0.1726120008188461,0.0,0.0,0.0,0.0,0.0,0.0,0.0,0.0,24.542604954018643,0.0,0.0,0.0,0.0,0.0,0.0
CHEMBL25059,6.957947347148735,8.276942213613841,2.015367457168052,0.0,2.5384093915343904,0.0,2.3294499690308235,0.0,0.0,0.1726120008188461,0.0,0.0,0.0,0.0,0.0,0.0,0.0,0.0,24.542604954018643,0.0,0.0,0.0,0.0,0.0,0.0
CHEMBL252642,0.0,0.2525302343159485,0.0,11.046892125664671,-0.3866666666666669,0.0,-0.0145138888888887,1.9482711850172183,0.0,0.0,0.0,0.0,0.0,0.0,0.0,0.0,0.0,18.70373675860508,12.036465104560342,5.746618480725624,0.0,0.0,0.0,0.0,0.0
CHEMBL253467,3.840260523707493,0.3499964399977928,4.821748605004863,9.223384568040052,0.0,0.0,0.6914635671634233,1.138648702070871,0.0,0.0,0.0,0.0,0.0,0.0,0.0,0.0,0.0,29.45364599411629,12.314184933232552,0.0,0.0,0.0,0.0,0.0,0.0
CHEMBL253570,0.0,0.0,0.0,4.116688201502416,0.0,0.0,0.0,-4.39889350802049,-1.0440601116990005,0.0,0.0,0.0,0.0,0.0,0.0,0.0,0.0,57.78175893043678,12.18398541824137,0.0,5.234025888133031,0.0,0.0,0.0,0.0
CHEMBL254328,5.028289976484421,8.149998073482019,5.049208186360964,8.235661759383003,2.250815408413417,0.0,3.118137038893713,1.3286953640628787,0.0,0.6395004645376667,0.0,0.0,0.0,0.0,4.377504950837972,0.0,0.0,10.155522110877277,0.0,0.0,0.0,0.0,0.0,0.0,0.0
CHEMBL25473,9.322340456244229,7.097212669018224,2.025784123834719,0.0,3.042633692365834,0.0,2.3227355888343006,0.0,0.0,0.1423521746661629,0.0,0.0,0.0,0.0,0.0,0.0,0.0,0.0,24.7136079617032,0.0,0.0,0.0,0.0,0.0,0.0
CHEMBL25473,9.322340456244229,7.097212669018224,2.025784123834719,0.0,3.042633692365834,0.0,2.3227355888343006,0.0,0.0,0.1423521746661629,0.0,0.0,0.0,0.0,0.0,0.0,0.0,0.0,24.7136079617032,0.0,0.0,0.0,0.0,0.0,0.0
CHEMBL255108,0.0,0.3167068216175357,0.0,18.908642437032626,-0.3115287226001515,2.0979496777539706,0.0892247994876964,2.8194211312343542,2.010392081330033,0.0,0.0,0.0,0.0,8.894057845572512,0.0,0.0,0.0,0.0,12.50369567271353,6.171438255857899,0.0,0.0,0.0,0.0,0.0
CHEMBL255110,0.0,0.2234410430839002,0.0,11.101432140757536,-0.4362037037037038,0.0,-0.0327843915343912,1.7912060132695065,0.0,0.0,0.0,0.0,0.0,0.0,0.0,0.0,0.0,18.912634899638867,12.0413388133031,5.732268518518518,0.0,0.0,0.0,0.0,0.0
CHEMBL25523,4.701423191190056,7.955526138307072,2.028700790501386,10.753797240576416,2.264899166456705,0.0,2.26697371322394,1.3687888426975732,0.0,0.0592943751574703,0.0,0.0,0.0,0.0,0.0,0.0,0.0,0.0,25.10059654188938,0.0,0.0,0.0,0.0,0.0,0.0
CHEMBL25523,4.701423191190056,7.955526138307072,2.028700790501386,10.753797240576416,2.264899166456705,0.0,2.26697371322394,1.3687888426975732,0.0,0.0592943751574703,0.0,0.0,0.0,0.0,0.0,0.0,0.0,0.0,25.10059654188938,0.0,0.0,0.0,0.0,0.0,0.0
CHEMBL25588,6.963916105022255,7.0964577559418816,1.984117457168052,0.0,2.4799371693121683,0.0,2.278991257768541,0.0,0.0,0.1727792343789369,0.0,0.0,0.0,0.0,0.0,0.0,0.0,0.0,24.357134353741493,0.0,0.0,0.0,0.0,0.0,0.0
CHEMBL25588,6.963916105022255,7.0964577559418816,1.984117457168052,0.0,2.4799371693121683,0.0,2.278991257768541,0.0,0.0,0.1727792343789369,0.0,0.0,0.0,0.0,0.0,0.0,0.0,0.0,24.357134353741493,0.0,0.0,0.0,0.0,0.0,0.0
CHEMBL256407,1.5685424416552662,0.2666489512471655,0.0,11.947226893843958,-0.3803647014361304,0.0,0.0298573318216177,2.6861693226673395,0.0,0.0,0.0,0.0,0.0,0.0,0.0,0.0,0.0,9.526559257975205,12.170484221466364,11.01820961409255,0.0,0.0,0.0,0.0,0.0
CHEMBL256665,0.0,0.3155907501889647,0.0,18.505399919061084,-0.3135128495842783,0.0,0.0880352418745276,2.40520688226316,2.011328210296465,0.0,0.0,0.0,0.0,0.0,0.0,0.0,0.0,9.39839386530043,12.45048579617032,6.139072184429328,0.0,0.0,0.0,0.0,0.0
CHEMBL25695,6.971274237318385,9.556824032081968,2.035367457168052,0.0,2.5543466553287977,0.0,2.358150077160495,0.0,0.0,0.1702639991181658,0.0,0.0,0.0,0.0,0.0,0.0,0.0,0.0,24.68710687515747,0.0,0.0,0.0,0.0,0.0,0.0
CHEMBL25695,6.971274237318385,9.556824032081968,2.035367457168052,0.0,2.5543466553287977,0.0,2.358150077160495,0.0,0.0,0.1702639991181658,0.0,0.0,0.0,0.0,0.0,0.0,0.0,0.0,24.68710687515747,0.0,0.0,0.0,0.0,0.0,0.0
CHEMBL25700,4.539741879776602,6.501946701520113,1.8728674571680524,0.0,1.7325760582010572,2.980098970143613,1.946125139098851,0.0,0.0,-0.0384821034895437,0.0,0.0,0.0,0.0,0.0,0.0,0.0,0.0,24.433694491685564,0.0,0.0,0.0,0.0,0.0,0.0
CHEMBL25700,4.539741879776602,6.501946701520113,1.8728674571680524,0.0,1.7325760582010572,2.980098970143613,1.946125139098851,0.0,0.0,-0.0384821034895437,0.0,0.0,0.0,0.0,0.0,0.0,0.0,0.0,24.433694491685564,0.0,0.0,0.0,0.0,0.0,0.0
CHEMBL25735,2.13924304674936,4.968467393130092,0.0,7.466798469387754,0.0,0.0,-0.3276055314100943,1.6505141145964564,0.0,-0.5726388888888889,5.723047071458417,2.5010955215419504,0.0,0.0,0.0,0.0,0.0,0.0,23.86774547010162,0.0,0.0,0.0,0.0,0.0,0.0
CHEMBL258257,0.0,0.2918870464852607,0.0,18.913984753004865,-0.352679516250945,2.125953192814214,0.0734849773242631,2.709581784874445,1.9907068058704969,0.0,0.0,0.0,0.0,9.0537642356708,0.0,0.0,0.0,0.0,12.52239268392542,6.17092403628118,0.0,0.0,0.0,0.0,0.0
CHEMBL260098,0.0,0.1223162676201998,0.0,16.507403838181546,0.0,0.0,-0.6590918157386414,0.3774068282298383,0.0,0.0,0.0,2.562627393550013,0.0,0.0,0.0,0.0,0.0,0.0,34.71696490257922,5.683348975392627,0.0,0.0,0.0,5.770625851941526,0.0
CHEMBL260553,7.539308118074559,0.4560242731288004,3.64075987621352,2.43694756760729,0.0,0.0,1.973793940800025,-0.915298961667106,0.0675541173259433,0.0,0.0,0.0,0.0,0.0,0.0,0.0,0.0,41.47057951459911,13.309000062988158,0.0,5.725353599773243,0.0,0.0,0.0,0.0
CHEMBL26065,0.0,0.574295162509448,1.8760525321239607,12.004150079785,0.0,0.0,0.7950113378684811,2.741205015957001,0.0,0.0,0.0,0.0,0.0,0.0,3.9428136914392327,0.0,0.0,9.4196212732874,12.146850907029478,0.0,0.0,0.0,0.0,0.0,0.0
CHEMBL26093,2.2353871934576297,8.847227156294617,1.9672656053162003,0.0,2.2097137188208604,0.0,2.2172929395523653,0.0,0.0,0.0716893817712269,0.0,0.0,0.0,0.0,0.0,0.0,0.0,0.0,24.453772203325773,5.830985134794659,0.0,0.0,0.0,0.0,0.0
CHEMBL260955,0.0,5.351707369697782,0.0,13.821651208569255,0.0008474904858379,0.0,-0.0387831737633321,1.6681549100483988,0.0,0.0,0.0,2.8961251259763165,0.0,0.0,0.0,0.0,0.0,0.0,23.583119363167164,5.783083270345175,0.0,0.0,0.0,0.0,0.0
CHEMBL26207,0.0,4.8561730932084775,0.0,12.549759595196104,1.5858939944290464,0.0,0.0,2.3634044049718663,0.0,-1.0221373456790124,0.0,0.0,0.0,0.0,8.260299001287757,0.0,0.0,11.743595049130764,0.0,0.0,0.0,0.0,0.0,6.024123318566109,0.0
CHEMBL26208,0.0,0.0,0.0,19.75164686039025,0.0,0.0,0.0,3.860239564961789,0.0,-0.9063117283950616,0.0,0.0,0.0,0.0,8.17844191791943,0.0,0.0,0.0,0.0,0.0,0.0,0.0,0.0,19.032650051790263,0.0
CHEMBL262723,4.476895549886621,5.906569113756613,6.2815619619761485,0.0,0.8251445578231291,0.0,1.944255663685228,0.0,0.0,-0.066140518707483,0.0,0.0,0.0,0.0,0.0,0.0,0.0,0.0,25.131713671579742,0.0,0.0,0.0,0.0,0.0,0.0
CHEMBL262723,4.476895549886621,5.906569113756613,6.2815619619761485,0.0,0.8251445578231291,0.0,1.944255663685228,0.0,0.0,-0.066140518707483,0.0,0.0,0.0,0.0,0.0,0.0,0.0,0.0,25.131713671579742,0.0,0.0,0.0,0.0,0.0,0.0
CHEMBL26279,1.6457849636768287,1.5754348544973544,0.0,13.178517363735615,0.0458390022675734,0.0,0.2448752834467122,3.923605993323256,0.0,0.0,0.0,0.0,0.0,0.0,3.9996785521677296,0.0,0.0,0.0,12.34428335222978,5.208647301321815,0.0,0.0,0.0,0.0,0.0
CHEMBL264401,0.0,0.0,0.0,20.170429894179893,0.0,0.0,0.0,3.941683673469389,0.0,0.0,0.0,0.0,0.0,0.0,8.951519274376416,0.0,0.0,0.0,0.0,0.0,0.0,0.0,0.0,0.0,0.0
CHEMBL264724,1.5882795081735377,0.664929295792391,1.7869146825396824,14.832415863524268,0.0,0.0,0.0,2.7039648158646186,1.0770365646258504,0.0,0.0,0.0,0.0,0.0,0.0,0.0,0.0,0.0,12.972524092970522,5.2130332682889495,6.007927059712774,0.0,0.0,0.0,0.0
CHEMBL264924,17.50355477420309,20.512619113042227,2.7000550933459007,0.0,2.551510869762201,0.0,2.021415641453972,0.0,0.0,0.3490186104064259,5.714155765327577,3.5434041848195403,0.0,0.0,0.0,5.122329251163357,0.0,11.074206324945289,14.49106370486376,0.0,0.0,0.0,0.0,0.0,0.0
CHEMBL26543,0.0,1.2809221466364322,0.0,7.337394179894179,0.0094935752078608,0.0,-0.2851005186025022,1.644692092886538,0.0,-0.4798842592592591,5.614195614974385,2.423615599017385,0.0,0.0,0.0,0.0,0.0,0.0,23.20467156924498,0.0,0.0,0.0,0.0,0.0,0.0
CHEMBL266297,4.619567470251543,7.482578916002401,4.292265559766912,8.182351676335262,1.47592351137986,0.0,3.4740812783446726,2.0922279004832225,0.0,-0.0696821137966972,5.857178376913989,0.0,0.0,0.0,0.0,0.0,0.0,0.0,25.09350742431884,0.0,0.0,0.0,0.0,0.0,0.0
CHEMBL266350,6.902620397214033,11.618257702427975,6.029669548374905,0.0,2.334904651675485,0.0,2.1140296712183,0.0,0.0,-0.0427354550061529,0.0,0.0,0.0,0.0,0.0,0.0,0.0,0.0,24.876586817428787,0.0,0.0,0.0,0.0,0.0,0.0
CHEMBL266350,6.902620397214033,11.618257702427975,6.029669548374905,0.0,2.334904651675485,0.0,2.1140296712183,0.0,0.0,-0.0427354550061529,0.0,0.0,0.0,0.0,0.0,0.0,0.0,0.0,24.876586817428787,0.0,0.0,0.0,0.0,0.0,0.0
CHEMBL26651,2.112064975530902,4.27327500855459,0.0,7.375037163013353,-0.1386564625850344,0.0,0.010465325018897,1.6175610104515232,0.0,-0.5724226426681784,5.690078305979489,0.0,0.0,0.0,0.0,1.4724045729402873,0.0,0.0,24.91019274376417,0.0,0.0,0.0,0.0,0.0,0.0
CHEMBL26651,2.112064975530902,4.27327500855459,0.0,7.375037163013353,-0.1386564625850344,0.0,0.010465325018897,1.6175610104515232,0.0,-0.5724226426681784,5.690078305979489,0.0,0.0,0.0,0.0,1.4724045729402873,0.0,0.0,24.91019274376417,0.0,0.0,0.0,0.0,0.0,0.0
CHEMBL266532,6.902620397214033,11.618257702427975,6.029669548374905,0.0,2.334904651675485,0.0,2.1140296712183,0.0,0.0,-0.0427354550061529,0.0,0.0,0.0,0.0,0.0,0.0,0.0,0.0,24.876586817428787,0.0,0.0,0.0,0.0,0.0,0.0
CHEMBL266532,6.902620397214033,11.618257702427975,6.029669548374905,0.0,2.334904651675485,0.0,2.1140296712183,0.0,0.0,-0.0427354550061529,0.0,0.0,0.0,0.0,0.0,0.0,0.0,0.0,24.876586817428787,0.0,0.0,0.0,0.0,0.0,0.0
CHEMBL266788,4.601751516964811,5.484749359620391,4.2344840482489285,10.642214847358698,1.389066987906273,0.0,3.3346147355547173,1.2611772486772488,0.0,-0.0824151628243889,0.0,0.0,0.0,0.0,0.0,0.0,0.0,0.0,24.96768975182665,0.0,0.0,0.0,0.0,0.0,0.0
CHEMBL267433,4.624616218400941,6.4899974034736845,4.289761826026707,10.674237718784076,1.490750661375661,0.0,3.474408186885867,1.3291102135298567,0.0,-0.0508526628243888,0.0,0.0,0.0,0.0,0.0,0.0,0.0,0.0,25.01130376768093,0.0,0.0,0.0,0.0,0.0,0.0
CHEMBL267476,2.234735619162932,13.203084467241403,9.078265878975657,0.0,0.0,0.0,-0.670664658018173,0.0,0.0,0.0,0.0,0.0,0.0,0.0,0.0,0.0,0.0,8.502679946584802,10.318565412720048,0.0,0.0,0.0,0.0,0.0,0.0
CHEMBL267508,1.5930789664649554,0.0,1.8698929988662127,22.16272225709996,-0.4754894179894182,0.0,0.555217781557068,3.56737268106406,0.0,0.0,0.0,0.0,0.0,0.0,4.030397875539574,0.0,0.0,0.0,13.19973072562358,11.497076131774003,0.0,0.0,0.0,0.0,0.0
CHEMBL267668,6.886863758110376,10.23826542053792,6.010684208868733,0.0,2.3360268119593512,0.0,2.1043770001559965,0.0,0.0,-0.0400903486394557,0.0,0.0,0.0,0.0,0.0,0.0,0.0,0.0,24.79720648234041,0.0,0.0,0.0,0.0,0.0,0.0
CHEMBL267668,6.886863758110376,10.23826542053792,6.010684208868733,0.0,2.3360268119593512,0.0,2.1043770001559965,0.0,0.0,-0.0400903486394557,0.0,0.0,0.0,0.0,0.0,0.0,0.0,0.0,24.79720648234041,0.0,0.0,0.0,0.0,0.0,0.0
CHEMBL268209,6.916155492332578,13.01878096881073,6.0449746192860365,0.0,2.33317895573442,0.0,2.121471959578664,0.0,0.0,-0.0451387174283548,0.0,0.0,0.0,0.0,0.0,0.0,0.0,0.0,24.943910055019256,0.0,0.0,0.0,0.0,0.0,0.0
CHEMBL268209,6.916155492332578,13.01878096881073,6.0449746192860365,0.0,2.33317895573442,0.0,2.121471959578664,0.0,0.0,-0.0451387174283548,0.0,0.0,0.0,0.0,0.0,0.0,0.0,0.0,24.943910055019256,0.0,0.0,0.0,0.0,0.0,0.0
CHEMBL268918,6.916155492332578,13.01878096881073,6.0449746192860365,0.0,2.33317895573442,0.0,2.121471959578664,0.0,0.0,-0.0451387174283548,0.0,0.0,0.0,0.0,0.0,0.0,0.0,0.0,24.943910055019256,0.0,0.0,0.0,0.0,0.0,0.0
CHEMBL268918,6.916155492332578,13.01878096881073,6.0449746192860365,0.0,2.33317895573442,0.0,2.121471959578664,0.0,0.0,-0.0451387174283548,0.0,0.0,0.0,0.0,0.0,0.0,0.0,0.0,24.943910055019256,0.0,0.0,0.0,0.0,0.0,0.0
CHEMBL269590,4.641835606156043,7.671403778517324,4.324944176744772,10.705507235569463,1.548739869404551,0.0,3.549852763119584,1.3685693027210886,0.0,-0.0308942350088181,0.0,0.0,0.0,0.0,0.0,0.0,0.0,0.0,25.053374836109324,0.0,0.0,0.0,0.0,0.0,0.0
CHEMBL269761,5.728801020408163,1.1991435185185186,0.0,7.080171957671958,0.0,0.0,-0.3831887755102034,0.9287731481481484,0.0,-1.1591865079365078,0.0,2.5116014739229024,0.0,0.0,3.9833204207608968,0.0,0.0,0.0,24.11056374401613,0.0,0.0,0.0,0.0,0.0,0.0
CHEMBL269877,0.0,0.2230681041674906,0.0,26.78544222922997,0.0,0.0,-0.3202155244813973,1.8986312720525045,1.9913610661760777,0.0,0.0,2.807401344797178,0.0,0.0,0.0,0.0,0.0,0.0,23.972003299694634,5.801856780718614,0.0,0.0,0.0,0.0,0.0
CHEMBL270215,19.107521131381933,20.29957233656576,2.6932328196833493,0.0,2.616525124132724,0.0,1.8535291384987564,0.0,0.0,0.2090152312582505,5.72075008649786,3.5446710071303187,0.0,0.0,0.0,5.114833440652713,0.0,0.0,26.62339567273304,5.966954011465306,0.0,0.0,0.0,0.0,0.0
CHEMBL270283,2.5940129480551906,0.2574566018782218,0.0,27.82750837824285,0.0,0.0,-0.2648332595651768,2.704575510703238,2.028677654064629,0.0,0.0,2.879476725875535,0.0,0.0,0.0,1.155020504988037,0.0,0.0,37.09543353698194,5.9676959352509495,0.0,0.0,-3.495024536475429,0.0,0.0
CHEMBL270301,0.0,0.1405623649572065,0.0,18.223791371730343,0.0,0.0,-0.6045239145040731,0.8284354628212525,0.0,0.0,0.0,2.586247952884857,0.0,0.0,0.0,0.0,0.0,0.0,34.492951006422466,5.685344860166289,0.0,0.0,0.0,0.0,0.0
CHEMBL270488,0.0,0.2188995277779408,0.0,30.70634168686252,0.0,0.0,-0.3305316200554291,3.9304368672175873,0.0,0.0,0.0,2.801935941043084,0.0,0.0,0.0,0.0,0.0,0.0,24.000520215496195,5.808569029393276,0.0,0.0,0.0,0.0,0.0
CHEMBL270915,2.460558185479549,0.1728380212660514,0.0,17.50085796311828,0.0,0.0,-0.6037095508224206,1.2617920953533617,0.0,0.0,0.0,2.6347027746283698,0.0,0.0,0.0,1.0709155667164325,0.0,0.0,47.8450548286681,5.869584135434604,0.0,0.0,-3.5675709613570183,5.802345549356448,0.0
CHEMBL270917,2.6320088427400905,5.484791401872448,0.0,14.717109152680909,0.037784124962606,0.0,0.0165990911528886,2.410840558318012,0.0,0.0,0.0,2.9682005070546738,0.0,0.0,0.0,1.1806185944687029,0.0,0.0,36.63394172850276,5.94981072058453,0.0,0.0,-3.44837138900428,0.0,0.0
CHEMBL271129,2.543597915726239,0.2317797108895591,0.0,18.78164118426768,0.0,0.0,-0.3918576989705686,2.965705859227352,0.0,0.0,0.0,2.759734268707483,0.0,0.0,0.0,1.122912811895496,0.0,0.0,36.67155147895383,5.906324263992914,0.0,0.0,-3.5102393447305302,11.891071772262771,0.0
CHEMBL271794,2.5926163791636165,0.2537596940666786,0.0,31.765448260488064,0.0,0.0,-0.2751493551392086,4.766507592294446,0.0,0.0,0.0,2.8740113221214414,0.0,0.0,0.0,1.154001986469519,0.0,0.0,37.14530625533229,5.974760042816361,0.0,0.0,-3.5012621776132087,0.0,0.0
CHEMBL272339,0.0,1.1507738095238094,0.0,21.801472940773085,0.0,0.0,0.0,2.863723424810185,0.0,0.0,0.0,0.0,0.0,0.0,8.22580467372134,0.0,1.8184722222222225,0.0,0.0,5.639752928949358,0.0,0.0,0.0,0.0,0.0
CHEMBL272398,2.625562641723356,0.3421579743008314,0.0,14.53927895151786,0.0,0.0,0.0,2.408338004955069,0.0,0.0,5.757687704711515,0.0,0.0,0.0,0.0,1.1733796296296295,0.0,0.0,23.36437396798328,5.734212962962962,0.0,0.0,-3.361658504451164,0.0,0.0
CHEMBL272456,3.981015054169816,0.2866732804232803,0.0,14.381670522956146,0.0,0.0,-0.2146046125508154,2.270521069538928,0.0,0.0,0.0,2.6613486552028216,0.0,0.0,0.0,1.1437240173847316,0.0,0.0,34.86657182632516,5.804322562358276,0.0,0.0,-3.431242375808346,0.0,0.0
CHEMBL272464,1.856827374167604,0.1401457668313728,0.0,19.344578213024803,0.0,0.0,0.0,1.8797877510809733,0.0,0.0,0.0,2.449662540942303,0.0,0.0,0.0,0.0,0.0,0.0,36.40386839503662,5.683511012429664,0.0,0.0,-3.868492640883511,0.0,0.0
CHEMBL273049,0.0,0.1921142474181794,0.0,17.797322234455,0.0,0.0,-0.4472399638867894,2.1075891550887524,0.0,0.0,0.0,2.6876588876291256,0.0,0.0,0.0,0.0,0.0,0.0,23.60786332938479,5.727285875255452,0.0,0.0,0.0,11.823533000773237,0.0
CHEMBL27386,0.0,0.6404610733182161,0.0,7.172723922902494,-0.1586810279667425,0.0,-0.3063921957671951,1.557529289493576,0.0,-0.5785879629629629,5.576545020786092,2.361115599017385,0.0,0.0,0.0,0.0,0.0,0.0,22.98528628117914,0.0,0.0,0.0,0.0,0.0,0.0
CHEMBL274318,0.0,0.417685185185185,0.0,17.288543083900223,-0.154074074074074,0.0,0.1534287603930462,2.437627078609222,0.0,0.0,0.0,0.0,0.0,0.0,0.0,0.0,0.0,0.0,11.989243669690095,5.867546296296297,0.0,0.0,0.0,0.0,0.0
CHEMBL274387,4.47190980095742,0.0,0.0,3.6995138888888888,-0.2295238095238092,0.0,0.0,0.1445611300075593,0.0,0.0,0.0,2.245863567649282,0.0,0.0,0.0,0.0,0.0,0.0,32.960650470836484,5.350648148148148,0.0,0.0,-3.4684214380196523,0.0,0.0
CHEMBL27467,0.0,6.779193883233836,0.0,7.6197732426303855,0.1686910010917945,0.0,0.1165661480641644,1.7321799583393207,0.0,-0.4685279667422524,5.763613350834671,0.0,0.0,0.0,0.0,1.6321267951625094,0.0,0.0,25.739716920718905,0.0,0.0,0.0,0.0,0.0,0.0
CHEMBL274826,4.6417052206685145,8.240222873099857,1.9655989386495336,0.0,2.0276667611489034,0.0,2.2794513862643835,0.0,0.0,0.2153023825270852,0.0,0.0,0.0,0.0,0.0,0.0,0.0,0.0,24.130052437641726,0.0,0.0,0.0,0.0,0.0,0.0
CHEMBL274826,4.6417052206685145,8.240222873099857,1.9655989386495336,0.0,2.0276667611489034,0.0,2.2794513862643835,0.0,0.0,0.2153023825270852,0.0,0.0,0.0,0.0,0.0,0.0,0.0,0.0,24.130052437641726,0.0,0.0,0.0,0.0,0.0,0.0
CHEMBL274878,6.825205078945158,5.187940339716133,5.845357457797934,0.0,2.256742724867724,0.0,1.9936135650247768,0.0,0.0,-0.0318692916981606,0.0,0.0,0.0,0.0,0.0,0.0,0.0,0.0,24.256343458679765,0.0,0.0,0.0,0.0,0.0,0.0
CHEMBL274878,6.825205078945158,5.187940339716133,5.845357457797934,0.0,2.256742724867724,0.0,1.9936135650247768,0.0,0.0,-0.0318692916981606,0.0,0.0,0.0,0.0,0.0,0.0,0.0,0.0,24.256343458679765,0.0,0.0,0.0,0.0,0.0,0.0
CHEMBL27546,0.0,8.028592792940024,0.0,7.620299295261416,0.5337605767615686,0.0,0.0955910913748219,1.730105722717105,0.0,-0.4712862575585788,5.7703764148520085,0.0,0.0,0.0,0.0,1.5873119803476947,0.0,0.0,25.68858171663728,0.0,0.0,0.0,0.0,0.0,0.0
CHEMBL275594,2.0482610544217685,2.670280612244897,0.0,7.114060846560847,0.0,0.0,-0.3355702003023426,0.9577314814814816,0.0,-0.55,0.0,2.4552125850340136,0.0,0.0,3.972797461577224,0.0,0.0,0.0,23.41722615898211,0.0,0.0,0.0,0.0,0.0,0.0
CHEMBL275638,0.0,0.0,0.0,18.44053382464097,0.0,0.0,0.0,1.5181972789115648,1.241698318216176,0.0,0.0,0.0,0.0,0.0,0.0,0.0,0.0,0.0,11.91285478080121,0.0,5.728657407407408,0.0,0.0,0.0,0.0
CHEMBL27591,2.118237815037075,4.938813242366633,0.0,7.539707420005039,0.029518140589569,0.0,0.0317570021835904,1.7047238138444851,0.0,-0.4737189389644747,5.727728900167781,0.0,0.0,0.0,0.0,1.503654572940287,0.0,0.0,25.12957803183001,0.0,0.0,0.0,0.0,0.0,0.0
CHEMBL276140,1.609918587805493,0.8730658698664651,0.0,8.97646007114712,0.0,0.0,-0.4659481292517007,1.0078944951169435,0.0,-4.456885351075695,0.0,2.6495810500125976,0.0,0.0,3.892987515113688,1.335,0.0,0.0,12.393489780171327,0.0,0.0,39.71454503223849,0.0,0.0,0.0
CHEMBL276473,0.0,0.0,3.302484882842026,15.850125617995385,0.0,0.0,-0.0751360544217685,1.711294845226123,0.0,0.0,0.0,0.0,0.0,0.0,0.0,0.0,0.0,9.117041838365791,11.760855536659108,0.0,0.0,0.0,0.0,0.0,0.0
CHEMBL276915,0.0,0.0,0.0,15.336189741328631,0.0,0.0,0.0,1.4114856806920304,0.8554020219198799,0.0,0.0,0.0,0.0,0.0,0.0,0.0,0.0,9.420554925673974,11.942522203325776,0.0,5.64949074074074,0.0,0.0,0.0,0.0
CHEMBL27698,1.9828115883635364,2.6631994572520368,0.0,7.489391061980347,0.0294472789115645,0.0,-0.0038968148987978,1.6919681962291095,0.0,-0.470787037037037,5.694401238125083,0.0,0.0,0.0,0.0,1.4524045729402872,0.0,0.0,24.72106045813387,0.0,0.0,0.0,0.0,0.0,0.0
CHEMBL27767,0.0,0.6404610733182161,0.0,7.172723922902494,-0.1586810279667425,0.0,-0.3063921957671951,1.557529289493576,0.0,-0.5785879629629629,5.576545020786092,2.361115599017385,0.0,0.0,0.0,0.0,0.0,0.0,22.98528628117914,0.0,0.0,0.0,0.0,0.0,0.0
CHEMBL27769,4.846572236919459,10.110788742966324,0.0,0.0,2.946598114554462,0.0,0.5072790559124889,0.0,0.0,0.5977664792768961,0.0,0.0,0.0,0.0,0.0,0.0,0.0,10.460592065912683,11.86373663779102,0.0,0.0,0.0,0.0,0.0,0.0
CHEMBL27797,1.653809782789761,8.186099258752577,0.0,12.747340220038634,0.1779582388510956,0.0,0.0,2.4652702191987914,0.0,-1.050722789115646,0.0,0.0,0.0,0.0,8.302013731418494,0.0,0.0,11.838320105820106,0.0,5.263244565579522,0.0,0.0,0.0,0.0,0.0
CHEMBL27879,2.23050782469754,11.63926160653515,0.0,7.606608080117487,0.0271267697029087,0.0,0.0629472497600214,1.7199307864369129,0.0,-0.4797329553536369,5.77914267673868,0.0,0.0,0.0,0.0,1.5467328829680018,0.0,0.0,25.617475078396936,0.0,0.0,0.0,0.0,0.0,0.0
CHEMBL279940,0.0,4.540706727135298,0.0,13.724188005423576,0.7124470899470898,0.0,0.0,4.4839320054110825,0.0,0.0,0.0,0.0,0.0,0.0,4.056339709756466,0.0,0.0,9.482386462326488,0.0,0.0,0.0,0.0,0.0,0.0,0.0
CHEMBL28,0.0,0.0,0.0,9.744490492171767,0.0,0.0,0.0,0.4688147203325787,0.1142623561770395,0.0,0.0,0.0,0.0,0.0,0.0,0.0,0.0,28.36664051269932,12.020909549004788,0.0,5.528562925170068,0.0,0.0,0.0,0.0
CHEMBL281433,2.2614288601242967,9.720708354329386,2.0339322719828674,0.0,2.843510015117157,0.0,2.393797569181995,0.0,0.0,0.2908881723985892,0.0,0.0,0.0,0.0,0.0,0.0,0.0,0.0,24.508361940455195,0.0,0.0,0.0,0.0,0.0,0.0
CHEMBL28173,2.1821267205484376,7.51978519150682,0.0,7.573180790069318,0.0286063607541782,0.0,0.0491430461073325,1.7125662343246846,0.0,-0.4764928587175612,5.752331470979143,0.0,0.0,0.0,0.0,1.527747543461829,0.0,0.0,25.38100550096582,0.0,0.0,0.0,0.0,0.0,0.0
CHEMBL281871,4.67688757138658,6.823264649995801,2.0049507905013857,10.7683219078367,2.0993173658352218,0.0,2.1992590099311338,1.346967592592593,0.0,0.0225900336986641,0.0,0.0,0.0,0.0,0.0,0.0,0.0,0.0,25.058441078221925,0.0,0.0,0.0,0.0,0.0,0.0
CHEMBL281871,4.67688757138658,6.823264649995801,2.0049507905013857,10.7683219078367,2.0993173658352218,0.0,2.1992590099311338,1.346967592592593,0.0,0.0225900336986641,0.0,0.0,0.0,0.0,0.0,0.0,0.0,0.0,25.058441078221925,0.0,0.0,0.0,0.0,0.0,0.0
CHEMBL281947,0.0,7.35225208999218,0.0,7.455629038269731,0.3702156032165949,0.0,0.0742994142101287,1.642942919324143,0.0,-0.5699899612622825,5.732725820663716,0.0,0.0,0.0,0.0,1.5560619803476947,0.0,0.0,25.46919642857143,0.0,0.0,0.0,0.0,0.0,0.0
CHEMBL282079,0.0,5.614130151031606,0.0,12.398730683631475,0.1929865835222974,0.0,0.0,2.307294711094315,0.0,-1.0354475308641975,0.0,0.0,0.0,0.0,8.183012531144145,0.0,0.0,11.546511715797427,0.0,0.0,0.0,0.0,0.0,5.987225599087371,0.0
CHEMBL282325,0.0,0.0,0.0,16.96034713473867,0.0,0.0,0.0,1.8002748383303957,0.0,-1.486558641975309,0.0,0.0,0.0,0.0,7.93130885893452,0.0,0.0,11.361528722600152,0.0,0.0,0.0,13.208897577090218,0.0,5.9186459547258,0.0
CHEMBL282525,0.0,1.021845946712018,0.0,12.168564079952969,0.2404402872260014,0.0,0.0,2.264102838666332,0.0,-0.9941975308641976,0.0,0.0,0.0,0.0,8.013688551552308,0.0,0.0,11.06151171579743,0.0,0.0,0.0,0.0,0.0,5.896642608689566,0.0
CHEMBL282573,4.011375661375661,0.9380435090702948,0.0,7.348968253968254,0.119652305366591,0.0,-0.3840357037876871,1.5987501049802644,0.0,-0.6234027777777778,5.677492808851936,2.455513747165533,0.0,0.0,0.0,0.0,0.0,0.0,23.60764209078693,0.0,0.0,0.0,0.0,0.0,0.0
CHEMBL282580,2.2614288601242967,9.720708354329386,2.0339322719828674,0.0,2.843510015117157,0.0,2.393797569181995,0.0,0.0,0.2908881723985892,0.0,0.0,0.0,0.0,0.0,0.0,0.0,0.0,24.508361940455195,0.0,0.0,0.0,0.0,0.0,0.0
CHEMBL282673,6.971274237318385,9.556824032081968,2.035367457168052,0.0,2.5543466553287977,0.0,2.358150077160495,0.0,0.0,0.1702639991181658,0.0,0.0,0.0,0.0,0.0,0.0,0.0,0.0,24.68710687515747,0.0,0.0,0.0,0.0,0.0,0.0
CHEMBL282673,6.971274237318385,9.556824032081968,2.035367457168052,0.0,2.5543466553287977,0.0,2.358150077160495,0.0,0.0,0.1702639991181658,0.0,0.0,0.0,0.0,0.0,0.0,0.0,0.0,24.68710687515747,0.0,0.0,0.0,0.0,0.0,0.0
CHEMBL28290,1.6077285724002894,1.5101964477888898,0.0,14.888796350955442,-0.0615727618207782,0.0,-0.1539559712773992,3.2899290010523057,0.0,-0.5706874763794407,5.76228789026748,0.0,0.0,0.0,0.0,1.4125330687830686,0.0,0.0,25.746754587637525,5.151323623925952,0.0,0.0,0.0,0.0,0.0
CHEMBL283085,4.056229528848577,0.0,0.0,20.56503506340808,0.0,0.0,0.0,4.564673931300916,0.0,-1.26125,0.0,0.0,0.0,0.0,8.131583207357018,0.0,0.0,11.527061602418746,0.0,0.0,0.0,0.0,0.0,0.0,0.0
CHEMBL283196,0.0,0.0,0.0,22.971123446292093,0.0,0.0,0.0,1.5082289304610734,3.301923133450912,0.0,0.0,0.0,0.0,0.0,0.0,0.0,0.0,0.0,12.356542894935751,0.0,6.041944444444445,0.0,0.0,0.0,0.0
CHEMBL283196,0.0,0.0,0.0,22.971123446292093,0.0,0.0,0.0,1.5082289304610734,3.301923133450912,0.0,0.0,0.0,0.0,0.0,0.0,0.0,0.0,0.0,12.356542894935751,0.0,6.041944444444445,0.0,0.0,0.0,0.0
CHEMBL283671,0.0,0.0,0.0,17.563066613476668,0.0,0.0,0.0,2.3478938859494445,0.0,-1.8785339506172845,0.0,0.0,0.0,0.0,7.86733080680832,0.0,0.0,0.0,0.0,0.0,0.0,16.08585978835979,0.0,11.819938411578622,0.0
CHEMBL283782,1.64908861731102,1.5274707105064247,0.0,13.156767605190224,0.0219444444444443,0.0,0.227511337868481,3.8432069895859584,0.0,0.0,0.0,0.0,0.0,0.0,4.000912694942277,0.0,0.0,0.0,12.398066893424035,5.341697373393802,0.0,0.0,0.0,0.0,0.0
CHEMBL284238,6.963916105022255,7.0964577559418816,1.984117457168052,0.0,2.4799371693121683,0.0,2.278991257768541,0.0,0.0,0.1727792343789369,0.0,0.0,0.0,0.0,0.0,0.0,0.0,0.0,24.357134353741493,0.0,0.0,0.0,0.0,0.0,0.0
CHEMBL284238,6.963916105022255,7.0964577559418816,1.984117457168052,0.0,2.4799371693121683,0.0,2.278991257768541,0.0,0.0,0.1727792343789369,0.0,0.0,0.0,0.0,0.0,0.0,0.0,0.0,24.357134353741493,0.0,0.0,0.0,0.0,0.0,0.0
CHEMBL284636,0.0,0.0,0.0,17.31805814752694,0.0,0.0,0.0,0.4148062064331919,0.0,-6.077480946082137,0.0,0.0,0.0,0.0,7.814993701184177,0.0,0.0,11.35772581254724,0.0,0.0,0.0,38.33856374505725,0.0,0.0,0.0
CHEMBL28465,0.0,1.0431133078231292,0.0,12.697317937977662,0.2682180650037793,0.0,0.0,2.686602838666331,0.0,-0.9563888888888892,0.0,0.0,0.0,0.0,8.047296233308138,0.0,0.0,11.089289493575208,0.0,0.0,0.0,0.0,0.0,0.0,3.414771038044848
CHEMBL284934,0.0,0.4892488662131518,1.850648148148148,12.145664210128494,0.0,0.0,0.7040854119425551,2.470126396237508,0.0,0.0,0.0,0.0,0.0,0.0,3.9383889728731,0.0,0.0,9.743543398841018,12.158294595616024,0.0,0.0,0.0,0.0,0.0,0.0
CHEMBL285155,1.631169742588393,0.6604062736205591,1.927072940287226,12.827684030402285,0.0,0.0,0.9202947845804994,3.5977726599899227,0.0,0.0,0.0,0.0,0.0,0.0,3.970419292908472,0.0,0.0,0.0,12.275996315192742,5.189183960429902,0.0,0.0,0.0,0.0,0.0
CHEMBL285193,2.1826105468205035,0.9558529121525152,0.0,25.1997619441295,0.1013888888888887,0.0,0.0,3.623146835894852,2.567773827895356,0.0,0.0,0.0,0.0,0.0,4.268847395439657,0.0,4.48458664021164,0.0,0.0,0.0,0.0,0.0,0.0,0.0,3.5326976752337504
CHEMBL285809,0.0,3.021989008566389,0.0,19.42787037037037,0.0,4.3668430335097,0.0,4.783397856285664,0.0,-0.3551044028722598,0.0,0.0,0.0,18.21326266903558,4.375807035777274,0.0,2.24926776266062,0.0,0.0,0.0,0.0,0.0,0.0,0.0,0.0
CHEMBL285973,0.0,0.7334618291761147,1.9484259259259256,15.073154446963969,0.0,0.0,1.0090854119425552,2.987748488284203,0.0,0.0,0.0,0.0,0.0,0.0,3.964273746535652,0.0,0.0,0.0,12.117183484504912,0.0,0.0,0.0,0.0,0.0,0.0
CHEMBL28637,0.0,0.0,0.0,14.872489581937936,0.0,0.0,0.0,0.7111213601347097,0.0,-6.163935134430265,0.0,0.0,0.0,0.0,7.797975525601187,0.0,0.0,11.405533824640967,0.0,0.0,0.0,38.427846726385695,0.0,5.893412560174224,0.0
CHEMBL286506,4.048956510060406,1.8306042926429829,0.0,7.501402116402117,0.3128433904425964,0.0,-0.0097301482321312,1.6885193846056947,0.0,-0.4849537037037037,5.712596830411585,0.0,0.0,0.0,0.0,1.4709230914588056,0.0,0.0,25.012171569244984,0.0,0.0,0.0,0.0,0.0,0.0
CHEMBL28668,4.124164934492315,1.8363440098261528,0.0,7.416746031746032,0.1705782312925168,0.0,-0.3590328693205671,1.6216625199462509,0.0,-0.6147222222222222,5.709996666876627,2.4894026360544217,0.0,0.0,0.0,0.0,0.0,0.0,23.85486006130847,0.0,0.0,0.0,0.0,0.0,0.0
CHEMBL28669,4.172139392794155,1.693087915721844,0.0,7.405171957671958,0.3717639833711259,0.0,-0.359215220038632,1.6214267867640886,0.0,-0.601412037037037,5.702640831023768,2.479541524943311,0.0,0.0,0.0,0.0,0.0,0.0,23.76485486478542,0.0,0.0,0.0,0.0,0.0,0.0
CHEMBL286738,0.0,4.6477676227809255,0.0,4.604331065759637,0.0,0.0,0.0,1.766428059649786,1.148212396069539,0.0,4.830621780749848,0.0,0.0,0.0,0.0,0.0,0.0,0.0,33.96675321215748,4.606370622323004,5.299577664399093,0.0,-4.098910213004953,0.0,0.0
CHEMBL28689,0.0,1.7969456254724112,2.0121759259259258,17.935776460275466,0.0,0.0,1.0977806122448983,3.137846224909717,0.0,0.0,0.0,0.0,0.0,0.0,0.0,0.0,0.0,0.0,12.352808484504912,0.0,0.0,0.0,0.0,0.0,0.0
CHEMBL28696,0.0,0.0,0.0,15.232072100445114,0.0,0.0,0.0,0.474878012933571,0.0,-1.5945833333333337,0.0,0.0,0.0,0.0,7.83528691106072,0.0,0.0,11.282163643235071,0.0,0.0,0.0,26.35351599899219,0.0,0.0,0.0
CHEMBL286965,0.0,0.0,0.0,16.946116867528904,0.0,0.0,0.0,1.5150341010889967,0.0,-1.5615586419753087,0.0,0.0,0.0,0.0,7.901704424568181,0.0,0.0,11.35086356764928,0.0,0.0,0.0,13.62960558914924,0.0,5.912678536435149,0.0
CHEMBL287393,0.0,0.0,0.0,18.956684180874,0.0,0.0,0.0,2.66776901192576,0.0,-1.4060030864197537,0.0,0.0,0.0,0.0,8.023232202345959,0.0,0.0,11.458888259007306,0.0,0.0,0.0,0.0,0.0,12.104984987822288,0.0
CHEMBL28753,0.0,0.0,0.0,15.226963918283364,0.0,0.0,0.0,0.1805151906441602,0.0,-1.6695833333333328,0.0,0.0,0.0,0.0,7.805682476694382,0.0,0.0,11.271498488284202,0.0,0.0,0.0,26.76825659276056,0.0,0.0,0.0
CHEMBL287574,0.0,0.6404610733182161,0.0,7.172723922902494,-0.1586810279667425,0.0,-0.3063921957671951,1.557529289493576,0.0,-0.5785879629629629,5.576545020786092,2.361115599017385,0.0,0.0,0.0,0.0,0.0,0.0,22.98528628117914,0.0,0.0,0.0,0.0,0.0,0.0
CHEMBL287574,0.0,0.6404610733182161,0.0,7.172723922902494,-0.1586810279667425,0.0,-0.3063921957671951,1.557529289493576,0.0,-0.5785879629629629,5.576545020786092,2.361115599017385,0.0,0.0,0.0,0.0,0.0,0.0,22.98528628117914,0.0,0.0,0.0,0.0,0.0,0.0
CHEMBL287647,4.259911081716638,2.739043446082136,0.0,7.453357898715041,0.4226899092970518,0.0,-0.3434787309985716,1.635864801167381,0.0,-0.6001620370370371,5.72881367052994,2.5036344954648526,0.0,0.0,0.0,0.0,0.0,0.0,23.95032546506257,0.0,0.0,0.0,0.0,0.0,0.0
CHEMBL287677,0.0,3.470635707986899,0.0,11.754855205971277,0.3833267195767194,2.1521014424288234,0.0,3.295346067439322,0.0,0.0,0.0,0.0,0.0,8.798338661081717,4.223887314184934,0.0,2.254842214663644,0.0,0.0,0.0,0.0,0.0,0.0,0.0,0.0
CHEMBL287950,2.185556088156873,3.062233717561098,0.0,16.733728203472747,-0.0402777777777783,0.0,0.0,5.7753520513143535,0.0,0.0,0.0,0.0,0.0,0.0,4.230366551713278,2.421189058956916,2.0847732426303853,0.0,0.0,0.0,0.0,13.460436119683052,0.0,0.0,3.669976077622407
CHEMBL287967,2.168479675820945,0.9372100795050528,0.0,24.538864271017044,0.0371296296296292,0.0,0.0,3.1454946407575384,2.514045256991686,0.0,0.0,0.0,0.0,0.0,4.249994252330562,0.0,4.423192397329302,0.0,0.0,0.0,0.0,0.0,0.0,6.263367574396013,0.0
CHEMBL28800,0.0,0.0,0.0,19.30454109569549,0.0,0.0,0.0,1.5845180356093065,0.0,-1.4884438775510205,0.0,0.0,0.0,0.0,7.936475182665659,0.0,0.0,11.40491969009826,10.824937554529004,0.0,0.0,0.0,0.0,0.0,0.0
CHEMBL28806,2.2353871934576297,8.847227156294617,1.9672656053162003,0.0,2.2097137188208604,0.0,2.2172929395523653,0.0,0.0,0.0716893817712269,0.0,0.0,0.0,0.0,0.0,0.0,0.0,0.0,24.453772203325773,5.830985134794659,0.0,0.0,0.0,0.0,0.0
CHEMBL288093,1.6296252764191077,0.6254988662131519,1.9200925925925925,12.819545382968004,0.0,0.0,0.8855668934240366,3.5037625451415138,0.0,0.0,0.0,0.0,0.0,0.0,3.9716534356830175,0.0,0.0,0.0,12.329779856387,5.31447515117158,0.0,0.0,0.0,0.0,0.0
CHEMBL288190,4.345493800915428,5.596635146342488,2.2843480725623584,0.0,0.9149055177626604,0.0,2.7335770843831377,0.0,0.0,-0.3272293871252201,0.0,0.0,0.0,0.0,0.0,0.0,0.0,10.257287664294113,24.19498210086504,0.0,0.0,0.0,0.0,0.0,0.0
CHEMBL288242,4.603768835208981,7.906353081870609,0.0,0.0,1.9045192428823376,0.0,2.8531406989236032,0.0,0.0,0.1050622795414462,0.0,0.0,0.0,0.0,0.0,0.0,0.0,0.0,24.4450935899051,0.0,0.0,0.0,0.0,0.0,0.0
CHEMBL288695,2.219729675820945,3.2306117199966407,0.0,20.520339173735337,0.0771296296296295,0.0,0.0,6.0571093421936695,0.0,0.0,0.0,0.0,0.0,0.0,4.265619252330562,2.471371409674981,2.160154320987654,0.0,0.0,0.0,0.0,0.0,0.0,6.275713253408359,0.0
CHEMBL288712,2.1424386390358614,5.038707325522801,0.0,7.198279950869237,0.0,0.0,-0.3090502697992769,0.975558390022676,0.0,-0.5495833333333333,0.0,2.497322137188209,0.0,0.0,4.009128480095741,0.0,0.0,0.0,23.747198680398085,0.0,0.0,0.0,0.0,0.0,0.0
CHEMBL28880,0.0,0.981515731292517,0.0,7.183366402116402,-0.2191666666666671,0.0,-0.4002625556395391,1.5835592508608387,0.0,0.0,5.558256225329638,2.3333378212396068,0.0,0.0,0.0,0.0,0.0,0.0,22.479393791467206,0.0,0.0,0.0,0.0,0.0,0.0
CHEMBL288804,2.164288727045762,2.942202853363568,0.0,16.256345873225833,-0.0947222222222226,0.0,0.0,5.15587845735002,0.0,0.0,0.0,0.0,0.0,0.0,4.209099190602167,2.383380416981608,2.046964600655077,0.0,0.0,0.0,0.0,13.446825008571942,0.0,6.434181538870692,0.0
CHEMBL289116,1.9680602796674225,1.676795162509448,0.0,7.046283068783069,0.0,0.0,-0.3605730347694627,0.9398148148148152,0.0,-0.5586805555555556,0.0,2.4213236961451248,0.0,0.0,3.9469683799445705,0.0,0.0,0.0,23.17000818846057,0.0,0.0,0.0,0.0,0.0,0.0
CHEMBL289116,1.9680602796674225,1.676795162509448,0.0,7.046283068783069,0.0,0.0,-0.3605730347694627,0.9398148148148152,0.0,-0.5586805555555556,0.0,2.4213236961451248,0.0,0.0,3.9469683799445705,0.0,0.0,0.0,23.17000818846057,0.0,0.0,0.0,0.0,0.0,0.0
CHEMBL28971,0.0,0.0,0.0,18.698017832647466,0.0,0.0,0.0,2.789245296884187,0.0,-1.4541743827160492,0.0,0.0,0.0,0.0,8.017516026986927,0.0,0.0,11.489474678760391,0.0,0.0,0.0,0.0,0.0,12.265476102992636,0.0
CHEMBL289766,2.223663658329097,10.402160967653336,0.0,7.282069678958207,0.0,0.0,-0.2868706251404103,0.9893360972207474,0.0,-0.5552891550138574,0.0,2.539217001232694,0.0,0.0,4.050919621438581,0.0,0.0,0.0,24.104792755321604,0.0,0.0,0.0,0.0,0.0,0.0
CHEMBL289945,2.1713616946625605,0.942241801041404,0.0,24.588910821015645,0.0635802469135797,0.0,0.0,3.2006468358948528,2.5297026259063298,0.0,0.0,0.0,0.0,0.0,4.252043554561743,0.0,4.440005021555948,0.0,0.0,0.0,0.0,0.0,0.0,6.089285176225712,0.0
CHEMBL290309,6.156082637635148,7.631033584704671,0.0,0.0,1.739253380364491,0.0,2.4489888408365594,0.0,0.0,-0.0362299986569465,0.0,0.0,0.0,0.0,0.0,0.0,0.0,0.0,24.94356363939163,10.783974582391114,0.0,0.0,0.0,0.0,0.0
CHEMBL290309,6.156082637635148,7.631033584704671,0.0,0.0,1.739253380364491,0.0,2.4489888408365594,0.0,0.0,-0.0362299986569465,0.0,0.0,0.0,0.0,0.0,0.0,0.0,0.0,24.94356363939163,10.783974582391114,0.0,0.0,0.0,0.0,0.0
CHEMBL291279,6.347492102655724,8.516294618130386,0.0,0.0,1.8862299487696303,0.0,3.25660200956084,0.0,0.0,0.0939783346763869,0.0,0.0,0.0,0.0,0.0,0.0,0.0,0.0,25.064396972724964,5.233102734423532,0.0,0.0,0.0,0.0,0.0
CHEMBL291279,6.347492102655724,8.516294618130386,0.0,0.0,1.8862299487696303,0.0,3.25660200956084,0.0,0.0,0.0939783346763869,0.0,0.0,0.0,0.0,0.0,0.0,0.0,0.0,25.064396972724964,5.233102734423532,0.0,0.0,0.0,0.0,0.0
CHEMBL29138,1.847517006802721,0.9248027683295538,0.0,7.212301587301587,0.0,0.0,-0.4245912593432428,1.561429621231209,0.0,-0.6234027777777778,5.601387366675064,2.3738470804988663,0.0,0.0,0.0,0.0,0.0,0.0,22.94337527294869,0.0,0.0,0.0,0.0,0.0,0.0
CHEMBL291646,0.0,0.8505222505668937,0.0,19.2371117043219,-0.0486646510456043,0.0,0.0,4.00238936829876,0.0,0.0,0.0,0.0,0.0,0.0,8.392248502281571,0.0,1.847008692365835,0.0,0.0,6.155921910430839,0.0,0.0,0.0,6.007906667224247,0.0
CHEMBL291700,0.0,6.370199514991182,0.0,10.406291755899892,0.7753703703703703,0.0,0.0,3.248376322751323,0.0,0.0,0.0,0.0,0.0,0.0,4.085254970815487,0.0,2.181198034769463,0.0,0.0,0.0,0.0,0.0,0.0,0.0,0.0
CHEMBL29230,4.282867955824305,2.682739512471655,0.0,7.446827286470144,0.5195229171915676,0.0,-0.3427885382548075,1.6364847883597888,0.0,-0.591388888888889,5.723575759007307,2.49791265117158,0.0,0.0,0.0,0.0,0.0,0.0,23.89424655664736,0.0,0.0,0.0,0.0,0.0,0.0
CHEMBL292899,0.0,5.970041729654825,0.0,12.001837915721843,0.6757870370370369,0.0,0.0,2.78541335978836,0.0,0.0,0.0,0.0,0.0,0.0,8.576198113504661,0.0,2.15738851095994,0.0,0.0,0.0,0.0,0.0,0.0,0.0,0.0
CHEMBL293122,0.0,4.225441389518771,2.348156651549509,11.791587537792894,0.0,0.0,1.4241203703703704,2.5782374338624345,0.0,0.0,0.0,0.0,0.0,0.0,8.515901439279414,0.0,2.1165551776266063,0.0,0.0,0.0,0.0,0.0,0.0,0.0,0.0
CHEMBL29338,2.190533662260772,7.573882653408266,0.0,7.517114827412445,0.0,0.0,-0.3138278242120227,1.6632697322118322,0.0,-0.5755707908163266,5.756374733501113,2.526253700554296,0.0,0.0,0.0,0.0,0.0,0.0,24.078635972346287,0.0,0.0,0.0,0.0,0.0,0.0
CHEMBL29339,2.168378289829859,6.249832853851162,0.0,7.494769148400101,0.0,0.0,-0.3197702769379351,1.657755041959137,0.0,-0.5740561224489797,5.741068191752264,2.515080861048123,0.0,0.0,0.0,0.0,0.0,0.0,23.98360867921293,0.0,0.0,0.0,0.0,0.0,0.0
CHEMBL29400,0.0,0.0,0.0,18.695924578679207,0.0,0.0,0.0,2.9943722355197235,0.0,-1.4060030864197532,0.0,0.0,0.0,0.0,8.023232202345959,0.0,0.0,11.458888259007306,0.0,0.0,0.0,0.0,0.0,12.03914136642311,0.0
CHEMBL294357,0.0,0.8227444727891158,0.0,17.427047788838014,-0.1511646510456044,0.0,0.0,3.905948041768149,0.0,0.0,0.0,0.0,0.0,0.0,11.580266089975083,0.0,1.7358975812547242,0.0,0.0,6.128144132653061,0.0,0.0,0.0,5.995560988211901,0.0
CHEMBL294360,0.0,0.7619805839002267,0.0,15.873918325007793,-0.3385544217687086,0.0,0.0,2.682148316116571,0.0,0.0,0.0,0.0,0.0,0.0,11.423480253212396,0.0,1.6565325018896448,0.0,0.0,6.067380243764172,0.0,13.20644753121124,0.0,0.0,0.0
CHEMBL294361,1.7453194846579587,2.526848072562358,0.0,14.7287890526581,2.207974300831443,0.0,0.0,5.455061675904931,0.0,0.0,0.0,0.0,0.0,0.0,4.124604824571906,0.0,0.0,0.0,0.0,5.37806925547997,0.0,0.0,0.0,0.0,0.0
CHEMBL29482,0.0,0.0,0.0,20.422403313177124,-0.038902116402117,4.2550390526581,0.0,3.379013355571798,0.0,0.0,0.0,0.0,0.0,17.85989474470535,4.119811665406903,0.0,2.002739984882842,0.0,0.0,0.0,0.0,0.0,0.0,0.0,0.0
CHEMBL294878,0.0,0.0,0.0,12.108580523245926,0.0,0.0,0.0,1.2558143843957343,0.7462068006214839,0.0,0.0,0.0,0.0,0.0,0.0,0.0,0.0,18.66481007682126,11.960076215671451,0.0,5.607729591836735,0.0,0.0,0.0,0.0
CHEMBL29521,4.202677364155539,2.928595836482741,0.0,7.464931972789115,0.1844671201814056,0.0,-0.3432963802805067,1.6361005343495427,0.0,-0.6134722222222222,5.7361695063828,2.5134956065759635,0.0,0.0,0.0,0.0,0.0,0.0,24.04033066158562,0.0,0.0,0.0,0.0,0.0,0.0
CHEMBL29523,7.702930248162932,0.0,0.0,16.467495380868396,0.0,0.0,0.0,6.218127328219321,0.0,-1.3365561224489793,0.0,0.0,0.0,0.0,8.204257054673722,0.0,0.0,11.807838246409672,0.0,5.3525745307816015,0.0,0.0,0.0,0.0,0.0
CHEMBL296411,4.949254880454375,0.0,4.056054421768708,13.659672466782856,0.0,0.0,0.0,4.534505748797327,0.0,0.0,0.0,0.0,0.0,0.0,0.0,0.0,0.0,0.0,0.0,15.63384581553007,0.0,0.0,0.0,0.0,0.0
CHEMBL296617,2.1989288601242967,7.4293512744604016,1.897034123834719,0.0,1.261630579701015,0.0,1.9756494210338469,0.0,0.0,-0.2351889251070797,0.0,0.0,0.0,0.0,0.0,0.0,0.0,10.938663627488031,24.70059770513144,0.0,0.0,0.0,0.0,0.0,0.0
CHEMBL29669,0.0,0.0,0.0,20.86001105792111,0.0562345679012341,0.0,0.0,4.741690182245739,0.0,0.0,0.0,0.0,0.0,0.0,8.256914140141653,0.0,0.0,0.0,0.0,0.0,0.0,0.0,0.0,11.97403894067915,0.0
CHEMBL297073,2.1989288601242967,7.4293512744604016,1.897034123834719,0.0,1.261630579701015,0.0,1.9756494210338469,0.0,0.0,-0.2351889251070797,0.0,0.0,0.0,0.0,0.0,0.0,0.0,10.938663627488031,24.70059770513144,0.0,0.0,0.0,0.0,0.0,0.0
CHEMBL297784,2.038251921138826,1.5919283037288987,0.0,15.37407907169857,0.0,0.0,-0.1092304421768703,2.928209404132024,2.357032699009612,0.0,0.0,2.8972957608969514,0.0,0.0,4.016341509604046,1.8003703703703704,2.1051419105418923,0.0,12.500579491055682,0.0,0.0,0.0,0.0,0.0,0.0
CHEMBL298172,2.18706543419837,7.609354935647099,1.8464322719828672,0.0,0.97668178382464,0.0,1.8737193326404644,0.0,0.0,-0.3742963041698159,0.0,0.0,0.0,0.0,0.0,0.0,0.0,10.984528612370871,24.480793847631645,0.0,0.0,0.0,0.0,0.0,3.499053419207189
CHEMBL29863,2.0997673112454858,3.74789950239355,0.0,7.430765306122449,0.0,0.0,-0.3383889728730993,1.6405884406231634,0.0,-0.5718055555555557,5.701518145838582,2.483078939909297,0.0,0.0,0.0,0.0,0.0,0.0,23.723243548962795,0.0,0.0,0.0,0.0,0.0,0.0
CHEMBL29864,2.0444030297304105,2.6186106386999244,0.0,7.382579365079365,0.0,0.0,-0.3541254619131597,1.626150426219871,0.0,-0.5730555555555557,5.675345306332409,2.458985969387755,0.0,0.0,0.0,0.0,0.0,0.0,23.53777294868565,0.0,0.0,0.0,0.0,0.0,0.0
CHEMBL298720,0.0,0.8520181405895692,0.0,17.76227198286722,0.0,0.0,0.0,1.2625000000000002,2.406941137566138,0.0,0.0,0.0,0.0,0.0,8.163158383723859,0.0,2.0531103552532124,0.0,0.0,0.0,0.0,0.0,0.0,0.0,0.0
CHEMBL29901,2.150961829176115,0.0,0.0,20.939733280143336,0.0,0.0,0.0,4.681227219282777,0.0,-0.378533950617284,0.0,0.0,0.0,0.0,8.34733080680832,0.0,0.0,0.0,0.0,0.0,0.0,0.0,0.0,12.064836370762295,0.0
CHEMBL29904,0.0,0.0,0.0,18.68862216903222,0.0,0.0,0.0,3.125671663727221,0.0,-1.378533950617284,0.0,0.0,0.0,0.0,8.02733080680832,0.0,0.0,11.440893801965233,0.0,0.0,0.0,0.0,0.0,11.901571064639846,0.0
CHEMBL299066,0.0,0.0,0.0,17.43682665658856,0.0,0.0,0.0,1.116851851851852,2.344967876039305,0.0,0.0,0.0,0.0,0.0,8.1153728898967,0.0,1.9859807256235829,0.0,0.0,0.0,0.0,0.0,0.0,0.0,0.0
CHEMBL29952,0.0,0.0,0.0,15.935506687242798,0.0,0.0,0.0,0.5947512492651392,0.0,-2.062199074074074,0.0,0.0,0.0,0.0,7.761494079113127,0.0,0.0,0.0,0.0,0.0,0.0,29.28008690616164,0.0,6.1848045967358125,0.0
CHEMBL299613,3.9221206152086383,6.629918325354834,0.0,3.969462474804737,1.7802525825144864,0.0,0.0,3.534135658121274,0.0,0.1246781305114643,0.0,0.0,0.0,0.0,0.0,0.0,0.0,20.46513344227856,0.0,5.3242987712060135,0.0,0.0,0.0,0.0,0.0
CHEMBL29997,0.0,0.7544425547996976,0.0,31.78223981523705,0.0,0.0,0.0,5.894499874023685,0.0,-0.4744135802469136,0.0,0.0,0.0,0.0,8.63022889196831,0.0,0.0,0.0,0.0,0.0,0.0,0.0,0.0,12.385224666440394,0.0
CHEMBL300109,0.0,4.676136621315193,0.0,11.939342482363315,0.6033796296296297,0.0,0.0,2.723440098261527,0.0,0.0,0.0,0.0,0.0,0.0,8.564877094356262,0.0,2.1594907407407407,0.0,0.0,0.0,0.0,0.0,0.0,0.0,0.0
CHEMBL30043,0.0,0.0,0.0,15.834791579183111,0.0,0.0,0.0,1.0224970605526182,0.0,-1.986558641975309,0.0,0.0,0.0,0.0,7.77130885893452,0.0,0.0,0.0,0.0,0.0,0.0,29.17457595955432,0.0,5.8778296281951885,0.0
CHEMBL30047,2.162910997732426,0.8647203325774755,0.0,21.22112216903222,0.0,0.0,0.0,4.79956622155035,0.0,-0.3368672839506172,0.0,0.0,0.0,0.0,8.442886362363875,0.0,0.0,0.0,0.0,0.0,0.0,0.0,0.0,12.151216756249823,0.0
CHEMBL30081,0.0,0.9610820578231292,0.0,10.657838771310994,0.1610752078609219,0.0,0.0,1.056959981523474,0.0,-1.1022222222222218,0.0,0.0,0.0,0.0,7.917666603678509,0.0,0.0,10.98214663643235,0.0,0.0,0.0,12.98770423910305,0.0,0.0,0.0
CHEMBL300814,0.0,0.0,0.0,13.000840485872954,0.0,0.0,0.0,0.5327568342151681,0.4691057256235835,0.0,0.0,0.0,0.0,0.0,0.0,0.0,0.0,18.85509599056948,11.983633314436888,0.0,5.593379629629629,0.0,0.0,0.0,0.0
CHEMBL300921,2.258027499580079,10.12420435458134,2.046617457168052,0.0,2.454861399806836,0.0,2.455187875304444,0.0,0.0,0.3432313318846057,0.0,0.0,0.0,0.0,0.0,0.0,0.0,0.0,24.651203415007977,0.0,0.0,0.0,0.0,0.0,0.0
CHEMBL301106,0.0,7.328274754346182,0.0,12.051262233671144,0.7138624338624338,0.0,0.0,2.8247795939363405,0.0,0.0,0.0,0.0,0.0,0.0,8.588784088870218,0.0,2.1597035619803475,0.0,0.0,0.0,0.0,0.0,0.0,0.0,0.0
CHEMBL301608,0.0,3.565757747543462,0.0,11.828114606953893,0.3865277777777776,0.0,0.0,2.615,0.0,0.0,0.0,0.0,0.0,0.0,8.613535052910052,0.0,2.1577314814814814,0.0,0.0,0.0,0.0,0.0,0.0,0.0,0.0
CHEMBL302249,4.664095647518266,9.14908831202234,2.024571050642479,0.0,0.9421435395145702,0.0,1.834767101284959,0.0,0.0,0.2627934854497354,0.0,0.0,0.0,0.0,0.0,0.0,0.0,10.430072987528344,12.859134542705972,0.0,0.0,0.0,0.0,0.0,0.0
CHEMBL302249,4.664095647518266,9.14908831202234,2.024571050642479,0.0,0.9421435395145702,0.0,1.834767101284959,0.0,0.0,0.2627934854497354,0.0,0.0,0.0,0.0,0.0,0.0,0.0,10.430072987528344,12.859134542705972,0.0,0.0,0.0,0.0,0.0,0.0
CHEMBL302305,2.0457220804988663,4.771858938019652,6.845721542475015,0.0,0.0869038170823879,0.0,1.3794408488704129,0.0,0.0,-0.8223763463718818,0.0,0.0,0.0,0.0,0.0,0.0,0.0,0.0,37.19272911942555,0.0,0.0,0.0,0.0,0.0,0.0
CHEMBL302305,2.0457220804988663,4.771858938019652,6.845721542475015,0.0,0.0869038170823879,0.0,1.3794408488704129,0.0,0.0,-0.8223763463718818,0.0,0.0,0.0,0.0,0.0,0.0,0.0,0.0,37.19272911942555,0.0,0.0,0.0,0.0,0.0,0.0
CHEMBL302530,2.0715511621315192,5.2603587962962965,5.932950850865037,0.0,0.3239871504157214,0.0,1.5711032638363993,0.0,0.0,-0.5519681831065759,0.0,0.0,0.0,0.0,0.0,0.0,0.0,10.205848056815318,25.18616890274628,0.0,0.0,0.0,0.0,0.0,0.0
CHEMBL302530,2.0715511621315192,5.2603587962962965,5.932950850865037,0.0,0.3239871504157214,0.0,1.5711032638363993,0.0,0.0,-0.5519681831065759,0.0,0.0,0.0,0.0,0.0,0.0,0.0,10.205848056815318,25.18616890274628,0.0,0.0,0.0,0.0,0.0,0.0
CHEMBL302741,2.085536501637692,7.774375170592928,1.8661536281179136,0.0,0.4332190098261523,0.0,1.816894158898128,0.0,0.0,-0.4471460459183671,0.0,0.0,0.0,0.0,0.0,0.0,0.0,10.239736945704207,25.231230631141344,0.0,0.0,0.0,0.0,0.0,0.0
CHEMBL302741,2.085536501637692,7.774375170592928,1.8661536281179136,0.0,0.4332190098261523,0.0,1.816894158898128,0.0,0.0,-0.4471460459183671,0.0,0.0,0.0,0.0,0.0,0.0,0.0,10.239736945704207,25.231230631141344,0.0,0.0,0.0,0.0,0.0,0.0
CHEMBL304222,0.0,2.3478106103552534,0.0,13.930801156882506,2.124986772486772,0.0,0.0,4.604541183757455,0.0,0.0,0.0,0.0,0.0,0.0,4.095765080328121,0.0,0.0,9.56276186285656,0.0,0.0,0.0,0.0,0.0,0.0,0.0
CHEMBL304305,7.250413766586881,12.649102668073402,2.6325896793902746,0.0,3.1677229780801204,0.0,2.419355841101874,0.0,0.0,0.4842724867724868,0.0,0.0,0.0,0.0,0.0,0.0,0.0,0.0,12.563209246661629,0.0,0.0,0.0,0.0,0.0,0.0
CHEMBL304305,7.250413766586881,12.649102668073402,2.6325896793902746,0.0,3.1677229780801204,0.0,2.419355841101874,0.0,0.0,0.4842724867724868,0.0,0.0,0.0,0.0,0.0,0.0,0.0,0.0,12.563209246661629,0.0,0.0,0.0,0.0,0.0,0.0
CHEMBL304515,4.486176671285799,8.312790315761546,0.0,0.0,1.6378453325774749,0.0,1.5238638642185285,0.0,0.0,-0.1326786501637691,0.0,0.0,0.0,0.0,0.0,0.0,0.0,10.329509886516334,24.50915924647076,0.0,0.0,0.0,0.0,0.0,0.0
CHEMBL304583,0.0,2.4243998015873016,0.0,13.877130102040816,2.0148148148148146,0.0,0.0,4.5876292307046285,0.0,0.0,0.0,0.0,0.0,0.0,4.091340361761989,0.0,0.0,9.67135235575712,0.0,0.0,0.0,0.0,0.0,0.0,0.0
CHEMBL304770,6.1391499879272695,8.480345896846393,2.362034123834719,0.0,1.6054119425547992,0.0,1.6912889214327718,0.0,0.0,0.0440829317838247,0.0,0.0,0.0,0.0,0.0,0.0,0.0,0.0,24.220051794637605,5.790967734315949,0.0,0.0,0.0,0.0,0.0
CHEMBL304770,6.1391499879272695,8.480345896846393,2.362034123834719,0.0,1.6054119425547992,0.0,1.6912889214327718,0.0,0.0,0.0440829317838247,0.0,0.0,0.0,0.0,0.0,0.0,0.0,0.0,24.220051794637605,5.790967734315949,0.0,0.0,0.0,0.0,0.0
CHEMBL304788,0.0,0.7913247197026961,0.0,16.7392416138989,-0.275516502897456,0.0,0.0,4.212081671145826,0.0,0.0,0.0,0.0,0.0,0.0,8.36130116038185,0.0,1.783397581254724,0.0,0.0,6.152279935122197,0.0,0.0,0.0,12.458112043613486,0.0
CHEMBL304903,0.0,2.6186439436885864,0.0,17.195731449987402,2.4132407407407404,0.0,0.0,4.655158730158731,0.0,0.0,0.0,0.0,0.0,0.0,4.11722513542454,0.0,0.0,0.0,0.0,0.0,0.0,0.0,0.0,0.0,0.0
CHEMBL305205,7.307084829302092,9.902621501532712,2.5813396793902745,0.0,3.093313492063491,0.0,2.3580239302511137,0.0,0.0,0.4867877220332581,0.0,0.0,0.0,0.0,0.0,0.0,0.0,0.0,12.437495512093726,0.0,0.0,0.0,0.0,0.0,0.0
CHEMBL305205,7.307084829302092,9.902621501532712,2.5813396793902745,0.0,3.093313492063491,0.0,2.3580239302511137,0.0,0.0,0.4867877220332581,0.0,0.0,0.0,0.0,0.0,0.0,0.0,0.0,12.437495512093726,0.0,0.0,0.0,0.0,0.0,0.0
CHEMBL305220,0.0,3.635909293133469,0.0,21.36650887453578,0.0336039724531787,0.0,0.0,3.910860824443094,0.0,-0.6600409291803142,5.765790246693406,0.0,0.0,0.0,4.148306577628957,0.0,2.011266778188676,0.0,0.0,12.720193312407268,0.0,0.0,0.0,6.0052464041983535,0.0
CHEMBL305483,0.0,5.502056327160494,0.0,7.580895691609977,0.3326152683295538,0.0,-0.2736218715881409,1.7001999349122372,0.0,-0.5435416666666666,5.754846203913663,2.551069302721088,0.0,0.0,0.0,0.0,0.0,0.0,24.1454808096078,0.0,0.0,0.0,0.0,0.0,0.0
CHEMBL305630,7.252529516697761,15.515636806592344,2.656682649911817,0.0,3.172597579155118,0.0,2.4422674348792683,0.0,0.0,0.4785666650919629,0.0,0.0,0.0,0.0,0.0,0.0,0.0,0.0,12.648386014338396,0.0,0.0,0.0,0.0,0.0,0.0
CHEMBL305630,7.252529516697761,15.515636806592344,2.656682649911817,0.0,3.172597579155118,0.0,2.4422674348792683,0.0,0.0,0.4785666650919629,0.0,0.0,0.0,0.0,0.0,0.0,0.0,0.0,12.648386014338396,0.0,0.0,0.0,0.0,0.0,0.0
CHEMBL306022,7.401749732300328,11.820649158583189,2.6301436917359537,0.0,3.350182324472998,0.0,1.837637471655329,0.0,0.0,0.7107323554421767,0.0,0.0,0.0,0.0,0.0,0.0,0.0,10.58223859914336,0.0,0.0,0.0,0.0,0.0,0.0,0.0
CHEMBL306022,7.401749732300328,11.820649158583189,2.6301436917359537,0.0,3.350182324472998,0.0,1.837637471655329,0.0,0.0,0.7107323554421767,0.0,0.0,0.0,0.0,0.0,0.0,0.0,10.58223859914336,0.0,0.0,0.0,0.0,0.0,0.0,0.0
CHEMBL307006,7.384193540204317,16.130891485241687,2.674236662257496,0.0,3.3695727676337333,0.0,1.87338104686319,0.0,0.0,0.7026785320609725,0.0,0.0,0.0,0.0,0.0,0.0,0.0,10.69837929907194,0.0,0.0,0.0,0.0,0.0,0.0,0.0
CHEMBL307006,7.384193540204317,16.130891485241687,2.674236662257496,0.0,3.3695727676337333,0.0,1.87338104686319,0.0,0.0,0.7026785320609725,0.0,0.0,0.0,0.0,0.0,0.0,0.0,10.69837929907194,0.0,0.0,0.0,0.0,0.0,0.0,0.0
CHEMBL307160,0.0,0.3726136148904004,0.0,14.703261320342849,0.0,0.0,0.0,0.4262381897203333,0.965902987738306,0.0,0.0,0.0,0.0,0.0,3.969721195194229,0.0,1.7869416099773243,0.0,24.22350718065004,0.0,5.712752267573696,0.0,0.0,0.0,0.0
CHEMBL307581,6.641414635298563,9.32446532239439,2.4875896793902745,0.0,2.3667857142857134,0.0,2.1347033520198213,0.0,0.0,0.3060649329176117,0.0,0.0,0.0,0.0,0.0,0.0,0.0,0.0,12.475786407155454,5.929856623204838,0.0,0.0,0.0,0.0,0.0
CHEMBL307581,6.641414635298563,9.32446532239439,2.4875896793902745,0.0,2.3667857142857134,0.0,2.1347033520198213,0.0,0.0,0.3060649329176117,0.0,0.0,0.0,0.0,0.0,0.0,0.0,0.0,12.475786407155454,5.929856623204838,0.0,0.0,0.0,0.0,0.0
CHEMBL307643,4.612732032627866,8.641578417632486,2.3313396793902745,0.0,1.5233134920634912,0.0,1.8319468327454445,0.0,0.0,0.1256766109221465,0.0,0.0,0.0,0.0,0.0,0.0,0.0,10.725084089191231,12.374995512093726,0.0,0.0,0.0,0.0,0.0,0.0
CHEMBL307643,4.612732032627866,8.641578417632486,2.3313396793902745,0.0,1.5233134920634912,0.0,1.8319468327454445,0.0,0.0,0.1256766109221465,0.0,0.0,0.0,0.0,0.0,0.0,0.0,10.725084089191231,12.374995512093726,0.0,0.0,0.0,0.0,0.0,0.0
CHEMBL307690,7.262230961829175,11.248661514760228,2.6125896793902745,0.0,3.151785714285713,0.0,2.3977419007726555,0.0,0.0,0.4866204884731673,0.0,0.0,0.0,0.0,0.0,0.0,0.0,0.0,12.507036407155454,0.0,0.0,0.0,0.0,0.0,0.0
CHEMBL307690,7.262230961829175,11.248661514760228,2.6125896793902745,0.0,3.151785714285713,0.0,2.3977419007726555,0.0,0.0,0.4866204884731673,0.0,0.0,0.0,0.0,0.0,0.0,0.0,0.0,12.507036407155454,0.0,0.0,0.0,0.0,0.0,0.0
CHEMBL307893,0.0,-0.0183030990173849,0.0,6.460038384168074,-0.668796296296297,0.0,-0.3274863000755854,-0.4996004976064476,0.0,0.0,0.0,0.0,0.0,0.0,0.0,0.0,0.0,37.98974761356435,12.119726158982113,5.611340702947846,0.0,0.0,0.0,0.0,0.0
CHEMBL3084324,3.2116130917667745,0.0,0.0,21.572804794361883,0.0,0.0,0.0,3.0757620994525765,1.515559229864786,-1.493267313869992,0.0,0.0,0.0,0.0,4.170465006607683,0.0,0.0,11.810598466238346,0.0,10.501076303582478,6.052054988662132,0.0,0.0,0.0,0.0
CHEMBL3084923,6.106038517258756,6.431159422095794,0.0,7.367996021009414,2.894461000959918,0.0,-0.0967838246409675,0.9281630553455952,0.0,-0.90682917611489,0.0,0.0,0.0,0.0,4.162694313262495,0.0,0.0,0.0,13.012534722222222,6.26723261526833,0.0,0.0,0.0,0.0,0.0
CHEMBL3084924,2.1956712962962963,6.836437003035577,0.0,7.286815465453858,2.9799976600680056,0.0,-0.0852097505668936,0.9397371294196696,0.0,-0.2155632322373386,0.0,0.0,0.0,0.0,4.067069313262495,0.0,0.0,0.0,12.359756944444444,6.051954837490552,0.0,0.0,0.0,0.0,0.0
CHEMBL308537,6.641414635298563,9.32446532239439,2.4875896793902745,0.0,2.3667857142857134,0.0,2.1347033520198213,0.0,0.0,0.3060649329176117,0.0,0.0,0.0,0.0,0.0,0.0,0.0,0.0,12.475786407155454,5.929856623204838,0.0,0.0,0.0,0.0,0.0
CHEMBL308537,6.641414635298563,9.32446532239439,2.4875896793902745,0.0,2.3667857142857134,0.0,2.1347033520198213,0.0,0.0,0.3060649329176117,0.0,0.0,0.0,0.0,0.0,0.0,0.0,0.0,12.475786407155454,5.929856623204838,0.0,0.0,0.0,0.0,0.0
CHEMBL3085491,4.371066756949693,4.633290186444948,5.70643927941547,0.0,1.4285000944822368,0.0,1.4285660089653156,0.0,0.0,-0.26712392132779,0.0,0.0,0.0,0.0,0.0,0.0,0.0,0.0,23.78703932035777,5.412222274712354,0.0,0.0,0.0,0.0,0.0
CHEMBL308829,2.330629094230285,11.131254317313346,2.4930432728647016,0.0,1.95901428781389,0.0,1.5830078420256994,0.0,0.0,0.2577991543839759,0.0,0.0,0.0,0.0,0.0,0.0,0.0,20.745252031368103,0.0,0.0,0.0,0.0,0.0,0.0,0.0
CHEMBL308829,2.330629094230285,11.131254317313346,2.4930432728647016,0.0,1.95901428781389,0.0,1.5830078420256994,0.0,0.0,0.2577991543839759,0.0,0.0,0.0,0.0,0.0,0.0,0.0,20.745252031368103,0.0,0.0,0.0,0.0,0.0,0.0,0.0
CHEMBL309113,2.2350919364659445,8.38894547325103,1.9563396793902743,0.0,2.7937566137566128,0.0,2.308267996241708,0.0,0.0,-0.007072900919627,0.0,0.0,0.0,0.0,0.0,0.0,0.0,0.0,23.90800453514739,0.0,0.0,0.0,0.0,0.0,0.0
CHEMBL309113,2.2350919364659445,8.38894547325103,1.9563396793902743,0.0,2.7937566137566128,0.0,2.308267996241708,0.0,0.0,-0.007072900919627,0.0,0.0,0.0,0.0,0.0,0.0,0.0,0.0,23.90800453514739,0.0,0.0,0.0,0.0,0.0,0.0
CHEMBL309490,0.0,0.0,0.0,10.83070053329974,0.0,0.0,0.0,-0.7396892584194161,-0.1628387188208608,0.0,0.0,0.0,0.0,0.0,0.0,0.0,0.0,29.098746850592093,12.102892573696144,0.0,5.451111111111111,0.0,0.0,0.0,0.0
CHEMBL309656,3.754888921988038,10.493509372113042,2.441289603804485,0.0,1.794965513983371,0.0,1.9048699688208623,0.0,0.0,-0.000517605190224,0.0,0.0,0.0,0.0,0.0,0.0,0.0,0.0,24.00950644418312,5.601487780297305,0.0,0.0,0.0,0.0,0.0
CHEMBL309656,3.754888921988038,10.493509372113042,2.441289603804485,0.0,1.794965513983371,0.0,1.9048699688208623,0.0,0.0,-0.000517605190224,0.0,0.0,0.0,0.0,0.0,0.0,0.0,0.0,24.00950644418312,5.601487780297305,0.0,0.0,0.0,0.0,0.0
CHEMBL3099683,0.0,4.089740095112119,0.0,8.36827735260771,-0.0067195767195771,1.9652804547745024,0.0,1.872903937809692,0.0,0.0,0.0,0.0,0.0,8.801116438859495,4.172772423784329,0.0,2.0669255479969766,0.0,0.0,0.0,0.0,14.169703325774757,0.0,0.0,0.0
CHEMBL3099686,1.3576962081128747,1.272398037918871,0.0,8.291926414084152,0.0,2.0357016093474427,-0.3834651360544214,2.4177874097169743,0.0,-1.0082813681027964,0.0,0.0,0.0,8.94706866234148,4.104420666414714,0.0,1.8116014739229025,0.0,12.509387518896448,5.018533793146888,0.0,0.0,0.0,6.319669154698916,0.0
CHEMBL3099695,0.0,1.8102992724867728,0.0,8.219683248299319,0.0141137566137563,1.940589096749811,0.0,1.824269678550433,0.0,0.0,0.0,0.0,0.0,8.711116438859495,4.071105757117662,0.0,2.0044255479969766,0.0,0.0,0.0,0.0,13.904397203325775,0.0,0.0,0.0
CHEMBL3099734,0.0,0.0,1.9444444444444444,23.22442791005291,-0.0704572940287229,0.0,0.8726908541194256,2.79395171957672,0.0,0.0,0.0,0.0,0.0,0.0,4.123660241874528,0.0,2.0415362811791384,0.0,12.736412509448224,0.0,0.0,0.0,0.0,0.0,0.0
CHEMBL3099735,0.0,0.0,1.9669444444444444,23.20462700859346,-0.0630876795162511,0.0,0.8922826908541195,2.852129157218444,0.0,0.0,0.0,0.0,0.0,0.0,4.026255927914478,0.0,2.0463194444444444,0.0,12.74119567271353,0.0,0.0,0.0,0.0,0.0,0.0
CHEMBL3105517,0.0,0.1912499999999999,0.0,13.859847936088016,-0.3467592592592594,0.0,-0.0815277777777776,0.8282935983035193,0.0,0.0,0.0,0.0,0.0,0.0,0.0,0.0,0.0,0.0,12.322735260770976,5.395843726379441,0.0,13.496983182161753,0.0,0.0,0.0
CHEMBL3105518,0.0,0.0678561980347693,0.0,10.79511490089863,-0.5186111111111118,0.0,-0.3140277777777776,-1.017799141261441,0.0,0.0,0.0,0.0,0.0,0.0,0.0,0.0,0.0,0.0,12.308290816326531,5.284177059712774,0.0,26.72833238851096,0.0,0.0,0.0
CHEMBL3105519,0.0,0.1912499999999999,0.0,13.403075396825397,-0.5545370370370375,0.0,-0.0815277777777774,1.141598639455783,0.0,0.0,0.0,0.0,0.0,0.0,0.0,0.0,0.0,0.0,12.322735260770976,5.528390022675737,0.0,13.715682161753591,0.0,0.0,0.0
CHEMBL3105520,0.0,0.2631944444444445,0.0,13.257631382800035,-0.4207407407407411,0.0,-0.0116203703703696,1.501690707147057,0.0,0.0,0.0,0.0,0.0,0.0,0.0,0.0,0.0,0.0,12.326030801209374,5.5574792139077855,0.0,13.193001228269086,0.0,0.0,0.0
CHEMBL3105521,0.0,0.3070228647014361,0.0,13.19004720945107,-0.3467592592592599,0.0,0.03097978080121,1.7066358024691373,0.0,0.0,0.0,0.0,0.0,0.0,0.0,0.0,0.0,0.0,12.328357426303857,5.576546910430839,0.0,12.87383593176838,0.0,0.0,0.0
CHEMBL3105522,0.0,0.0959722222222221,0.0,9.98165401654489,-0.6665740740740742,0.0,-0.174212962962962,-0.1209586272780707,0.0,0.0,0.0,0.0,0.0,0.0,0.0,0.0,0.0,0.0,12.314881897203325,5.474901738473166,0.0,26.42766912320484,0.0,0.0,0.0
CHEMBL3105523,0.0,0.1400904667422524,0.0,11.51539500559432,-0.5674225245653821,0.0,-0.1281401171579734,0.7894810956790128,0.0,-4.37678231294686,0.0,0.0,0.0,0.0,0.0,0.0,0.0,0.0,12.39678913926682,5.515348993764173,0.0,37.63190692029031,0.0,0.0,0.0
CHEMBL3105524,0.0,0.3502605627497404,0.0,29.14202379519677,-0.3156653649113972,0.0,0.1062756863279952,3.809850971323666,1.9899908518445544,0.0,0.0,0.0,0.0,0.0,0.0,0.0,0.0,0.0,13.295865658795403,11.78806450533994,0.0,0.0,0.0,0.0,0.0
CHEMBL3105525,1.5821726440323467,0.3304079550399894,0.0,22.46026396264921,-0.3329801797262122,0.0,0.0434053159576248,4.224702265830375,0.0,0.0,0.0,0.0,0.0,0.0,0.0,0.0,0.0,0.0,12.894476769906513,16.797551266310148,0.0,0.0,0.0,0.0,0.0
CHEMBL3105526,1.5778621031746032,0.3510470993953136,0.0,12.39063859494415,-0.2978647014361306,0.0,0.0492129629629634,2.7165740215839422,0.0,0.0,0.0,0.0,0.0,0.0,4.051546516754851,0.0,0.0,0.0,12.521998299319726,10.805651769967245,0.0,0.0,0.0,0.0,0.0
CHEMBL3105527,0.0,0.1512499999999998,0.0,11.259180261610815,-0.4092592592592594,0.0,-0.1215277777777774,0.6533715461493244,0.0,0.0,0.0,0.0,0.0,0.0,3.985990961199296,0.0,0.0,0.0,12.294957482993198,5.368065948601663,0.0,13.484637503149408,0.0,0.0,0.0
CHEMBL3105528,0.0,0.2670228647014359,0.0,10.868208039388596,-0.4092592592592599,0.0,-0.1215277777777774,1.103325249853029,0.0,0.0,0.0,0.0,0.0,0.0,3.985990961199296,0.0,0.0,0.0,12.294957482993198,5.500612244897959,0.0,13.177336860670197,0.0,0.0,0.0
CHEMBL310735,7.307084829302092,9.902621501532712,2.5813396793902745,0.0,3.093313492063491,0.0,2.3580239302511137,0.0,0.0,0.4867877220332581,0.0,0.0,0.0,0.0,0.0,0.0,0.0,0.0,12.437495512093726,0.0,0.0,0.0,0.0,0.0,0.0
CHEMBL310735,7.307084829302092,9.902621501532712,2.5813396793902745,0.0,3.093313492063491,0.0,2.3580239302511137,0.0,0.0,0.4867877220332581,0.0,0.0,0.0,0.0,0.0,0.0,0.0,0.0,12.437495512093726,0.0,0.0,0.0,0.0,0.0,0.0
CHEMBL311077,5.427923344695392,10.923491975538557,2.4517188329647746,0.0,1.9660772549760632,0.0,1.2626995319094891,0.0,0.0,0.1795934508062484,0.0,0.0,0.0,0.0,0.0,0.0,0.0,0.0,23.215649659013792,11.406179283429012,0.0,0.0,0.0,0.0,0.0
CHEMBL311400,4.598860308012093,6.400902699042581,6.3428986231838405,0.0,0.8189263405979672,0.0,1.6029615457294033,0.0,0.0,0.1579713482615268,0.0,0.0,0.0,0.0,0.0,0.0,0.0,10.418900148022171,12.825245653817085,0.0,0.0,0.0,0.0,0.0,0.0
CHEMBL311400,4.598860308012093,6.400902699042581,6.3428986231838405,0.0,0.8189263405979672,0.0,1.6029615457294033,0.0,0.0,0.1579713482615268,0.0,0.0,0.0,0.0,0.0,0.0,0.0,10.418900148022171,12.825245653817085,0.0,0.0,0.0,0.0,0.0,0.0
CHEMBL31215,0.0,3.470635707986899,0.0,11.754855205971277,0.3833267195767194,2.1521014424288234,0.0,3.295346067439322,0.0,0.0,0.0,0.0,0.0,8.798338661081717,4.223887314184934,0.0,2.254842214663644,0.0,0.0,0.0,0.0,0.0,0.0,0.0,0.0
CHEMBL31224,0.0,2.0123469387755097,2.2183144368858656,11.40685122197027,0.0,2.188070200302343,1.1604072184429328,3.179751039304612,0.0,0.0,0.0,0.0,0.0,8.909222726127489,4.073805114638448,0.0,2.0178977702191987,0.0,0.0,0.0,0.0,0.0,0.0,0.0,0.0
CHEMBL312960,4.144347298332914,5.351476290164061,0.0,7.248596308893928,0.0,0.0,-0.0437155139833704,0.9842514119845472,0.0,-0.552515235260771,0.0,0.0,0.0,0.0,4.033469618755063,1.4891751700680271,0.0,0.0,25.09491465104561,0.0,0.0,0.0,0.0,0.0,0.0
CHEMBL3132924,4.9274337153747325,0.0,4.027674792139078,13.687003028637228,0.0,0.0,0.0,4.360357431552869,0.0,0.0,0.0,0.0,0.0,0.0,0.0,0.0,0.0,0.0,0.0,15.830864365629424,0.0,0.0,0.0,0.0,0.0
CHEMBL3134107,1.3112355203151558,0.1196226519125149,3.29309548688111,20.424319356669592,-1.624588111535784,0.0,-0.5742092962452803,-0.7739455488161247,0.0,0.0,0.0,0.0,0.0,0.0,0.0,0.0,0.0,43.89775692596572,25.303830297436328,11.456216050750092,0.0,0.0,0.0,0.0,0.0
CHEMBL3134108,1.3112355203151558,0.1196226519125149,3.29309548688111,20.424319356669592,-1.624588111535784,0.0,-0.5742092962452803,-0.7739455488161247,0.0,0.0,0.0,0.0,0.0,0.0,0.0,0.0,0.0,43.89775692596572,25.303830297436328,11.456216050750092,0.0,0.0,0.0,0.0,0.0
CHEMBL3134109,1.436151738473167,0.3436961451247167,0.5215277777777774,10.750926503317377,-1.238784958427816,0.0,0.0,1.5689790144452858,0.0,0.0,0.0,0.0,0.0,0.0,0.0,0.0,0.0,20.40698727639204,11.28631251574704,11.09087065381708,0.0,0.0,0.0,0.0,0.0
CHEMBL3134110,4.814178713151927,0.3863484977324263,0.6986111111111108,9.62030948181742,-1.137286470143614,0.0,0.0,3.638571691022088,0.0,0.0,0.0,0.0,0.0,0.0,0.0,0.0,0.0,10.696284958427816,11.67742362685815,16.938891723356008,0.0,0.0,0.0,0.0,0.0
CHEMBL3134111,7.118692602040816,0.49859339569161,0.0,9.950016271940877,-0.822471655328799,0.0,0.0,5.5814893025111285,0.0,0.0,0.0,0.0,0.0,0.0,0.0,0.0,0.0,10.716693121693122,0.0,17.29032029478458,0.0,0.0,0.0,0.0,0.0
CHEMBL3134112,3.111449829931973,0.5902239229024944,0.5909722222222218,11.130918708532796,-0.5582756991685569,0.0,0.0,2.355879997060554,0.0,0.0,0.0,0.0,0.0,0.0,0.0,0.0,0.0,10.062187578735198,11.415457923910305,16.967852182539684,0.0,0.0,0.0,0.0,0.0
CHEMBL3134113,3.093345143613001,0.343140589569161,0.5423611111111108,9.45545608675569,-1.248964474678761,0.0,0.0,2.1143336902662315,0.0,0.0,0.0,0.0,0.0,0.0,0.0,0.0,0.0,20.81846875787352,11.43853473796926,11.27665769085412,0.0,0.0,0.0,0.0,0.0
CHEMBL3134114,4.84734693877551,0.589668367346939,0.6118055555555553,9.73544829197111,-0.5684552154195017,0.0,0.0,2.99197541362224,0.0,0.0,0.0,0.0,0.0,0.0,0.0,0.0,0.0,10.349224615772236,11.567680146132528,17.208639219576717,0.0,0.0,0.0,0.0,0.0
CHEMBL3134115,3.33854473733938,0.2185933956916099,0.0,11.055815171747712,-0.3366609977324268,0.0,-0.1172628495842778,2.7422669963046955,0.0,0.0,0.0,0.0,0.0,0.0,0.0,0.0,0.0,10.03914525069287,12.361112055933482,11.198446239606955,0.0,0.0,0.0,0.0,0.0
CHEMBL3134228,1.6715462094056068,0.6185008030990173,0.0,11.410517736415551,0.4948195389266814,0.0,0.0,5.298391852238805,0.0,0.0,0.0,3.5451455026455028,0.0,0.0,0.0,0.0,0.0,9.553639552086524,0.0,11.074105471848975,0.0,0.0,0.0,0.0,0.0
CHEMBL313485,2.19310872252814,7.657792236856992,0.0,7.248596308893928,0.0,0.0,-0.2952725626012056,0.9842514119845472,0.0,-0.552515235260771,0.0,2.5224803162005545,0.0,0.0,4.033469618755063,0.0,0.0,0.0,23.958089182642755,0.0,0.0,0.0,0.0,0.0,0.0
CHEMBL313774,0.0,1.56666832010582,1.8998025321239609,12.16880149628977,0.0,0.0,0.7900576341647774,2.736526518014614,0.0,0.0,0.0,0.0,0.0,0.0,3.957797547253265,0.0,0.0,9.502051356431767,12.378294595616024,0.0,0.0,0.0,0.0,0.0,0.0
CHEMBL314125,4.21781704278232,7.931865923902654,0.0,7.282069678958207,0.0,0.0,-0.0263294700596281,0.9893360972207474,0.0,-0.5552891550138574,0.0,0.0,0.0,0.0,4.050919621438581,1.513268140589569,0.0,0.0,25.346342120181404,0.0,0.0,0.0,0.0,0.0,0.0
CHEMBL314351,3.993530801209373,3.0781327947845805,0.0,7.198279950869237,0.0,0.0,-0.0793693310657588,0.975558390022676,0.0,-0.5495833333333333,0.0,0.0,0.0,0.0,4.009128480095741,1.4379251700680271,0.0,0.0,24.68639707734945,0.0,0.0,0.0,0.0,0.0,0.0
CHEMBL31456,0.0,0.0,0.0,20.35451963807664,0.0,2.119568379502092,0.7539928193499624,3.3912548313695963,0.0,0.0,0.0,0.0,0.0,8.91236466478981,4.080331212732006,0.0,1.8506206301965231,0.0,0.0,0.0,0.0,0.0,0.0,0.0,3.416889112721093
CHEMBL314774,4.6616964499663744,0.0,3.718315381708239,9.953820966658268,0.0,0.0,0.0,3.4352086884008792,0.0,0.0,0.0,0.0,0.0,0.0,0.0,0.0,0.0,0.0,10.640944457473417,15.872983165812524,0.0,0.0,0.0,0.0,0.0
CHEMBL314991,3.5529676870748297,1.7236007180650037,0.0,7.114060846560847,0.0,0.0,-0.1846471088435366,0.9577314814814816,0.0,-0.55,0.0,0.0,0.0,0.0,3.972797461577224,1.2573696145124715,0.0,0.0,23.90611929957168,0.0,0.0,0.0,0.0,0.0,0.0
CHEMBL316262,4.186641183018244,6.617173638158711,0.0,7.266860771703845,0.0,0.0,-0.033724017384731,0.9870909181573866,0.0,-0.5539619945200303,0.0,0.0,0.0,0.0,4.042859000740599,1.503064058956916,0.0,0.0,25.23399644116906,0.0,0.0,0.0,0.0,0.0,0.0
CHEMBL317221,1.4077517951625094,0.0,2.918678902116402,11.834219515987192,0.0,0.0,-0.4800869236583522,0.3648469574290295,0.0,0.0,0.0,0.0,0.0,0.0,0.0,0.0,0.0,19.55236457545981,12.01166761148904,4.890557566014365,0.0,0.0,0.0,0.0,0.0
CHEMBL317581,0.0,1.1428587000643882,0.0,21.096137642776046,-0.1825511778785591,0.0,0.0,3.908367375497458,0.0,0.0,0.0,0.0,0.0,0.0,0.0,0.0,2.06692874989502,0.0,0.0,6.156677059712775,0.0,0.0,0.0,18.31158164993287,0.0
CHEMBL31760,0.0,0.0,0.0,12.534286029226504,0.0,2.0790509259259258,0.8444349962207107,1.6288714096749817,0.0,0.0,0.0,0.0,0.0,8.663427658100277,3.952266943814563,0.0,1.8347033257747545,0.0,0.0,0.0,0.0,0.0,0.0,0.0,0.0
CHEMBL317935,2.006632180650038,3.342866351996527,3.4066133909180447,18.1685322258224,-0.0473019284874443,0.0,-0.0896957147056354,3.297960576388191,0.0,0.0,0.0,3.0276172367094984,0.0,0.0,0.0,2.316316609977324,0.0,0.0,12.161846853142848,5.408612217588216,0.0,0.0,0.0,0.0,0.0
CHEMBL319026,6.959194171495758,2.6982042915498,0.0,7.158129829092131,2.0276878096917765,0.0,-0.1044850718064998,0.9712516665616868,0.0,0.4379203864167338,0.0,0.0,0.0,0.0,3.959973901125597,0.0,0.0,0.0,12.0664559712774,5.742333711262283,0.0,0.0,0.0,0.0,0.0
CHEMBL319108,4.566678214495675,9.487867430922986,1.9968489386495336,0.0,2.047620464852608,0.0,2.329910097526666,0.0,0.0,0.2555518156336609,0.0,0.0,0.0,0.0,0.0,0.0,0.0,0.0,24.315523037918872,0.0,0.0,0.0,0.0,0.0,0.0
CHEMBL319160,1.6177670952231942,4.185350943007786,0.0,18.56264271715396,-0.2920361229273844,0.0,0.1285999941915376,3.5931261165224653,0.0,-1.0810780009922878,0.0,0.0,0.0,0.0,4.125039726047292,4.151960072600888,1.8919902343358297,0.0,11.55334279947623,18.712909891078528,0.0,0.0,0.0,12.655940089837516,0.0
CHEMBL319961,4.682586451030264,6.693527055548269,1.994856757579575,8.829923994289073,2.13209824053078,0.0,2.2091192920452043,2.574414390390888,0.0,0.0305333454060636,0.0,0.0,0.0,0.0,0.0,0.0,0.0,0.0,25.11970834530629,0.0,0.0,0.0,0.0,0.0,0.0
CHEMBL321729,2.2589387807592174,4.737584010456034,0.0,7.101401696481061,0.9219324124915746,0.0,-0.1150434618291758,0.9668310132695056,0.0,0.0,0.0,0.0,0.0,0.0,3.924553110730059,0.0,0.0,0.0,11.719570578231291,5.48423185941043,0.0,0.0,0.0,0.0,0.0
CHEMBL3219070,0.0,0.6861311885865455,0.0,18.89341902694401,0.0,0.0,0.0,1.0771787603930465,3.221367840346016,0.0,0.0,0.0,3.397361111111111,0.0,4.056923497411413,0.0,1.988373015873016,0.0,12.603476001511718,0.0,0.0,0.0,0.0,0.0,0.0
CHEMBL3219071,0.0,0.7105226442428823,0.0,18.99610980579866,0.0,0.0,0.0,1.0845195578231297,3.19586745191904,0.0,0.0,0.0,3.3169864890400604,0.0,4.034204557601022,0.0,1.9825439342403628,0.0,12.603476001511716,0.0,0.0,0.0,0.0,0.0,0.0
CHEMBL3219600,1.6066503702159365,1.631295587679516,1.8484618291761148,9.068632658310236,0.0,0.0,0.8712991307634171,3.333499149659864,0.0,0.0,0.0,0.0,2.8845509976769,0.0,4.125620590828924,0.0,0.0,0.0,12.449297996976568,5.180691688712521,0.0,0.0,0.0,0.0,0.0
CHEMBL3221175,3.413220742000504,0.0,0.0,5.656131739732929,0.0,0.0,-0.5821759259259258,2.179493627697995,0.0,0.0,0.0,0.0,0.0,0.0,0.0,0.0,0.0,19.21241522843705,12.157490551776268,10.96342403628118,0.0,0.0,0.0,0.0,0.0
CHEMBL322322,0.0,0.3604317838246409,0.0,14.681495756772934,0.0,2.069183125988508,0.0,2.131302780913173,0.0,0.0,4.86197306681999,0.0,0.0,8.956369052915806,7.616412844922345,1.840299469324767,1.670673947047955,0.0,22.11368149822175,4.623470860641191,0.0,0.0,-4.162514176109555,6.098331099827612,0.0
CHEMBL323197,9.09531856699446,0.6181384706596644,3.76575987621352,2.6322600676072896,0.0,0.0,2.054782006366013,0.2948431028747595,0.4096653229192917,0.0,0.0,0.0,0.0,0.0,0.0,0.0,0.0,31.585112764755102,13.480485323759131,5.351505576837917,5.825410289115646,0.0,0.0,0.0,0.0
CHEMBL323546,0.0,0.2613236961451244,0.0,15.952348884380813,0.0,0.0,-0.266296296296296,1.46989559712774,0.0,0.0,0.0,0.0,0.0,0.0,3.884545012066657,0.0,0.0,0.0,11.539229024943312,5.158954081632653,0.0,0.0,0.0,0.0,0.0
CHEMBL323585,4.21567723462204,1.7681389361300073,0.0,7.000865194843369,0.568264151339548,0.0,-0.1649537037037034,0.9440249433106578,0.0,0.0,0.0,0.0,0.0,0.0,3.885907468703735,0.0,0.0,0.0,11.351316137566137,5.097426303854875,0.0,0.0,0.0,0.0,0.0
CHEMBL324070,1.9396207404544208,0.0,0.0,31.74998093516969,-0.2054927773578572,0.0,0.0,3.233491876915815,1.5415381183337535,0.0,0.0,0.0,0.0,0.0,4.223443043580008,0.0,3.397961073318216,0.0,27.123697404887885,0.0,0.0,0.0,-3.7542404153019215,0.0,0.0
CHEMBL324290,3.282222604836241,0.0,4.031961451247165,13.469583445254443,0.0,0.0,0.0,4.427614413304349,0.0,0.0,5.652561875454191,0.0,0.0,0.0,0.0,0.0,0.0,0.0,0.0,10.469389543236948,0.0,0.0,0.0,0.0,0.0
CHEMBL324326,0.0,1.5942797985177135,0.0,24.05804671274077,0.0,2.161050848969319,0.0,3.151009160091953,2.4831667034097595,0.0,0.0,0.0,0.0,8.922648816148929,4.119082307928635,0.0,4.344048985526259,0.0,0.0,0.0,0.0,0.0,0.0,0.0,0.0
CHEMBL3245348,6.973537054259007,10.722910632036715,2.014587742504409,0.0,2.506749338624338,0.0,2.3105762497900404,0.0,0.0,0.1390450601536912,0.0,0.0,0.0,0.0,0.0,0.0,0.0,0.0,24.85051814787745,0.0,0.0,0.0,0.0,0.0,0.0
CHEMBL3245348,6.973537054259007,10.722910632036715,2.014587742504409,0.0,2.506749338624338,0.0,2.3105762497900404,0.0,0.0,0.1390450601536912,0.0,0.0,0.0,0.0,0.0,0.0,0.0,0.0,24.85051814787745,0.0,0.0,0.0,0.0,0.0,0.0
CHEMBL3245349,4.677903255437977,6.707504017230297,1.9919415312421265,10.700738096713025,2.1533895502645493,0.0,2.2103341128117924,1.3140639172335604,0.0,0.0397028927311666,0.0,0.0,0.0,0.0,0.0,0.0,0.0,0.0,25.04642092565524,0.0,0.0,0.0,0.0,0.0,0.0
CHEMBL3245350,4.69512264319308,7.799227143974618,2.0033738819601914,10.735900990293576,2.2602733161165696,0.0,2.241655484208019,1.3723655990173849,0.0,0.0596613205467373,0.0,0.0,0.0,0.0,0.0,0.0,0.0,0.0,25.088491994083626,0.0,0.0,0.0,0.0,0.0,0.0
CHEMBL3245350,4.69512264319308,7.799227143974618,2.0033738819601914,10.735900990293576,2.2602733161165696,0.0,2.241655484208019,1.3723655990173849,0.0,0.0596613205467373,0.0,0.0,0.0,0.0,0.0,0.0,0.0,0.0,25.088491994083626,0.0,0.0,0.0,0.0,0.0,0.0
CHEMBL3245353,4.708561429201311,9.042592741325327,2.0119835758377427,10.762015150084371,2.322746546149322,0.0,2.263971963523958,1.4016519956748132,0.0,0.0729215140869634,0.0,0.0,0.0,0.0,0.0,0.0,0.0,0.0,25.127889929165324,0.0,0.0,0.0,0.0,0.0,0.0
CHEMBL3245353,4.708561429201311,9.042592741325327,2.0119835758377427,10.762015150084371,2.322746546149322,0.0,2.263971963523958,1.4016519956748132,0.0,0.0729215140869634,0.0,0.0,0.0,0.0,0.0,0.0,0.0,0.0,25.127889929165324,0.0,0.0,0.0,0.0,0.0,0.0
CHEMBL3245356,6.3792869565299215,7.634633717789243,1.9943105210786487,8.38100058034131,2.1506619489317,0.0,2.200784462010268,2.2000838623123977,0.0,0.0187212379021091,0.0,0.0,0.0,0.0,0.0,0.0,0.0,0.0,25.18556215021972,5.305052115794742,0.0,0.0,0.0,0.0,0.0
CHEMBL3245356,6.3792869565299215,7.634633717789243,1.9943105210786487,8.38100058034131,2.1506619489317,0.0,2.200784462010268,2.2000838623123977,0.0,0.0187212379021091,0.0,0.0,0.0,0.0,0.0,0.0,0.0,0.0,25.18556215021972,5.305052115794742,0.0,0.0,0.0,0.0,0.0
CHEMBL3245357,4.651512070864975,6.566884929744778,1.9760567575795749,8.177146216511296,2.017936140505584,0.0,2.154835035336705,2.029214390390888,0.0,-0.0070666545939361,5.895400697303205,0.0,0.0,0.0,0.0,0.0,0.0,0.0,25.093597234195176,0.0,0.0,0.0,0.0,0.0,0.0
CHEMBL3245357,4.651512070864975,6.566884929744778,1.9760567575795749,8.177146216511296,2.017936140505584,0.0,2.154835035336705,2.029214390390888,0.0,-0.0070666545939361,5.895400697303205,0.0,0.0,0.0,0.0,0.0,0.0,0.0,25.093597234195176,0.0,0.0,0.0,0.0,0.0,0.0
CHEMBL325346,0.0,0.3668246882086166,0.0,16.609965402929866,0.0,2.071491039681911,0.0,2.2225166561816563,0.0,0.0,4.90697274158216,0.0,0.0,8.94764868716705,7.616742629864924,1.844457671957672,1.6751848308767952,0.0,22.20187056807866,4.714563278632543,0.0,0.0,-4.0949048618285255,0.0,0.0
CHEMBL325461,1.9537908635676493,7.256791230955192,0.0,7.406522930357481,2.1312026014109344,0.0,0.0536602418745275,0.9820169595616028,0.0,-0.1614891581632653,0.0,0.0,0.0,0.0,4.114085490677752,0.0,0.0,0.0,12.837770691609975,5.842314814814815,0.0,0.0,0.0,0.0,0.0
CHEMBL32571,0.0,0.0933635676492818,0.0,8.777385427923848,-0.5029629629629633,0.0,-0.248310185185185,0.6809474468799888,0.0,0.0,0.0,0.0,0.0,0.0,0.0,0.0,0.0,28.4348264537424,12.097298437893675,5.667451814058957,0.0,0.0,0.0,0.0,0.0
CHEMBL3264672,1.4925761284022168,1.681661836124714,0.0,23.276760680776373,0.0,0.0,-0.0758717171018246,4.7348279314969615,0.0,0.0,0.0,0.0,0.0,0.0,8.247530403543298,1.521957957007144,1.5586418703283782,0.0,38.15211185505001,5.768188423788909,0.0,0.0,-3.608385369416179,0.0,0.0
CHEMBL3264675,0.0,1.605951745852222,0.0,24.595940098600583,0.0,0.0,0.0,4.0636529701301445,1.125872341552983,0.0,0.0,0.0,0.0,0.0,8.26790179747124,1.516991970612586,1.545331685143193,0.0,38.297079494883725,5.830688423788908,5.190591481040534,0.0,-3.624408069752064,0.0,0.0
CHEMBL3264679,5.142733977378781,1.5384043229478754,0.0,19.955546824514467,0.0,0.0,0.0,6.635728373324554,0.0,0.0,0.0,0.0,0.0,0.0,8.335005991206042,1.492793179985224,1.6009391614965902,0.0,26.785190176029268,16.61144305028853,0.0,0.0,-3.681118390504664,0.0,0.0
CHEMBL3264681,4.625269729799575,1.321699790236098,0.0,18.95785962459133,0.0,0.0,-0.0851705597365837,5.519594544818446,0.0,0.0,0.0,0.0,0.0,0.0,8.263105008590774,1.4722716380351106,1.544419099768195,0.0,38.63549715640056,16.544497930597068,0.0,0.0,-3.7157106297672313,0.0,0.0
CHEMBL3264682,4.43894356473202,1.247916563029092,0.0,18.62459398187821,0.0,0.0,-0.4972075967736209,5.1395929678474745,0.0,0.0,0.0,0.0,0.0,0.0,8.2434946690846,1.465604971368444,1.5259005812496766,0.0,38.80705965640056,21.315612480323423,0.0,0.0,-3.728178505806536,0.0,0.0
CHEMBL3264684,3.1215906893069985,1.2666478976797209,0.0,17.541192382966404,0.0,0.0,0.0,4.874119008266948,0.0,0.0,0.0,0.0,0.0,0.0,8.16846438379683,1.4577001987543667,1.5156070386464298,0.0,37.543801938222565,16.363335979357018,0.0,0.0,-3.727663125118593,0.0,0.0
CHEMBL3264685,4.648360923376355,1.2704770185157537,0.7273666474106817,16.76725821923031,0.0,0.0,0.0,5.84600735832133,0.0,0.0,0.0,0.0,0.0,0.0,8.25952594270516,1.467309549032843,1.5327099948299234,0.0,37.95418589834593,21.83624498393265,0.0,0.0,-3.7261132023676073,0.0,0.0
CHEMBL327239,3.843307193247669,2.195981906651549,0.0,7.16224678760393,0.0,0.0,-0.1152026643990922,0.9684722222222224,0.0,-0.5487500000000001,0.0,0.0,0.0,0.0,3.992955640589569,1.3823696145124715,0.0,0.0,24.36861929957168,0.0,0.0,0.0,0.0,0.0,0.0
CHEMBL328217,1.64002482814296,1.635430602796674,1.955541147014361,12.933789797931214,0.0,0.0,0.9718353174603178,3.6777865657537374,0.0,0.0,0.0,0.0,0.0,0.0,3.984457360827414,0.0,0.0,0.0,12.495996315192745,5.205138064880579,0.0,0.0,0.0,0.0,0.0
CHEMBL328546,4.084287266215026,4.157971781305115,0.0,7.226250629881582,0.0,0.0,-0.0578878495842773,0.9805541383219956,0.0,-0.5510005668934241,0.0,0.0,0.0,0.0,4.022392942905659,1.4691751700680271,0.0,0.0,24.918256487780297,0.0,0.0,0.0,0.0,0.0,0.0
CHEMBL328863,1.6177670952231942,4.185350943007786,0.0,18.56264271715396,-0.2920361229273844,0.0,0.1285999941915376,3.5931261165224653,0.0,-1.0810780009922878,0.0,0.0,0.0,0.0,4.125039726047292,4.151960072600888,1.8919902343358297,0.0,11.55334279947623,18.712909891078528,0.0,0.0,0.0,12.655940089837516,0.0
CHEMBL329500,0.0,0.0,0.0,19.664929519634608,0.0,0.0,0.0,1.5142241958511802,2.656089800117579,0.0,0.0,0.0,0.0,0.0,0.0,0.0,0.0,9.72555816618046,12.378970616024189,0.0,5.985833333333333,0.0,0.0,0.0,0.0
CHEMBL330452,1.9680602796674225,1.676795162509448,0.0,7.046283068783069,0.0,0.0,-0.3605730347694627,0.9398148148148152,0.0,-0.5586805555555556,0.0,2.4213236961451248,0.0,0.0,3.9469683799445705,0.0,0.0,0.0,23.17000818846057,0.0,0.0,0.0,0.0,0.0,0.0
CHEMBL3313969,3.8617270565633657,1.5558448286722095,0.0,9.117152207327171,0.0,0.0,0.0,5.828236331569666,0.0,0.0,0.0,0.0,0.0,0.0,12.354293449639322,0.0,1.8274277210884355,0.0,0.0,0.0,0.0,14.788651738473169,0.0,0.0,0.0
CHEMBL3315157,3.6000477135298565,2.68562783446712,0.0,3.4636584047199124,-0.0501388888888891,0.0,-0.2190104035441331,2.138878758293441,0.0,-2.4156864134542704,0.0,0.0,0.0,0.0,0.0,0.0,0.0,31.93689355526161,12.369567428823382,0.0,5.406828677458638,0.0,0.0,0.0,0.0
CHEMBL331522,4.240499932318045,9.48236608445998,0.0,7.24974609798078,-0.0676014371798106,0.0,-0.2434397139122963,0.970320180477558,0.0,-0.5935245391583324,0.0,2.6326310661240315,0.0,0.0,4.051112365202753,0.0,0.0,0.0,24.861223297020626,0.0,0.0,0.0,0.0,0.0,0.0
CHEMBL3326515,1.7723037656420593,0.8433342274007861,0.0,19.5777151290702,0.0,0.0,-0.4530882044175681,2.8919984830351906,0.0,0.0,0.0,0.0,0.0,0.0,8.202611016628875,0.0,1.7330555555555556,0.0,12.16654399722852,5.09885936318972,0.0,0.0,0.0,0.0,0.0
CHEMBL3326516,1.7694387518679546,0.8222209248266702,0.0,17.613651040918356,0.0,0.0,-0.4632125666624664,3.79562958529499,0.0,0.0,0.0,0.0,0.0,0.0,8.224028958805745,0.0,1.7270086923658352,0.0,12.224221466364323,5.113326955782313,0.0,0.0,0.0,0.0,3.4236861904362805
CHEMBL3326517,1.7669852394712604,0.7860570129809401,0.0,15.609712808702708,0.0,0.0,-0.4713787189258409,4.713206045848093,0.0,0.0,0.0,0.0,0.0,0.0,8.249099229969765,0.0,1.7195086923658351,0.0,12.27083669270177,5.124942182119762,0.0,0.0,0.0,0.0,6.897697481432375
CHEMBL3326518,3.799004892080289,0.8414396748266703,0.0,17.90667273513323,0.0,0.0,-0.4514938166624664,4.058528300336562,0.0,0.0,0.0,0.0,0.0,0.0,8.247466458805743,0.0,1.7423148148148146,0.0,12.233480725623584,5.122586215041572,0.0,0.0,0.0,0.0,0.0
CHEMBL3326519,1.756487862502924,0.9375250184886732,0.0,15.350774667368732,0.0,0.0,-0.5004828567229354,3.8875689381966456,0.0,0.0,0.0,0.0,0.0,0.0,8.245576814058957,0.0,1.6935733182161754,0.0,12.3443536627614,15.951289241796095,0.0,0.0,0.0,0.0,0.0
CHEMBL3326520,1.7557363873133174,0.7511785407587177,0.0,15.089181549137356,0.0,0.0,-0.4926460800369521,4.224844710836927,0.0,0.0,0.0,0.0,0.0,0.0,8.206564507747544,0.0,1.6917309145880577,0.0,12.254032851823856,5.108138341241847,0.0,0.0,0.0,5.9772117448014805,3.461804309565628
CHEMBL3326521,1.7581898997100116,0.7873424526044479,0.0,17.081870929195063,0.0,0.0,-0.4844799277735776,3.318517102441767,0.0,0.0,0.0,0.0,0.0,0.0,8.181494236583521,0.0,1.6992309145880573,0.0,12.207417625486409,5.096523114904398,0.0,0.0,0.0,5.965004763371015,0.0
CHEMBL3326522,1.769850253245365,0.807170315555056,0.0,17.56804686930634,0.0,0.0,-0.4612543566809426,3.82081461300978,0.0,0.0,0.0,0.0,0.0,0.0,8.227681287792894,0.0,1.7255555555555555,0.0,12.21315922356597,5.110474589527168,0.0,0.0,0.0,0.0,3.468501649122816
CHEMBL333185,4.119550320510818,4.2300631456286215,0.0,7.181065444696396,-0.0687358276643992,0.0,-0.2726577853363561,0.9597208049886624,0.0,-0.5880376039304611,0.0,2.580324074074074,0.0,0.0,4.015590221817224,0.0,0.0,0.0,24.42645053854876,0.0,0.0,0.0,0.0,0.0,0.0
CHEMBL334391,4.601820961409255,7.500169971878298,0.0,9.708213941989143,1.7232133781989476,0.0,2.524858440905711,0.752159611255481,0.0,-0.0550524980487552,0.0,0.0,0.0,0.0,0.0,0.0,0.0,0.0,25.39647582592582,6.181473699819434,0.0,0.0,0.0,0.0,0.0
CHEMBL3349548,4.546689933676767,4.726354761410226,5.827222105529285,8.126829858486605,1.812102807172252,0.0,1.8694573425929408,2.0020655773532767,0.0,-0.2117151806710335,5.887796243676024,0.0,0.0,0.0,0.0,0.0,0.0,0.0,24.99280633913345,0.0,0.0,0.0,0.0,0.0,0.0
CHEMBL3349549,4.713641161711598,9.155012291366909,2.0167072152935246,10.813493582886167,2.4223103531536063,0.0,2.281007336059872,1.409402636054422,0.0,0.0863279872134039,0.0,0.0,0.0,0.0,0.0,0.0,0.0,0.0,25.102097436260497,0.0,0.0,0.0,0.0,0.0,0.0
CHEMBL3349549,4.713641161711598,9.155012291366909,2.0167072152935246,10.813493582886167,2.4223103531536063,0.0,2.281007336059872,1.409402636054422,0.0,0.0863279872134039,0.0,0.0,0.0,0.0,0.0,0.0,0.0,0.0,25.102097436260497,0.0,0.0,0.0,0.0,0.0,0.0
CHEMBL3349550,4.696421773956496,7.879585460918884,2.00527486457546,10.8298121707871,2.3154265873015865,0.0,2.2496859646636445,1.3973972505668937,0.0,0.0663695593978332,0.0,0.0,0.0,0.0,0.0,0.0,0.0,0.0,25.060026367832105,0.0,0.0,0.0,0.0,0.0,0.0
CHEMBL3349550,4.696421773956496,7.879585460918884,2.00527486457546,10.8298121707871,2.3154265873015865,0.0,2.2496859646636445,1.3973972505668937,0.0,0.0663695593978332,0.0,0.0,0.0,0.0,0.0,0.0,0.0,0.0,25.060026367832105,0.0,0.0,0.0,0.0,0.0,0.0
CHEMBL334958,0.0,0.0,0.0,22.38020423910305,0.0,0.0,0.0,4.0826006760729,0.0,-0.8438117283950617,0.0,0.0,0.0,0.0,4.200332070070827,0.0,0.0,0.0,0.0,0.0,0.0,0.0,0.0,19.097341409814952,0.0
CHEMBL3349655,4.713641161711598,9.155012291366909,2.0167072152935246,10.813493582886167,2.4223103531536063,0.0,2.281007336059872,1.409402636054422,0.0,0.0863279872134039,0.0,0.0,0.0,0.0,0.0,0.0,0.0,0.0,25.102097436260497,0.0,0.0,0.0,0.0,0.0,0.0
CHEMBL3349655,4.713641161711598,9.155012291366909,2.0167072152935246,10.813493582886167,2.4223103531536063,0.0,2.281007336059872,1.409402636054422,0.0,0.0863279872134039,0.0,0.0,0.0,0.0,0.0,0.0,0.0,0.0,25.102097436260497,0.0,0.0,0.0,0.0,0.0,0.0
CHEMBL3349656,4.696421773956496,7.879585460918884,2.00527486457546,10.8298121707871,2.3154265873015865,0.0,2.2496859646636445,1.3973972505668937,0.0,0.0663695593978332,0.0,0.0,0.0,0.0,0.0,0.0,0.0,0.0,25.060026367832105,0.0,0.0,0.0,0.0,0.0,0.0
CHEMBL3349656,4.696421773956496,7.879585460918884,2.00527486457546,10.8298121707871,2.3154265873015865,0.0,2.2496859646636445,1.3973972505668937,0.0,0.0663695593978332,0.0,0.0,0.0,0.0,0.0,0.0,0.0,0.0,25.060026367832105,0.0,0.0,0.0,0.0,0.0,0.0
CHEMBL3349657,4.727079947719829,10.481923807084964,2.025316909171076,10.814003056357992,2.48478358318636,0.0,2.3033238153758093,1.4224853290081467,0.0,0.0995881807536298,0.0,0.0,0.0,0.0,0.0,0.0,0.0,0.0,25.14149537134219,0.0,0.0,0.0,0.0,0.0,0.0
CHEMBL3349657,4.727079947719829,10.481923807084964,2.025316909171076,10.814003056357992,2.48478358318636,0.0,2.3033238153758093,1.4224853290081467,0.0,0.0995881807536298,0.0,0.0,0.0,0.0,0.0,0.0,0.0,0.0,25.14149537134219,0.0,0.0,0.0,0.0,0.0,0.0
CHEMBL3349658,4.818386532081969,8.433253891253983,2.022828876921139,10.904748444296605,2.427004414420088,0.0,1.772594521604939,1.419824971655329,0.0,0.2904814263668431,0.0,0.0,0.0,0.0,0.0,0.0,0.0,10.825208874068451,12.252334713997325,0.0,0.0,0.0,0.0,0.0,0.0
CHEMBL3349658,4.818386532081969,8.433253891253983,2.022828876921139,10.904748444296605,2.427004414420088,0.0,1.772594521604939,1.419824971655329,0.0,0.2904814263668431,0.0,0.0,0.0,0.0,0.0,0.0,0.0,10.825208874068451,12.252334713997325,0.0,0.0,0.0,0.0,0.0,0.0
CHEMBL3349659,4.835605919837071,9.731108442790443,2.034261227639204,10.874618893228652,2.5407382322763805,0.0,1.7961860200602544,1.4269566484001008,0.0,0.3104398541824138,0.0,0.0,0.0,0.0,0.0,0.0,0.0,10.84338118004063,12.27337024821152,0.0,0.0,0.0,0.0,0.0,0.0
CHEMBL3349659,4.835605919837071,9.731108442790443,2.034261227639204,10.874618893228652,2.5407382322763805,0.0,1.7961860200602544,1.4269566484001008,0.0,0.3104398541824138,0.0,0.0,0.0,0.0,0.0,0.0,0.0,10.84338118004063,12.27337024821152,0.0,0.0,0.0,0.0,0.0,0.0
CHEMBL3349856,4.636880117787856,8.602541427836567,2.3606443688586545,0.0,1.7558699976904333,0.0,1.8587824126564207,0.0,0.0,0.1703410808767953,0.0,0.0,0.0,0.0,0.0,0.0,0.0,10.417611738368189,12.363995522591754,0.0,0.0,0.0,0.0,0.0,0.0
CHEMBL3349856,4.636880117787856,8.602541427836567,2.3606443688586545,0.0,1.7558699976904333,0.0,1.8587824126564207,0.0,0.0,0.1703410808767953,0.0,0.0,0.0,0.0,0.0,0.0,0.0,10.417611738368189,12.363995522591754,0.0,0.0,0.0,0.0,0.0,0.0
CHEMBL3349864,4.636880117787856,8.602541427836567,2.3606443688586545,0.0,1.7558699976904333,0.0,1.8587824126564207,0.0,0.0,0.1703410808767953,0.0,0.0,0.0,0.0,0.0,0.0,0.0,10.417611738368189,12.363995522591754,0.0,0.0,0.0,0.0,0.0,0.0
CHEMBL3349864,4.636880117787856,8.602541427836567,2.3606443688586545,0.0,1.7558699976904333,0.0,1.8587824126564207,0.0,0.0,0.1703410808767953,0.0,0.0,0.0,0.0,0.0,0.0,0.0,10.417611738368189,12.363995522591754,0.0,0.0,0.0,0.0,0.0,0.0
CHEMBL334999,0.0,0.0,0.0,17.507502572016463,0.0,0.0,0.0,3.0909793083900245,0.0,-1.3658950617283954,0.0,0.0,2.7355728423056465,0.0,4.144977324263039,0.0,0.0,11.32728269085412,0.0,0.0,0.0,0.0,0.0,11.865135879454662,0.0
CHEMBL3350384,2.1681291449852056,1.893136238345404,0.0,25.9012197630838,0.0,0.0,2.422214086251785,4.463483323380718,0.0,0.0,5.511959004078621,0.0,0.0,0.0,0.0,0.0,0.0,9.697864729970853,0.0,5.60866037657028,0.0,0.0,0.0,0.0,0.0
CHEMBL3350384,2.1681291449852056,1.893136238345404,0.0,25.9012197630838,0.0,0.0,2.422214086251785,4.463483323380718,0.0,0.0,5.511959004078621,0.0,0.0,0.0,0.0,0.0,0.0,9.697864729970853,0.0,5.60866037657028,0.0,0.0,0.0,0.0,0.0
CHEMBL335050,3.7834437591228713,0.0,0.0,22.47408541194256,0.124079743008314,0.0,0.0,4.575295538095864,0.0,0.0,0.0,0.0,0.0,0.0,4.183638825900731,0.0,2.117535903250189,0.0,0.0,5.241920818679477,0.0,0.0,0.0,0.0,0.0
CHEMBL335215,0.0,0.0,0.0,21.25790742840346,0.0620679012345675,0.0,0.0,3.75733276643991,0.0,0.0,0.0,0.0,0.0,0.0,4.140031144144901,0.0,2.061980347694633,0.0,0.0,0.0,0.0,0.0,0.0,11.94290263430475,0.0
CHEMBL335408,4.638018996178719,6.073453415076514,0.0,20.398540111330465,1.717568904360029,0.0,2.4313538322721344,2.003992210290912,0.0,-0.2306519878446742,0.0,0.0,0.0,0.0,0.0,0.0,0.0,0.0,26.31284431393933,6.370763665805828,0.0,0.0,0.0,0.0,0.0
CHEMBL335836,0.0,0.0,0.0,21.226244191092075,0.0,0.0,0.0,3.427646972369197,0.0,-1.293533950617284,0.0,0.0,0.0,0.0,4.021128537834887,0.0,0.0,11.493116024187454,0.0,0.0,0.0,0.0,0.0,11.93095378068923,0.0
CHEMBL3359952,1.6316429684444482,0.938273722701656,0.0,20.00166310584947,0.0,0.0,0.0,3.279033615812948,1.3729517487282643,0.0,0.0,0.0,0.0,0.0,4.0328722148207,0.0,1.9041808394681563,0.0,11.947673871141202,11.074625014803969,5.370267117075378,0.0,0.0,0.0,0.0
CHEMBL3359953,0.0,0.7436103605707614,0.0,18.10534924055003,0.0,0.0,0.0,2.182974551515525,1.2498154828710388,0.0,0.0,0.0,0.0,0.0,4.007193577352641,0.0,1.8682697064416387,0.0,22.627301501305773,5.739026596749811,5.320874112960152,0.0,0.0,0.0,0.0
CHEMBL3359954,2.0779096431608943,2.6540092844563343,0.0,20.212362242728847,0.0,0.0,0.0,3.410154499476949,1.3856524844198286,0.0,0.0,0.0,0.0,0.0,4.041605887403103,0.0,1.9092364368838155,0.0,11.986089488753093,11.481188064030324,5.390464799496393,0.0,0.0,0.0,0.0
CHEMBL3359955,3.9919795435706606,0.9578624553929108,0.0,20.16722867541416,0.1416875570273148,0.0,0.0,3.377449253104467,1.3811423656489707,0.0,0.0,0.0,0.0,0.0,4.040955715445896,0.0,1.908024052624556,0.0,11.987408578889143,11.540165687487114,5.389886305442625,0.0,0.0,0.0,0.0
CHEMBL3359956,0.0,1.9526638094934377,0.0,22.621925649101893,0.0,0.0,0.0,2.809154615421127,1.429199806593386,0.0,0.0,0.0,0.0,0.0,4.035050835447123,0.0,1.9151632519016173,0.0,11.910726663373287,5.826410856009071,5.3663240846154805,0.0,0.0,0.0,0.0
CHEMBL3359957,3.1876660903519163,0.8737768937268048,0.0,17.86162809989812,0.0,0.0,0.0,3.6994150344063295,1.3418458241627438,0.0,0.0,0.0,0.0,0.0,4.035860778914639,0.0,1.8985001648314377,0.0,11.996208949209247,16.45288098006886,5.384017117075379,0.0,0.0,0.0,0.0
CHEMBL3359958,4.684309058796364,0.7866286903373428,0.0,15.835879591133809,0.0,0.0,0.0,3.879049238837542,1.304114151374253,0.0,0.0,0.0,0.0,0.0,4.039245486964525,0.0,1.8919392400012824,0.0,12.052855124518013,22.03804997635431,5.400529037627702,0.0,0.0,0.0,0.0
CHEMBL3359959,0.0,0.7660148459444993,0.0,22.275534242146588,0.0,0.0,0.0307047325102884,2.428000875370554,0.0,0.0,0.0,0.0,0.0,0.0,3.935523513829999,0.0,1.749833999958008,0.0,12.234338816947044,5.746715639959687,0.0,0.0,0.0,0.0,0.0
CHEMBL3359960,0.0,0.8128857866353354,0.0,22.27277213549289,0.0,0.0,0.0487123832289781,2.5338478789128143,0.0,0.0,0.0,0.0,0.0,0.0,3.926897512439748,0.0,1.7521306531872007,0.0,12.11326172833433,5.706158588435375,0.0,0.0,0.0,0.0,0.0
CHEMBL3359961,0.0,0.2535598068098552,0.0,16.971227711890737,0.0,0.0,-0.0726383155736434,1.2444493581544216,0.0,-4.7375368688209765,0.0,0.0,0.0,0.0,3.8813087938027833,0.0,1.66939625896929,0.0,12.159039651016595,9.434438724940096,0.0,36.78008821214418,0.0,0.0,0.0
CHEMBL3359962,0.0,0.4423574057310804,0.0,18.04163125540141,0.0,0.0,-0.0247831784484013,1.901012032217772,0.0,0.0,0.0,0.0,0.0,0.0,3.901792637156301,0.0,1.70342505983875,0.0,22.92031950821871,5.618301445578231,0.0,0.0,0.0,0.0,0.0
CHEMBL3359963,0.0,0.6379022775259524,0.0,19.34556085038755,0.0,2.103952932550793,0.0150660716281212,2.837894918751632,0.0,0.0,0.0,0.0,0.0,8.89334289228265,3.919101664934079,0.0,1.7310787248550528,0.0,12.153183709034282,5.69624929138322,0.0,0.0,0.0,0.0,0.0
CHEMBL3359964,0.0,0.376167444055042,0.0,16.97557419547975,0.0,0.0,-0.0557375695913542,1.491938798939403,0.0,-4.713233862339052,0.0,0.0,0.0,0.0,3.8861849359467326,0.0,1.6794708118838155,0.0,12.152290003681289,9.397952008499743,0.0,36.39272656677797,0.0,0.0,0.0
CHEMBL3359965,0.0,0.7421213238254181,0.0,19.52745560500209,0.0,0.0,0.0387123832289781,2.38261331101158,0.0,0.0,0.0,0.0,0.0,0.0,7.959421980896063,0.0,1.7451862087427563,0.0,12.10499726552441,5.666158588435375,0.0,0.0,0.0,0.0,0.0
CHEMBL336102,9.030507947005963,3.1064109005823024,0.0,7.3185001994625,1.817662299487695,0.0,-0.0651332199546481,1.010603518413539,0.0,0.4281562377016923,0.0,0.0,0.0,0.0,4.028715397724236,0.0,0.0,0.0,12.62872448979592,5.945852229780801,0.0,0.0,0.0,0.0,0.0
CHEMBL336383,4.513907041622625,6.340435721579837,0.0,6.492235373672374,1.3369929196369412,0.0,0.5864721886675806,3.873542479592473,0.0,-0.2719712871660578,0.0,0.0,0.0,0.0,4.984418619299571,0.0,1.849113205467372,0.0,36.87260635802636,0.0,0.0,0.0,0.0,0.0,0.0
CHEMBL336387,4.689063759763165,7.968764338637347,0.0,10.353584312359512,1.8701899466040872,0.0,3.33247160962999,1.1688262779221474,0.0,0.0751558352845782,0.0,0.0,0.0,0.0,0.0,0.0,0.0,0.0,25.51730915925916,0.0,0.0,0.0,0.0,0.0,0.0
CHEMBL336387,4.689063759763165,7.968764338637347,0.0,10.353584312359512,1.8701899466040872,0.0,3.33247160962999,1.1688262779221474,0.0,0.0751558352845782,0.0,0.0,0.0,0.0,0.0,0.0,0.0,0.0,25.51730915925916,0.0,0.0,0.0,0.0,0.0,0.0
CHEMBL336616,0.0,0.0,0.0,18.65482410556816,0.0,0.0,0.0,2.93221644830772,0.0,-1.4271450617283952,0.0,0.0,0.0,0.0,8.33225383877831,0.0,0.0,11.41839380196523,0.0,0.0,0.0,0.0,0.0,11.89501242266454,0.0
CHEMBL336638,0.0,0.0,0.0,26.65933956916099,0.1897222222222219,0.0,0.0,2.5309259259259265,0.0,0.0,0.0,0.0,0.0,0.0,4.157049319727891,0.0,2.1296296296296298,0.0,0.0,0.0,0.0,0.0,0.0,0.0,0.0
CHEMBL336708,0.0,0.0,0.0,24.79180069147,0.0,0.0,0.0,4.242240646258504,0.0,-0.6888117283950614,0.0,0.0,2.9233506200834243,0.0,8.759717935528121,0.0,2.037350718065004,0.0,0.0,0.0,0.0,0.0,0.0,12.239906672545562,0.0
CHEMBL337251,10.811245965200692,2.313235729668359,0.0,7.291984568812221,1.9096557172251605,0.0,-0.1282813681027959,0.9110664813765014,0.0,-0.2298336692918673,0.0,0.0,0.0,0.0,4.125487232708102,0.0,0.0,0.0,12.711864134542706,5.950241874527588,0.0,0.0,0.0,0.0,0.0
CHEMBL337750,0.0,0.0,0.0,17.12921134014305,0.0,0.0,0.0,0.4732653936060038,0.0,-6.299640127656001,0.0,0.0,0.0,0.0,3.982246888210016,0.0,0.0,11.455914588057446,0.0,0.0,0.0,39.3073408794188,0.0,5.896105482665126,0.0
CHEMBL338746,4.4559828715976,16.85058165997252,0.0,7.470323800901556,-0.0674705157289936,0.0,-0.1734823189810557,1.0175962838201296,0.0,-0.588805978122807,0.0,2.74291991758442,0.0,0.0,4.147002985998782,0.0,0.0,0.0,25.728684626291187,0.0,0.0,0.0,0.0,0.0,0.0
CHEMBL3401050,4.56053560930545,6.987042600991013,1.9187509448223727,0.0,1.4164101473922897,4.765549088641171,1.642798189606677,0.0,0.0,0.1172778880070548,0.0,0.0,0.0,18.60515325524277,0.0,0.0,0.0,0.0,11.81981560932454,0.0,0.0,0.0,0.0,0.0,0.0
CHEMBL3401429,1.5435194848141276,0.184071475812547,0.0,9.46199106956322,-0.4966609977324265,0.0,-0.0310482804232801,1.7815109470989712,0.0,0.0,0.0,0.0,0.0,0.0,0.0,0.0,0.0,18.90945742555771,12.188038233812044,10.959120641497083,0.0,0.0,0.0,0.0,0.0
CHEMBL3407536,4.4990443646594445,5.655020129965567,5.732880605946082,0.0,1.5822500944822369,0.0,1.7932776806710349,0.0,0.0,-0.3853736378810777,0.0,0.0,0.0,0.0,0.0,0.0,0.0,0.0,24.43498858339632,5.937912178760393,0.0,0.0,0.0,0.0,0.0
CHEMBL3407537,4.484003973502981,4.803611163601243,1.8197656053162008,0.0,1.3544083574787935,0.0,2.8530251768917454,0.0,0.0,-0.1955711057571176,0.0,0.0,0.0,0.0,0.0,0.0,0.0,0.0,24.589152363105736,5.807830372889897,0.0,0.0,0.0,0.0,0.0
CHEMBL3407538,4.583393382044176,5.347401790963298,5.701411722096246,0.0,1.6414039535567304,0.0,2.4162033756403805,0.0,0.0,0.0515944271227004,0.0,0.0,0.0,0.0,0.0,0.0,0.0,10.478699193022786,11.80498663779102,0.0,0.0,0.0,0.0,0.0,0.0
CHEMBL3407539,4.338429757705551,3.5720765358612576,7.607289619551524,0.0,1.1105834278155702,0.0,2.2957842944276488,0.0,0.0,-0.3865395486898457,0.0,0.0,0.0,0.0,0.0,0.0,0.0,9.866157722348198,24.26288485764676,0.0,0.0,0.0,0.0,0.0,0.0
CHEMBL341386,0.0,0.0,0.0,18.67342235659696,-0.0490432098765434,0.0,0.0,3.591516439909298,0.0,0.0,0.0,0.0,0.0,0.0,8.282693653593125,0.0,1.8119803476946328,0.0,0.0,0.0,0.0,0.0,0.0,11.91165263430475,0.0
CHEMBL3415152,0.0,1.6732945168808264,0.0,12.141713284844595,0.0,0.0,0.0,3.957406200134376,0.0,0.0,0.0,0.0,0.0,0.0,11.989906954300444,0.0,1.856087962962963,0.0,0.0,0.0,0.0,14.381591080876795,0.0,0.0,0.0
CHEMBL3415153,0.0,1.55752165217939,0.0,12.380090080007108,0.0,0.0,0.0,3.891020145712608,0.0,0.0,0.0,0.0,0.0,0.0,11.957132955812158,0.0,1.737291666666667,0.0,0.0,0.0,0.0,14.47694349962207,0.0,0.0,0.0
CHEMBL3415154,1.8874324452003024,1.6735722946586042,0.0,10.5583159135504,0.0,0.0,0.0,4.796621735113799,0.0,0.0,0.0,0.0,0.0,0.0,12.298003662119374,0.0,1.939421296296296,0.0,0.0,0.0,0.0,14.51329931972789,0.0,0.0,0.0
CHEMBL3415155,1.8472888321995464,1.5577994299571678,0.0,10.855026042046244,0.0,0.0,0.0,4.66375419921055,0.0,0.0,0.0,0.0,0.0,0.0,12.26522966363109,0.0,1.820625,0.0,0.0,0.0,0.0,14.65694349962207,0.0,0.0,0.0
CHEMBL3415156,2.033667751433805,2.459574306765865,0.0,10.613682712856594,0.0,0.0,0.0,4.946937961913162,0.0,0.0,0.0,0.0,0.0,0.0,12.500573680484845,0.0,1.994976851851852,0.0,0.0,0.0,0.0,14.617253401360545,0.0,0.0,0.0
CHEMBL3415157,2.007425310012792,2.299973021807437,0.0,10.904281730241326,0.0,0.0,0.0,4.817724998950199,0.0,0.0,0.0,0.0,0.0,0.0,12.467799681996564,0.0,1.8761805555555555,0.0,0.0,0.0,0.0,14.793281368102797,0.0,0.0,0.0
CHEMBL3415158,4.150668836200943,1.6705715388007052,0.0,10.632138312625326,0.2391306432531179,0.0,0.0,4.9376505416981615,0.0,0.0,0.0,0.0,0.0,0.0,12.641939995146616,0.0,2.01349537037037,0.0,0.0,0.0,0.0,14.714404761904762,0.0,0.0,0.0
CHEMBL3415159,4.098183953358918,1.5547986740992692,0.0,10.92070029297302,0.1940739539107143,0.0,0.0,4.808018077601412,0.0,0.0,0.0,0.0,0.0,0.0,12.609165996658332,0.0,1.894699074074074,0.0,0.0,0.0,0.0,14.920359977324262,0.0,0.0,0.0
CHEMBL3415160,0.0,1.5979604434366337,0.0,20.4724329207418,0.0,0.0,0.0,5.586447610163341,0.0,0.0,0.0,0.0,0.0,0.0,12.784283836693753,0.0,1.9764583333333328,0.0,0.0,0.0,0.0,14.915750188964475,0.0,0.0,0.0
CHEMBL3415161,0.0,1.4821875787351977,0.0,20.663440048901705,0.0,0.0,0.0,5.405859038314848,0.0,0.0,0.0,0.0,0.0,0.0,12.751509838205468,0.0,1.857662037037037,0.0,0.0,0.0,0.0,15.172674792139077,0.0,0.0,0.0
CHEMBL3415162,0.0,2.290181827551957,0.0,20.78984011958378,0.0,0.0,0.0,5.96102352308386,0.0,0.0,0.0,0.0,0.0,0.0,12.836281018227025,0.0,2.015810185185185,0.0,0.0,0.0,0.0,14.940196659701533,0.0,0.0,0.0
CHEMBL3415163,0.0,1.232161674855127,0.0,19.381255600580783,0.0,0.0,-0.2750593476856102,3.6194427565179743,0.0,0.0,0.0,0.0,0.0,0.0,12.32984731664722,0.0,1.5659953703703704,0.0,12.934845857739074,0.0,0.0,15.211510770975057,0.0,0.0,0.0
CHEMBL3415164,0.0,1.5699897644242882,0.0,17.734265868554633,0.0,0.0,0.0,5.396896141810465,0.0,0.0,0.0,0.0,0.0,0.0,16.777750814023918,0.0,1.9486805555555555,0.0,0.0,0.0,0.0,14.905750188964475,0.0,0.0,0.0
CHEMBL3415165,0.0,1.454216899722852,0.0,17.941533284780384,0.0,0.0,0.0,5.213028248974318,0.0,0.0,0.0,0.0,0.0,0.0,16.734341527469788,0.0,1.8298842592592592,0.0,0.0,0.0,0.0,15.160329113126732,0.0,0.0,0.0
CHEMBL3415166,3.4261065123682366,1.5026962868480729,0.0,8.736647488464317,0.0,0.0,0.0,5.03501001043209,0.0,0.0,0.0,0.0,0.0,0.0,12.323307793413765,0.0,1.8073148148148148,0.0,0.0,5.194117632207459,0.0,14.80813279478458,0.0,0.0,0.0
CHEMBL3415167,3.5134572929008354,1.4627438691525994,0.0,8.650789589749275,-0.6091157111120138,0.0,0.0,4.928657745990449,0.0,0.0,0.0,0.0,0.0,0.0,12.332870465590071,0.0,1.7940637860082305,9.72652130891128,0.0,0.0,0.0,14.866678319475938,0.0,0.0,0.0
CHEMBL3415168,3.3093135830753075,1.431074630469472,0.0,8.35126955951496,0.0,0.0,-0.0624644275244017,4.546663810292509,0.0,0.0,0.0,0.0,0.0,0.0,12.252638601494573,0.0,1.7799485596707818,0.0,11.54243137587654,0.0,0.0,14.84912430713026,0.0,0.0,0.0
CHEMBL3415169,1.731820512640318,1.1410624133912826,0.0,5.966953610913297,0.0,0.0,0.0,1.5385427827326734,0.0,-4.495778532008916,0.0,0.0,0.0,0.0,11.63890065383617,0.0,1.6550925925925926,0.0,0.0,0.0,0.0,53.40673929923591,0.0,0.0,0.0
CHEMBL3415170,1.818712156350144,1.4412842498110354,0.0,8.280048849008535,0.0,2.0541637814446254,0.0,4.507897362878426,0.0,0.0,0.0,0.0,0.0,8.99041019780017,12.186781163478042,0.0,1.7796604938271603,0.0,0.0,0.0,0.0,14.774375078735195,0.0,0.0,0.0
CHEMBL3415171,1.8533769864695189,1.5169341090941018,0.0,19.397910044474003,0.0,0.0,0.0,6.689471335794319,0.0,0.0,0.0,0.0,0.0,0.0,12.631919485445788,0.0,1.8299485596707816,0.0,0.0,0.0,0.0,15.080439479051492,0.0,0.0,0.0
CHEMBL3415172,1.8547373918703285,1.5287123645754597,0.0,15.354518071614931,0.0,0.0,0.0,4.668538817016452,2.128607095616024,0.0,0.0,0.0,0.0,0.0,12.57522167124936,0.0,1.8326360544217688,0.0,0.0,0.0,0.0,15.057028533635677,0.0,0.0,0.0
CHEMBL3415173,3.4775106500742323,1.3860464695137311,0.0,6.068773653745245,0.0,0.0,0.0,3.774853263836401,0.0,0.0,0.0,0.0,0.0,0.0,12.00285252524385,0.0,1.7585619803476946,0.0,0.0,0.0,0.0,28.53140145723885,0.0,0.0,0.0
CHEMBL3415174,0.0,1.387723293020912,0.0,8.779941979100078,0.0,0.0,0.0,2.4701473660451847,0.0,0.0,0.0,0.0,0.0,0.0,11.60569203141669,0.0,1.6684259259259258,0.0,0.0,0.0,0.0,27.75473607115788,0.0,0.0,0.0
CHEMBL3415175,1.6682448087259594,1.3857686917359535,0.0,7.552484811047671,0.0,0.0,0.0,3.0583692103384585,0.0,0.0,0.0,0.0,0.0,0.0,11.69475581742492,0.0,1.6752286470143614,0.0,0.0,0.0,0.0,28.29848134704601,0.0,0.0,0.0
CHEMBL341591,5.199279546695221,13.08100925172059,2.574463340891912,0.0,4.511298343411437,0.0,1.6137318646594443,0.0,0.0,1.0148134763164525,0.0,3.54447713994282,0.0,0.0,0.0,0.0,0.0,10.12759370302879,0.0,0.0,0.0,0.0,0.0,0.0,0.0
CHEMBL3421764,0.0,0.5114637660619803,0.0,23.249736844194363,0.0,0.0,0.0,4.586489827412447,0.0,0.0,5.87890447845805,0.0,0.0,0.0,4.156079876012235,0.0,0.0,0.0,0.0,5.950658541194255,0.0,0.0,0.0,0.0,0.0
CHEMBL3421765,0.0,0.3425295256991685,0.0,21.373123017304568,0.0,0.0,0.0,3.095359819853868,0.0,0.0,0.0,0.0,0.0,0.0,4.088564443913469,0.0,0.0,0.0,11.012858280287931,5.836214096749811,0.0,0.0,0.0,0.0,0.0
CHEMBL3421766,0.0,1.1750542485512725,0.0,21.73817331478045,0.0,0.0,0.0,3.3196406525573208,0.0,0.0,0.0,0.0,0.0,0.0,4.098147065159601,0.0,0.0,0.0,11.033893814502129,5.854094860166288,0.0,0.0,0.0,0.0,0.0
CHEMBL3421767,0.0,2.2227199074074075,0.0,21.986631574573703,0.0,0.0,0.0,3.451347110214355,0.0,0.0,0.0,0.0,0.0,0.0,4.106399615869417,0.0,0.0,0.0,11.053592782042976,5.871894605064247,0.0,0.0,0.0,0.0,0.0
CHEMBL3421768,0.0,0.3473126889644744,0.0,21.3593014504802,0.0,0.0,0.0,3.186755637440162,0.0,0.0,0.0,0.0,0.0,0.0,3.990866736361415,0.0,0.0,0.0,11.01520395930028,5.843583711262283,0.0,0.0,0.0,0.0,0.0
CHEMBL3421769,0.0,1.183116732804233,0.0,21.723336139480065,0.0,0.0,0.0,3.410102828168305,0.0,0.0,0.0,0.0,0.0,0.0,3.999119287071231,0.0,0.0,0.0,11.036239493514476,5.86146447467876,0.0,0.0,0.0,0.0,0.0
CHEMBL3421770,0.0,2.233128070672713,0.0,21.971135187420018,0.0,0.0,0.0,3.5411991440030777,0.0,0.0,0.0,0.0,0.0,0.0,4.006295512444259,0.0,0.0,0.0,11.055938461055325,5.879264219576719,0.0,0.0,0.0,0.0,0.0
CHEMBL3421778,0.0,0.9129743008314436,0.0,19.915326591958884,0.0,0.0,0.0,1.9433404851138,0.0,-4.408419191463701,0.0,0.0,0.0,0.0,3.93837854633049,0.0,0.0,0.0,0.0,5.710908919123204,0.0,39.07082368143921,0.0,0.0,0.0
CHEMBL3421779,0.0,1.38517683925422,0.0,23.10735508494032,0.0,2.15852494682446,0.0,4.462093227723188,0.0,0.0,0.0,0.0,0.0,9.109025414203536,4.152062960221329,0.0,0.0,0.0,0.0,5.959094860166289,0.0,0.0,0.0,0.0,0.0
CHEMBL3421780,0.0,1.3932393235071805,0.0,23.104952323220164,0.0,2.161804267812114,0.0,4.552555403334174,0.0,0.0,0.0,0.0,0.0,9.11137109321588,4.042946447565058,0.0,0.0,0.0,0.0,5.9664644746787605,0.0,0.0,0.0,0.0,0.0
CHEMBL3421785,0.0,1.8269738914084148,0.0,22.11576690239333,0.0,0.0,0.0,3.691015091476853,0.0,0.0,0.0,0.0,0.0,0.0,4.109072990774934,0.0,0.0,0.0,11.058046501441613,5.879264219576719,0.0,0.0,0.0,0.0,0.0
CHEMBL3421786,0.0,1.8550988914084143,0.0,22.10353977590789,0.0,0.0,0.0,3.764232897500395,0.0,0.0,0.0,0.0,0.0,0.0,4.009357394579013,0.0,0.0,0.0,11.059782038631695,5.884047382842025,0.0,0.0,0.0,0.0,0.0
CHEMBL3422028,2.112431866073641,1.7652595617049909,0.0,22.404475890746216,0.0,0.0,2.2360009343243474,4.36661333512434,0.0,0.0,5.504770795461841,0.0,0.0,0.0,0.0,0.0,0.0,19.34972686350215,0.0,5.594054086395808,0.0,0.0,0.0,0.0,0.0
CHEMBL3422029,2.081181866073641,1.702404834015098,0.0,21.53126601420301,0.0,0.0,2.13962905223818,3.69105548388467,0.0,0.0,5.495881906572952,0.0,0.0,0.0,0.0,0.0,0.0,9.686730662018602,0.0,5.580165197506919,0.0,13.425018316820266,0.0,0.0,0.0
CHEMBL3422030,4.357091623303744,3.0294394141640995,0.0,15.526841941628197,0.0,0.0,2.6311955677332666,3.401478988346532,0.0,0.0,5.465574804972144,0.0,0.0,0.0,0.0,0.0,0.0,9.538028329348467,0.0,5.550349330503551,0.0,0.0,0.0,0.0,0.0
CHEMBL3422031,2.212303527701255,2.009453600440426,0.0,29.49353141349499,0.0,0.0,2.608427238179223,4.530105320798865,0.0,0.0,5.520190699123503,0.0,0.0,0.0,0.0,0.0,0.0,0.0,0.0,5.62598820026174,0.0,0.0,0.0,0.0,0.0
CHEMBL3422032,2.192820503009897,1.95010944676092,0.0,26.813458565246847,0.0,0.0,2.518585968337953,5.135549649911331,0.0,0.0,11.430953231209608,0.0,0.0,0.0,0.0,0.0,0.0,0.0,0.0,5.6251893021901145,0.0,0.0,0.0,0.0,0.0
CHEMBL3422033,2.137123224098332,1.8222327701205068,0.0,23.300185767289424,0.0,0.0,2.332372816410515,5.055208587274786,0.0,0.0,11.412630954640576,0.0,0.0,0.0,0.0,0.0,0.0,9.662996201483548,0.0,5.610583012015642,0.0,0.0,0.0,0.0,0.0
CHEMBL3422034,0.0,0.9984527696742912,2.1409997008062485,25.38353457789861,0.0,0.0,1.0801619058117078,4.299319491181173,0.0,0.0,5.474075624831605,0.0,0.0,0.0,0.0,0.0,0.0,9.571366792833036,0.0,5.552089136963325,0.0,0.0,0.0,0.0,0.0
CHEMBL3422035,2.121385930137283,0.9966034898389,0.0,25.649275318639354,0.0,0.0,2.2995289010666,4.382936271226524,0.0,0.0,5.493937883784773,0.0,0.0,0.0,0.0,0.0,0.0,9.64066951392147,0.0,5.582329358051761,0.0,0.0,0.0,0.0,0.0
CHEMBL3422036,0.0,2.2147998037562644,0.0,25.53485559704702,0.0,0.0,2.2584640862517853,4.256421423517894,0.0,0.0,5.51477376410492,0.0,0.0,0.0,0.0,0.0,0.0,9.722926458365915,0.0,5.608722104965341,0.0,0.0,0.0,6.166814539768645,0.0
CHEMBL3422037,2.195574660849525,3.0092531758611507,0.0,26.0755735045804,0.0,0.0,2.474852975140674,4.51027601885397,0.0,0.0,5.52726554582747,0.0,0.0,0.0,0.0,0.0,0.0,9.744037569477026,0.0,5.629833216076452,0.0,0.0,0.0,0.0,0.0
CHEMBL3422038,4.419591623303744,0.9932361463705466,0.0,25.98520124456528,0.3188608771612922,0.0,2.4245289010666,4.451721229654339,0.0,0.0,5.527225303435829,0.0,0.0,0.0,0.0,0.0,0.0,9.749851612686902,0.0,5.629783061755465,0.0,0.0,0.0,0.0,0.0
CHEMBL3422039,0.0,0.964147877341524,0.0,36.19800499194681,0.0,0.0,2.213232604770304,5.374932102859351,0.0,0.0,5.558343203185098,0.0,0.0,0.0,0.0,0.0,0.0,9.857701130593238,0.0,5.666971422637007,0.0,0.0,0.0,0.0,0.0
CHEMBL3422040,0.0,1.1905639242958173,0.0,24.70234788099763,0.0,2.2911135746768863,1.8912418640295627,3.855538364532983,0.0,0.0,5.496652462329771,0.0,0.0,9.470029168275229,0.0,0.0,0.0,9.691691890464678,0.0,5.577487537064107,0.0,0.0,0.0,0.0,0.0
CHEMBL3422041,0.0,1.6160930115644152,0.0,31.269109387791467,0.0,0.0,2.240917789955489,4.235661873813239,0.0,0.0,5.550933765580854,0.0,0.0,0.0,4.20602753225672,0.0,2.0570180338740944,9.835715969640276,0.0,5.655189302190114,0.0,0.0,0.0,0.0,0.0
CHEMBL3422042,0.0,1.4897729931989423,0.0,28.69240519179456,0.0,0.0,2.138417789955489,4.11541496023299,0.0,0.0,5.545016605817541,0.0,0.0,0.0,8.40771581996267,0.0,1.8070180338740944,9.825715969640274,0.0,5.645189302190113,0.0,0.0,0.0,0.0,0.0
CHEMBL3422043,0.0,1.5407314073566574,0.0,28.92755741937595,0.0,0.0,2.173140012177712,4.147067769504848,0.0,0.0,5.545831724764528,0.0,0.0,0.0,7.91205506451344,0.0,1.9459069227629835,9.827451506830355,0.0,5.646924839380196,0.0,0.0,0.0,0.0,0.0
CHEMBL3422044,0.0,1.5407314073566574,0.0,28.92755741937595,0.0,0.0,2.173140012177712,4.147067769504848,0.0,0.0,5.545831724764528,0.0,0.0,0.0,7.91205506451344,0.0,1.9459069227629835,9.827451506830355,0.0,5.646924839380196,0.0,0.0,0.0,0.0,0.0
CHEMBL3422045,0.0,3.089029495020587,0.0,24.25861782898295,0.0,0.0,2.566890012177711,6.073948717808054,0.0,0.0,5.517746041115658,0.0,0.0,0.0,0.0,0.0,0.0,9.708152795814474,0.0,5.618948442413901,0.0,0.0,0.0,0.0,0.0
CHEMBL3422046,2.1542402560963168,1.154385090503347,0.0,25.58598987143033,0.0,0.0,2.3775227282270937,4.303870078234257,0.0,0.0,0.0,0.0,0.0,0.0,0.0,0.0,0.0,18.60699826560504,0.0,5.483660376570279,0.0,0.0,0.0,0.0,0.0
CHEMBL3422047,2.118140623405775,0.4600389951792367,0.0,24.76317856638876,0.0,0.0,1.2454446248953497,3.859535043390009,0.0,0.0,0.0,0.0,0.0,0.0,0.0,0.0,0.0,18.44813225371705,10.692471368305394,5.24639185805176,0.0,0.0,0.0,0.0,0.0
CHEMBL3422050,2.173655936569689,2.992922021852432,0.0,26.046712366550928,0.0,0.0,2.4354612038928423,4.521986268471903,0.0,0.0,5.531509771858035,0.0,0.0,0.0,0.0,0.0,0.0,9.719508720900558,0.0,5.74491037657028,0.0,0.0,0.0,0.0,0.0
CHEMBL3422051,2.192820503009897,3.654899320491333,0.0,26.813458565246844,0.0,0.0,2.518585968337953,5.135549649911331,0.0,0.0,5.636959004078621,0.0,0.0,0.0,0.0,0.0,0.0,9.714393655590689,0.0,0.0,0.0,0.0,0.0,0.0,0.0
CHEMBL3422052,2.137123224098332,3.498527464787559,0.0,23.30018576728942,0.0,0.0,2.3323728164105155,5.0552085872747865,0.0,0.0,5.629770795461841,0.0,0.0,0.0,0.0,0.0,0.0,19.380144678010875,0.0,0.0,0.0,0.0,0.0,0.0,0.0
CHEMBL343072,0.0,0.0,0.0,23.941627614008567,0.1258950617283947,0.0,0.0,3.164458564289914,0.0,0.0,0.0,0.0,0.0,0.0,4.148540231936396,0.0,2.0958049886621315,0.0,0.0,0.0,0.0,0.0,0.0,5.968117983819042,0.0
CHEMBL343273,1.5593441358024691,0.0,0.0,21.618298584866043,0.0,0.0,0.0,3.0731012744604023,0.0,-1.3834799382716048,0.0,0.0,0.0,0.0,4.147965779933372,0.0,0.0,11.66503023431595,0.0,5.450466742252456,0.0,0.0,0.0,6.063717631085355,0.0
CHEMBL344904,0.0,0.0,0.0,24.58346735813667,0.0,0.0,0.0,4.242240646258504,0.0,-0.6888117283950614,0.0,0.0,3.062239508972313,0.0,8.829162379972566,0.0,2.037350718065004,0.0,0.0,0.0,0.0,0.0,0.0,12.239906672545562,0.0
CHEMBL346234,4.664947291055731,7.820488149004737,0.0,7.870311167644182,1.81316957453321,0.0,3.2248682214634155,1.849738926535447,0.0,0.0324561767996631,5.8383157077071495,0.0,0.0,0.0,0.0,0.0,0.0,0.0,25.574588543234967,0.0,0.0,0.0,0.0,0.0,0.0
CHEMBL346929,5.792225471079412,4.882860685941044,5.673229009196271,0.0,1.0855862622826906,0.0,1.343389608285668,0.0,0.0,-0.3234415942302848,0.0,0.0,0.0,0.0,0.0,0.0,0.0,0.0,23.70351509451347,5.009302129598396,0.0,0.0,0.0,0.0,0.0
CHEMBL346952,6.737619642362607,8.199881188586545,0.0,0.0,1.984459089191232,0.0,3.4441146358234667,0.0,0.0,0.1743099647266317,0.0,0.0,0.0,0.0,0.0,0.0,0.0,0.0,24.78711034839913,0.0,0.0,0.0,0.0,0.0,0.0
CHEMBL347302,1.642315838372386,0.0,0.0,11.079141865079364,0.0,0.0,0.0,2.6011281179138326,0.0,0.0,0.0,0.0,0.0,0.0,3.6348922115142352,0.0,0.0,0.0,0.0,5.040288170823885,5.002233796296297,0.0,0.0,0.0,0.0
CHEMBL348154,4.525149806836314,5.962554064835811,5.78262959813555,0.0,1.3494231859410428,0.0,1.4960949047829013,0.0,0.0,0.2088860937893675,0.0,0.0,0.0,0.0,0.0,0.0,0.0,9.60189222023367,11.573370125445344,0.0,0.0,0.0,0.0,0.0,0.0
CHEMBL348263,2.1295669576545646,2.949552017547147,1.2152249464600655,7.484457671957672,0.0,0.0,0.0,1.713498860964139,0.0,0.0,0.0,2.7915732867220964,0.0,0.0,0.0,0.0,0.0,8.207696558684528,0.0,5.495060547367094,0.0,0.0,0.0,0.0,0.0
CHEMBL348913,0.0,3.631387629125724,0.0,12.130048107205845,0.4111044973544973,0.0,0.0,3.600971067439322,0.0,0.0,0.0,0.0,0.0,0.0,4.236232993197278,0.0,2.275250377928949,9.048338661081717,0.0,0.0,0.0,0.0,0.0,0.0,0.0
CHEMBL349300,4.949427962543042,9.600698958595784,6.01994708994709,0.0,2.6295649092970512,0.0,1.6298973686696905,0.0,0.0,0.8131859804106827,0.0,0.0,0.0,0.0,0.0,0.0,0.0,0.0,11.690611063869994,0.0,0.0,0.0,0.0,0.0,0.0
CHEMBL349514,6.739122297972858,10.056934198023663,4.482059634038801,0.0,1.6586914997480473,0.0,3.845217097124792,0.0,0.0,-0.0460317853993446,0.0,0.0,0.0,0.0,0.0,0.0,0.0,0.0,24.94958400377548,0.0,0.0,0.0,0.0,0.0,0.0
CHEMBL349704,4.38975557080806,8.975079443814563,4.418650714915596,0.0,1.109019274376417,0.0,3.8227728830729832,0.0,0.0,0.0212014991181659,0.0,0.0,0.0,0.0,0.0,0.0,0.0,0.0,24.518623901351173,0.0,0.0,0.0,0.0,0.0,0.0
CHEMBL349822,0.0,0.797329931972789,0.0,13.00961010330058,0.0,2.0938846371882085,0.0,1.8623899281935,0.0,0.0,0.0,0.0,0.0,8.619954018644496,3.9626836104812297,0.0,1.987481103552532,0.0,0.0,0.0,0.0,0.0,0.0,0.0,0.0
CHEMBL349851,2.217319100352109,8.694566980086531,4.435870102670698,10.571352064054294,1.041415114650594,0.0,3.767575863883741,1.2992821805285732,0.0,-0.0763751966484305,0.0,0.0,0.0,0.0,0.0,0.0,0.0,0.0,24.9265183947374,0.0,0.0,0.0,0.0,0.0,0.0
CHEMBL349919,3.802495640282437,7.890995837359022,4.276006157092467,0.0,0.9438826950533296,0.0,3.6663454521118224,0.0,0.0,-0.2069054967666075,0.0,0.0,0.0,0.0,0.0,0.0,0.0,0.0,36.05820892825041,0.0,0.0,0.0,0.0,0.0,0.0
CHEMBL349963,2.216230946082137,8.678301639860255,4.432256157092467,10.63190186047865,1.0417655428919854,0.0,3.7637947995273136,1.3196882971125397,0.0,-0.0779526303238877,0.0,0.0,0.0,0.0,0.0,0.0,0.0,0.0,24.89698704510587,0.0,0.0,0.0,0.0,0.0,0.0
CHEMBL350072,2.132237260644999,3.66569318468128,0.0,12.851834372637944,0.4924537037037035,0.0,0.0,4.1035083616780055,0.0,0.0,0.0,0.0,0.0,0.0,4.260060153691106,0.0,2.3275462962962963,0.0,0.0,0.0,0.0,0.0,0.0,0.0,0.0
CHEMBL350074,4.453802245033305,10.736380464222728,2.0214785682791634,0.0,2.0261257558578984,0.0,2.35293492011002,0.0,0.0,0.2364792768959436,0.0,0.0,0.0,0.0,0.0,0.0,0.0,0.0,24.567346501502342,0.0,0.0,0.0,0.0,0.0,0.0
CHEMBL350338,0.0,3.629409052973041,0.0,12.570439696712016,0.4716203703703701,0.0,0.0,3.874289611678005,0.0,0.0,0.0,0.0,0.0,0.0,4.250800894431847,0.0,2.3122401738473166,0.0,0.0,0.0,0.0,0.0,0.0,0.0,3.474533533320736
CHEMBL350713,2.1913686871289686,8.334394036348852,4.33574255165029,0.0,1.0164142153775084,2.6952513383682213,3.638854179138496,0.0,0.0,-0.1088602292768954,0.0,0.0,0.0,0.0,0.0,0.0,0.0,0.0,24.559152163773376,0.0,0.0,0.0,0.0,0.0,0.0
CHEMBL350922,0.0,0.7008703388762911,0.0,18.441402044607763,0.0,0.0,0.0,1.0684547430083149,2.473645229696817,0.0,0.0,0.0,0.0,0.0,4.025229506160693,0.0,1.972540627362056,0.0,12.441048910304865,0.0,5.86196523053666,0.0,0.0,0.0,0.0
CHEMBL351167,0.0,0.418102796674225,0.0,10.33669705845301,0.0,0.0,0.0,0.4352140022675742,0.2319586167800456,0.0,0.0,0.0,0.0,0.0,3.92413564499874,0.0,1.7853202947845803,0.0,22.880269431846813,0.0,5.325029289493575,0.0,0.0,0.0,0.0
CHEMBL351226,6.629145679073078,7.722336650709667,4.441243307508189,0.0,1.632174797388091,0.0,3.804987520471153,0.0,0.0,-0.0417107977450237,0.0,0.0,0.0,0.0,0.0,0.0,0.0,0.0,24.75952941750877,0.0,0.0,0.0,0.0,0.0,0.0
CHEMBL351271,0.0,0.8797959183673468,0.0,20.6200034643487,0.0,0.0,0.0,1.3025000000000002,2.580552248677249,0.0,0.0,0.0,0.0,0.0,4.043629850088183,0.0,2.0735185185185183,0.0,0.0,0.0,0.0,0.0,0.0,0.0,0.0
CHEMBL351526,2.210953168304359,9.801266245478908,6.38917675062832,0.0,1.0711459383135966,0.0,3.7786284121405433,0.0,0.0,-0.0311360903406354,0.0,0.0,0.0,0.0,0.0,0.0,0.0,0.0,24.67037768477745,0.0,0.0,0.0,0.0,0.0,0.0
CHEMBL351850,2.2073693503266014,10.443242832899069,4.402557677906554,0.0,1.06030274558383,0.0,3.755792263600932,0.0,0.0,-0.0441056748686619,0.0,0.0,0.0,0.0,0.0,0.0,0.0,0.0,24.66309254858497,0.0,0.0,0.0,0.0,5.858286728608848,0.0
CHEMBL352645,0.0,2.5808229402872263,0.0,12.771523683547493,2.265138888888888,0.0,0.0,4.389109977324264,0.0,0.0,0.0,0.0,3.073629850088184,0.0,4.419774659863946,0.0,0.0,0.0,0.0,0.0,0.0,0.0,0.0,0.0,0.0
CHEMBL352891,4.356040176554246,8.925822600836579,4.425453436004031,0.0,1.0963776822457376,0.0,3.8158274862146175,0.0,0.0,0.0015924456202236,0.0,0.0,0.0,0.0,0.0,0.0,0.0,0.0,24.60678114721044,0.0,0.0,0.0,0.0,0.0,0.0
CHEMBL353068,0.0,2.5808229402872263,0.0,12.979857016880828,2.265138888888888,0.0,0.0,4.389109977324264,0.0,0.0,0.0,0.0,2.9347409611992945,0.0,4.350330215419501,0.0,0.0,0.0,0.0,0.0,0.0,0.0,0.0,0.0,0.0
CHEMBL353571,4.380123724481068,10.130199396996836,4.444267211514235,0.0,1.098153397161333,0.0,3.8370606013104673,0.0,0.0,0.003832832030884,0.0,0.0,0.0,0.0,0.0,0.0,0.0,0.0,24.68738338142476,0.0,0.0,0.0,0.0,0.0,0.0
CHEMBL354401,1.83059670781893,1.121005842151675,0.0,7.288687641723356,-0.1402088057445203,0.0,-0.0610218253968248,1.5948797188628543,0.0,-0.5686574074074076,5.635221718316957,0.0,0.0,0.0,0.0,1.3655990173847314,0.0,0.0,24.18389739229025,0.0,0.0,0.0,0.0,0.0,0.0
CHEMBL355681,0.0,1.7040516345427057,1.909027777777777,9.510176688724668,0.0,0.0,0.9733068783068788,3.441384637188209,0.0,0.0,5.588145490455646,0.0,0.0,0.0,3.991877204585538,0.0,0.0,0.0,12.31258267195767,0.0,0.0,0.0,0.0,0.0,0.0
CHEMBL355905,1.7551851851851852,0.0,0.0,15.06135988809104,0.0,0.0,0.0,0.436513133030991,0.5452422944486439,0.0,0.0,0.0,0.0,0.0,4.3730385487528345,0.0,1.4678009259259257,0.0,25.782746598639456,0.0,0.0,0.0,-3.79553476946334,0.0,0.0
CHEMBL356594,4.157830217154713,3.04395071055154,0.0,10.101929406021666,0.0,0.0,0.0,4.081046014020853,0.0,0.0,0.0,0.0,2.942362314913722,0.0,4.225294177473561,0.0,0.0,0.0,0.0,5.614253826530612,0.0,0.0,0.0,0.0,0.0
CHEMBL357775,1.515841049382716,0.2631462585034012,0.0,7.074899848828419,-0.3304629629629632,0.0,-0.2577810846560844,1.5099787414965993,0.0,0.0,5.552312295288486,0.0,0.0,0.0,0.0,1.1815712396069538,0.0,0.0,22.99049461451247,0.0,0.0,0.0,0.0,0.0,0.0
CHEMBL357775,1.515841049382716,0.2631462585034012,0.0,7.074899848828419,-0.3304629629629632,0.0,-0.2577810846560844,1.5099787414965993,0.0,0.0,5.552312295288486,0.0,0.0,0.0,0.0,1.1815712396069538,0.0,0.0,22.99049461451247,0.0,0.0,0.0,0.0,0.0,0.0
CHEMBL358214,4.15271626519958,3.050242933006281,0.0,11.87902562394716,0.0,0.0,0.0,3.034686337625552,0.0,0.0,0.0,0.0,0.0,0.0,4.207813597087136,0.0,2.051411643361048,0.0,0.0,5.6241035997732425,0.0,0.0,0.0,0.0,0.0
CHEMBL3582472,0.0,0.9446426209372638,0.0,6.133566337028638,0.1927116402116397,0.0,0.0,-1.330776014109346,0.8849281934996225,0.0,0.0,0.0,0.0,0.0,8.147102544721594,0.0,1.841574074074074,0.0,0.0,0.0,0.0,40.24160798269925,0.0,0.0,0.0
CHEMBL3582477,3.365898294426433,0.9822101363693624,0.0,7.404627293818762,0.2367167422524563,0.0,0.0,0.2208212081128762,1.0041883975812549,-1.0301066599479296,0.0,0.0,0.0,0.0,8.696069381456287,0.0,1.9474414210128488,10.197361020012536,0.0,0.0,0.0,27.242562628535754,0.0,0.0,0.0
CHEMBL3582478,3.458405181478774,1.0769699152809271,0.0,9.988101825606783,0.3635119047619044,0.0,0.0,2.101512975560596,1.5954846938775518,-0.966721886285378,0.0,0.0,0.0,0.0,8.931756109851348,0.0,2.1007747543461828,10.210556612299037,0.0,0.0,0.0,13.646011331274678,0.0,0.0,0.0
CHEMBL3582481,1.6429544595616024,0.94369779856387,0.0,4.9069053392962125,0.1875264550264546,0.0,0.0,-0.7945779793398833,0.8930763416477709,0.0,0.0,0.0,0.0,0.0,8.26876921138826,0.0,1.8624074074074075,0.0,0.0,0.0,0.0,40.8122098345511,0.0,0.0,0.0
CHEMBL3589964,0.0,1.527543253354563,0.0,24.605568770827297,0.0,0.0,0.0,3.86279261323806,1.107970427077575,0.0,0.0,0.0,0.0,0.0,8.285418392240285,1.5097176717135925,1.5006741045183505,0.0,38.67589170596709,5.843010889033061,5.195885554235391,0.0,-3.6909291837094407,0.0,0.0
CHEMBL3589965,3.132272482503644,1.245708363963383,0.0,20.238409181275927,0.0,0.0,0.0,4.838195044710651,1.2075778106760988,0.0,0.0,0.0,0.0,0.0,8.307530761767463,1.464905267174196,1.499792484167935,0.0,38.7331428764795,16.601764473509782,5.204989082398135,0.0,-3.787100615903045,0.0,0.0
CHEMBL3589966,3.1288920959976254,1.1651884125235892,0.0,20.292520758330905,0.0,0.0,0.0,4.62642038868318,1.0861601880121594,0.0,0.0,0.0,0.0,0.0,8.303400512841037,1.4600313527415592,1.4839488979067803,0.0,39.16340068497848,16.65049100862375,5.204989082398135,0.0,-3.798254444060495,0.0,0.0
CHEMBL359116,2.1650411522633743,3.084322462583646,0.0,14.214065385222042,0.0,0.0,0.0,3.37216243596204,0.0,0.0,0.0,0.0,3.0534734260248326,0.0,0.0,0.0,0.0,0.0,0.0,5.610935137944066,0.0,0.0,0.0,0.0,0.0
CHEMBL359817,0.0,1.8839247921390776,2.055791761148904,8.514731250524902,0.0,0.0,1.238055555555556,3.0260464432686667,0.0,0.0,0.0,0.0,2.921078409758965,0.0,4.164180524061477,0.0,0.0,0.0,0.0,0.0,0.0,13.029524596875786,0.0,0.0,0.0
CHEMBL359942,1.7126961031326111,2.2026528250188964,2.2499896069538927,14.066511033425716,0.0,0.0,1.4017157974300831,4.893377346308895,0.0,0.0,0.0,0.0,0.0,0.0,4.041148459575137,0.0,0.0,0.0,0.0,5.265242161488103,0.0,0.0,0.0,0.0,0.0
CHEMBL360026,0.0,3.6499255952380953,2.2913425925925925,16.56134794658604,0.0,0.0,1.456527777777778,4.154001322751324,0.0,0.0,0.0,0.0,0.0,0.0,4.053521431720837,0.0,0.0,0.0,0.0,0.0,0.0,0.0,0.0,0.0,0.0
CHEMBL361653,3.2012660183241337,0.6568351599899218,0.0,20.062080046626853,0.0,0.0,0.0,4.368756267148225,1.0219622123540777,0.0,0.0,0.0,0.0,0.0,4.047515504388527,0.0,0.0,0.0,13.359752220332576,10.522090034932436,6.185063066893424,0.0,0.0,0.0,0.0
CHEMBL361653,3.2012660183241337,0.6568351599899218,0.0,20.062080046626853,0.0,0.0,0.0,4.368756267148225,1.0219622123540777,0.0,0.0,0.0,0.0,0.0,4.047515504388527,0.0,0.0,0.0,13.359752220332576,10.522090034932436,6.185063066893424,0.0,0.0,0.0,0.0
CHEMBL361872,1.623001341306786,1.123773999333301,0.0,32.97366922261616,0.0,0.0,0.0,5.541107615865515,1.0280789923994291,0.0,0.0,0.0,0.0,0.0,0.0,0.0,0.0,0.0,13.660775192053151,11.255376725640838,6.350903958805745,0.0,0.0,0.0,0.0
CHEMBL3621226,5.98149929298829,3.7722015148652055,6.085297382842026,0.0,0.7650741685563113,2.317293687536744,1.5746142106533985,0.0,0.0,-0.3864564043209872,0.0,0.0,0.0,9.312716184078468,0.0,0.0,0.0,0.0,24.07775996280055,0.0,0.0,0.0,0.0,0.0,0.0
CHEMBL362187,0.0,3.602402447089947,2.1889814814814814,12.33736433925422,0.0,0.0,1.4110648148148148,3.887952569916856,0.0,0.0,0.0,0.0,2.9875881834215168,0.0,4.251312830687831,0.0,0.0,0.0,0.0,0.0,0.0,0.0,0.0,0.0,0.0
CHEMBL3622054,0.0,1.567896825396825,0.0,17.830023344976517,0.0,2.1225297494271578,0.0,2.944827792905584,0.0,0.0,0.0,0.0,0.0,8.928099008609852,7.725240885457335,2.03627629755606,1.818216700260351,9.329113376051955,0.0,0.0,0.0,0.0,0.0,0.0,0.0
CHEMBL3622055,0.0,1.4646705719324764,0.0,15.74300521312204,0.0,2.115311362401078,0.0,2.942141610596987,0.0,0.0,0.0,0.0,0.0,8.93970858340624,7.713542079213075,2.010092907533384,1.7973619334565103,9.48420596864455,0.0,0.0,0.0,0.0,0.0,5.940239305890852,0.0
CHEMBL3622056,0.0,1.3726292963172924,0.0,17.04730287470235,0.0,2.101306263505011,0.0,2.5979505586956826,0.0,0.0,4.847884449845597,0.0,0.0,8.959066890554297,7.69278120533282,1.9788002747012488,1.7688365349710948,0.0,21.86928828980271,4.617418085254,0.0,0.0,-4.02721350381144,0.0,0.0
CHEMBL3622057,0.0,1.2694030428529437,0.0,15.094798631736763,0.0,2.094087876478932,0.0,2.3999171541648634,0.0,0.0,4.858131363425844,0.0,0.0,8.970676465350685,7.681082399088559,1.952616884678573,1.747981768167254,0.0,22.056448783629875,4.616260677846592,0.0,0.0,-4.134157948255885,6.066859676261223,0.0
CHEMBL3622058,0.0,2.4088561950198404,0.0,17.2388789425826,0.0,2.112104206919013,0.0,2.6931556176057,0.0,0.0,4.8498101984810775,0.0,0.0,8.969913724461014,7.723722901520867,2.018611667246227,1.7970617688218835,0.0,21.85898572176576,4.619970056878955,0.0,0.0,-4.015519930617038,0.0,0.0
CHEMBL3622059,0.0,4.7688250528266245,0.0,17.50562120186404,0.0,2.128996415154792,0.0,2.8175083909375447,0.0,0.0,4.854650603338361,0.0,0.0,8.989418844793171,7.7713087011610975,2.067973183922859,1.8346208642434985,0.0,21.852210240512417,4.626019078254624,0.0,0.0,-3.998971658237623,0.0,0.0
CHEMBL3622060,0.0,0.7175844041320232,0.0,15.491094877636217,0.0,2.065926881282776,0.0,1.5243194203250134,0.0,0.0,0.0,0.0,0.0,8.936245579451228,7.583993568438741,1.8268807214243723,1.6612647111186072,9.30413399328453,24.92761334745101,0.0,0.0,0.0,-3.4557241712111835,0.0,0.0
CHEMBL3622061,0.0,3.324052699962242,0.0,15.95101838695051,0.3616229817544303,2.133126156458111,0.0,4.013553087062912,0.0,0.0,4.954492563770179,0.0,0.0,9.048962734515795,7.831975849239765,2.07866138581236,1.833278144948419,0.0,22.29870349724372,4.786467593946366,0.0,0.0,-4.03258174833147,0.0,0.0
CHEMBL3622062,0.0,0.5092370296884183,0.0,21.143724319619466,0.0,2.110572144112432,0.0,2.5959246826440583,1.7286338397720074,0.0,4.924548255800078,0.0,0.0,9.030715276773387,7.7570160041906355,1.9591243487753227,1.7585559227261969,0.0,22.23881488130351,4.731887095080152,0.0,0.0,-4.072087133818999,0.0,0.0
CHEMBL3622063,0.0,0.4652083070882673,0.0,19.054075014925484,0.0,2.1033537570863525,0.0,2.4674437472490416,1.4246214940929955,0.0,4.934795169380324,0.0,0.0,9.042324851569775,7.745317197946374,1.9329409587526472,1.737701155922356,0.0,22.42597537513068,4.730729687672746,0.0,0.0,-4.179031578263444,6.3089893058908535,0.0
CHEMBL3622064,0.0,0.492986084866045,0.0,19.464489385908035,0.0,2.111407668986418,0.0,3.0230207362751047,1.660925506438674,0.0,4.972603811355633,0.0,0.0,9.049269296014222,7.76781490226226,1.954208319863758,1.754504996800271,0.0,22.50159265908129,4.815799132117189,0.0,0.0,-4.124587133818999,0.0,3.3892979671834325
CHEMBL3622065,0.0,1.208555222243218,0.0,19.17537849536997,0.0,2.1111357026778848,0.0,1.6221534372631896,1.7413653212534883,0.0,4.926605868968802,0.0,0.0,9.020550667719892,7.750150294943974,1.977642867293841,3.8077265261527526,0.0,22.24293010764096,4.73528845562437,0.0,0.0,-4.069482967152332,0.0,0.0
CHEMBL3622066,1.9208408351335733,1.2060273762282687,0.0,17.434275810528028,0.0,2.113640613106425,0.0,2.6069222415447726,1.803865321253489,0.0,4.995912191602751,0.0,0.0,9.052204159111106,7.773200955341037,1.9768663128831776,3.7343880609329743,0.0,22.569688956807152,4.833025280802261,0.0,0.0,-4.10419144860835,0.0,0.0
CHEMBL3622067,0.0,1.086166265117158,0.0,16.574322106824326,0.0,2.0977716966693265,0.0,2.372699076842712,1.320069024957193,0.0,4.94778333357806,0.0,0.0,9.018118853391185,7.716163918304001,1.9351996462165115,1.735308211209185,0.0,22.399357166683696,4.760746369237635,5.570837607808658,0.0,-4.117876610172977,0.0,0.0
CHEMBL3622069,3.885997417485513,0.6366054106827915,0.0,19.8089282676582,0.0,2.390737118921643,0.0,4.4250578441253055,0.0,-0.5373270975056694,0.0,0.0,0.0,9.491306622970583,8.161099933424293,0.0,1.787154195011338,0.0,0.0,0.0,0.0,0.0,0.0,0.0,0.0
CHEMBL3622070,3.740905157699197,0.5317915736593585,0.0,15.666282423558604,0.0,2.334671182300636,0.0,3.8581734675874735,0.0,-0.6519153835649152,4.878675253024203,0.0,0.0,9.541501450481846,8.09677706759918,0.0,1.71460806511818,0.0,22.033979015780066,4.652170394753576,0.0,0.0,-4.055158641920299,0.0,0.0
CHEMBL3622071,3.706913388151872,0.5047639673493448,0.0,13.708144322679624,0.0,2.322675297526973,0.0,3.5528961373856776,0.0,-0.6820294096280153,4.88892216660445,0.0,0.0,9.560445435789468,8.085966436030972,0.0,1.6976121803445174,0.0,22.221139509607223,4.651012987346168,0.0,0.0,-4.162103086364743,6.1341572488091245,0.0
CHEMBL3622072,3.734135610374094,0.5215678082272598,0.0,14.09195318855499,0.0,2.336286408638085,0.0,4.209821291706665,0.0,-0.6652255687501005,4.926730808579759,0.0,0.0,9.57169428794741,8.106667448682742,0.0,1.7112232914556285,0.0,22.29675679355784,4.736082431790613,0.0,0.0,-4.107658641920299,0.0,3.3049258672324147
CHEMBL3622073,0.0,3.332208696034523,0.0,15.98669483852459,0.0,2.5082822934117472,0.0,4.103350245024804,0.0,-0.4296931613426928,4.897347514828333,0.0,0.0,9.784001450481846,8.158266265130043,0.0,1.7428287283834862,0.0,22.10193578428628,4.674323746452382,0.0,0.0,-4.0516658740044535,0.0,0.0
CHEMBL3622074,0.0,3.2429432228401778,0.0,14.011211058633268,0.0,2.4962864086380847,0.0,3.812085260502019,0.0,-0.4598071874057929,4.907594428408579,0.0,0.0,9.802945435789468,8.147455633561837,0.0,1.7258328436098236,0.0,22.28909627811344,4.673166339044975,0.0,0.0,-4.158610318448898,6.165736679479464,0.0
CHEMBL3622075,0.0,1.420664437946808,0.0,15.902972238373415,0.0,2.4457822934117472,0.0,4.079692741963892,0.0,-0.4019153835649152,4.884592412787517,0.0,0.0,9.604001450481846,8.124747746611526,0.0,1.7350162283834862,0.0,22.04581333530669,4.660434857563493,0.0,0.0,-4.048214197475854,0.0,0.0
CHEMBL3622076,3.648312565106605,0.4651249069926919,0.0,14.590486410709016,0.0,2.28837488600434,0.0,2.7498401342541414,0.0,-0.7185820502315818,4.852633586357537,0.0,0.0,9.50748784503967,8.036721795490337,0.0,1.6683117688218838,0.0,21.981895682446726,10.518564716371111,0.0,0.0,-4.089172247362476,0.0,0.0
CHEMBL3622077,3.74859722448467,0.537487124806472,3.815268290186445,15.603085298594392,0.0,2.337440617154549,0.0,3.8147419951796833,0.0,-0.645169858954824,4.866353573141733,0.0,0.0,9.541308156771306,8.102454100735889,0.0,1.718454098510917,0.0,21.9763199423332,4.632589055954129,0.0,0.0,-4.048929618898554,0.0,0.0
CHEMBL3622363,1.822397023294043,0.0,0.0,15.452505516018771,-0.282098450491308,0.0,0.0,1.930683959540608,1.6687820090029688,0.0,4.90381761559112,0.0,0.0,0.0,16.409865586822136,0.0,3.4035522615395,0.0,22.155171675433216,4.691175507826843,0.0,0.0,-4.072519371244567,0.0,0.0
CHEMBL3622434,0.0,1.8885764676240864,0.0,24.618596417004497,0.0,0.0,0.0,7.868466275654228,0.0,0.0,0.0,0.0,0.0,0.0,13.09540250638385,0.0,2.195625,0.0,0.0,0.0,0.0,0.0,0.0,0.0,0.0
CHEMBL3622437,3.3296021050329934,1.7948127694348834,0.0,11.33487145860793,0.0,0.0,-0.382345852316541,6.637898099909285,0.0,0.0,0.0,0.0,0.0,0.0,12.555310033644028,0.0,2.102911522633745,0.0,11.695402054888886,4.7648711414981255,0.0,0.0,0.0,0.0,0.0
CHEMBL3622445,2.614211196469424,1.5208930429188814,0.0,9.563675195380418,0.0,0.0,0.0,4.717153857079003,0.0,-7.745816790048842,0.0,0.0,0.0,0.0,12.18347297355959,0.0,1.9917952249770432,9.919615444713749,0.0,0.0,0.0,39.40166652161741,0.0,0.0,0.0
CHEMBL3623208,6.090731152398721,5.973795430209121,1.9005912226001511,0.0,1.119240835222978,2.351182576425632,1.840308655097843,0.0,0.0,-0.2484008487654319,0.0,0.0,0.0,9.33680915460001,0.0,0.0,0.0,0.0,24.13574182221097,0.0,0.0,0.0,0.0,0.0,0.0
CHEMBL3623209,6.860239368882947,6.982923122952885,2.416559901738473,0.0,1.628393998803224,0.0,1.4927393287561943,0.0,0.0,0.3879239496724613,0.0,0.0,0.0,0.0,0.0,0.0,0.0,10.054446813658124,12.079947270192129,5.5968262453435615,0.0,0.0,0.0,0.0,0.0
CHEMBL3623212,6.465575394355408,9.488267474120075,4.652536192224421,11.658319384226685,1.1466824888115803,0.0,2.647912579994983,2.5151870183008143,0.0,0.1330561141566741,0.0,0.0,0.0,0.0,4.080811702532078,0.0,2.047110951887769,21.95222300649917,0.0,11.71231769289034,0.0,0.0,0.0,0.0,0.0
CHEMBL3623213,4.625115084614093,6.967329807688303,1.9599386425062832,5.519023724793406,1.6719143938439565,0.0,2.13068415431804,0.0,0.0,-0.0074767337490553,0.0,0.0,0.0,0.0,4.166177766144882,0.0,2.023867673982663,0.0,25.276758819190764,0.0,0.0,0.0,0.0,0.0,0.0
CHEMBL3623214,4.520292947425884,5.07562783446712,5.791836374203799,5.4875458143761024,1.4819533677668588,0.0,1.845306461574275,0.0,0.0,-0.2121252598261527,0.0,0.0,0.0,0.0,4.157045534739924,0.0,2.0098823344764902,0.0,25.17596792412904,0.0,0.0,0.0,0.0,0.0,0.0
CHEMBL3623215,4.691024397413286,7.587204086881666,0.0,1.86565648095658,1.976598298269924,0.0,0.3004554306290421,1.895419671726716,0.0,0.1900648384353747,0.0,0.0,2.945905493166045,0.0,4.142501033968837,0.0,0.0,10.548460310649617,13.02337662456958,0.0,0.0,0.0,0.0,0.0,0.0
CHEMBL3623216,4.419296002351558,6.356672230620643,0.0,0.0,1.1448484084992012,2.067495577706392,-0.2147267494960942,0.0,0.0,-0.1892445751448721,0.0,0.0,0.0,9.352808169564122,0.0,0.0,0.0,20.57711320021836,12.652404402347358,0.0,0.0,0.0,0.0,0.0,0.0
CHEMBL3623217,4.636540217939027,6.610567108590197,0.0,10.281233041696554,0.8316665211784662,2.389448743552834,2.7149879204372813,1.1451110957978743,0.0,-0.0454381036798963,0.0,0.0,0.0,9.57838241899089,0.0,0.0,0.0,10.891374973699488,12.966420390125748,0.0,0.0,0.0,0.0,0.0,0.0
CHEMBL3623218,4.340651979927774,6.053763909884943,1.6091174571680524,0.0,0.1337143854455346,0.0,1.298912548815823,0.0,0.0,-0.2901214884101784,0.0,0.0,0.0,0.0,0.0,0.0,0.0,0.0,24.078128569328964,0.0,0.0,14.109165971172418,0.0,0.0,0.0
CHEMBL3623218,4.340651979927774,6.053763909884943,1.6091174571680524,0.0,0.1337143854455346,0.0,1.298912548815823,0.0,0.0,-0.2901214884101784,0.0,0.0,0.0,0.0,0.0,0.0,0.0,0.0,24.078128569328964,0.0,0.0,14.109165971172418,0.0,0.0,0.0
CHEMBL3623219,6.832332468851227,8.473236712123123,2.015367457168052,0.0,2.2153083007894514,0.0,2.3279557586923665,0.0,0.0,0.178431752330562,0.0,0.0,0.0,0.0,0.0,0.0,0.0,0.0,24.790700883378555,0.0,0.0,0.0,0.0,0.0,0.0
CHEMBL3623219,6.832332468851227,8.473236712123123,2.015367457168052,0.0,2.2153083007894514,0.0,2.3279557586923665,0.0,0.0,0.178431752330562,0.0,0.0,0.0,0.0,0.0,0.0,0.0,0.0,24.790700883378555,0.0,0.0,0.0,0.0,0.0,0.0
CHEMBL3623220,2.176515388805252,5.66865520034483,0.0,10.253391518485348,1.3809790563506286,0.0,0.1901617593211422,3.500283337935981,0.0,-0.1448611447295402,0.0,2.862153499517091,0.0,0.0,3.9390911467814425,0.0,0.0,10.51260422262722,25.07769268122727,0.0,0.0,0.0,0.0,0.0,0.0
CHEMBL3623220,2.176515388805252,5.66865520034483,0.0,10.253391518485348,1.3809790563506286,0.0,0.1901617593211422,3.500283337935981,0.0,-0.1448611447295402,0.0,2.862153499517091,0.0,0.0,3.9390911467814425,0.0,0.0,10.51260422262722,25.07769268122727,0.0,0.0,0.0,0.0,0.0,0.0
CHEMBL3623221,2.176515388805252,5.495676140480398,0.0,10.233380446537948,1.3809790563506286,0.0,0.2070266024806282,3.4680961528767726,0.0,-0.1448611447295404,0.0,2.9401712621777105,0.0,0.0,3.951671304418418,0.0,0.0,10.51260422262722,25.19540723464123,0.0,0.0,0.0,0.0,0.0,0.0
CHEMBL3623221,2.176515388805252,5.495676140480398,0.0,10.233380446537948,1.3809790563506286,0.0,0.2070266024806282,3.4680961528767726,0.0,-0.1448611447295404,0.0,2.9401712621777105,0.0,0.0,3.951671304418418,0.0,0.0,10.51260422262722,25.19540723464123,0.0,0.0,0.0,0.0,0.0,0.0
CHEMBL3623222,2.221628217645083,7.571895917317544,1.9216174571680524,0.0,1.972390873015872,0.0,2.107471983392124,0.0,0.0,0.066876456601159,0.0,0.0,0.0,0.0,0.0,0.0,0.0,0.0,24.313731575963715,6.157720852229781,0.0,0.0,0.0,0.0,0.0
CHEMBL3623222,2.221628217645083,7.571895917317544,1.9216174571680524,0.0,1.972390873015872,0.0,2.107471983392124,0.0,0.0,0.066876456601159,0.0,0.0,0.0,0.0,0.0,0.0,0.0,0.0,24.313731575963715,6.157720852229781,0.0,0.0,0.0,0.0,0.0
CHEMBL3623223,4.546744194591417,5.917855778113715,7.863048154446965,0.0,2.170120464852608,0.0,1.9399589920844889,0.0,0.0,-0.101608048311917,0.0,0.0,0.0,0.0,0.0,0.0,0.0,0.0,24.518026029856387,0.0,0.0,0.0,0.0,0.0,0.0
CHEMBL3623223,4.546744194591417,5.917855778113715,7.863048154446965,0.0,2.170120464852608,0.0,1.9399589920844889,0.0,0.0,-0.101608048311917,0.0,0.0,0.0,0.0,0.0,0.0,0.0,0.0,24.518026029856387,0.0,0.0,0.0,0.0,0.0,0.0
CHEMBL3623225,2.1854755605946083,0.9642376858150666,0.0,27.296934917485515,0.1355555555555554,0.0,0.0,2.5797741874527595,2.5860643424036285,0.0,0.0,0.0,0.0,0.0,4.257273321365584,0.0,4.494684429327286,0.0,0.0,0.0,0.0,0.0,0.0,0.0,0.0
CHEMBL3623226,0.0,0.0,0.0,19.202635098754328,-0.281944444444445,0.0,0.0,1.342556111950954,1.8281981187536744,0.0,0.0,0.0,0.0,0.0,8.215418083900227,0.0,1.6993565759637188,0.0,0.0,0.0,5.956269132653061,13.20417798913515,0.0,0.0,0.0
CHEMBL3623227,0.0,0.7906802721088435,0.0,20.28926041404216,-4.062736205701079e-05,0.0,0.0,2.421068069202991,0.0,0.0,0.0,0.0,0.0,0.0,4.133702758881331,0.0,2.050791761148904,0.0,0.0,6.053362622826908,0.0,13.594508062484254,0.0,0.0,0.0
CHEMBL3623228,2.915499083114523,0.2930778567038485,0.0,6.863246724615772,-0.2831944444444449,0.0,-0.3450240929705213,3.634360066557488,0.0,0.0,0.0,0.0,0.0,0.0,0.0,0.0,0.0,10.107531784726952,12.07940980095742,26.568426554072296,0.0,0.0,0.0,0.0,0.0
CHEMBL3623229,4.041905339296212,1.6048760707986898,0.0,9.680594529478457,0.0,0.0,-0.8009475256151843,3.9264813765012185,0.0,0.0,0.0,0.0,0.0,0.0,4.4625319664903,0.0,2.093270975056689,8.943175285546317,10.881445315780631,0.0,0.0,0.0,0.0,0.0,0.0
CHEMBL3623230,0.0,0.911574074074074,0.0,27.91511621315193,0.0,0.0,0.0,1.332413076341648,5.2714521919879065,0.0,0.0,0.0,0.0,0.0,0.0,0.0,2.4027777777777777,0.0,0.0,0.0,0.0,0.0,0.0,0.0,0.0
CHEMBL3623231,0.0,1.412574050453515,0.0,15.613909431303322,-0.0607736258083482,2.109775110461785,0.0,3.209710351094021,0.0,0.0,4.905537464240844,0.0,0.0,8.984416651420169,8.274335743430225,0.0,1.772720224625663,0.0,22.171583115084097,4.717506202417923,0.0,0.0,-4.081136243890763,0.0,3.3031748585008867
CHEMBL3623232,0.0,0.1148299319727892,0.0,15.252132804631902,0.0,2.040625665865391,0.0,0.6178824913862819,0.0,0.0,4.786297203882223,0.0,0.0,8.937301355742047,3.995393231341103,1.728941444633409,1.662276365793231,0.0,21.918112085271385,4.475461601381931,0.0,14.45147701287943,-4.23073119478112,0.0,0.0
CHEMBL362441,1.7191885847671382,3.469642069790879,2.2474896069538928,14.163479051144996,0.0,0.0,1.3999102418745275,4.860360371000253,0.0,0.0,0.0,0.0,0.0,0.0,4.168940456973015,0.0,0.0,0.0,0.0,5.304322950828633,0.0,0.0,0.0,0.0,0.0
CHEMBL362906,1.591612841506871,0.6102070735701688,0.0,22.41955296475544,0.0,0.0,0.0,3.5768333152437592,1.0549918115394308,0.0,0.0,0.0,0.0,0.0,4.347723761961677,0.0,0.0,0.0,13.230908604182414,5.267358549722817,6.147589049508692,0.0,0.0,0.0,0.0
CHEMBL362968,1.685688726490494,0.0,0.0,20.18239266288599,0.0,0.0,0.0,3.201493213025952,2.388095710506425,0.0,0.0,0.0,0.0,0.0,4.148501823186167,0.0,0.0,0.0,0.0,5.227161197238308,0.0,0.0,0.0,0.0,0.0
CHEMBL363493,0.0,0.4375549868835402,0.0,29.77490668149114,0.0,0.0,0.0,3.423928130602845,0.971039147140338,0.0,0.0,0.0,0.0,0.0,4.099874105918686,0.0,1.7090006666246744,0.0,13.40101305108565,5.904300117621276,6.208235544217687,0.0,0.0,0.0,0.0
CHEMBL363493,0.0,0.4375549868835402,0.0,29.77490668149114,0.0,0.0,0.0,3.423928130602845,0.971039147140338,0.0,0.0,0.0,0.0,0.0,4.099874105918686,0.0,1.7090006666246744,0.0,13.40101305108565,5.904300117621276,6.208235544217687,0.0,0.0,0.0,0.0
CHEMBL363621,0.0,2.315981906651549,2.248842592592593,16.462055539808517,0.0,0.0,1.4338888888888892,4.067774470899471,0.0,0.0,0.0,0.0,0.0,0.0,4.138123267825649,0.0,0.0,0.0,0.0,0.0,0.0,0.0,0.0,0.0,0.0
CHEMBL363626,1.69838813303099,0.0,0.0,20.0862677941547,0.0,0.0,0.0,3.0195398715041577,2.388095710506425,0.0,0.0,0.0,0.0,0.0,4.160974741748551,0.0,0.0,0.0,0.0,5.480067082388511,0.0,0.0,0.0,0.0,0.0
CHEMBL363849,0.0,1.894351379440665,2.228245464852608,17.097578194028863,0.0,0.0,1.28640022675737,3.34622482686065,2.3469798227933154,0.0,0.0,0.0,0.0,0.0,4.169085363573549,0.0,0.0,0.0,0.0,0.0,0.0,13.297801388359648,0.0,0.0,0.0
CHEMBL364080,0.0,2.315981906651549,2.248842592592593,16.462055539808517,0.0,0.0,1.4338888888888892,4.067774470899471,0.0,0.0,0.0,0.0,0.0,0.0,4.138123267825649,0.0,0.0,0.0,0.0,0.0,0.0,0.0,0.0,0.0,0.0
CHEMBL364326,0.0,0.6259285241874526,0.0,21.426279069338683,0.0,0.0,0.0,2.983547984136008,0.8293968883849843,0.0,0.0,0.0,0.0,0.0,4.117903862544916,0.0,0.0,9.729161930625224,13.1050425170068,0.0,6.0132919973544965,0.0,0.0,0.0,0.0
CHEMBL364956,0.0,1.8614070767195767,2.073152872260015,10.06295786599764,0.0,0.0,1.2312962962962966,3.065807403208198,0.0,0.0,0.0,0.0,0.0,0.0,7.962254766103973,0.0,0.0,0.0,0.0,0.0,0.0,13.076457052747635,0.0,0.0,0.0
CHEMBL365120,0.0,3.634493496472663,2.268842592592593,16.564226820357774,0.0,0.0,1.4443055555555555,4.093237433862434,0.0,0.0,0.0,0.0,0.0,0.0,4.161560767825649,0.0,0.0,0.0,0.0,0.0,0.0,0.0,0.0,0.0,0.0
CHEMBL365314,1.7112409226776109,2.2232820767195767,2.243009259259259,14.058650163769212,0.0,0.0,1.384351851851852,4.869645009238264,0.0,0.0,0.0,0.0,0.0,0.0,4.042382602349684,0.0,0.0,0.0,0.0,5.300771447467876,0.0,0.0,0.0,0.0,0.0
CHEMBL365735,0.0,0.0,0.0,22.609760802469133,0.0,0.0,0.0,2.3750491307634167,2.540734599395314,0.0,0.0,0.0,0.0,0.0,4.141122134038801,0.0,0.0,0.0,0.0,0.0,0.0,0.0,0.0,0.0,0.0
CHEMBL366460,0.0,0.0,0.0,18.349951341647767,0.0,0.0,0.0,1.4826880196523056,1.2416983182161758,0.0,0.0,0.0,0.0,0.0,0.0,0.0,0.0,0.0,12.268892668178385,0.0,5.478019652305367,0.0,0.0,0.0,0.0
CHEMBL366490,0.0,1.7076022770219197,2.0955092592592592,12.801303986100615,0.0,0.0,1.2013888888888893,2.882584509112288,0.0,0.0,0.0,0.0,0.0,0.0,4.081603206097254,0.0,0.0,0.0,0.0,0.0,0.0,13.563341206853112,0.0,0.0,0.0
CHEMBL366570,2.153068153187201,2.3148707955404384,2.2621759259259258,14.576350282396907,0.0,0.0,1.441388888888889,5.4298020072226425,0.0,0.0,0.0,0.0,0.0,0.0,4.155677280171328,0.0,0.0,0.0,0.0,0.0,0.0,0.0,0.0,0.0,0.0
CHEMBL366669,3.358173136921333,3.325419894809776,2.2191562736205594,11.923074719659317,0.0,0.0,1.3381509826152684,5.320409921684725,0.0,0.0,0.0,0.0,0.0,0.0,4.177975950800175,0.0,0.0,0.0,0.0,10.837639119888848,0.0,0.0,0.0,0.0,0.0
CHEMBL366772,1.7095053854875282,2.211129298941799,2.2205092592592592,14.06887343054506,0.0,0.0,1.37212962962963,4.805601799361721,0.0,0.0,0.0,0.0,0.0,0.0,4.147158761652809,0.0,0.0,0.0,0.0,5.29842576845553,0.0,0.0,0.0,0.0,0.0
CHEMBL366773,0.0,2.2775791288737715,2.2652957294028724,14.3135712186109,0.0,0.0,1.429351851851852,5.233215952275972,0.0,0.0,0.0,0.0,0.0,0.0,4.04040236223813,0.0,0.0,0.0,0.0,0.0,0.0,0.0,0.0,0.0,3.5239170900798333
CHEMBL367149,2.147285115187405,6.755628262120049,25.698099026746373,0.0,0.0,0.0,-0.7411769193175382,0.0,0.0,0.0,0.0,0.0,0.0,0.0,0.0,0.0,0.0,8.491110833614133,10.315720348316244,0.0,0.0,0.0,0.0,0.0,0.0
CHEMBL367483,0.0,3.2704931972789115,2.1255366591080875,9.542452326596898,0.0,2.2006701152683297,1.3128146258503404,4.252143408289243,0.0,0.0,0.0,0.0,2.9627777899242544,8.933751207489934,4.232694003527337,0.0,0.0,0.0,0.0,0.0,0.0,0.0,0.0,0.0,0.0
CHEMBL367719,0.0,3.602402447089947,2.1889814814814814,12.33736433925422,0.0,0.0,1.4110648148148148,3.887952569916856,0.0,0.0,0.0,0.0,2.9875881834215168,0.0,4.251312830687831,0.0,0.0,0.0,0.0,0.0,0.0,0.0,0.0,0.0,0.0
CHEMBL368305,2.200244079113127,2.32260227702192,2.2621759259259258,14.404544726841351,0.0,0.0,1.441388888888889,5.546700155370791,0.0,0.0,0.0,0.0,0.0,0.0,4.155677280171328,0.0,0.0,0.0,0.0,0.0,0.0,0.0,0.0,0.0,0.0
CHEMBL368631,6.105322520192651,1.132060263920383,0.0,7.342737386621315,-0.1657643613000758,0.0,-0.0472718253968249,1.5945641481901407,0.0,-0.6801197037456961,5.69230849517646,0.0,0.0,0.0,0.0,1.448932350718065,0.0,0.0,25.077230725623583,0.0,0.0,0.0,0.0,0.0,0.0
CHEMBL368732,1.5514660493827162,0.6517110733182161,0.0,7.240501700680272,-0.1447921390778537,0.0,-0.1304662698412693,1.5804417044595622,0.0,-0.5699074074074075,5.609048878810784,0.0,0.0,0.0,0.0,1.2405990173847314,0.0,0.0,23.72139739229025,0.0,0.0,0.0,0.0,0.0,0.0
CHEMBL369471,0.0,1.1993275226757372,0.0,9.060138462460792,-0.4423356009070307,0.0,-0.2957730746619633,0.7166299149149999,0.0,0.0,0.0,0.0,0.0,0.0,0.0,0.0,0.0,37.89889874595502,12.02869541026287,5.167751952632905,0.0,0.0,0.0,0.0,0.0
CHEMBL369603,0.0,0.977781320861678,0.0,16.922728689822865,-0.2015400604686323,0.0,-0.1233309712773993,2.535955488932131,0.0,-0.6393217356387,5.711225000194364,0.0,0.0,0.0,0.0,1.4026360544217686,0.0,0.0,25.330532879818595,0.0,0.0,0.0,0.0,0.0,0.0
CHEMBL369623,0.0,2.106213388133031,2.203533950617284,13.840441503247389,0.0,0.0,1.3569444444444447,4.609326131687244,0.0,0.0,0.0,0.0,0.0,0.0,4.129614180034153,0.0,0.0,0.0,0.0,0.0,0.0,0.0,0.0,6.198370846280898,0.0
CHEMBL370281,1.7112409226776109,2.2232820767195767,2.243009259259259,14.058650163769212,0.0,0.0,1.384351851851852,4.869645009238264,0.0,0.0,0.0,0.0,0.0,0.0,4.042382602349684,0.0,0.0,0.0,0.0,5.300771447467876,0.0,0.0,0.0,0.0,0.0
CHEMBL370317,0.0,0.0,2.1782407407407405,28.57227576215672,0.0,0.0,1.2075925925925928,3.528066893424037,0.0,0.0,0.0,0.0,0.0,0.0,4.180490677752583,0.0,0.0,0.0,0.0,0.0,0.0,0.0,0.0,0.0,0.0
CHEMBL370530,0.0,1.894351379440665,2.228245464852608,17.097578194028863,0.0,0.0,1.28640022675737,3.34622482686065,2.3469798227933154,0.0,0.0,0.0,0.0,0.0,4.169085363573549,0.0,0.0,0.0,0.0,0.0,0.0,13.297801388359648,0.0,0.0,0.0
CHEMBL370822,0.0,0.0,0.0,18.2890661218191,0.0,0.0,0.0,2.228660241874528,2.518856764928194,0.0,0.0,0.0,3.1070169595616024,0.0,4.023066578483245,0.0,0.0,0.0,0.0,0.0,0.0,0.0,0.0,0.0,0.0
CHEMBL371275,0.0,1.8862888951877048,2.2160232426303854,17.121940504431034,0.0,0.0,1.2790306122448982,3.3139268054176068,2.1594798227933154,0.0,0.0,0.0,0.0,0.0,4.393495413967546,0.0,0.0,0.0,0.0,0.0,0.0,13.296481369994176,0.0,0.0,0.0
CHEMBL371430,1.6528160430839,0.0,0.0,17.444950449315527,0.0,0.0,0.0,3.5230336146804406,2.0840833648274133,0.0,0.0,0.0,0.0,0.0,4.13262676366843,0.0,0.0,0.0,0.0,5.251877519526329,0.0,0.0,0.0,6.521723356009069,0.0
CHEMBL371455,1.6369364659444026,0.0,0.0,19.47990436341356,0.0,0.0,-0.0664482365744993,2.8862950102880665,2.164580026455027,0.0,0.0,2.63598558096078,0.0,0.0,4.136589518319316,0.0,0.0,0.0,11.626157271193346,0.0,0.0,0.0,0.0,0.0,0.0
CHEMBL371509,0.0,1.8862888951877048,2.2160232426303854,17.121940504431034,0.0,0.0,1.2790306122448982,3.3139268054176068,2.1594798227933154,0.0,0.0,0.0,0.0,0.0,4.393495413967546,0.0,0.0,0.0,0.0,0.0,0.0,13.296481369994176,0.0,0.0,0.0
CHEMBL371663,3.8006581250542153,1.0126035480023503,0.0,19.673821804765165,-0.1603694255479975,0.0,0.0,4.000148036704224,1.8293863903586125,0.0,0.0,0.0,0.0,0.0,8.435988359467345,0.0,1.815374858276644,0.0,0.0,5.286871485081192,6.13885015117158,0.0,0.0,0.0,0.0
CHEMBL371742,2.1554138321995464,2.327023573318216,2.2846759259259257,14.569645534139584,0.0,0.0,1.4536111111111112,5.493845217099185,0.0,0.0,0.0,0.0,0.0,0.0,4.049118139539766,0.0,0.0,0.0,0.0,0.0,0.0,0.0,0.0,0.0,0.0
CHEMBL372087,1.687008744855967,0.0,0.0,20.202870632821032,0.0,0.0,0.0,3.2749500031494083,2.400248488284203,0.0,0.0,0.0,0.0,0.0,4.039358729794336,0.0,0.0,0.0,0.0,5.228896734428391,0.0,0.0,0.0,0.0,0.0
CHEMBL372256,1.6774242636805767,0.0,0.0,17.508520255898503,0.0,0.0,0.0,3.0155364229024952,2.339909769463341,0.0,0.0,0.0,0.0,0.0,8.07478142415011,0.0,0.0,0.0,0.0,5.217161197238307,0.0,0.0,0.0,0.0,0.0
CHEMBL372835,3.699951184177375,0.0,0.0,3.730717592592592,0.0,0.0,0.0,0.22243150037793,0.0,0.0,0.0,0.0,0.0,0.0,0.0,0.9955942932728647,0.0,0.0,33.27552433704963,4.941898148148148,0.0,0.0,-3.438092639833711,0.0,0.0
CHEMBL372999,1.5788795641019284,0.0,0.0,19.5716216561617,0.0,0.0,0.0,1.6089263251979713,1.4111147854203412,-1.6029611914210125,0.0,0.0,0.0,0.0,4.104909451052128,0.0,0.0,11.656261731544468,0.0,5.225445743379996,5.963223970143613,13.399244631085534,0.0,0.0,0.0
CHEMBL373074,2.294560185185185,1.1331755479969765,2.259259259259259,16.523338844797177,0.633445767195767,0.0,1.4315740740740743,4.067496693121694,0.0,0.0,0.0,0.0,0.0,0.0,4.157149628369867,0.0,0.0,0.0,0.0,0.0,0.0,0.0,0.0,0.0,0.0
CHEMBL37321,4.186641183018244,6.617173638158711,0.0,7.266860771703845,0.0,0.0,-0.033724017384731,0.9870909181573866,0.0,-0.5539619945200303,0.0,0.0,0.0,0.0,4.042859000740599,1.503064058956916,0.0,0.0,25.23399644116906,0.0,0.0,0.0,0.0,0.0,0.0
CHEMBL373377,2.429079968151938,0.1397214348702447,0.0,21.498818871759365,0.0,0.0,0.0,3.185558104539401,0.0,0.0,0.0,0.0,0.0,0.0,0.0,1.0323021122029057,0.0,0.0,34.86709215244362,5.765354780801209,0.0,0.0,-3.547205378362485,0.0,0.0
CHEMBL373427,0.9565131668676036,-0.0001095993953137,0.0,9.032525609761812,0.0,0.0,0.0,0.0824644168962362,0.0,0.0,0.0,2.225888500461913,0.0,0.0,0.0,0.0,0.0,0.0,33.51346483119954,5.4459410430839,0.0,12.84910527446873,-3.5707825857870934,0.0,0.0
CHEMBL374535,2.431458892071266,0.1494085411942556,0.0,17.556063307055094,0.0,0.0,0.0,1.066203774847354,2.139090193750187,0.0,0.0,0.0,0.0,0.0,0.0,1.0341771122029058,0.0,0.0,34.78979602920844,5.768689767573696,0.0,0.0,-3.5397606024860715,0.0,0.0
CHEMBL374651,1.0021444056017468,0.8665374622071049,0.0,13.323173513462114,0.0,0.0,0.0,1.181512043860755,0.0,0.0,0.0,2.2891743827160496,0.0,0.0,0.0,0.0,0.0,0.0,33.58914030436554,5.546399281934996,0.0,0.0,-3.509825698383372,0.0,0.0
CHEMBL3747562,3.442614436553865,0.1640181161628815,0.0,10.492604998700326,0.0,2.259004575404287,0.0,3.3018341120621786,1.659840414816065,0.0,0.0,2.523876626369862,0.0,9.663274142033613,4.208128761792783,0.0,1.8995779399722847,0.0,23.28048225951004,0.0,0.0,0.0,-3.291433507886881,6.090621568953144,0.0
CHEMBL374934,0.0,0.698148148148148,0.0,12.949580026455026,0.0,2.174259259259259,0.0,1.74462962962963,0.0,0.0,0.0,0.0,0.0,8.872177343159485,3.953890778533636,0.0,1.940648148148148,0.0,0.0,0.0,0.0,0.0,0.0,0.0,0.0
CHEMBL375043,0.0,0.7700614134542706,0.0,17.416740047871,0.0,2.236893896447468,0.0,1.9190565948601663,2.1415419501133792,0.0,0.0,0.0,0.0,9.117975560594608,4.042749433106576,0.0,2.021647770219199,0.0,0.0,0.0,0.0,0.0,0.0,0.0,0.0
CHEMBL375046,1.5865172272612749,0.6403013983371126,0.0,12.18738793356849,0.0,0.0,0.0,1.6741345427059713,1.4269123204837495,0.0,0.0,0.0,0.0,0.0,4.013381886705299,0.0,1.943770313681028,0.0,11.288661816578482,5.235084089191232,5.203539304610733,0.0,0.0,0.0,0.0
CHEMBL3751861,4.686046023347611,7.209349279835391,0.0,0.0,1.245905599122364,0.0,0.0,3.0692408614680446,0.0,0.1919266896573443,0.0,0.0,0.0,0.0,4.363053665910809,0.0,0.0,20.820985502225582,0.0,0.0,5.580159045099521,0.0,0.0,0.0,0.0
CHEMBL3751881,7.307084829302092,9.902621501532712,2.5813396793902745,0.0,3.0933134920634915,0.0,2.3580239302511137,0.0,0.0,0.4867877220332581,0.0,0.0,0.0,0.0,0.0,0.0,0.0,0.0,12.437495512093726,0.0,0.0,0.0,0.0,0.0,0.0
CHEMBL3751881,7.307084829302092,9.902621501532712,2.5813396793902745,0.0,3.0933134920634915,0.0,2.3580239302511137,0.0,0.0,0.4867877220332581,0.0,0.0,0.0,0.0,0.0,0.0,0.0,0.0,12.437495512093726,0.0,0.0,0.0,0.0,0.0,0.0
CHEMBL3751897,7.03905191992459,16.488742134645467,2.0784457671957672,0.0,2.5544510091813475,0.0,2.4127644746949586,0.0,0.0,0.1573458139410417,0.0,0.0,0.0,0.0,0.0,0.0,0.0,0.0,25.102532213750163,0.0,0.0,0.0,0.0,0.0,0.0
CHEMBL3751897,7.03905191992459,16.488742134645467,2.0784457671957672,0.0,2.5544510091813475,0.0,2.4127644746949586,0.0,0.0,0.1573458139410417,0.0,0.0,0.0,0.0,0.0,0.0,0.0,0.0,25.102532213750163,0.0,0.0,0.0,0.0,0.0,0.0
CHEMBL3751913,4.744454968715882,7.604622621376267,0.0,10.366709721397635,1.6134163711214775,0.0,0.2708726878096923,4.527662646963695,0.0,0.1113632001749787,0.0,0.0,0.0,0.0,5.083184051398337,0.0,2.013657958553792,10.750296144019469,13.08042629513544,0.0,0.0,0.0,0.0,0.0,0.0
CHEMBL3751945,6.227641110826537,7.034849432056773,1.8903674571680524,0.0,1.5389364187032837,0.0,2.001042178445453,0.0,0.0,0.022181752330562,0.0,0.0,0.0,0.0,0.0,0.0,0.0,0.0,24.645700883378552,5.472614100424121,0.0,0.0,0.0,0.0,0.0
CHEMBL3751945,6.227641110826537,7.034849432056773,1.8903674571680524,0.0,1.5389364187032837,0.0,2.001042178445453,0.0,0.0,0.022181752330562,0.0,0.0,0.0,0.0,0.0,0.0,0.0,0.0,24.645700883378552,5.472614100424121,0.0,0.0,0.0,0.0,0.0
CHEMBL3751946,4.347584850298144,4.867569733140169,5.470800894431847,0.0,1.2923596938775508,0.0,1.5031427547871008,0.0,0.0,-0.4110537131519269,0.0,0.0,0.0,0.0,0.0,0.0,0.0,0.0,35.55232221592341,0.0,0.0,0.0,0.0,0.0,0.0
CHEMBL3751972,4.115936135256572,3.8820766408415217,1.5878018707482997,0.0,-0.2558695252792483,0.0,0.8458017998866222,0.0,0.0,-0.6996456522423782,0.0,0.0,0.0,0.0,0.0,0.0,0.0,10.090763236232664,36.93313549455595,0.0,0.0,0.0,0.0,0.0,0.0
CHEMBL3751984,4.686444685899051,7.039711409255061,0.0,0.0,1.7360293314856798,0.0,0.2422327596161926,3.186648268875452,0.0,0.1964475072436382,0.0,0.0,3.0612879503653314,0.0,4.552220332577475,0.0,0.0,10.540009635409618,12.258968119272502,0.0,0.0,0.0,0.0,0.0,0.0
CHEMBL3751987,2.25291561686403,9.48011990058369,2.4693943688586546,0.0,2.247478557781136,0.0,2.554479284769464,0.0,0.0,0.2700644053917866,0.0,0.0,0.0,0.0,0.0,0.0,0.0,0.0,24.87305694654405,0.0,0.0,0.0,0.0,0.0,0.0
CHEMBL3752011,6.7713581207786655,7.295413110460233,8.337281824766944,0.0,1.4947123015873012,0.0,3.263754842214665,0.0,0.0,-0.1501188901486521,0.0,0.0,0.0,0.0,0.0,0.0,0.0,0.0,24.65426535700751,0.0,0.0,0.0,0.0,0.0,0.0
CHEMBL3752011,6.7713581207786655,7.295413110460233,8.337281824766944,0.0,1.4947123015873012,0.0,3.263754842214665,0.0,0.0,-0.1501188901486521,0.0,0.0,0.0,0.0,0.0,0.0,0.0,0.0,24.65426535700751,0.0,0.0,0.0,0.0,0.0,0.0
CHEMBL3752031,8.486010775070957,6.026976265739833,1.938034844335384,18.79075878725296,1.5101160122800803,0.0,1.963184062906761,2.8026508541175463,1.5686716966749867,-0.2095672110979747,0.0,2.803882719129382,0.0,0.0,0.0,1.9847107923959613,0.0,0.0,52.911441213464585,0.0,0.0,0.0,-3.832209365554508,0.0,0.0
CHEMBL3752038,4.598758608381624,7.024465347663401,1.9196267164273115,10.296442797807266,1.5648723964894593,0.0,1.965558939108498,1.1699899612622828,0.0,-0.0988498336279719,0.0,0.0,0.0,0.0,0.0,0.0,0.0,0.0,25.05529696180181,6.503838104686319,0.0,0.0,0.0,0.0,0.0
CHEMBL3752038,4.598758608381624,7.024465347663401,1.9196267164273115,10.296442797807266,1.5648723964894593,0.0,1.965558939108498,1.1699899612622828,0.0,-0.0988498336279719,0.0,0.0,0.0,0.0,0.0,0.0,0.0,0.0,25.05529696180181,6.503838104686319,0.0,0.0,0.0,0.0,0.0
CHEMBL3752050,4.508854927773578,6.255047608549593,0.0,0.0,1.560722316704459,0.0,0.5860469550474516,2.6447768906945504,0.0,-0.1105725229906771,0.0,0.0,0.0,0.0,4.27979261148904,0.0,0.0,0.0,24.645596550348536,0.0,5.463067995716806,0.0,0.0,0.0,0.0
CHEMBL3752063,6.641414635298563,9.32446532239439,2.4875896793902745,0.0,2.3667857142857134,0.0,2.134703352019821,0.0,0.0,0.3060649329176117,0.0,0.0,0.0,0.0,0.0,0.0,0.0,0.0,12.475786407155454,5.929856623204838,0.0,0.0,0.0,0.0,0.0
CHEMBL3752063,6.641414635298563,9.32446532239439,2.4875896793902745,0.0,2.3667857142857134,0.0,2.134703352019821,0.0,0.0,0.3060649329176117,0.0,0.0,0.0,0.0,0.0,0.0,0.0,0.0,12.475786407155454,5.929856623204838,0.0,0.0,0.0,0.0,0.0
CHEMBL3752065,6.886863758110376,10.23826542053792,6.010684208868733,0.0,2.3360268119593512,0.0,2.1043770001559965,0.0,0.0,-0.0400903486394557,0.0,0.0,0.0,0.0,0.0,0.0,0.0,0.0,24.79720648234041,0.0,0.0,0.0,0.0,0.0,0.0
CHEMBL3752065,6.886863758110376,10.23826542053792,6.010684208868733,0.0,2.3360268119593512,0.0,2.1043770001559965,0.0,0.0,-0.0400903486394557,0.0,0.0,0.0,0.0,0.0,0.0,0.0,0.0,24.79720648234041,0.0,0.0,0.0,0.0,0.0,0.0
CHEMBL3752073,4.587978237591333,4.778560521035269,5.890296813042124,15.302819691217367,1.8443291236247583,0.0,1.9127768944469443,1.2971584467120183,2.53936776829138,-0.2072137267377616,0.0,0.0,0.0,0.0,0.0,0.0,0.0,0.0,25.238511453754647,0.0,0.0,0.0,0.0,0.0,0.0
CHEMBL3752099,4.428073940983393,3.619024187192477,7.961672073150248,7.246239633198957,1.1085307487192404,0.0,2.6329630873559,1.2587498260451004,0.0,-0.4057296653229185,0.0,0.0,0.0,0.0,0.0,0.0,0.0,9.716925325998425,24.933550842679185,0.0,0.0,0.0,0.0,0.0,0.0
CHEMBL3752102,6.987480412287861,10.89071214674141,2.049256346056941,0.0,2.558788265306122,0.0,2.376726072373395,0.0,0.0,0.1674000062988161,0.0,0.0,0.0,0.0,0.0,0.0,0.0,0.0,24.802970084268782,0.0,0.0,0.0,0.0,0.0,0.0
CHEMBL3752102,6.987480412287861,10.89071214674141,2.049256346056941,0.0,2.558788265306122,0.0,2.376726072373395,0.0,0.0,0.1674000062988161,0.0,0.0,0.0,0.0,0.0,0.0,0.0,0.0,24.802970084268782,0.0,0.0,0.0,0.0,0.0,0.0
CHEMBL3752149,4.542130889392794,8.623085488053245,1.9949036281179136,0.0,0.9343764172335596,0.0,2.190046558746956,0.0,0.0,0.0386816184807261,0.0,0.0,0.0,0.0,0.0,0.0,0.0,0.0,25.176775399974805,0.0,0.0,0.0,0.0,0.0,0.0
CHEMBL3752149,4.542130889392794,8.623085488053245,1.9949036281179136,0.0,0.9343764172335596,0.0,2.190046558746956,0.0,0.0,0.0386816184807261,0.0,0.0,0.0,0.0,0.0,0.0,0.0,0.0,25.176775399974805,0.0,0.0,0.0,0.0,0.0,0.0
CHEMBL3752155,4.544660205131436,5.7631055628174135,8.319980001259763,10.594563416616468,1.37352224531788,0.0,3.1465550180956487,1.3333622685185187,0.0,-0.2358131745198839,0.0,0.0,0.0,0.0,0.0,0.0,0.0,0.0,24.993397790096093,0.0,0.0,0.0,0.0,0.0,0.0
CHEMBL3752155,4.544660205131436,5.7631055628174135,8.319980001259763,10.594563416616468,1.37352224531788,0.0,3.1465550180956487,1.3333622685185187,0.0,-0.2358131745198839,0.0,0.0,0.0,0.0,0.0,0.0,0.0,0.0,24.993397790096093,0.0,0.0,0.0,0.0,0.0,0.0
CHEMBL3752165,6.6162235974636765,3.886736636012429,8.089338939279415,0.0,1.4852593537414966,0.0,3.0254181757579586,0.0,0.0,-0.144739662068531,0.0,0.0,0.0,0.0,0.0,0.0,0.0,0.0,24.20842962648022,0.0,0.0,0.0,0.0,0.0,0.0
CHEMBL3752165,6.6162235974636765,3.886736636012429,8.089338939279415,0.0,1.4852593537414966,0.0,3.0254181757579586,0.0,0.0,-0.144739662068531,0.0,0.0,0.0,0.0,0.0,0.0,0.0,0.0,24.20842962648022,0.0,0.0,0.0,0.0,0.0,0.0
CHEMBL3752166,7.0758957718981375,6.056187512233238,6.017290196942975,10.974505394857282,3.026510248242752,0.0,3.042135359105664,1.400091424687159,0.0,0.3082254687151868,0.0,0.0,0.0,0.0,0.0,2.237502487750278,0.0,0.0,12.00426015712698,0.0,0.0,0.0,0.0,0.0,0.0
CHEMBL3752174,4.499102733686067,3.7898729302221295,8.487810295414462,10.157175424730386,1.344078835492977,0.0,2.6077883613306705,1.10104850014437,0.0,-0.2675482463480745,0.0,0.0,0.0,0.0,0.0,0.0,0.0,0.0,25.358536404787,0.0,0.0,0.0,0.0,0.0,0.0
CHEMBL3752174,4.499102733686067,3.7898729302221295,8.487810295414462,10.157175424730386,1.344078835492977,0.0,2.6077883613306705,1.10104850014437,0.0,-0.2675482463480745,0.0,0.0,0.0,0.0,0.0,0.0,0.0,0.0,25.358536404787,0.0,0.0,0.0,0.0,0.0,0.0
CHEMBL3752191,10.719615879236503,4.700369524238122,5.563728557781136,0.0,0.3980801471823285,0.0,2.636813921116097,0.0,0.0,-0.5939070977590097,0.0,3.173457902719041,0.0,0.0,0.0,0.0,0.0,0.0,51.75093157114861,10.31757626100384,0.0,0.0,0.0,0.0,0.0
CHEMBL3752192,7.898327703766691,4.251925088708322,0.0,0.0,0.7276946334089185,0.0,0.0676769179894187,0.0,0.0,-1.3965445877425038,0.0,0.0,0.0,0.0,0.0,0.0,0.0,10.569718219849667,37.964535357352815,0.0,0.0,0.0,0.0,0.0,0.0
CHEMBL3752192,7.898327703766691,4.251925088708322,0.0,0.0,0.7276946334089185,0.0,0.0676769179894187,0.0,0.0,-1.3965445877425038,0.0,0.0,0.0,0.0,0.0,0.0,0.0,10.569718219849667,37.964535357352815,0.0,0.0,0.0,0.0,0.0,0.0
CHEMBL3752208,4.496929379776602,3.739069244981943,7.980906399596876,10.567038165574871,1.2171225434618291,0.0,3.015348153922064,1.2370842781557068,0.0,-0.2870636889014859,0.0,0.0,0.0,0.0,0.0,0.0,0.0,0.0,24.866898856764934,0.0,0.0,0.0,0.0,0.0,0.0
CHEMBL3752208,4.496929379776602,3.739069244981943,7.980906399596876,10.567038165574871,1.2171225434618291,0.0,3.015348153922064,1.2370842781557068,0.0,-0.2870636889014859,0.0,0.0,0.0,0.0,0.0,0.0,0.0,0.0,24.866898856764934,0.0,0.0,0.0,0.0,0.0,0.0
CHEMBL3752216,8.763556875731254,5.958122111896636,5.999367922839382,8.586466417398888,2.850206840618095,0.0,2.998193477623909,2.244594669384464,0.0,0.2608479753848967,0.0,0.0,0.0,0.0,0.0,2.2161495021115782,0.0,0.0,12.036714551670745,5.38371444346569,0.0,0.0,0.0,0.0,0.0
CHEMBL3752221,4.495985471130396,6.416981164003585,5.752359809555287,6.879557105185713,1.7641592217439976,0.0,1.782904536974062,1.2246051802901556,0.0,-0.2837727886341248,0.0,0.0,0.0,0.0,0.0,0.0,0.0,0.0,36.03184241935539,0.0,0.0,0.0,0.0,0.0,0.0
CHEMBL3752221,4.495985471130396,6.416981164003585,5.752359809555287,6.879557105185713,1.7641592217439976,0.0,1.782904536974062,1.2246051802901556,0.0,-0.2837727886341248,0.0,0.0,0.0,0.0,0.0,0.0,0.0,0.0,36.03184241935539,0.0,0.0,0.0,0.0,0.0,0.0
CHEMBL3752252,4.719574934912236,9.199309688177385,2.044626716427312,10.761998353362824,2.3498723964894594,0.0,2.3085974878613325,1.3922121834845052,0.0,0.0817057219275834,0.0,0.0,0.0,0.0,0.0,0.0,0.0,0.0,25.142102517357365,0.0,0.0,0.0,0.0,0.0,0.0
CHEMBL3752252,4.719574934912236,9.199309688177385,2.044626716427312,10.761998353362824,2.3498723964894594,0.0,2.3085974878613325,1.3922121834845052,0.0,0.0817057219275834,0.0,0.0,0.0,0.0,0.0,0.0,0.0,0.0,25.142102517357365,0.0,0.0,0.0,0.0,0.0,0.0
CHEMBL3752276,2.2510121934576297,9.37131587511548,2.007265605316201,0.0,2.5899914965986386,0.0,2.323195717330143,0.0,0.0,0.2032086561476442,0.0,3.600817743764172,0.0,0.0,0.0,0.0,0.0,0.0,24.486526045603423,0.0,0.0,0.0,0.0,0.0,0.0
CHEMBL3752278,4.889971419123205,8.713795745149913,7.296093067628287,0.0,2.399667081338708,0.0,1.6177300642479215,0.0,0.0,0.63880468159486,0.0,0.0,0.0,0.0,0.0,0.0,0.0,10.443937940917108,0.0,0.0,0.0,0.0,0.0,0.0,0.0
CHEMBL3752280,4.522231276769968,8.142799128138908,2.2318026423532378,0.0,1.557107898715041,0.0,1.998621057991098,0.0,0.0,-0.0149715372260013,0.0,0.0,0.0,0.0,0.0,0.0,0.0,0.0,25.06240953325775,0.0,0.0,0.0,0.0,0.0,0.0
CHEMBL3752280,4.522231276769968,8.142799128138908,2.2318026423532378,0.0,1.557107898715041,0.0,1.998621057991098,0.0,0.0,-0.0149715372260013,0.0,0.0,0.0,0.0,0.0,0.0,0.0,0.0,25.06240953325775,0.0,0.0,0.0,0.0,0.0,0.0
CHEMBL3752285,4.5059803923398665,5.136033536571498,7.848664790753189,5.896056549464634,1.4040628405351523,0.0,2.6983415279460736,2.517860878901124,0.0,-0.3054444159436043,0.0,0.0,0.0,0.0,0.0,0.0,0.0,0.0,25.537371313106256,10.92773925299248,0.0,0.0,0.0,0.0,0.0
CHEMBL3752288,4.584241622574956,6.077988403263197,4.0285085191484,10.25537986854495,1.698245502159643,0.0,2.9602883613306705,1.134937389033259,0.0,-0.1294926907925189,0.0,0.0,0.0,0.0,0.0,0.0,0.0,0.0,25.416518264197425,0.0,0.0,0.0,0.0,0.0,0.0
CHEMBL3752288,4.584241622574956,6.077988403263197,4.0285085191484,10.25537986854495,1.698245502159643,0.0,2.9602883613306705,1.134937389033259,0.0,-0.1294926907925189,0.0,0.0,0.0,0.0,0.0,0.0,0.0,0.0,25.416518264197425,0.0,0.0,0.0,0.0,0.0,0.0
CHEMBL3752315,6.817912583533005,9.97461612079532,8.404549555933485,0.0,1.4922582042076091,0.0,3.3042630423445285,0.0,0.0,-0.1556058253765233,0.0,0.0,0.0,0.0,0.0,0.0,0.0,0.0,24.828672985229243,0.0,0.0,0.0,0.0,0.0,0.0
CHEMBL3752315,6.817912583533005,9.97461612079532,8.404549555933485,0.0,1.4922582042076091,0.0,3.3042630423445285,0.0,0.0,-0.1556058253765233,0.0,0.0,0.0,0.0,0.0,0.0,0.0,0.0,24.828672985229243,0.0,0.0,0.0,0.0,0.0,0.0
CHEMBL3752336,6.847411691209491,9.215571165947248,0.0,0.0,1.984111998194339,0.0,3.516915370442383,0.0,0.0,0.1721494708994713,0.0,0.0,0.0,0.0,0.0,0.0,0.0,0.0,24.9848536909152,0.0,0.0,0.0,0.0,0.0,0.0
CHEMBL3752341,6.834681726900481,11.358884505595814,8.427667126844616,0.0,1.4907450933005584,0.0,3.316701079004212,0.0,0.0,-0.1580090877987252,0.0,0.0,0.0,0.0,0.0,0.0,0.0,0.0,24.89599622281971,0.0,0.0,0.0,0.0,0.0,0.0
CHEMBL3752341,6.834681726900481,11.358884505595814,8.427667126844616,0.0,1.4907450933005584,0.0,3.316701079004212,0.0,0.0,-0.1580090877987252,0.0,0.0,0.0,0.0,0.0,0.0,0.0,0.0,24.89599622281971,0.0,0.0,0.0,0.0,0.0,0.0
CHEMBL3752347,4.701423191190056,7.955526138307073,2.028700790501386,10.753797240576416,2.264899166456705,0.0,2.26697371322394,1.368788842697573,0.0,0.0592943751574703,0.0,0.0,0.0,0.0,0.0,0.0,0.0,0.0,25.10059654188938,0.0,0.0,0.0,0.0,0.0,0.0
CHEMBL3752347,4.701423191190056,7.955526138307073,2.028700790501386,10.753797240576416,2.264899166456705,0.0,2.26697371322394,1.368788842697573,0.0,0.0592943751574703,0.0,0.0,0.0,0.0,0.0,0.0,0.0,0.0,25.10059654188938,0.0,0.0,0.0,0.0,0.0,0.0
CHEMBL3752351,5.791739921452153,5.871810283571646,1.927635975686571,0.0,0.9158206438439568,0.0,1.2234481648235265,0.0,0.0,-0.3218412919001387,0.0,0.0,0.0,0.0,0.0,0.0,0.0,0.0,36.73460275443057,5.356783548091719,0.0,0.0,0.0,0.0,0.0
CHEMBL3752351,5.791739921452153,5.871810283571646,1.927635975686571,0.0,0.9158206438439568,0.0,1.2234481648235265,0.0,0.0,-0.3218412919001387,0.0,0.0,0.0,0.0,0.0,0.0,0.0,0.0,36.73460275443057,5.356783548091719,0.0,0.0,0.0,0.0,0.0
CHEMBL3752359,4.949427962543042,9.600698958595784,6.01994708994709,0.0,2.6295649092970512,0.0,1.6298973686696905,0.0,0.0,0.8131859804106827,0.0,0.0,0.0,0.0,0.0,0.0,0.0,0.0,11.690611063869994,0.0,0.0,0.0,0.0,0.0,0.0
CHEMBL3752366,4.768006660997733,8.178351048752836,7.234756406420592,0.0,2.2418112244897954,0.0,2.154950108129672,0.0,0.0,0.4146928146258506,0.0,0.0,0.0,0.0,0.0,0.0,0.0,0.0,12.340765069916856,0.0,0.0,0.0,0.0,0.0,0.0
CHEMBL3752366,4.768006660997733,8.178351048752836,7.234756406420592,0.0,2.2418112244897954,0.0,2.154950108129672,0.0,0.0,0.4146928146258506,0.0,0.0,0.0,0.0,0.0,0.0,0.0,0.0,12.340765069916856,0.0,0.0,0.0,0.0,0.0,0.0
CHEMBL3752381,7.734052209489203,8.94192117509335,2.261493921642731,5.548029529509959,1.0097411563777996,0.0,1.9516067479060573,0.0,0.0,0.0082178880122605,0.0,0.0,0.0,0.0,4.093836204540466,0.0,2.03969141797161,0.0,23.55356167565004,17.419304517495114,0.0,0.0,0.0,0.0,0.0
CHEMBL3752402,2.237858140169648,6.13905394757893,0.0,16.725751172612192,2.1067888112034927,0.0,0.5019096621405426,4.5117367278701614,0.0,-0.0903907234189973,0.0,0.0,0.0,0.0,0.0,0.0,0.0,10.149456389419864,12.634502539090832,0.0,0.0,0.0,0.0,0.0,0.0
CHEMBL3752403,2.350549230494667,9.953982006382802,2.02481961766188,0.0,2.724384631939194,0.0,1.8322313423826329,0.0,0.0,0.4273205231166539,0.0,3.6183717561098514,0.0,0.0,0.0,0.0,0.0,10.558392991838607,12.009947900073712,0.0,0.0,0.0,0.0,0.0,0.0
CHEMBL3752405,6.860348311392459,7.910944402452339,4.468098938649534,0.0,1.6667984693877544,0.0,3.563889873078862,0.0,0.0,0.0573936287477956,0.0,0.0,0.0,0.0,0.0,0.0,0.0,0.0,24.639193042957924,0.0,0.0,0.0,0.0,0.0,0.0
CHEMBL3752405,6.860348311392459,7.910944402452339,4.468098938649534,0.0,1.6667984693877544,0.0,3.563889873078862,0.0,0.0,0.0573936287477956,0.0,0.0,0.0,0.0,0.0,0.0,0.0,0.0,24.639193042957924,0.0,0.0,0.0,0.0,0.0,0.0
CHEMBL3752414,6.748489530843202,7.46648594314269,1.9841174571680524,0.0,2.1628300317040394,0.0,2.279653289556564,0.0,0.0,0.1786285115898214,0.0,0.0,0.0,0.0,0.0,0.0,0.0,0.0,24.51312856932897,0.0,0.0,0.0,0.0,0.0,0.0
CHEMBL3752414,6.748489530843202,7.46648594314269,1.9841174571680524,0.0,2.1628300317040394,0.0,2.279653289556564,0.0,0.0,0.1786285115898214,0.0,0.0,0.0,0.0,0.0,0.0,0.0,0.0,24.51312856932897,0.0,0.0,0.0,0.0,0.0,0.0
CHEMBL3752422,2.349505516712858,9.199717262974508,0.0,16.936326907023396,2.3538827307599144,0.0,0.0,4.724381389372146,0.0,0.1152557896181636,0.0,0.0,0.0,0.0,0.0,0.0,0.0,20.904263736872345,0.0,0.0,0.0,0.0,0.0,0.0,0.0
CHEMBL3752440,4.744716455899266,11.856431917893945,2.0646687610229275,10.794758149607503,2.4323762573338685,0.0,2.3566808021553456,1.426501283383724,0.0,0.1061317477743239,0.0,0.0,0.0,0.0,0.0,0.0,0.0,0.0,25.2177346249291,0.0,0.0,0.0,0.0,0.0,0.0
CHEMBL3752440,4.744716455899266,11.856431917893945,2.0646687610229275,10.794758149607503,2.4323762573338685,0.0,2.3566808021553456,1.426501283383724,0.0,0.1061317477743239,0.0,0.0,0.0,0.0,0.0,0.0,0.0,0.0,25.2177346249291,0.0,0.0,0.0,0.0,0.0,0.0
CHEMBL3752447,4.4974575354833295,5.242819559922735,0.0,5.933320420760897,2.321826814058956,0.0,0.5093575207860928,3.164692079764005,0.0,-0.0463201924288232,0.0,0.0,0.0,0.0,0.0,0.0,0.0,9.783366694282549,12.34347956737026,0.0,0.0,0.0,0.0,0.0,0.0
CHEMBL3752447,4.4974575354833295,5.242819559922735,0.0,5.933320420760897,2.321826814058956,0.0,0.5093575207860928,3.164692079764005,0.0,-0.0463201924288232,0.0,0.0,0.0,0.0,0.0,0.0,0.0,9.783366694282549,12.34347956737026,0.0,0.0,0.0,0.0,0.0,0.0
CHEMBL3752460,4.429633855085244,4.946409727471235,10.254011085915849,0.0,1.5215093537414963,0.0,1.7788379603384574,0.0,0.0,-0.087152265998992,0.0,0.0,0.0,0.0,0.0,0.0,0.0,0.0,24.156750283446712,0.0,0.0,0.0,0.0,0.0,0.0
CHEMBL3752460,4.429633855085244,4.946409727471235,10.254011085915849,0.0,1.5215093537414963,0.0,1.7788379603384574,0.0,0.0,-0.087152265998992,0.0,0.0,0.0,0.0,0.0,0.0,0.0,0.0,24.156750283446712,0.0,0.0,0.0,0.0,0.0,0.0
CHEMBL3752480,6.931866952126172,11.907102370115986,4.544097379692618,0.0,1.6642026486520531,0.0,3.640890735088292,0.0,0.0,0.0490427007005742,0.0,0.0,0.0,0.0,0.0,0.0,0.0,0.0,24.929463880290967,0.0,0.0,0.0,0.0,0.0,0.0
CHEMBL3752480,6.931866952126172,11.907102370115986,4.544097379692618,0.0,1.6642026486520531,0.0,3.640890735088292,0.0,0.0,0.0490427007005742,0.0,0.0,0.0,0.0,0.0,0.0,0.0,0.0,24.929463880290967,0.0,0.0,0.0,0.0,0.0,0.0
CHEMBL3752500,6.737619642362607,8.199881188586545,0.0,0.0,1.984459089191232,0.0,3.4441146358234667,0.0,0.0,0.1743099647266315,0.0,0.0,0.0,0.0,0.0,0.0,0.0,0.0,24.78711034839913,0.0,0.0,0.0,0.0,0.0,0.0
CHEMBL3752500,6.737619642362607,8.199881188586545,0.0,0.0,1.984459089191232,0.0,3.4441146358234667,0.0,0.0,0.1743099647266315,0.0,0.0,0.0,0.0,0.0,0.0,0.0,0.0,24.78711034839913,0.0,0.0,0.0,0.0,0.0,0.0
CHEMBL3752506,6.890165597473047,9.19788807266734,4.501987827538423,0.0,1.6666567460317454,0.0,3.6003825349584293,0.0,0.0,0.0545296359284455,0.0,0.0,0.0,0.0,0.0,0.0,0.0,0.0,24.75505625206924,0.0,0.0,0.0,0.0,0.0,0.0
CHEMBL3752506,6.890165597473047,9.19788807266734,4.501987827538423,0.0,1.6666567460317454,0.0,3.6003825349584293,0.0,0.0,0.0545296359284455,0.0,0.0,0.0,0.0,0.0,0.0,0.0,0.0,24.75505625206924,0.0,0.0,0.0,0.0,0.0,0.0
CHEMBL3752510,4.38975557080806,8.975079443814563,4.418650714915596,0.0,1.109019274376417,0.0,3.8227728830729832,0.0,0.0,0.0212014991181659,0.0,0.0,0.0,0.0,0.0,0.0,0.0,0.0,24.518623901351173,0.0,0.0,0.0,0.0,0.0,0.0
CHEMBL3752556,2.337395177206685,6.656944631630328,0.0,16.84441222873447,2.210380380802457,0.0,0.0,4.595501110166289,0.0,0.1040537210254473,0.0,0.0,0.0,0.0,0.0,0.0,0.0,20.83464608376765,0.0,0.0,0.0,0.0,0.0,0.0,0.0
CHEMBL3752584,2.2353871934576297,8.847227156294617,1.9672656053162003,0.0,2.2097137188208604,0.0,2.2172929395523653,0.0,0.0,0.0716893817712269,0.0,0.0,0.0,0.0,0.0,0.0,0.0,0.0,24.453772203325773,5.830985134794659,0.0,0.0,0.0,0.0,0.0
CHEMBL3752591,4.591599636768288,5.966966227849164,5.896831853111615,10.770363581357447,2.1095932539682534,0.0,1.96430827191988,1.3793806689342407,0.0,-0.1382789666792638,0.0,0.0,0.0,0.0,0.0,0.0,0.0,0.0,24.959235472770374,0.0,0.0,0.0,0.0,0.0,0.0
CHEMBL3752591,4.591599636768288,5.966966227849164,5.896831853111615,10.770363581357447,2.1095932539682534,0.0,1.96430827191988,1.3793806689342407,0.0,-0.1382789666792638,0.0,0.0,0.0,0.0,0.0,0.0,0.0,0.0,24.959235472770374,0.0,0.0,0.0,0.0,0.0,0.0
CHEMBL3752618,1.9917845332577475,4.356448347085748,0.9380947656840511,0.0,-1.1773096182917624,0.0,0.179638133030991,0.0,0.0,-2.4497861158352228,0.0,0.0,0.0,0.0,0.0,0.0,0.0,0.0,50.47137206580163,5.773091222600151,0.0,0.0,0.0,0.0,0.0
CHEMBL3752619,6.797307824625871,8.616478761429834,8.375360134794658,0.0,1.493663811203494,0.0,3.287524203481772,0.0,0.0,-0.1529607190098261,0.0,0.0,0.0,0.0,0.0,0.0,0.0,0.0,24.749292650140863,0.0,0.0,0.0,0.0,0.0,0.0
CHEMBL3752619,6.797307824625871,8.616478761429834,8.375360134794658,0.0,1.493663811203494,0.0,3.287524203481772,0.0,0.0,-0.1529607190098261,0.0,0.0,0.0,0.0,0.0,0.0,0.0,0.0,24.749292650140863,0.0,0.0,0.0,0.0,0.0,0.0
CHEMBL3752625,7.002858734804757,12.259482666695645,2.0594604276895945,0.0,2.559221256403795,0.0,2.3897546928997606,0.0,0.0,0.1645581774376419,0.0,0.0,0.0,0.0,0.0,0.0,0.0,0.0,24.89799737740214,0.0,0.0,0.0,0.0,0.0,0.0
CHEMBL3752625,7.002858734804757,12.259482666695645,2.0594604276895945,0.0,2.559221256403795,0.0,2.3897546928997606,0.0,0.0,0.1645581774376419,0.0,0.0,0.0,0.0,0.0,0.0,0.0,0.0,24.89799737740214,0.0,0.0,0.0,0.0,0.0,0.0
CHEMBL3752637,4.630819685899051,6.790492304946671,0.0,0.0,1.612626553707902,0.0,0.1311216485050814,2.7144260466532297,0.0,0.1135393439783323,0.0,0.0,0.0,0.0,4.302220332577475,0.0,0.0,10.527663956397271,12.196468119272502,0.0,5.480622008062484,0.0,0.0,0.0,0.0
CHEMBL3752648,6.8195677175191065,6.710599621021248,4.416848938649534,0.0,1.6647500944822369,0.0,3.5004675427269687,0.0,0.0,0.0597416304484759,0.0,0.0,0.0,0.0,0.0,0.0,0.0,0.0,24.4946911218191,0.0,0.0,0.0,0.0,0.0,0.0
CHEMBL3752648,6.8195677175191065,6.710599621021248,4.416848938649534,0.0,1.6647500944822369,0.0,3.5004675427269687,0.0,0.0,0.0597416304484759,0.0,0.0,0.0,0.0,0.0,0.0,0.0,0.0,24.4946911218191,0.0,0.0,0.0,0.0,0.0,0.0
CHEMBL3752650,7.002858734804757,12.259482666695645,2.0594604276895945,0.0,2.559221256403795,0.0,2.3897546928997606,0.0,0.0,0.1645581774376419,0.0,0.0,0.0,0.0,0.0,0.0,0.0,0.0,24.89799737740214,0.0,0.0,0.0,0.0,0.0,0.0
CHEMBL3752650,7.002858734804757,12.259482666695645,2.0594604276895945,0.0,2.559221256403795,0.0,2.3897546928997606,0.0,0.0,0.1645581774376419,0.0,0.0,0.0,0.0,0.0,0.0,0.0,0.0,24.89799737740214,0.0,0.0,0.0,0.0,0.0,0.0
CHEMBL3752661,6.957947347148736,8.276942213613841,2.015367457168052,0.0,2.5384093915343904,0.0,2.329449969030823,0.0,0.0,0.1726120008188463,0.0,0.0,0.0,0.0,0.0,0.0,0.0,0.0,24.542604954018643,0.0,0.0,0.0,0.0,0.0,0.0
CHEMBL3752661,6.957947347148736,8.276942213613841,2.015367457168052,0.0,2.5384093915343904,0.0,2.329449969030823,0.0,0.0,0.1726120008188463,0.0,0.0,0.0,0.0,0.0,0.0,0.0,0.0,24.542604954018643,0.0,0.0,0.0,0.0,0.0,0.0
CHEMBL3752668,6.987480412287861,10.89071214674141,2.049256346056941,0.0,2.558788265306122,0.0,2.376726072373395,0.0,0.0,0.1674000062988161,0.0,0.0,0.0,0.0,0.0,0.0,0.0,0.0,24.802970084268782,0.0,0.0,0.0,0.0,0.0,0.0
CHEMBL3752668,6.987480412287861,10.89071214674141,2.049256346056941,0.0,2.558788265306122,0.0,2.376726072373395,0.0,0.0,0.1674000062988161,0.0,0.0,0.0,0.0,0.0,0.0,0.0,0.0,24.802970084268782,0.0,0.0,0.0,0.0,0.0,0.0
CHEMBL3752674,4.811417666603679,10.168310815066768,2.556166068279164,0.0,2.382178261736793,0.0,2.26333796558747,0.0,0.0,0.428096773431595,0.0,0.0,0.0,0.0,0.0,0.0,0.0,0.0,12.640112670068028,0.0,0.0,0.0,0.0,0.0,3.667046445893172
CHEMBL3752674,4.811417666603679,10.168310815066768,2.556166068279164,0.0,2.382178261736793,0.0,2.26333796558747,0.0,0.0,0.428096773431595,0.0,0.0,0.0,0.0,0.0,0.0,0.0,0.0,12.640112670068028,0.0,0.0,0.0,0.0,0.0,3.667046445893172
CHEMBL3752689,6.272440145657164,8.919505734470528,4.042215718665933,11.500165924101353,1.494180929022591,0.0,2.947746313235315,2.3848536531538254,0.0,-0.1596471801240011,0.0,0.0,0.0,0.0,4.0721378140908735,0.0,2.035865531398933,0.0,25.994304126398603,11.662897956595552,0.0,0.0,0.0,0.0,0.0
CHEMBL3752699,2.0561997669438146,6.915897279436467,1.7449036281179138,0.0,0.0799319727891147,0.0,1.5039694612412873,0.0,0.0,-1.0724294926303857,0.0,0.0,0.0,0.0,0.0,0.0,0.0,11.268363095238096,25.00316428886369,0.0,0.0,0.0,0.0,0.0,0.0
CHEMBL3752704,4.602988670764194,6.4999721327287165,1.949253511589821,7.548699478248089,1.8120974531788017,0.0,2.03931394714426,1.4727351655512733,0.0,-0.0882107688754512,0.0,0.0,0.0,0.0,0.0,0.0,0.0,9.747561506396508,25.08225556994045,0.0,0.0,0.0,0.0,0.0,0.0
CHEMBL3752770,2.2614288601242967,9.720708354329386,2.0339322719828674,0.0,2.843510015117157,0.0,2.393797569181995,0.0,0.0,0.2908881723985892,0.0,0.0,0.0,0.0,0.0,0.0,0.0,0.0,24.508361940455195,0.0,0.0,0.0,0.0,0.0,0.0
CHEMBL3752771,4.591728237591333,4.767265503806359,5.896219713193919,15.205010587606637,1.8176457650961613,0.0,1.911257477783228,1.3243806689342408,2.5775631193835564,-0.2163980615394303,0.0,0.0,0.0,0.0,0.0,0.0,0.0,0.0,25.29526085057786,0.0,0.0,0.0,0.0,0.0,0.0
CHEMBL3752788,4.649482342319644,7.596095166257504,4.490691531242126,10.654012006046118,1.5454666897623244,0.0,3.483182710839413,1.351378850151172,0.0,-0.0311646484427869,0.0,0.0,0.0,0.0,0.0,0.0,0.0,0.0,25.09418868515782,0.0,0.0,0.0,0.0,0.0,0.0
CHEMBL3752788,4.649482342319644,7.596095166257504,4.490691531242126,10.654012006046118,1.5454666897623244,0.0,3.483182710839413,1.351378850151172,0.0,-0.0311646484427869,0.0,0.0,0.0,0.0,0.0,0.0,0.0,0.0,25.09418868515782,0.0,0.0,0.0,0.0,0.0,0.0
CHEMBL3752805,3.754888921988038,10.493509372113044,2.441289603804485,0.0,1.7949655139833705,0.0,1.904869968820862,0.0,0.0,-0.000517605190224,0.0,0.0,0.0,0.0,0.0,0.0,0.0,0.0,24.00950644418312,5.601487780297305,0.0,0.0,0.0,0.0,0.0
CHEMBL3752805,3.754888921988038,10.493509372113044,2.441289603804485,0.0,1.7949655139833705,0.0,1.904869968820862,0.0,0.0,-0.000517605190224,0.0,0.0,0.0,0.0,0.0,0.0,0.0,0.0,24.00950644418312,5.601487780297305,0.0,0.0,0.0,0.0,0.0
CHEMBL3752817,2.336705483119174,11.093775812022342,2.451625173217435,0.0,2.0180073433694456,0.0,1.5830078420256994,0.0,0.0,0.267595072751323,0.0,0.0,0.0,0.0,0.0,0.0,0.0,20.749283273494584,0.0,0.0,0.0,0.0,0.0,0.0,0.0
CHEMBL3752818,4.294302537372975,5.444893130091543,1.6091174571680524,0.0,0.1249371693121687,0.0,1.249875611510037,0.0,0.0,-0.3688874322877296,0.0,0.0,0.0,0.0,0.0,0.0,0.0,0.0,24.09671768707483,0.0,0.0,14.88237717309146,0.0,0.0,0.0
CHEMBL3752818,4.294302537372975,5.444893130091543,1.6091174571680524,0.0,0.1249371693121687,0.0,1.249875611510037,0.0,0.0,-0.3688874322877296,0.0,0.0,0.0,0.0,0.0,0.0,0.0,0.0,24.09671768707483,0.0,0.0,14.88237717309146,0.0,0.0,0.0
CHEMBL3752861,4.258004298941799,5.643936300600488,0.0,0.0,-0.2124022108843546,0.0,0.6244529478458061,0.0,0.0,-1.334175288170823,0.0,0.0,0.0,0.0,0.0,0.0,0.0,0.0,38.19042606240027,5.913091222600151,0.0,0.0,0.0,0.0,0.0
CHEMBL3752871,4.294302537372975,5.444893130091543,1.6091174571680524,0.0,0.1249371693121687,0.0,1.249875611510037,0.0,0.0,-0.3688874322877296,0.0,0.0,0.0,0.0,0.0,0.0,0.0,0.0,24.09671768707483,0.0,0.0,14.88237717309146,0.0,0.0,0.0
CHEMBL3752871,4.294302537372975,5.444893130091543,1.6091174571680524,0.0,0.1249371693121687,0.0,1.249875611510037,0.0,0.0,-0.3688874322877296,0.0,0.0,0.0,0.0,0.0,0.0,0.0,0.0,24.09671768707483,0.0,0.0,14.88237717309146,0.0,0.0,0.0
CHEMBL3752892,4.52332429960812,6.859929022496663,0.0,0.0,1.693838944528428,0.0,2.6123285935828786,0.0,0.0,-0.0545171957671954,0.0,0.0,0.0,0.0,0.0,0.0,0.0,0.0,24.776520357581862,0.0,0.0,12.976256032244038,0.0,0.0,0.0
CHEMBL3752897,2.2510121934576297,9.37131587511548,2.007265605316201,0.0,2.5899914965986386,0.0,2.323195717330143,0.0,0.0,0.2032086561476442,0.0,3.600817743764172,0.0,0.0,0.0,0.0,0.0,0.0,24.486526045603423,0.0,0.0,0.0,0.0,0.0,0.0
CHEMBL375292,1.9240432098765432,0.0,0.0,15.949023998488284,0.1336111111111109,0.0,0.0,5.447716836734695,0.0,0.0,0.0,0.0,0.0,0.0,13.11171595490048,0.0,2.100555555555556,0.0,0.0,0.0,0.0,0.0,0.0,0.0,0.0
CHEMBL3752939,4.532896078171602,5.258753311867038,4.259843080750819,7.330458737507348,1.2804751931636846,0.0,2.969590780099665,1.3066240544401622,0.0,-0.2010811392458213,0.0,0.0,0.0,0.0,0.0,0.0,0.0,9.728098165504594,25.03434173774091,0.0,0.0,0.0,0.0,0.0,0.0
CHEMBL3752954,2.1796401539010666,7.5859907774838335,1.8474385078105315,0.0,1.472581727135298,0.0,1.8955901596749825,0.0,0.0,-0.2613281840513981,0.0,0.0,0.0,0.0,0.0,0.0,0.0,0.0,24.40587933746348,0.0,0.0,0.0,0.0,0.0,0.0
CHEMBL3752973,4.497411632863022,7.38893334803057,5.927811161501637,0.0,1.8756760204081628,0.0,2.044532404782902,0.0,0.0,0.0509032895565635,0.0,0.0,0.0,0.0,0.0,0.0,0.0,0.0,24.214732142857144,0.0,0.0,0.0,0.0,0.0,0.0
CHEMBL3752973,4.497411632863022,7.38893334803057,5.927811161501637,0.0,1.8756760204081628,0.0,2.044532404782902,0.0,0.0,0.0509032895565635,0.0,0.0,0.0,0.0,0.0,0.0,0.0,0.0,24.214732142857144,0.0,0.0,0.0,0.0,0.0,0.0
CHEMBL3752976,4.445343337952465,6.52467125430419,1.7341174571680524,0.0,0.8100862675317025,0.0,1.6258261290627372,0.0,0.0,-0.1338714884101783,0.0,0.0,0.0,0.0,0.0,0.0,0.0,10.104031806395398,24.223128569328964,0.0,0.0,0.0,0.0,0.0,0.0
CHEMBL3752976,4.445343337952465,6.52467125430419,1.7341174571680524,0.0,0.8100862675317025,0.0,1.6258261290627372,0.0,0.0,-0.1338714884101783,0.0,0.0,0.0,0.0,0.0,0.0,0.0,10.104031806395398,24.223128569328964,0.0,0.0,0.0,0.0,0.0,0.0
CHEMBL3752983,6.90483735480617,10.42654326800611,0.0,0.0,1.982987633324934,0.0,3.5581309351806745,0.0,0.0,0.1695338902319423,0.0,0.0,0.0,0.0,0.0,0.0,0.0,0.0,25.133841417169407,0.0,0.0,0.0,0.0,0.0,0.0
CHEMBL3752994,6.754934623540775,5.693309607793735,4.330043383093978,0.0,1.6572037981859409,0.0,3.3620458685017227,0.0,0.0,0.0599088640085665,0.0,0.0,0.0,0.0,0.0,0.0,0.0,0.0,24.30922052154195,0.0,0.0,0.0,0.0,0.0,0.0
CHEMBL3752994,6.754934623540775,5.693309607793735,4.330043383093978,0.0,1.6572037981859409,0.0,3.3620458685017227,0.0,0.0,0.0599088640085665,0.0,0.0,0.0,0.0,0.0,0.0,0.0,0.0,24.30922052154195,0.0,0.0,0.0,0.0,0.0,0.0
CHEMBL3752998,6.589275976446029,9.32416062993444,1.802890211640212,0.0,0.994062364653544,0.0,1.5231789911567268,0.0,0.0,-0.2806797463399193,0.0,0.0,0.0,0.0,0.0,0.0,0.0,0.0,37.51330937107284,6.03380220143613,0.0,0.0,0.0,0.0,0.0
CHEMBL3752998,6.589275976446029,9.32416062993444,1.802890211640212,0.0,0.994062364653544,0.0,1.5231789911567268,0.0,0.0,-0.2806797463399193,0.0,0.0,0.0,0.0,0.0,0.0,0.0,0.0,37.51330937107284,6.03380220143613,0.0,0.0,0.0,0.0,0.0
CHEMBL3753000,2.1547643193079704,6.51416632548081,1.148511432350718,0.0,0.8644215849920205,0.0,0.6234973518728486,0.0,0.0,-1.117950759007306,0.0,0.0,0.0,0.0,0.0,0.0,0.0,0.0,36.79448159433527,5.934774817334341,0.0,0.0,0.0,0.0,0.0
CHEMBL3753034,4.619422293608801,5.738282522885697,0.0,5.99085616654069,2.455726515915007,0.0,0.0,3.2309024497144545,0.0,0.1481242520156207,0.0,0.0,0.0,0.0,0.0,0.0,0.0,20.2333524659864,0.0,0.0,0.0,0.0,0.0,0.0,0.0
CHEMBL3753034,4.619422293608801,5.738282522885697,0.0,5.99085616654069,2.455726515915007,0.0,0.0,3.2309024497144545,0.0,0.1481242520156207,0.0,0.0,0.0,0.0,0.0,0.0,0.0,20.2333524659864,0.0,0.0,0.0,0.0,0.0,0.0,0.0
CHEMBL3753063,4.353672813261107,6.563049230494666,0.0,0.0,1.48318641345427,0.0,0.5379829485806673,0.0,0.0,-0.2682016093474422,0.0,0.0,0.0,0.0,0.0,0.0,0.0,0.0,24.09870470101621,0.0,0.0,14.398272169207187,0.0,0.0,0.0
CHEMBL3753063,4.353672813261107,6.563049230494666,0.0,0.0,1.48318641345427,0.0,0.5379829485806673,0.0,0.0,-0.2682016093474422,0.0,0.0,0.0,0.0,0.0,0.0,0.0,0.0,24.09870470101621,0.0,0.0,14.398272169207187,0.0,0.0,0.0
CHEMBL3753084,7.262230961829177,11.248661514760228,2.6125896793902745,0.0,3.151785714285713,0.0,2.3977419007726555,0.0,0.0,0.4866204884731673,0.0,0.0,0.0,0.0,0.0,0.0,0.0,0.0,12.507036407155454,0.0,0.0,0.0,0.0,0.0,0.0
CHEMBL3753084,7.262230961829177,11.248661514760228,2.6125896793902745,0.0,3.151785714285713,0.0,2.3977419007726555,0.0,0.0,0.4866204884731673,0.0,0.0,0.0,0.0,0.0,0.0,0.0,0.0,12.507036407155454,0.0,0.0,0.0,0.0,0.0,0.0
CHEMBL3753089,4.641835606156043,7.671403778517325,4.324944176744772,10.705507235569463,1.548739869404551,0.0,3.549852763119584,1.3685693027210886,0.0,-0.0308942350088181,0.0,0.0,0.0,0.0,0.0,0.0,0.0,0.0,25.053374836109324,0.0,0.0,0.0,0.0,0.0,0.0
CHEMBL3753089,4.641835606156043,7.671403778517325,4.324944176744772,10.705507235569463,1.548739869404551,0.0,3.549852763119584,1.3685693027210886,0.0,-0.0308942350088181,0.0,0.0,0.0,0.0,0.0,0.0,0.0,0.0,25.053374836109324,0.0,0.0,0.0,0.0,0.0,0.0
CHEMBL3753104,2.168310835889299,7.500203572131332,4.2515588781809015,0.0,0.940564662593432,0.0,3.474328861282552,0.0,0.0,-0.2076256613756615,0.0,0.0,0.0,0.0,0.0,0.0,0.0,0.0,24.51198452781786,0.0,0.0,12.67596279612243,0.0,0.0,0.0
CHEMBL3753109,4.603924870874276,5.510371087818502,4.62957955404384,10.25537986854495,1.5160232799374211,0.0,2.97997160962999,1.1349373890332588,0.0,-0.0628997202709771,0.0,0.0,0.0,0.0,0.0,0.0,0.0,0.0,25.459327299848724,0.0,0.0,0.0,0.0,0.0,0.0
CHEMBL3753109,4.603924870874276,5.510371087818502,4.62957955404384,10.25537986854495,1.5160232799374211,0.0,2.97997160962999,1.1349373890332588,0.0,-0.0628997202709771,0.0,0.0,0.0,0.0,0.0,0.0,0.0,0.0,25.459327299848724,0.0,0.0,0.0,0.0,0.0,0.0
CHEMBL3753112,2.04809387335181,4.095393649743849,0.9380947656840511,0.0,-0.3551154520450166,0.0,0.2145139807466205,0.0,0.0,-2.342788721970269,0.0,0.0,0.0,0.0,0.0,0.0,0.0,0.0,49.78763493900647,5.697506298815823,0.0,0.0,0.0,0.0,0.0
CHEMBL3753120,4.692800374779542,6.633789576413307,2.0012650909129084,15.372735150499086,2.050162456958091,0.0,2.1981545871907087,1.3151750283446717,2.559672839202511,-0.002565200660664,0.0,0.0,0.0,0.0,0.0,0.0,0.0,0.0,25.33930234881638,0.0,0.0,0.0,0.0,0.0,0.0
CHEMBL3753169,8.890430091017889,7.383891500272949,1.993376716427312,0.0,1.942654950869236,0.0,2.2525114428487454,0.0,0.0,-0.0987813366087173,0.0,0.0,0.0,0.0,0.0,0.0,0.0,0.0,24.885916635172585,0.0,0.0,0.0,0.0,0.0,0.0
CHEMBL3753169,8.890430091017889,7.383891500272949,1.993376716427312,0.0,1.942654950869236,0.0,2.2525114428487454,0.0,0.0,-0.0987813366087173,0.0,0.0,0.0,0.0,0.0,0.0,0.0,0.0,24.885916635172585,0.0,0.0,0.0,0.0,0.0,0.0
CHEMBL3753182,1.9555810001469724,3.197176175254052,1.3164322719828672,0.0,-0.3922326152683304,0.0,-1.2410385435038196,0.0,0.0,-6.939485819790878,0.0,0.0,0.0,0.0,0.0,0.0,0.0,0.0,36.88560618228773,0.0,0.0,40.63462801555807,0.0,0.0,0.0
CHEMBL3753191,2.085536501637692,7.774375170592928,1.8661536281179136,0.0,0.4332190098261523,0.0,1.816894158898128,0.0,0.0,-0.4471460459183671,0.0,0.0,0.0,0.0,0.0,0.0,0.0,10.239736945704207,25.231230631141344,0.0,0.0,0.0,0.0,0.0,0.0
CHEMBL3753191,2.085536501637692,7.774375170592928,1.8661536281179136,0.0,0.4332190098261523,0.0,1.816894158898128,0.0,0.0,-0.4471460459183671,0.0,0.0,0.0,0.0,0.0,0.0,0.0,10.239736945704207,25.231230631141344,0.0,0.0,0.0,0.0,0.0,0.0
CHEMBL3753196,4.34030005983875,6.530444630784412,2.158631346056941,0.0,-0.3374272486772498,0.0,1.434749175904931,0.0,0.0,-2.859772179705215,0.0,0.0,0.0,0.0,0.0,0.0,0.0,0.0,12.450097080498868,0.0,0.0,29.53297713529856,0.0,0.0,0.0
CHEMBL3753258,2.249968479675821,8.650157340239982,0.0,16.83585425392108,2.2419973766212933,0.0,0.5121117241634574,4.646573223278446,0.0,-0.079188654826281,0.0,0.0,0.0,0.0,0.0,0.0,0.0,10.186796240509263,12.6723966830836,0.0,0.0,0.0,0.0,0.0,0.0
CHEMBL3753258,2.249968479675821,8.650157340239982,0.0,16.83585425392108,2.2419973766212933,0.0,0.5121117241634574,4.646573223278446,0.0,-0.079188654826281,0.0,0.0,0.0,0.0,0.0,0.0,0.0,10.186796240509263,12.6723966830836,0.0,0.0,0.0,0.0,0.0,0.0
CHEMBL3753272,6.067552769934624,6.024955015957,3.906332593222474,0.0,1.6655380763416474,0.0,2.2636237743554224,0.0,0.0,-0.1605468946837989,0.0,0.0,0.0,0.0,0.0,0.0,0.0,0.0,24.565486120004067,5.333725211535231,0.0,0.0,0.0,0.0,0.0
CHEMBL3753272,6.067552769934624,6.024955015957,3.906332593222474,0.0,1.6655380763416474,0.0,2.2636237743554224,0.0,0.0,-0.1605468946837989,0.0,0.0,0.0,0.0,0.0,0.0,0.0,0.0,24.565486120004067,5.333725211535231,0.0,0.0,0.0,0.0,0.0
CHEMBL3753279,4.631400751658688,8.021654278995548,0.0,0.0,1.829328992399428,0.0,0.85497883335433,0.0,0.0,-0.0023399313429073,0.0,0.0,0.0,0.0,0.0,0.0,0.0,0.0,24.50686892426724,6.07477481733434,0.0,0.0,0.0,0.0,0.0
CHEMBL3753281,6.641414635298563,9.32446532239439,2.4875896793902745,0.0,2.3667857142857134,0.0,2.134703352019821,0.0,0.0,0.3060649329176117,0.0,0.0,0.0,0.0,0.0,0.0,0.0,0.0,12.475786407155454,5.929856623204838,0.0,0.0,0.0,0.0,0.0
CHEMBL3753281,6.641414635298563,9.32446532239439,2.4875896793902745,0.0,2.3667857142857134,0.0,2.134703352019821,0.0,0.0,0.3060649329176117,0.0,0.0,0.0,0.0,0.0,0.0,0.0,0.0,12.475786407155454,5.929856623204838,0.0,0.0,0.0,0.0,0.0
CHEMBL3753297,3.5213820520492143,6.784486423427394,1.7755980725623584,0.0,0.0120228647014344,0.0,1.2628407921810711,0.0,0.0,-0.9405972458427811,0.0,0.0,0.0,0.0,0.0,0.0,0.0,0.0,37.28649989239523,5.964433815192744,0.0,0.0,0.0,0.0,0.0
CHEMBL3753307,4.576338708322835,7.090502697992777,1.8845804201310152,0.0,1.8589772297808005,0.0,2.787130325123877,0.0,0.0,0.0566637534643488,0.0,0.0,0.0,0.0,0.0,0.0,0.0,0.0,24.399476305954483,0.0,0.0,0.0,0.0,0.0,0.0
CHEMBL3753307,4.576338708322835,7.090502697992777,1.8845804201310152,0.0,1.8589772297808005,0.0,2.787130325123877,0.0,0.0,0.0566637534643488,0.0,0.0,0.0,0.0,0.0,0.0,0.0,0.0,24.399476305954483,0.0,0.0,0.0,0.0,0.0,0.0
CHEMBL3753352,6.476863019127404,5.027908609431426,4.1188094450743264,0.0,1.9418178382464089,0.0,2.801746412299489,0.0,0.0,-0.1143316169060211,0.0,0.0,0.0,0.0,0.0,0.0,0.0,0.0,24.62744363872092,0.0,0.0,0.0,0.0,0.0,3.869742654006047
CHEMBL3753352,6.476863019127404,5.027908609431426,4.1188094450743264,0.0,1.9418178382464089,0.0,2.801746412299489,0.0,0.0,-0.1143316169060211,0.0,0.0,0.0,0.0,0.0,0.0,0.0,0.0,24.62744363872092,0.0,0.0,0.0,0.0,0.0,3.869742654006047
CHEMBL3753369,2.258027499580079,10.12420435458134,2.046617457168052,0.0,2.454861399806836,0.0,2.455187875304444,0.0,0.0,0.3432313318846057,0.0,0.0,0.0,0.0,0.0,0.0,0.0,0.0,24.651203415007977,0.0,0.0,0.0,0.0,0.0,0.0
CHEMBL3753373,4.524846623834719,7.643860956316175,5.7967188961934495,6.885363062095566,1.9046194205158848,0.0,1.8362918799937864,1.249837762275291,0.0,-0.2460620446730683,0.0,0.0,0.0,0.0,0.0,0.0,0.0,0.0,36.01420688531724,0.0,0.0,0.0,0.0,0.0,0.0
CHEMBL3753373,4.524846623834719,7.643860956316175,5.7967188961934495,6.885363062095566,1.9046194205158848,0.0,1.8362918799937864,1.249837762275291,0.0,-0.2460620446730683,0.0,0.0,0.0,0.0,0.0,0.0,0.0,0.0,36.01420688531724,0.0,0.0,0.0,0.0,0.0,0.0
CHEMBL3753375,6.207104886388797,6.541173366142702,2.1068026423532378,0.0,1.498971626459225,0.0,1.798016442815776,0.0,0.0,-0.1480618150037789,0.0,0.0,0.0,0.0,0.0,0.0,0.0,0.0,25.333653747196767,5.495672436980607,0.0,0.0,0.0,0.0,0.0
CHEMBL3753398,2.1155698066263544,7.673320197677836,2.124487827538423,0.0,-1.4329747732426314,0.0,1.4536635749979008,0.0,0.0,-1.0610141487150415,0.0,0.0,0.0,0.0,0.0,0.0,0.0,0.0,12.341694460191484,0.0,0.0,28.45191972159234,0.0,0.0,0.0
CHEMBL3753398,2.1155698066263544,7.673320197677836,2.124487827538423,0.0,-1.4329747732426314,0.0,1.4536635749979008,0.0,0.0,-1.0610141487150415,0.0,0.0,0.0,0.0,0.0,0.0,0.0,0.0,12.341694460191484,0.0,0.0,28.45191972159234,0.0,0.0,0.0
CHEMBL3753403,6.748489530843202,7.46648594314269,1.9841174571680524,0.0,2.1628300317040394,0.0,2.279653289556564,0.0,0.0,0.1786285115898214,0.0,0.0,0.0,0.0,0.0,0.0,0.0,0.0,24.51312856932897,0.0,0.0,0.0,0.0,0.0,0.0
CHEMBL3753403,6.748489530843202,7.46648594314269,1.9841174571680524,0.0,2.1628300317040394,0.0,2.279653289556564,0.0,0.0,0.1786285115898214,0.0,0.0,0.0,0.0,0.0,0.0,0.0,0.0,24.51312856932897,0.0,0.0,0.0,0.0,0.0,0.0
CHEMBL3753425,4.214357350193163,6.338507784286554,0.0,4.189897408037289,1.8700713340891908,0.0,0.512623719240783,4.226250905454775,0.0,-0.0370695546737209,0.0,0.0,0.0,0.0,0.0,0.0,0.0,9.952625953541808,12.31606843316349,0.0,0.0,0.0,0.0,0.0,0.0
CHEMBL3753425,4.214357350193163,6.338507784286554,0.0,4.189897408037289,1.8700713340891908,0.0,0.512623719240783,4.226250905454775,0.0,-0.0370695546737209,0.0,0.0,0.0,0.0,0.0,0.0,0.0,9.952625953541808,12.31606843316349,0.0,0.0,0.0,0.0,0.0,0.0
CHEMBL3753439,4.617674799730626,8.035419958610865,0.0,10.11942717843945,1.7450146779326967,0.0,2.622629445246396,1.103947687163326,0.0,-0.0360265047025158,0.0,0.0,0.0,0.0,0.0,0.0,0.0,0.0,25.430068687389355,6.195177403523138,0.0,0.0,0.0,0.0,0.0
CHEMBL3753447,4.62225781053162,8.515476988239435,5.94431332409507,10.774098884189836,2.2789502498530267,0.0,2.017946122632045,1.4113124895019735,0.0,-0.1050603453234668,0.0,0.0,0.0,0.0,0.0,0.0,0.0,0.0,25.040704476280467,0.0,0.0,0.0,0.0,0.0,0.0
CHEMBL3753447,4.62225781053162,8.515476988239435,5.94431332409507,10.774098884189836,2.2789502498530267,0.0,2.017946122632045,1.4113124895019735,0.0,-0.1050603453234668,0.0,0.0,0.0,0.0,0.0,0.0,0.0,0.0,25.040704476280467,0.0,0.0,0.0,0.0,0.0,0.0
CHEMBL3753463,4.418364250020996,5.185951409884941,6.588340419501134,0.0,1.57234835600907,0.0,1.6560517841395823,0.0,0.0,-0.2816024974804731,0.0,0.0,0.0,0.0,0.0,0.0,0.0,0.0,35.69387961125808,0.0,0.0,0.0,0.0,0.0,0.0
CHEMBL3753505,4.9552067586293775,11.903092469240784,2.6217932728647013,0.0,2.522884280255312,0.0,1.7982856198034771,0.0,0.0,0.7436268187830688,0.0,0.0,0.0,0.0,0.0,0.0,0.0,10.45511078042328,0.0,0.0,0.0,0.0,0.0,0.0,0.0
CHEMBL3753548,4.45700804936172,9.423599825732762,2.0035156053162004,0.0,2.010542800453514,0.0,2.323309279730412,0.0,0.0,0.2188779446963973,0.0,0.0,0.0,0.0,0.0,0.0,0.0,0.0,24.449107011631813,0.0,0.0,0.0,0.0,0.0,0.0
CHEMBL3753573,4.432598443329969,4.881754257006678,4.112079409695977,6.793930959729571,1.023338495802871,0.0,2.633334272432849,1.057984598657849,0.0,-0.3716069253050671,4.97922754509071,0.0,0.0,0.0,0.0,0.0,0.0,0.0,47.68580735672457,4.77954312231346,0.0,0.0,-4.091324868812761,0.0,0.0
CHEMBL3753582,4.314313639035861,5.382881603258587,0.0,0.0,0.6097919553623907,0.0,0.6593287955614355,0.0,0.0,-1.22717789430587,0.0,0.0,0.0,0.0,0.0,0.0,0.0,0.0,37.50668893560511,5.837506298815823,0.0,0.0,0.0,0.0,0.0
CHEMBL3753593,2.2353871934576297,8.847227156294617,1.9672656053162003,0.0,2.2097137188208604,0.0,2.2172929395523653,0.0,0.0,0.0716893817712269,0.0,0.0,0.0,0.0,0.0,0.0,0.0,0.0,24.453772203325773,5.830985134794659,0.0,0.0,0.0,0.0,0.0
CHEMBL3753611,4.629845939727794,9.106752424218968,4.35475568468128,10.566349016086274,1.7645859521183496,0.0,3.1261447187034976,1.3462947912112635,0.0,-0.0720903825958141,0.0,0.0,0.0,0.0,0.0,0.0,0.0,0.0,25.51069518918172,0.0,0.0,0.0,0.0,0.0,0.0
CHEMBL3753611,4.629845939727794,9.106752424218968,4.35475568468128,10.566349016086274,1.7645859521183496,0.0,3.1261447187034976,1.3462947912112635,0.0,-0.0720903825958141,0.0,0.0,0.0,0.0,0.0,0.0,0.0,0.0,25.51069518918172,0.0,0.0,0.0,0.0,0.0,0.0
CHEMBL3753620,4.615466794742589,7.289895688985471,1.937242457168052,0.0,1.9091905759217265,0.0,2.157060696963972,0.0,0.0,0.1200347615898211,0.0,0.0,0.0,0.0,0.0,0.0,0.0,0.0,24.45875356932897,0.0,0.0,0.0,0.0,0.0,3.595688788632737
CHEMBL3753620,4.615466794742589,7.289895688985471,1.937242457168052,0.0,1.9091905759217265,0.0,2.157060696963972,0.0,0.0,0.1200347615898211,0.0,0.0,0.0,0.0,0.0,0.0,0.0,0.0,24.45875356932897,0.0,0.0,0.0,0.0,0.0,3.595688788632737
CHEMBL3753629,6.735613635886454,6.842396436969849,4.170911674855127,0.0,1.829611205593348,0.0,3.510263461094316,0.0,0.0,0.077102741559587,0.0,0.0,0.0,0.0,0.0,0.0,0.0,0.0,24.500767510707988,0.0,0.0,0.0,0.0,0.0,0.0
CHEMBL3753645,4.41399582441001,5.963569014025364,1.7633946680524062,0.0,0.9277336073318212,0.0,1.3062903649113984,0.0,0.0,-0.2973549303980847,0.0,0.0,0.0,0.0,0.0,0.0,0.0,0.0,36.703177304789634,5.789509400982615,0.0,0.0,0.0,0.0,3.179684745894838
CHEMBL3753667,4.498900436717897,6.875066032585873,6.493326640841522,0.0,1.6934537981859406,0.0,2.064215653082221,0.0,0.0,0.1174962600781053,0.0,0.0,0.0,0.0,0.0,0.0,0.0,0.0,24.25754117850844,0.0,0.0,0.0,0.0,0.0,0.0
CHEMBL3753667,4.498900436717897,6.875066032585873,6.493326640841522,0.0,1.6934537981859406,0.0,2.064215653082221,0.0,0.0,0.1174962600781053,0.0,0.0,0.0,0.0,0.0,0.0,0.0,0.0,24.25754117850844,0.0,0.0,0.0,0.0,0.0,0.0
CHEMBL3753695,4.373225282396909,4.984551813009154,4.179903628117914,0.0,1.3053916288737717,0.0,1.1546187510498038,0.0,0.0,-0.2500071649029975,0.0,0.0,0.0,0.0,0.0,0.0,0.0,10.233259886516334,24.18572284160578,0.0,0.0,0.0,0.0,0.0,0.0
CHEMBL3753724,4.599746525153272,7.452851998824221,1.9398119016124968,0.0,2.0854917800453507,2.8569349962207107,2.1067396148274136,0.0,0.0,0.0230502802973042,0.0,0.0,0.0,0.0,0.0,0.0,0.0,0.0,24.60310303287982,0.0,0.0,0.0,0.0,0.0,0.0
CHEMBL3753736,2.224296658478206,7.474295359347443,4.325363677878559,0.0,1.6233848261526824,0.0,1.9148029782900824,0.0,0.0,-1.0360617703871666,0.0,0.0,0.0,0.0,0.0,0.0,0.0,10.721561138726994,12.51805731050455,6.118571113630638,0.0,0.0,0.0,0.0,0.0
CHEMBL3753773,2.337395177206685,6.656944631630328,0.0,16.84441222873447,2.210380380802457,0.0,0.0,4.595501110166289,0.0,0.1040537210254473,0.0,0.0,0.0,0.0,0.0,0.0,0.0,20.83464608376765,0.0,0.0,0.0,0.0,0.0,0.0,0.0
CHEMBL3753776,4.599746525153272,7.452851998824221,1.9398119016124968,0.0,2.0854917800453507,2.8569349962207107,2.1067396148274136,0.0,0.0,0.0230502802973042,0.0,0.0,0.0,0.0,0.0,0.0,0.0,0.0,24.60310303287982,0.0,0.0,0.0,0.0,0.0,0.0
CHEMBL3753778,4.708842908154569,9.19789138920289,2.2597751322751325,5.581533432632681,0.8738712263605932,0.0,2.411708148403225,0.0,0.0,0.1234673116836264,0.0,0.0,0.0,0.0,4.079911648606981,0.0,2.05204483073711,21.15590106189028,0.0,5.852809429327287,0.0,0.0,0.0,0.0,0.0
CHEMBL3753803,6.737509592571596,6.030517264004367,8.285376354245402,0.0,1.4948540249433102,0.0,3.2272621803350985,0.0,0.0,-0.1472548973293019,0.0,0.0,0.0,0.0,0.0,0.0,0.0,0.0,24.5384021478962,0.0,0.0,0.0,0.0,0.0,0.0
CHEMBL3753803,6.737509592571596,6.030517264004367,8.285376354245402,0.0,1.4948540249433102,0.0,3.2272621803350985,0.0,0.0,-0.1472548973293019,0.0,0.0,0.0,0.0,0.0,0.0,0.0,0.0,24.5384021478962,0.0,0.0,0.0,0.0,0.0,0.0
CHEMBL3753810,6.829032239438986,6.324739990131855,5.910496346686823,0.0,2.315214947089946,0.0,2.04407227628706,0.0,0.0,-0.0320365252582512,0.0,0.0,0.0,0.0,0.0,0.0,0.0,0.0,24.441814058956915,0.0,0.0,0.0,0.0,0.0,0.0
CHEMBL3753810,6.829032239438986,6.324739990131855,5.910496346686823,0.0,2.315214947089946,0.0,2.04407227628706,0.0,0.0,-0.0320365252582512,0.0,0.0,0.0,0.0,0.0,0.0,0.0,0.0,24.441814058956915,0.0,0.0,0.0,0.0,0.0,0.0
CHEMBL3753824,2.249968479675821,8.650157340239982,0.0,16.83585425392108,2.2419973766212933,0.0,0.5121117241634574,4.646573223278446,0.0,-0.079188654826281,0.0,0.0,0.0,0.0,0.0,0.0,0.0,10.186796240509263,12.6723966830836,0.0,0.0,0.0,0.0,0.0,0.0
CHEMBL3753842,5.568592739564961,4.206327370454355,1.6281414556563365,0.0,-1.0533630952380968,0.0,0.7058431358654589,0.0,0.0,-0.6769969608213657,0.0,0.0,0.0,0.0,0.0,0.0,0.0,0.0,36.87907619992441,5.776292517006803,0.0,0.0,0.0,0.0,0.0
CHEMBL3753845,4.462264817964223,7.038893442407828,2.1761853584026203,0.0,-0.347228862223904,0.0,1.113100434618292,0.0,0.0,-2.60599289021164,0.0,0.0,0.0,0.0,0.0,0.0,0.0,10.501611788233811,0.0,0.0,0.0,29.57783257747544,0.0,0.0,0.0
CHEMBL3753855,4.2967173852565725,4.644648014298312,1.627925327538423,0.0,0.9800332524985296,0.0,1.356520691609978,0.0,0.0,-0.4301941216301332,0.0,0.0,0.0,0.0,0.0,0.0,0.0,0.0,37.21390124868818,0.0,0.0,0.0,0.0,0.0,3.560448201740139
CHEMBL3753920,4.613348739187033,6.822329354581338,4.001282045225498,0.0,2.135492724867724,0.0,2.137787554064837,0.0,0.0,0.0670649486646512,0.0,0.0,0.0,0.0,0.0,0.0,0.0,0.0,24.488149722852103,0.0,0.0,0.0,0.0,0.0,0.0
CHEMBL3753920,4.613348739187033,6.822329354581338,4.001282045225498,0.0,2.135492724867724,0.0,2.137787554064837,0.0,0.0,0.0670649486646512,0.0,0.0,0.0,0.0,0.0,0.0,0.0,0.0,24.488149722852103,0.0,0.0,0.0,0.0,0.0,0.0
CHEMBL3753928,2.296498365807228,6.601137207454999,0.0,3.863366795792391,1.7680238865093354,0.0,0.0,3.331280719849669,0.0,0.124388778659612,0.0,0.0,0.0,0.0,0.0,0.0,0.0,20.227770035483328,0.0,0.0,0.0,0.0,0.0,6.148645321554547,0.0
CHEMBL3753971,2.349505516712858,9.199717262974508,0.0,16.936326907023396,2.3538827307599144,0.0,0.0,4.724381389372146,0.0,0.1152557896181636,0.0,0.0,0.0,0.0,0.0,0.0,0.0,20.904263736872345,0.0,0.0,0.0,0.0,0.0,0.0,0.0
CHEMBL3753971,2.349505516712858,9.199717262974508,0.0,16.936326907023396,2.3538827307599144,0.0,0.0,4.724381389372146,0.0,0.1152557896181636,0.0,0.0,0.0,0.0,0.0,0.0,0.0,20.904263736872345,0.0,0.0,0.0,0.0,0.0,0.0,0.0
CHEMBL3753997,2.06351219345763,4.961600896531452,1.5272656053162006,0.0,-1.9733418367346955,0.0,1.0523623839968097,0.0,0.0,-1.3750226363693625,0.0,0.0,0.0,0.0,0.0,0.0,0.0,0.0,24.093479938271603,0.0,0.0,28.48347678886369,0.0,0.0,0.0
CHEMBL3753997,2.06351219345763,4.961600896531452,1.5272656053162006,0.0,-1.9733418367346955,0.0,1.0523623839968097,0.0,0.0,-1.3750226363693625,0.0,0.0,0.0,0.0,0.0,0.0,0.0,0.0,24.093479938271603,0.0,0.0,28.48347678886369,0.0,0.0,0.0
CHEMBL3754046,3.3560605542211785,3.926681731334509,1.447909974174855,0.0,-0.6523596938775531,2.625123299319728,0.1028482195347282,0.0,0.0,-1.1917550469261775,0.0,0.0,0.0,0.0,0.0,0.0,0.0,0.0,49.70340344279738,5.543068468127992,0.0,0.0,0.0,0.0,0.0
CHEMBL3754054,4.537013468967834,5.853282815051845,8.106737659570001,10.657292640120025,1.376795424960107,0.0,3.230586181486931,1.354583963214916,0.0,-0.2355427610859155,0.0,0.0,0.0,0.0,0.0,0.0,0.0,0.0,24.9525839410476,0.0,0.0,0.0,0.0,0.0,0.0
CHEMBL3754054,4.537013468967834,5.853282815051845,8.106737659570001,10.657292640120025,1.376795424960107,0.0,3.230586181486931,1.354583963214916,0.0,-0.2355427610859155,0.0,0.0,0.0,0.0,0.0,0.0,0.0,0.0,24.9525839410476,0.0,0.0,0.0,0.0,0.0,0.0
CHEMBL3754055,4.5865508886188895,7.0244023833643245,5.889744125760783,8.235112660741269,2.10879671621735,0.0,1.9495137707860928,2.126086661771637,0.0,-0.157108417651572,5.862128747649615,0.0,0.0,0.0,0.0,0.0,0.0,0.0,25.04143912940828,0.0,0.0,0.0,0.0,0.0,0.0
CHEMBL3754055,4.5865508886188895,7.0244023833643245,5.889744125760783,8.235112660741269,2.10879671621735,0.0,1.9495137707860928,2.126086661771637,0.0,-0.157108417651572,5.862128747649615,0.0,0.0,0.0,0.0,0.0,0.0,0.0,25.04143912940828,0.0,0.0,0.0,0.0,0.0,0.0
CHEMBL3754061,4.142686891114471,4.208169774082473,1.561409123834719,0.0,-1.1148776455026466,0.0,1.0405313182371725,0.0,0.0,-3.340169556248425,0.0,0.0,0.0,0.0,0.0,0.0,0.0,0.0,24.354382558578987,0.0,0.0,29.56453420256992,0.0,0.0,0.0
CHEMBL3754061,4.142686891114471,4.208169774082473,1.561409123834719,0.0,-1.1148776455026466,0.0,1.0405313182371725,0.0,0.0,-3.340169556248425,0.0,0.0,0.0,0.0,0.0,0.0,0.0,0.0,24.354382558578987,0.0,0.0,29.56453420256992,0.0,0.0,0.0
CHEMBL3754063,7.0165747658072,13.652688396193088,2.0672729276895945,0.0,2.558099096119929,0.0,2.399407363962064,0.0,0.0,0.1619130710709446,0.0,0.0,0.0,0.0,0.0,0.0,0.0,0.0,24.977377712490515,0.0,0.0,0.0,0.0,0.0,0.0
CHEMBL3754063,7.0165747658072,13.652688396193088,2.0672729276895945,0.0,2.558099096119929,0.0,2.399407363962064,0.0,0.0,0.1619130710709446,0.0,0.0,0.0,0.0,0.0,0.0,0.0,0.0,24.977377712490515,0.0,0.0,0.0,0.0,0.0,0.0
CHEMBL3754133,2.1989288601242967,7.4293512744604016,1.897034123834719,0.0,1.261630579701015,0.0,1.9756494210338469,0.0,0.0,-0.2351889251070797,0.0,0.0,0.0,0.0,0.0,0.0,0.0,10.938663627488031,24.70059770513144,0.0,0.0,0.0,0.0,0.0,0.0
CHEMBL3754150,4.56735109070156,4.79154716843502,5.858733239597237,8.560857636264382,1.888008458784748,0.0,1.9055505983831664,2.3645655773532765,0.0,-0.1867151806710332,0.0,0.0,0.0,0.0,0.0,0.0,0.0,0.0,25.01016745024456,0.0,0.0,0.0,0.0,0.0,3.534821527044651
CHEMBL3754157,4.62885878579827,6.406712177346196,0.0,8.237601385882636,1.5461152578315271,0.0,4.121655964210754,2.092522163958176,0.0,-0.1279654037540938,0.0,0.0,0.0,0.0,0.0,0.0,0.0,0.0,25.778451926327108,0.0,0.0,0.0,0.0,0.0,0.0
CHEMBL3754168,4.631330598597463,6.446332071791577,4.451015605316201,10.598222788573391,1.5093880175526997,0.0,3.3974357313645296,1.3005018056605362,0.0,-0.0535759952129,0.0,0.0,0.0,0.0,0.0,0.0,0.0,0.0,25.05268270968984,0.0,0.0,0.0,0.0,0.0,0.0
CHEMBL3754168,4.631330598597463,6.446332071791577,4.451015605316201,10.598222788573391,1.5093880175526997,0.0,3.3974357313645296,1.3005018056605362,0.0,-0.0535759952129,0.0,0.0,0.0,0.0,0.0,0.0,0.0,0.0,25.05268270968984,0.0,0.0,0.0,0.0,0.0,0.0
CHEMBL3754174,6.562064993888587,7.65238622221667,1.9103674571680525,0.0,1.55247821659528,0.0,2.028290191975934,0.0,0.0,0.0200212585034016,0.0,0.0,0.0,0.0,0.0,0.0,0.0,0.0,24.843444225894626,5.764280767090787,0.0,0.0,0.0,0.0,0.0
CHEMBL3754174,6.562064993888587,7.65238622221667,1.9103674571680525,0.0,1.55247821659528,0.0,2.028290191975934,0.0,0.0,0.0200212585034016,0.0,0.0,0.0,0.0,0.0,0.0,0.0,0.0,24.843444225894626,5.764280767090787,0.0,0.0,0.0,0.0,0.0
CHEMBL3754183,6.517799338099437,6.258674860376249,4.166749259889141,0.0,1.840357615268329,0.0,2.9542719225035707,0.0,0.0,-0.0041001354245397,0.0,0.0,0.0,0.0,0.0,0.0,0.0,0.0,24.43291380595448,0.0,0.0,0.0,0.0,0.0,0.0
CHEMBL3754183,6.517799338099437,6.258674860376249,4.166749259889141,0.0,1.840357615268329,0.0,2.9542719225035707,0.0,0.0,-0.0041001354245397,0.0,0.0,0.0,0.0,0.0,0.0,0.0,0.0,24.43291380595448,0.0,0.0,0.0,0.0,0.0,0.0
CHEMBL3754184,8.838817279226506,6.079514138217014,1.96502023494583,0.0,2.073513321995464,0.0,2.1234118585705897,0.0,0.0,-0.2440128180901992,0.0,0.0,0.0,0.0,0.0,0.0,0.0,0.0,25.080446467939023,0.0,0.0,0.0,0.0,0.0,3.9166228505291008
CHEMBL3754184,8.838817279226506,6.079514138217014,1.96502023494583,0.0,2.073513321995464,0.0,2.1234118585705897,0.0,0.0,-0.2440128180901992,0.0,0.0,0.0,0.0,0.0,0.0,0.0,0.0,25.080446467939023,0.0,0.0,0.0,0.0,0.0,3.9166228505291008
CHEMBL3754186,6.94710831771587,13.302030764099214,4.55808271919879,0.0,1.6626895377450026,0.0,3.653328771747976,0.0,0.0,0.0466394382783723,0.0,0.0,0.0,0.0,0.0,0.0,0.0,0.0,24.99678711788144,0.0,0.0,0.0,0.0,0.0,0.0
CHEMBL3754186,6.94710831771587,13.302030764099214,4.55808271919879,0.0,1.6626895377450026,0.0,3.653328771747976,0.0,0.0,0.0466394382783723,0.0,0.0,0.0,0.0,0.0,0.0,0.0,0.0,24.99678711788144,0.0,0.0,0.0,0.0,0.0,0.0
CHEMBL3754204,4.519794081212732,4.7024707629965565,8.05622622197027,10.614789129354424,1.318806216931217,0.0,3.1551416052532133,1.3110936318972035,0.0,-0.2555011889014862,0.0,0.0,0.0,0.0,0.0,0.0,0.0,0.0,24.910512872619208,0.0,0.0,0.0,0.0,0.0,0.0
CHEMBL3754204,4.519794081212732,4.7024707629965565,8.05622622197027,10.614789129354424,1.318806216931217,0.0,3.1551416052532133,1.3110936318972035,0.0,-0.2555011889014862,0.0,0.0,0.0,0.0,0.0,0.0,0.0,0.0,24.910512872619208,0.0,0.0,0.0,0.0,0.0,0.0
CHEMBL3754220,6.963916105022255,7.0964577559418816,1.984117457168052,0.0,2.4799371693121683,0.0,2.2789912577685407,0.0,0.0,0.1727792343789369,0.0,0.0,0.0,0.0,0.0,0.0,0.0,0.0,24.357134353741497,0.0,0.0,0.0,0.0,0.0,0.0
CHEMBL3754220,6.963916105022255,7.0964577559418816,1.984117457168052,0.0,2.4799371693121683,0.0,2.2789912577685407,0.0,0.0,0.1727792343789369,0.0,0.0,0.0,0.0,0.0,0.0,0.0,0.0,24.357134353741497,0.0,0.0,0.0,0.0,0.0,0.0
CHEMBL3754222,8.36000208648274,4.878359565276727,1.6623581979087931,0.0,1.0958030990173842,0.0,1.4395465902410352,0.0,0.0,-0.8094526329050131,0.0,0.0,0.0,0.0,0.0,0.0,0.0,0.0,37.790049760645,0.0,0.0,0.0,0.0,0.0,0.0
CHEMBL3754222,8.36000208648274,4.878359565276727,1.6623581979087931,0.0,1.0958030990173842,0.0,1.4395465902410352,0.0,0.0,-0.8094526329050131,0.0,0.0,0.0,0.0,0.0,0.0,0.0,0.0,37.790049760645,0.0,0.0,0.0,0.0,0.0,0.0
CHEMBL3754227,6.100530042314855,7.408883844413697,0.0,0.0,1.6993300684471315,0.0,2.6855534022671925,0.0,0.0,-0.0537970311581419,0.0,0.0,0.0,0.0,0.0,0.0,0.0,0.0,36.6629204687308,0.0,0.0,0.0,0.0,0.0,0.0
CHEMBL3754241,4.689063759763165,7.968764338637347,0.0,10.353584312359512,1.870189946604088,0.0,3.33247160962999,1.1688262779221477,0.0,0.075155835284578,0.0,0.0,0.0,0.0,0.0,0.0,0.0,0.0,25.51730915925916,0.0,0.0,0.0,0.0,0.0,0.0
CHEMBL3754253,4.926251522213824,5.915516667308695,6.026133172149587,21.75590144204844,2.710950478293552,0.0,2.995689661021604,2.5578771236966,0.0,0.2090713392731336,0.0,0.0,0.0,0.0,0.0,2.3208358210836115,0.0,0.0,12.12122864632246,0.0,0.0,0.0,0.0,0.0,0.0
CHEMBL3754259,4.60881902452339,7.211798735308838,5.923593290711347,10.765278987436725,2.216477019820273,0.0,1.9956296433161067,1.3954172965482492,0.0,-0.1183205388636932,0.0,0.0,0.0,0.0,0.0,0.0,0.0,0.0,25.001306541198765,0.0,0.0,0.0,0.0,0.0,0.0
CHEMBL3754259,4.60881902452339,7.211798735308838,5.923593290711347,10.765278987436725,2.216477019820273,0.0,1.9956296433161067,1.3954172965482492,0.0,-0.1183205388636932,0.0,0.0,0.0,0.0,0.0,0.0,0.0,0.0,25.001306541198765,0.0,0.0,0.0,0.0,0.0,0.0
CHEMBL3754260,4.601751516964811,5.484749359620391,4.2344840482489285,10.642214847358698,1.3890669879062734,0.0,3.3346147355547173,1.261177248677249,0.0,-0.0824151628243889,0.0,0.0,0.0,0.0,0.0,0.0,0.0,0.0,24.96768975182665,0.0,0.0,0.0,0.0,0.0,0.0
CHEMBL3754260,4.601751516964811,5.484749359620391,4.2344840482489285,10.642214847358698,1.3890669879062734,0.0,3.3346147355547173,1.261177248677249,0.0,-0.0824151628243889,0.0,0.0,0.0,0.0,0.0,0.0,0.0,0.0,24.96768975182665,0.0,0.0,0.0,0.0,0.0,0.0
CHEMBL3754275,2.232950339086252,8.717370861153103,1.9866174571680524,0.0,1.9469692985218767,0.0,2.1893288218065017,0.0,0.0,0.060661533131771,0.0,0.0,0.0,0.0,0.0,0.0,0.0,0.0,24.754289834761064,5.945145187704712,0.0,0.0,0.0,0.0,0.0
CHEMBL3754285,7.0165747658072,13.652688396193088,2.0672729276895945,0.0,2.558099096119929,0.0,2.399407363962064,0.0,0.0,0.1619130710709446,0.0,0.0,0.0,0.0,0.0,0.0,0.0,0.0,24.977377712490515,0.0,0.0,0.0,0.0,0.0,0.0
CHEMBL3754285,7.0165747658072,13.652688396193088,2.0672729276895945,0.0,2.558099096119929,0.0,2.399407363962064,0.0,0.0,0.1619130710709446,0.0,0.0,0.0,0.0,0.0,0.0,0.0,0.0,24.977377712490515,0.0,0.0,0.0,0.0,0.0,0.0
CHEMBL3754296,8.838817279226506,6.079514138217014,1.96502023494583,0.0,2.073513321995464,0.0,2.1234118585705897,0.0,0.0,-0.2440128180901992,0.0,0.0,0.0,0.0,0.0,0.0,0.0,0.0,25.080446467939023,0.0,0.0,0.0,0.0,0.0,3.9166228505291008
CHEMBL3754296,8.838817279226506,6.079514138217014,1.96502023494583,0.0,2.073513321995464,0.0,2.1234118585705897,0.0,0.0,-0.2440128180901992,0.0,0.0,0.0,0.0,0.0,0.0,0.0,0.0,25.080446467939023,0.0,0.0,0.0,0.0,0.0,3.9166228505291008
CHEMBL3754305,2.148950354833292,5.5924524176954735,0.0,3.1482307413706225,1.3409556878306872,0.0,0.438549645166709,1.444584238788109,0.0,-0.1308195546737214,0.0,0.0,0.0,0.0,0.0,0.0,0.0,9.577625953541808,12.25606843316349,0.0,0.0,13.766735415616864,0.0,0.0,0.0
CHEMBL3754305,2.148950354833292,5.5924524176954735,0.0,3.1482307413706225,1.3409556878306872,0.0,0.438549645166709,1.444584238788109,0.0,-0.1308195546737214,0.0,0.0,0.0,0.0,0.0,0.0,0.0,9.577625953541808,12.25606843316349,0.0,0.0,13.766735415616864,0.0,0.0,0.0
CHEMBL3754311,2.22851361069119,8.847314552364157,1.947960049760645,0.0,1.8883920697908787,0.0,2.200473369131604,0.0,0.0,0.094806035840262,0.0,0.0,0.0,0.0,0.0,0.0,0.0,0.0,24.27549056402396,0.0,0.0,0.0,0.0,0.0,0.0
CHEMBL3754325,6.653523580127635,10.9154146625442,2.242650699168556,0.0,1.4694077479859402,0.0,2.194887316179273,0.0,0.0,-0.3413301382082596,0.0,0.0,0.0,0.0,0.0,0.0,0.0,10.8167980100991,25.38198145543689,0.0,0.0,0.0,0.0,0.0,0.0
CHEMBL3754366,7.03905191992459,16.488742134645467,2.0784457671957672,0.0,2.5544510091813475,0.0,2.4127644746949586,0.0,0.0,0.1573458139410417,0.0,0.0,0.0,0.0,0.0,0.0,0.0,0.0,25.102532213750163,0.0,0.0,0.0,0.0,0.0,0.0
CHEMBL3754366,7.03905191992459,16.488742134645467,2.0784457671957672,0.0,2.5544510091813475,0.0,2.4127644746949586,0.0,0.0,0.1573458139410417,0.0,0.0,0.0,0.0,0.0,0.0,0.0,0.0,25.102532213750163,0.0,0.0,0.0,0.0,0.0,0.0
CHEMBL3754378,6.634662631295953,5.8174512669720935,6.008210898045993,19.30360646492459,2.534647070668896,0.0,2.951747779539849,3.361244298225096,0.0,0.1616938459428432,0.0,0.0,0.0,0.0,0.0,2.299482835444912,0.0,0.0,12.153683040866229,5.468356508050936,0.0,0.0,0.0,0.0,0.0
CHEMBL3754425,4.558492772108844,8.076133012618628,2.2611073318216173,0.0,1.829609788359788,0.0,2.047740929705216,0.0,0.0,0.0483763227513229,0.0,0.0,0.0,0.0,0.0,0.0,0.0,0.0,24.678539842634585,0.0,0.0,0.0,0.0,0.0,0.0
CHEMBL3754425,4.558492772108844,8.076133012618628,2.2611073318216173,0.0,1.829609788359788,0.0,2.047740929705216,0.0,0.0,0.0483763227513229,0.0,0.0,0.0,0.0,0.0,0.0,0.0,0.0,24.678539842634585,0.0,0.0,0.0,0.0,0.0,0.0
CHEMBL3754433,4.696550374779541,6.619460149405134,2.003952585663895,15.276342753967214,2.0234790984294944,0.0,2.196635170526992,1.3423972505668935,2.6027212983959025,-0.0117495354623329,0.0,0.0,0.0,0.0,0.0,0.0,0.0,0.0,25.39605174563959,0.0,0.0,0.0,0.0,0.0,0.0
CHEMBL3754455,2.237858140169648,6.13905394757893,0.0,16.725751172612192,2.1067888112034927,0.0,0.5019096621405426,4.5117367278701614,0.0,-0.0903907234189973,0.0,0.0,0.0,0.0,0.0,0.0,0.0,10.149456389419864,12.634502539090832,0.0,0.0,0.0,0.0,0.0,0.0
CHEMBL3754455,2.237858140169648,6.13905394757893,0.0,16.725751172612192,2.1067888112034927,0.0,0.5019096621405426,4.5117367278701614,0.0,-0.0903907234189973,0.0,0.0,0.0,0.0,0.0,0.0,0.0,10.149456389419864,12.634502539090832,0.0,0.0,0.0,0.0,0.0,0.0
CHEMBL3754457,4.619422293608801,5.738282522885697,0.0,5.99085616654069,2.455726515915007,0.0,0.0,3.2309024497144545,0.0,0.1481242520156207,0.0,0.0,0.0,0.0,0.0,0.0,0.0,20.2333524659864,0.0,0.0,0.0,0.0,0.0,0.0,0.0
CHEMBL3754457,4.619422293608801,5.738282522885697,0.0,5.99085616654069,2.455726515915007,0.0,0.0,3.2309024497144545,0.0,0.1481242520156207,0.0,0.0,0.0,0.0,0.0,0.0,0.0,20.2333524659864,0.0,0.0,0.0,0.0,0.0,0.0,0.0
CHEMBL3754469,2.1989288601242967,7.4293512744604016,1.897034123834719,0.0,1.261630579701015,0.0,1.9756494210338469,0.0,0.0,-0.2351889251070797,0.0,0.0,0.0,0.0,0.0,0.0,0.0,10.938663627488031,24.70059770513144,0.0,0.0,0.0,0.0,0.0,0.0
CHEMBL3754471,6.963916105022255,7.0964577559418816,1.984117457168052,0.0,2.4799371693121683,0.0,2.2789912577685407,0.0,0.0,0.1727792343789369,0.0,0.0,0.0,0.0,0.0,0.0,0.0,0.0,24.357134353741497,0.0,0.0,0.0,0.0,0.0,0.0
CHEMBL3754471,6.963916105022255,7.0964577559418816,1.984117457168052,0.0,2.4799371693121683,0.0,2.2789912577685407,0.0,0.0,0.1727792343789369,0.0,0.0,0.0,0.0,0.0,0.0,0.0,0.0,24.357134353741497,0.0,0.0,0.0,0.0,0.0,0.0
CHEMBL3754473,4.556566331779626,5.696032585873855,6.410826640841522,0.0,1.673500094482237,0.0,2.013756941819939,0.0,0.0,0.0772468269715294,0.0,0.0,0.0,0.0,0.0,0.0,0.0,0.0,24.07207057823129,0.0,0.0,0.0,0.0,0.0,0.0
CHEMBL3754473,4.556566331779626,5.696032585873855,6.410826640841522,0.0,1.673500094482237,0.0,2.013756941819939,0.0,0.0,0.0772468269715294,0.0,0.0,0.0,0.0,0.0,0.0,0.0,0.0,24.07207057823129,0.0,0.0,0.0,0.0,0.0,0.0
CHEMBL3754482,4.4974575354833295,5.242819559922735,0.0,5.933320420760897,2.321826814058956,0.0,0.5093575207860928,3.164692079764005,0.0,-0.0463201924288232,0.0,0.0,0.0,0.0,0.0,0.0,0.0,9.783366694282549,12.34347956737026,0.0,0.0,0.0,0.0,0.0,0.0
CHEMBL3754482,4.4974575354833295,5.242819559922735,0.0,5.933320420760897,2.321826814058956,0.0,0.5093575207860928,3.164692079764005,0.0,-0.0463201924288232,0.0,0.0,0.0,0.0,0.0,0.0,0.0,9.783366694282549,12.34347956737026,0.0,0.0,0.0,0.0,0.0,0.0
CHEMBL3754485,4.811417666603679,10.168310815066768,2.556166068279164,0.0,2.382178261736793,0.0,2.26333796558747,0.0,0.0,0.428096773431595,0.0,0.0,0.0,0.0,0.0,0.0,0.0,0.0,12.640112670068028,0.0,0.0,0.0,0.0,0.0,3.667046445893172
CHEMBL3754485,4.811417666603679,10.168310815066768,2.556166068279164,0.0,2.382178261736793,0.0,2.26333796558747,0.0,0.0,0.428096773431595,0.0,0.0,0.0,0.0,0.0,0.0,0.0,0.0,12.640112670068028,0.0,0.0,0.0,0.0,0.0,3.667046445893172
CHEMBL3754489,4.638018996178719,6.073453415076514,0.0,20.398540111330465,1.7175689043600293,0.0,2.431353832272133,2.0039922102909125,0.0,-0.2306519878446735,0.0,0.0,0.0,0.0,0.0,0.0,0.0,0.0,26.31284431393933,6.370763665805829,0.0,0.0,0.0,0.0,0.0
CHEMBL3754504,2.166226195725204,6.711771830645838,0.0,0.0,1.8696466364323496,0.0,0.5783736326320662,0.0,0.0,-0.1057389298311917,0.0,0.0,0.0,0.0,0.0,0.0,0.0,0.0,23.87665679852188,0.0,0.0,14.153063835873857,0.0,0.0,0.0
CHEMBL3754505,4.6246162184009405,6.489997403473684,4.289761826026707,10.674237718784076,1.4907506613756607,0.0,3.474408186885867,1.3291102135298567,0.0,-0.050852662824389,0.0,0.0,0.0,0.0,0.0,0.0,0.0,0.0,25.01130376768093,0.0,0.0,0.0,0.0,0.0,0.0
CHEMBL3754505,4.6246162184009405,6.489997403473684,4.289761826026707,10.674237718784076,1.4907506613756607,0.0,3.474408186885867,1.3291102135298567,0.0,-0.050852662824389,0.0,0.0,0.0,0.0,0.0,0.0,0.0,0.0,25.01130376768093,0.0,0.0,0.0,0.0,0.0,0.0
CHEMBL3754516,4.36144166771647,5.875907863898034,2.389618638803343,0.0,0.9296377787225998,0.0,1.5039877202156244,0.0,0.0,-0.3129294149363137,0.0,0.0,0.0,0.0,0.0,0.0,0.0,0.0,35.978885530821856,5.106783548091719,0.0,0.0,0.0,0.0,0.0
CHEMBL3754516,4.36144166771647,5.875907863898034,2.389618638803343,0.0,0.9296377787225998,0.0,1.5039877202156244,0.0,0.0,-0.3129294149363137,0.0,0.0,0.0,0.0,0.0,0.0,0.0,0.0,35.978885530821856,5.106783548091719,0.0,0.0,0.0,0.0,0.0
CHEMBL3754519,2.350549230494667,9.953982006382802,2.02481961766188,0.0,2.724384631939194,0.0,1.8322313423826329,0.0,0.0,0.4273205231166539,0.0,3.6183717561098514,0.0,0.0,0.0,0.0,0.0,10.558392991838607,12.009947900073712,0.0,0.0,0.0,0.0,0.0,0.0
CHEMBL3754530,2.3120004776602,8.283694150499706,1.906764062106324,0.0,1.8608365089863097,0.0,1.6069844288023862,0.0,0.0,0.0999080766565887,0.0,0.0,0.0,0.0,0.0,0.0,0.0,10.430113670850954,11.75339713161818,0.0,0.0,0.0,0.0,0.0,0.0
CHEMBL3754538,4.529177994155967,7.060481384944457,0.0,6.612094665128576,1.5278709017889966,0.0,2.666405010616581,0.946186438456582,0.0,-0.180439774104737,4.9576359799020295,0.0,0.0,0.0,0.0,0.0,0.0,0.0,48.13651068664727,4.747691673470773,0.0,0.0,-4.086948294339825,0.0,0.0
CHEMBL3754538,4.529177994155967,7.060481384944457,0.0,6.612094665128576,1.5278709017889966,0.0,2.666405010616581,0.946186438456582,0.0,-0.180439774104737,4.9576359799020295,0.0,0.0,0.0,0.0,0.0,0.0,0.0,48.13651068664727,4.747691673470773,0.0,0.0,-4.086948294339825,0.0,0.0
CHEMBL3754543,3.3560605542211785,3.926681731334509,1.447909974174855,0.0,-0.6523596938775531,2.625123299319728,0.1028482195347282,0.0,0.0,-1.1917550469261775,0.0,0.0,0.0,0.0,0.0,0.0,0.0,0.0,49.70340344279738,5.543068468127992,0.0,0.0,0.0,0.0,0.0
CHEMBL3754546,6.690652609809356,4.860341841983707,8.21003338372386,0.0,1.4928056500377926,0.0,3.163839849983205,0.0,0.0,-0.1449068956286217,0.0,0.0,0.0,0.0,0.0,0.0,0.0,0.0,24.393900226757367,0.0,0.0,0.0,0.0,0.0,0.0
CHEMBL3754546,6.690652609809356,4.860341841983707,8.21003338372386,0.0,1.4928056500377926,0.0,3.163839849983205,0.0,0.0,-0.1449068956286217,0.0,0.0,0.0,0.0,0.0,0.0,0.0,0.0,24.393900226757367,0.0,0.0,0.0,0.0,0.0,0.0
CHEMBL3754547,2.180593400940624,7.135906924498196,0.0,0.0,1.1727549183253536,0.0,0.6971042112832795,0.0,0.0,-0.7294870401864446,0.0,0.0,0.0,0.0,0.0,0.0,0.0,10.392445279037542,24.561324155433777,6.006024817334341,0.0,0.0,0.0,0.0,0.0
CHEMBL3754567,4.529749783924839,5.878532223902789,1.9077441654398728,11.209262480043122,1.4333449377581975,0.0,1.8908376197269428,1.1610242817114864,0.0,-0.2448936856965975,0.0,3.0256112716615062,0.0,0.0,0.0,0.0,0.0,0.0,48.09221714896141,0.0,0.0,0.0,0.0,0.0,0.0
CHEMBL3754603,4.502691035922561,6.016441402698288,1.881690497186529,7.012171700470312,1.4141586016229777,0.0,1.82143187258402,1.2240957097689602,0.0,-0.2587365549346967,4.990608717930216,0.0,0.0,0.0,0.0,0.0,0.0,0.0,47.75648353460312,4.799006463205372,0.0,0.0,-4.076709647724325,0.0,0.0
CHEMBL3754681,4.524366627823969,6.745183584236163,5.906643203577728,0.0,1.89863373435794,0.0,1.5194072683085589,0.0,0.0,0.1824225639329808,0.0,0.0,0.0,0.0,0.0,0.0,0.0,10.487212436283052,11.807212639302737,0.0,0.0,0.0,0.0,0.0,0.0
CHEMBL3754696,4.141277058662972,4.686821276350046,0.0,0.0,0.8127064436885858,0.0,0.117024268812464,0.0,0.0,-0.6562340167548495,0.0,0.0,0.0,0.0,0.0,0.0,0.0,10.234093219849669,36.997645082724446,0.0,0.0,0.0,0.0,0.0,0.0
CHEMBL3754696,4.141277058662972,4.686821276350046,0.0,0.0,0.8127064436885858,0.0,0.117024268812464,0.0,0.0,-0.6562340167548495,0.0,0.0,0.0,0.0,0.0,0.0,0.0,10.234093219849669,36.997645082724446,0.0,0.0,0.0,0.0,0.0,0.0
CHEMBL3754701,6.913302801320253,10.535751563143112,4.526080798059965,0.0,1.665608255647938,0.0,3.624151896225536,0.0,0.0,0.0516878070672714,0.0,0.0,0.0,0.0,0.0,0.0,0.0,0.0,24.8500835452026,0.0,0.0,0.0,0.0,0.0,0.0
CHEMBL3754701,6.913302801320253,10.535751563143112,4.526080798059965,0.0,1.665608255647938,0.0,3.624151896225536,0.0,0.0,0.0516878070672714,0.0,0.0,0.0,0.0,0.0,0.0,0.0,0.0,24.8500835452026,0.0,0.0,0.0,0.0,0.0,0.0
CHEMBL3754711,7.307084829302092,9.902621501532712,2.5813396793902745,0.0,3.0933134920634915,0.0,2.3580239302511137,0.0,0.0,0.4867877220332581,0.0,0.0,0.0,0.0,0.0,0.0,0.0,0.0,12.437495512093726,0.0,0.0,0.0,0.0,0.0,0.0
CHEMBL3754711,7.307084829302092,9.902621501532712,2.5813396793902745,0.0,3.0933134920634915,0.0,2.3580239302511137,0.0,0.0,0.4867877220332581,0.0,0.0,0.0,0.0,0.0,0.0,0.0,0.0,12.437495512093726,0.0,0.0,0.0,0.0,0.0,0.0
CHEMBL3754719,4.566678214495675,9.487867430922986,1.9968489386495336,0.0,2.047620464852608,0.0,2.329910097526666,0.0,0.0,0.2555518156336609,0.0,0.0,0.0,0.0,0.0,0.0,0.0,0.0,24.315523037918872,0.0,0.0,0.0,0.0,0.0,0.0
CHEMBL3754719,4.566678214495675,9.487867430922986,1.9968489386495336,0.0,2.047620464852608,0.0,2.329910097526666,0.0,0.0,0.2555518156336609,0.0,0.0,0.0,0.0,0.0,0.0,0.0,0.0,24.315523037918872,0.0,0.0,0.0,0.0,0.0,0.0
CHEMBL3754720,4.544218509420229,6.969417079589037,1.852173012723608,0.0,1.448881933946418,0.0,1.9345778437403776,0.0,0.0,0.0136979560342656,0.0,0.0,0.0,0.0,0.0,0.0,0.0,0.0,24.36007301377341,0.0,0.0,0.0,0.0,6.321405095217099,0.0
CHEMBL3754720,4.544218509420229,6.969417079589037,1.852173012723608,0.0,1.448881933946418,0.0,1.9345778437403776,0.0,0.0,0.0136979560342656,0.0,0.0,0.0,0.0,0.0,0.0,0.0,0.0,24.36007301377341,0.0,0.0,0.0,0.0,6.321405095217099,0.0
CHEMBL3754724,4.634828956567322,8.386734115473894,0.0,0.0,1.881978886719296,0.0,3.198634837843668,0.0,0.0,0.0923963844797177,0.0,0.0,0.0,0.0,0.0,0.0,0.0,0.0,24.9115512217794,0.0,0.0,0.0,0.0,5.960567997090513,0.0
CHEMBL3754729,6.1391499879272695,8.480345896846393,2.362034123834719,0.0,1.605411942554799,0.0,1.6912889214327715,0.0,0.0,0.0440829317838249,0.0,0.0,0.0,0.0,0.0,0.0,0.0,0.0,24.220051794637605,5.790967734315949,0.0,0.0,0.0,0.0,0.0
CHEMBL3754729,6.1391499879272695,8.480345896846393,2.362034123834719,0.0,1.605411942554799,0.0,1.6912889214327715,0.0,0.0,0.0440829317838249,0.0,0.0,0.0,0.0,0.0,0.0,0.0,0.0,24.220051794637605,5.790967734315949,0.0,0.0,0.0,0.0,0.0
CHEMBL3754779,6.1391499879272695,8.480345896846393,2.362034123834719,0.0,1.605411942554799,0.0,1.6912889214327715,0.0,0.0,0.0440829317838249,0.0,0.0,0.0,0.0,0.0,0.0,0.0,0.0,24.220051794637605,5.790967734315949,0.0,0.0,0.0,0.0,0.0
CHEMBL3754779,6.1391499879272695,8.480345896846393,2.362034123834719,0.0,1.605411942554799,0.0,1.6912889214327715,0.0,0.0,0.0440829317838249,0.0,0.0,0.0,0.0,0.0,0.0,0.0,0.0,24.220051794637605,5.790967734315949,0.0,0.0,0.0,0.0,0.0
CHEMBL3754787,4.32777630614176,3.380826912762685,7.707052213951339,6.709711855421181,0.8513940513584266,0.0,2.2967065796890846,1.0101103702627876,0.0,-0.5762554513821645,4.971623091463529,0.0,0.0,0.0,0.0,0.0,0.0,0.0,47.56980755440847,4.768370282807287,0.0,0.0,-4.100457100217719,0.0,0.0
CHEMBL375497,1.560261584882693,1.0821608875031492,0.0,11.895913792463215,0.0,0.0,0.0,1.1298461659559245,1.1810295939363404,0.0,0.0,0.0,0.0,0.0,3.9594842620199904,0.0,1.8994452055513564,0.0,11.593013668430334,10.816504068071978,5.166244567271353,0.0,0.0,0.0,0.0
CHEMBL376039,0.0,6.7239700284704575,2.0202398274124462,11.667983318722856,0.0,0.0,1.1397177343159486,6.2643230831384695,0.0,0.0,0.0,0.0,0.0,0.0,4.027451523812836,0.0,0.0,0.0,12.822981150793652,0.0,0.0,0.0,0.0,0.0,0.0
CHEMBL376303,2.2953942903229034,-0.0518216175359032,0.0,9.151519440305966,0.0,0.0,0.0,0.3856504299505758,0.0,0.0,0.0,0.0,0.0,0.0,0.0,0.946324150770399,0.0,0.0,45.117474716314746,5.550265022675736,0.0,0.0,-3.6010569200387024,0.0,0.0
CHEMBL376371,0.0,0.0,0.0,31.12099678760392,0.0,0.0,0.0,6.179264928193501,0.0,-0.4812037037037036,0.0,0.0,0.0,0.0,8.78510865457294,0.0,1.9791666666666667,0.0,0.0,0.0,0.0,0.0,0.0,0.0,0.0
CHEMBL376473,4.872969471739313,0.3083067995716806,0.0,2.837114040060469,-2.937782239438987,0.0,-0.4144879062736202,0.3025333049886634,0.0,-1.236139455782313,0.0,0.0,0.0,0.0,0.0,0.0,0.0,30.9262393707483,12.78735827664399,10.97055500440917,0.0,0.0,0.0,0.0,0.0
CHEMBL376649,2.332756888874313,0.0060015117157974,0.0,9.186614328582674,0.0,0.0,0.0,0.2258160167954555,0.0,0.0,0.0,0.0,0.0,0.0,0.0,0.9689687788695724,0.0,0.0,34.3379050239433,5.5371910430839,0.0,12.903692051328235,-3.5661529561574654,0.0,0.0
CHEMBL376786,0.0,0.0,0.0,21.99671333006853,-0.2903184051398344,0.0,0.0,2.5499820407833576,1.1700594713193924,0.0,0.0,0.0,0.0,0.0,4.124685846560847,0.0,1.9070086923658351,0.0,13.002353867472916,0.0,5.704853316326531,0.0,0.0,0.0,3.4471907754276083
CHEMBL377576,0.0,1.0064814814814815,2.219259259259259,14.128952191987906,0.0,0.0,1.295092592592593,2.7290740740740747,0.0,0.0,0.0,0.0,0.0,0.0,4.051695956160241,0.0,2.0694444444444446,0.0,0.0,0.0,0.0,0.0,0.0,0.0,0.0
CHEMBL377626,1.563702426529391,0.3329735134794658,0.0,17.20884232797292,0.0,2.091442745499384,0.0,2.873847682833976,0.9411121871588142,0.0,0.0,0.0,0.0,9.020347697945969,4.0358334908037286,0.0,1.8142438271604937,0.0,13.184669784580498,5.243032711936932,6.127949026832956,0.0,0.0,0.0,0.0
CHEMBL377766,0.0,0.4152429374527591,0.0,20.303385671200424,0.0,0.0,0.0,3.0654041740152858,1.1835896820147818,0.0,0.0,0.0,0.0,0.0,4.048455162061764,0.0,1.8644675925925929,0.0,13.012770534139582,0.0,6.099409486016629,0.0,0.0,0.0,3.4346185105061817
CHEMBL377770,0.0,0.7363888888888889,0.0,11.818877078609225,0.0,0.0,0.0,0.8692417800453522,0.0,0.0,0.0,0.0,0.0,0.0,3.924782375913329,0.0,1.9377362055933485,0.0,0.0,0.0,0.0,12.546307004283197,0.0,0.0,0.0
CHEMBL379019,3.288823805527588,0.0,0.0,18.8356570766762,-0.2159249811035533,0.0,0.0,3.362802784553778,1.78000367430923,0.0,0.0,0.0,0.0,0.0,8.380047001442655,0.0,1.7745585317460315,0.0,0.0,10.519765289009827,6.10760015117158,0.0,0.0,0.0,0.0
CHEMBL3793091,0.0,0.4704065098261525,0.0,12.350054001500611,0.0,0.0,0.0,1.1033366623355805,0.6633652473335019,0.0,0.0,0.0,0.0,0.0,3.925836119431448,0.0,0.0,0.0,12.246034580498865,0.0,5.32102773053666,13.046733366224256,0.0,0.0,0.0
CHEMBL3793530,1.5746185051920982,0.4521850592088687,0.0,9.99999242038158,0.0,0.0,0.0,2.056138668430336,1.0731143707482995,0.0,0.0,0.0,2.8613894172606296,0.0,4.103964786149129,0.0,0.0,0.0,12.315514455782314,5.101457222364509,5.496900037792895,0.0,0.0,0.0,0.0
CHEMBL3793576,0.0,0.3880453987150416,0.0,8.511552337736951,0.0,0.0,0.0,0.8293250818846059,0.6344569633408925,0.0,0.0,0.0,2.820727112393779,0.0,4.050700323339212,0.0,0.0,0.0,12.145552721088436,0.0,5.2752333711262285,12.997878912597075,0.0,0.0,0.0
CHEMBL3794417,0.0,0.4764021164021164,0.0,12.398620405334873,0.0,0.0,0.0,1.0693649743848157,0.6633652473335019,0.0,0.0,0.0,0.0,0.0,3.9241626912983336,0.0,0.0,0.0,11.906250629881583,0.0,5.566963340891912,13.156624184797884,0.0,0.0,0.0
CHEMBL3794430,0.0,0.5651662887377172,0.0,16.06726542507116,0.0,0.0,0.0,1.7152602985638703,1.254661543629798,0.0,0.0,0.0,0.0,0.0,3.957803520717031,0.0,0.0,0.0,12.257183484504914,0.0,5.480194397203325,0.0,0.0,0.0,0.0
CHEMBL3798461,4.970138600193163,12.150876440854118,0.0,0.0,5.815460351578903,0.0,0.6010441074577983,0.0,0.0,0.703072562358277,0.0,0.0,0.0,0.0,0.0,0.0,0.0,0.0,12.426074604224407,0.0,0.0,0.0,0.0,0.0,0.0
CHEMBL3799189,1.7591203140517369,4.79355329119277,4.039759428182047,2.6679184244379464,-0.515328848155397,0.0,-0.5226118226343692,0.5327163224025055,0.0,0.0,0.0,0.0,0.0,0.0,0.0,0.0,0.0,28.41664019825265,11.967202386246573,5.361030306023542,0.0,0.0,0.0,0.0,0.0
CHEMBL3799363,4.528834850298144,6.5998288821701525,4.306891455656336,0.0,1.1171806500377923,0.0,3.69924305293105,0.0,0.0,2.46047493071e-05,0.0,0.0,0.0,0.0,0.0,0.0,0.0,0.0,24.08132983749056,0.0,0.0,0.0,0.0,0.0,0.0
CHEMBL3800417,4.829013920382968,11.05855876532712,0.0,0.0,2.8769182781137137,0.0,0.5699837280591251,0.0,0.0,0.6895620748299323,0.0,0.0,0.0,0.0,0.0,0.0,0.0,0.0,12.413919897434283,6.312043335852859,0.0,0.0,0.0,0.0,0.0
CHEMBL3804849,0.0,3.0976490194843374,0.0,8.562144070514154,0.1609112811791382,0.0,-1.3692791944473932,-0.998047000314766,0.0,0.0,0.0,0.0,0.0,0.0,3.9893083544117056,1.385026455026455,1.920509409355008,18.644101966712547,36.83697434367216,0.0,0.0,0.0,-3.812632038926681,0.0,0.0
CHEMBL3804993,1.3017161911060722,3.1968872015697416,0.0,8.825974552206914,0.1775631981187535,0.0,0.0,-0.2757015195502748,0.0,0.0,0.0,0.0,0.0,0.0,4.007712251454464,1.4323233182161754,1.9377442365835225,0.0,37.01483582207712,5.102743494780832,0.0,0.0,-3.79822302532124,0.0,0.0
CHEMBL3805008,0.0,2.218254950058025,0.0,6.739479868757796,-0.0158704832241545,0.0,0.0,-3.358949778092545,0.0,-5.0418754672055535,0.0,0.0,0.0,0.0,3.927716907346357,1.1383097127739985,1.813909317527644,0.0,36.59395713726987,0.0,0.0,39.513907397678416,-4.213246173469388,0.0,0.0
CHEMBL3805021,1.2438257960609913,3.361895786092215,0.0,11.50616391021897,0.2111239974384813,0.0,-0.6470833975361392,0.0757998971193418,0.0,0.0,0.0,0.0,0.0,0.0,4.023170833877332,1.4720918367346938,1.9614890925506008,0.0,38.07502376957058,4.718505516799619,0.0,0.0,-3.7520070389266817,0.0,0.0
CHEMBL3805048,0.0,3.5841986594020323,0.0,10.351770712972964,0.2621975518602499,0.0,0.0,-0.2844821212971451,0.0,0.0,0.0,0.0,0.0,0.0,4.006880073032376,1.5052910052910051,1.970912089353648,0.0,25.26169123204837,0.0,0.0,12.973709873300216,-3.5488357426303856,0.0,0.0
CHEMBL3805149,3.02148903690064,3.686443770792165,0.0,10.11803652563738,0.2758045424960107,0.0,0.0,1.1546844811667152,0.0,0.0,0.0,0.0,0.0,0.0,4.043809091261344,1.5687944066515491,1.9972173983357244,0.0,26.0268074452003,10.415450480318563,0.0,0.0,-3.558537178760394,0.0,0.0
CHEMBL3805173,1.3451632408396477,3.353144529799472,0.0,9.051156360348124,0.2137224951709078,0.0,0.0,-0.6803618151295809,0.0,0.0,0.0,0.0,0.0,0.0,4.00664193149803,1.4437944066515491,1.9522173983357245,0.0,25.57272581254724,4.841806074630057,0.0,13.85843415147663,-3.708444586167801,0.0,0.0
CHEMBL3805211,0.0,4.668798661019218,0.0,10.272796619023849,0.2869773820021832,0.0,0.0,1.3621844811667143,0.0,0.0,0.0,0.0,0.0,0.0,4.049318691551164,1.5868109882842023,2.0048218519629053,0.0,26.062840608465606,10.989894924763009,0.0,0.0,-3.534444208238851,0.0,0.0
CHEMBL3805310,1.5757978237591332,3.5793702233980014,0.0,9.322036028465554,0.2585836062820188,0.0,0.0,0.1234344811667156,0.0,0.0,0.0,0.0,0.0,0.0,4.016579338413459,1.5186243386243383,1.9750273156910965,0.0,25.56613567649282,0.0,0.0,13.38574691033725,-3.5713357426303864,0.0,0.0
CHEMBL3805388,7.2836928382464095,3.831036709819628,0.0,7.209482333784126,0.299512366675065,0.0,0.0,3.6648539075996704,0.0,0.0,0.0,0.0,0.0,0.0,4.069605659689032,1.6446277399848828,2.0215409580065065,0.0,26.652170256991685,5.428426445000427,0.0,0.0,-3.521615882464096,0.0,0.0
CHEMBL3805481,0.0,3.4080901115590274,0.0,8.821524345984175,0.2255974951709076,0.0,0.0,-0.7708556422900741,0.0,0.0,0.0,0.0,0.0,0.0,4.0019188445862985,1.4599823633156963,1.9539162045799847,0.0,25.44885172587553,0.0,0.0,13.253802465892807,-3.65578018707483,5.714063383511585,0.0
CHEMBL3805539,0.0,7.414116632819631,0.0,9.34904059207336,0.2458622756204338,0.0,0.0,-0.4773322421892945,0.0,0.0,0.0,0.0,0.0,0.0,4.035095375375581,1.4765567523305618,1.9678662285449944,0.0,26.08516408415218,5.702917185741168,0.0,14.511518051703389,-3.727471602838666,0.0,0.0
CHEMBL3805657,1.0990521297285367,3.445634790494098,0.0,10.732190694903938,0.2296461115310317,0.0,0.0,0.241906767591743,0.0,0.0,0.0,0.0,0.0,0.0,4.013079002308228,1.4935988284202568,1.960007589812785,0.0,48.75224628512174,0.0,0.0,0.0,-6.967362199912357,0.0,0.0
CHEMBL3805678,3.000127731265448,3.6393066613187455,0.0,10.188545749324811,0.2657113462669018,0.0,0.0,1.0440669989682445,0.0,0.0,0.0,0.0,0.0,0.0,4.044754879156432,1.557961073318216,1.9947919868130908,0.0,26.20105914588057,10.427373643484962,0.0,0.0,-3.6136992157974297,0.0,0.0
CHEMBL3805733,0.0,8.48697322453039,0.0,12.410726608077557,0.5890595545319985,0.0,0.0,1.112991896087586,0.0,0.0,0.0,0.0,0.0,0.0,4.067062776661165,1.6298900856638951,2.0237510022075456,0.0,26.11405297304107,5.94713014870413,0.0,0.0,-3.464971602838667,0.0,0.0
CHEMBL3805814,1.5551632408396476,3.779091123714816,0.0,10.295849886518925,0.2957537451709078,0.0,0.0,1.543596518203752,0.0,0.0,0.0,0.0,0.0,0.0,4.043100264831364,1.5896277399848828,2.0047173983357243,0.0,25.864392479213905,5.169931074630057,0.0,0.0,-3.498444586167801,0.0,3.35722111472382
CHEMBL3805820,5.33747834782061,3.83586514582366,0.0,8.85495775903228,0.3031263122532963,0.0,0.0,2.7303632310617347,0.0,0.0,0.0,0.0,0.0,0.0,4.059906394307948,1.6312944066515491,2.0174257316690576,0.0,26.34772581254724,5.2976394079633895,0.0,0.0,-3.4991158824640967,0.0,0.0
CHEMBL3805839,0.0,2.4452163118333754,0.0,6.444153542852188,0.0380384437725702,0.0,0.0,-5.692090472641968,0.0,0.0,0.0,0.0,0.0,0.0,3.936923691030539,1.1327910052910053,1.846161574950356,0.0,25.19446900982615,0.0,0.0,40.288010598679136,-4.21700703892668,0.0,0.0
CHEMBL3805851,0.0,3.795017374233644,0.0,10.395338354215433,0.2985141618375746,0.0,0.0,0.2972044805576559,1.3644707413498,0.0,0.0,0.0,0.0,0.0,12.307965572661868,1.596288737717309,2.007727040209003,0.0,25.92554610733182,0.0,0.0,0.0,-3.497909816704459,0.0,0.0
CHEMBL3806046,0.0,3.7034836175695673,0.0,11.482680761410489,0.2834321197614848,1.999865518546976,0.0,0.7086660268510019,0.0,0.0,0.0,0.0,0.0,8.819830633116098,4.024118329281621,1.555035903250189,1.9885888570304155,0.0,25.517431027966744,0.0,0.0,0.0,-3.499799461451248,0.0,0.0
CHEMBL3806075,5.361758888357914,3.835112201127264,0.0,8.86985448881898,0.3038585495926764,0.0,0.0,2.7807955280750205,0.0,0.0,0.0,0.0,0.0,0.0,4.058007863545781,1.6237944066515495,2.016332624673173,0.0,26.21050359032502,5.347593111667093,0.0,0.0,-3.4909445861678,0.0,0.0
CHEMBL3806151,0.0,3.746231785924246,0.0,10.564999779736656,0.2874879535147387,0.0,0.0,0.2611396657428408,1.1039657227292508,0.0,0.0,0.0,0.0,0.0,12.360485563326698,1.5894992441421012,2.0058100802049217,0.0,26.181581632653064,0.0,0.0,0.0,-3.5577477796674235,0.0,0.0
CHEMBL3806159,0.0,3.09257411606618,0.0,7.899529141413212,0.1648336062820188,0.0,0.0,-2.418232185499951,0.0,0.0,0.0,0.0,0.0,0.0,3.9749126717467926,1.3519576719576718,1.9150273156910964,0.0,25.232802343159484,0.0,0.0,26.34793106181388,-3.811335742630385,0.0,0.0
CHEMBL3806185,1.6278598758144212,3.5801231680943983,0.0,9.180981891271449,0.2578513689426385,0.0,0.0,0.2240669989682446,0.0,0.0,0.0,0.0,0.0,0.0,4.018477869175626,1.5261243386243386,1.976120422686981,0.0,25.70335789871504,0.0,0.0,13.234543206633548,-3.579507038926681,0.0,0.0
CHEMBL3806282,0.0,3.473068053195668,0.0,9.617515728097906,0.236002036617116,1.956254407435865,0.0,0.493341690326269,0.0,0.0,0.0,0.0,0.0,8.8856331022519,4.01826892615949,1.4914247921390775,1.9677340902265743,0.0,25.79020880574452,0.0,0.0,0.0,-3.662415202191988,6.094074681108711,0.0
CHEMBL3806301,0.0,3.236990631408332,0.0,15.405079916554309,0.178641306601714,0.0,0.0,-0.1626951352545187,0.0,0.0,0.0,0.0,0.0,0.0,4.035979956004896,1.4813036799081774,1.95015301989772,0.0,37.89789101426534,5.649153664947766,0.0,0.0,-3.763630086293776,6.086749501524327,0.0
CHEMBL381014,1.5958942253567072,0.0,0.0,15.035333614986994,0.0,0.0,0.0,3.7998995601326966,1.7800710191484008,0.0,0.0,0.0,0.0,0.0,4.122461871197141,0.0,0.0,0.0,0.0,5.222791393761361,0.0,0.0,0.0,12.832437204305588,0.0
CHEMBL381194,0.0,0.0,2.200740740740741,28.58579680020156,0.0,0.0,1.2198148148148151,3.591417233560091,0.0,0.0,0.0,0.0,0.0,0.0,4.068897077349458,0.0,0.0,0.0,0.0,0.0,0.0,0.0,0.0,0.0,0.0
CHEMBL3818279,0.0,0.0,0.0,24.51550905927619,0.0,0.0,0.0,2.56301519064416,2.011654331485681,0.0,0.0,0.0,0.0,0.0,4.709886621315193,0.0,2.066504629629629,0.0,0.0,0.0,0.0,13.133430167649143,0.0,0.0,0.0
CHEMBL3818338,4.849179500503905,10.812575441442007,4.708238063744016,0.0,2.916320861678004,0.0,2.317792448769632,0.0,0.0,0.4170489654195013,0.0,0.0,0.0,0.0,0.0,0.0,0.0,0.0,12.600351395187705,0.0,0.0,0.0,0.0,0.0,0.0
CHEMBL3818343,0.0,0.559042894935752,0.0,15.354403091655756,-0.1554145014487282,2.095671175677315,0.0,3.0142981827776216,0.0,0.0,4.906692143104723,0.0,0.0,8.977080976574157,8.234015199775707,0.0,1.7262295026035106,0.0,22.203119650791216,4.71980006825016,0.0,0.0,-4.099388602188527,0.0,3.2977835508246764
CHEMBL3818442,4.728802175191064,7.756268870202403,0.0,4.052171648739335,2.0904092393130083,0.0,0.3629554306290421,2.117641893948938,0.0,0.24241051744772,0.0,0.0,3.195905493166045,0.0,0.0,0.0,0.0,10.556724773459532,13.063376624569582,0.0,0.0,0.0,0.0,0.0,0.0
CHEMBL3818720,1.589517724240328,0.6182823129251701,0.0,22.88068994316258,0.0,0.0,0.0,4.672842170010881,1.40944232734246,0.0,0.0,0.0,0.0,0.0,0.0,0.0,0.0,0.0,12.88874795288486,5.271658029220259,5.6297621409674985,0.0,0.0,6.02145866530794,0.0
CHEMBL3818720,1.589517724240328,0.6182823129251701,0.0,22.88068994316258,0.0,0.0,0.0,4.672842170010881,1.40944232734246,0.0,0.0,0.0,0.0,0.0,0.0,0.0,0.0,0.0,12.88874795288486,5.271658029220259,5.6297621409674985,0.0,0.0,6.02145866530794,0.0
CHEMBL3818725,4.520292947425884,5.07562783446712,5.791836374203799,5.4875458143761024,1.4819533677668588,0.0,1.845306461574275,0.0,0.0,-0.2121252598261527,0.0,0.0,0.0,0.0,4.157045534739924,0.0,2.0098823344764902,0.0,25.17596792412904,0.0,0.0,0.0,0.0,0.0,0.0
CHEMBL3818728,4.651566331779625,7.835956527672797,4.029489480977576,0.0,2.3759537981859404,0.0,2.225336684828253,0.0,0.0,0.1030404777651803,0.0,0.0,0.0,0.0,0.0,0.0,0.0,0.0,24.61881692491812,0.0,0.0,0.0,0.0,0.0,0.0
CHEMBL381883,2.278145628621819,0.0,0.0,3.612662037037037,0.0,0.0,0.0,0.0890055744520039,0.0,0.0,0.0,2.1914191232048377,0.0,0.0,0.0,0.0,0.0,0.0,32.451084144305874,4.850648148148148,0.0,0.0,-3.442722269463341,0.0,0.0
CHEMBL3819184,4.625115084614093,6.967329807688303,1.9599386425062832,5.519023724793406,1.6719143938439565,0.0,2.13068415431804,0.0,0.0,-0.0074767337490553,0.0,0.0,0.0,0.0,4.166177766144882,0.0,2.023867673982663,0.0,25.276758819190764,0.0,0.0,0.0,0.0,0.0,0.0
CHEMBL3819549,4.668708952716889,6.431542475014697,7.943011621315193,0.0,2.274798227933148,0.0,1.4865397324053085,0.0,0.0,0.1225038186570928,0.0,0.0,0.0,0.0,0.0,0.0,0.0,10.631228954927549,11.944924436984772,0.0,0.0,0.0,0.0,0.0,0.0
CHEMBL382482,4.310142077664399,1.0659630102040816,0.0,3.8399494520030233,0.0,0.0,0.0,0.3215547052154202,0.0,0.0,0.0,0.0,0.0,0.0,0.0,1.0294831821617536,0.0,0.0,33.74913426713278,5.3828703703703695,0.0,0.0,-3.4530355961829176,0.0,0.0
CHEMBL382500,3.311169484539933,0.0,0.0,21.36196825392488,-0.1048138699924423,0.0,0.0,3.523835947819084,1.8355592298647847,0.0,0.0,0.0,0.0,0.0,4.185719636237313,0.0,2.024558531746032,0.0,0.0,10.547735968022174,6.14760015117158,0.0,0.0,0.0,0.0
CHEMBL382679,2.064037732249312,0.0,0.0,24.49638517524821,0.0827525825144865,0.0,0.0,3.155876078954182,2.470663037848885,0.0,0.0,0.0,0.0,0.0,4.210867644382856,0.0,4.250962979620988,0.0,0.0,0.0,0.0,0.0,0.0,6.046232546958857,0.0
CHEMBL3827037,4.224404668080159,0.2514208151638772,0.0,6.910688556656719,-0.3195110544217692,0.0,-0.8592473726303087,3.9249071471257633,0.0,0.0,0.0,0.0,0.0,0.0,0.0,0.0,0.0,0.0,23.63573010457258,32.231607135452975,0.0,0.0,0.0,0.0,0.0
CHEMBL382902,1.63585614733786,0.0,0.0,18.579551187537906,-0.2192948475686571,0.0,0.0,3.221877846396696,1.7715811777385857,0.0,0.0,0.0,0.0,0.0,8.340608129700541,0.0,1.7620868764172335,0.0,0.0,5.259863029386839,6.07953302154195,0.0,0.0,6.012781875955495,0.0
CHEMBL383145,0.0,0.0,2.2424074074074074,24.935924351221967,0.0,0.0,1.293888888888889,6.448465608465609,0.0,0.0,0.0,0.0,0.0,0.0,4.079313744016125,0.0,0.0,0.0,0.0,0.0,0.0,0.0,0.0,0.0,0.0
CHEMBL383806,0.0,1.9095930177626603,2.135652872260015,12.600645465728888,0.0,0.0,1.2712962962962966,3.2374501343747384,0.0,0.0,0.0,0.0,0.0,0.0,4.092238494163097,0.0,0.0,0.0,0.0,0.0,0.0,13.086457052747637,0.0,0.0,0.0
CHEMBL383807,0.0,2.1731732646762407,2.2150179516250943,13.874948966505452,0.0,0.0,1.379320987654321,4.669047356596961,0.0,0.0,0.0,0.0,0.0,0.0,4.131127383051986,0.0,0.0,0.0,0.0,0.0,0.0,0.0,0.0,6.001808534334387,0.0
CHEMBL38439,4.21781704278232,7.931865923902654,0.0,7.282069678958207,0.0,0.0,-0.0263294700596281,0.9893360972207474,0.0,-0.5552891550138574,0.0,0.0,0.0,0.0,4.050919621438581,1.513268140589569,0.0,0.0,25.346342120181404,0.0,0.0,0.0,0.0,0.0,0.0
CHEMBL38472,2.21012649418837,9.01855838423141,0.0,7.266860771703845,0.0,0.0,-0.2906156398382222,0.9870909181573866,0.0,-0.5539619945200303,0.0,2.531612547605513,0.0,0.0,4.042859000740598,0.0,0.0,0.0,24.03746951773113,0.0,0.0,0.0,0.0,0.0,0.0
CHEMBL38472,2.21012649418837,9.01855838423141,0.0,7.266860771703845,0.0,0.0,-0.2906156398382222,0.9870909181573866,0.0,-0.5539619945200303,0.0,2.531612547605513,0.0,0.0,4.042859000740598,0.0,0.0,0.0,24.03746951773113,0.0,0.0,0.0,0.0,0.0,0.0
CHEMBL38510,1.851296296296296,0.9506377551020406,0.0,6.943783068783068,0.0,0.0,-0.4060359977324257,0.9050925925925928,0.0,-0.6003472222222224,0.0,2.3700736961451248,0.0,0.0,3.9126713277903753,0.0,0.0,0.0,22.82282848324515,0.0,0.0,0.0,0.0,0.0,0.0
CHEMBL38550,4.260314538122719,10.656812638179137,0.0,7.305950483745605,0.0,0.0,-0.0161600995872273,0.9926533494453424,0.0,-0.5575636040496701,0.0,0.0,0.0,0.0,4.064043558513411,1.5272534800957418,0.0,0.0,25.516695655534942,0.0,0.0,0.0,0.0,0.0,0.0
CHEMBL386630,4.7636699787939865,8.8053349920215,1.9831529509952128,0.0,2.146860066557486,0.0,1.7916757868270772,0.0,0.0,0.4394142494960946,0.0,0.0,0.0,0.0,0.0,0.0,0.0,10.449210893073175,11.787347748902132,0.0,0.0,0.0,0.0,0.0,0.0
CHEMBL387386,2.955844316351171,0.1665570672713532,0.0,11.299519794028722,0.0,0.0,0.0,2.0502884909703107,0.0,0.0,0.0,2.285888500461913,0.0,0.0,0.0,0.0,0.0,0.0,33.63846483119954,5.568390022675737,0.0,0.0,-3.5211958089275908,0.0,0.0
CHEMBL387518,0.0,0.5594297996976568,0.0,14.60350346079152,0.0,0.0,0.0253528911564631,3.643485397245318,0.0,0.0,0.0,0.0,0.0,0.0,12.420687823746988,0.0,1.8918424036281176,0.0,12.355698223733938,0.0,0.0,0.0,0.0,0.0,0.0
CHEMBL387892,1.57607741244646,0.4487128369866466,0.0,12.387921500964428,0.0,0.0,0.0,1.258033719660704,1.3974503968253973,0.0,0.0,0.0,0.0,0.0,3.9467897577610778,0.0,1.821041666666667,0.0,11.917814153439153,5.103209764622102,5.314751511715797,0.0,0.0,0.0,0.0
CHEMBL388093,1.5088680836477484,0.4737048847316703,0.0,15.607726193859854,0.0,2.100733646175392,0.0,2.8393710875330656,0.0,0.0,0.0,0.0,0.0,8.937724558080834,7.676867277009773,1.9190513983371127,1.73875070861678,9.962620190255471,0.0,5.067915305085634,0.0,0.0,0.0,0.0,0.0
CHEMBL388187,2.0321844293272866,0.0,0.0,17.958674414210126,0.0,4.248826845553036,0.0,3.1689377697819268,0.0,-0.5848497732426303,0.0,0.0,0.0,17.963604747224878,8.355714915595868,0.0,1.7735733182161753,0.0,0.0,0.0,0.0,0.0,0.0,0.0,0.0
CHEMBL388291,0.0,0.5736311885865455,0.0,17.519612808060682,0.0,2.106006241684001,0.0,2.775735990817612,0.0,0.0,0.0,0.0,0.0,8.899768674470604,7.673995758797346,1.9658087679516247,1.7720616024187452,9.380045633879508,0.0,0.0,0.0,0.0,0.0,0.0,0.0
CHEMBL388374,5.626592414708569,0.9298331618511088,2.061387529351093,10.63190740788459,-0.3628155706727138,0.0,1.2386538393387798,3.7460085751089554,0.0,0.0,0.0,0.0,0.0,0.0,0.0,0.0,0.0,10.070746807038294,12.456057090306278,11.268295411751712,0.0,0.0,0.0,0.0,0.0
CHEMBL388375,5.802225608368355,0.8008071949828804,5.672934579683317,12.714932014041448,-0.8522835569412959,0.0,1.25738263332551,3.5063720879255698,0.0,0.0,0.0,0.0,0.0,0.0,0.0,0.0,0.0,20.023490462227315,0.0,5.407472309720236,0.0,0.0,0.0,0.0,0.0
CHEMBL388506,0.0,0.5444645219198789,0.0,15.821599650649974,0.0,2.107273459314855,0.0,3.325991965235744,0.0,0.0,0.0,0.0,0.0,8.925092939851687,7.690585264970186,1.958308767951625,1.7660147392290249,9.620207670916546,0.0,0.0,0.0,0.0,0.0,0.0,3.3237943532938123
CHEMBL388507,1.4656062436117796,0.416964521919879,0.0,13.640179428767391,0.0,2.0945656999025504,0.0,2.63197557651517,0.0,0.0,0.0,0.0,0.0,8.959425350458865,7.675048570868677,1.892166792642983,1.7168839758125474,9.888425263509138,0.0,5.154239204558468,0.0,0.0,0.0,6.075630482543661,0.0
CHEMBL388515,0.0,0.0,0.0,15.161452191987904,0.0,4.003928886369362,0.0,1.502271103115261,0.0,-2.0848497732426314,0.0,0.0,0.0,17.776104747224878,7.46293713781809,0.0,1.1069066515495087,0.0,0.0,0.0,0.0,15.987915721844296,0.0,0.0,0.0
CHEMBL388604,1.5679914423299164,0.4666952475434618,0.0,9.911919222936088,0.0,0.0,0.0,1.4795915742840346,1.3591345427059718,0.0,0.0,0.0,0.0,0.0,7.908438441351952,0.0,1.6512355914588055,0.0,11.57959656084656,5.118314043209876,5.183131141345427,0.0,0.0,0.0,0.0
CHEMBL38877,3.993530801209373,3.0781327947845805,0.0,7.198279950869237,0.0,0.0,-0.0793693310657588,0.975558390022676,0.0,-0.5495833333333333,0.0,0.0,0.0,0.0,4.009128480095741,1.4379251700680271,0.0,0.0,24.68639707734945,0.0,0.0,0.0,0.0,0.0,0.0
CHEMBL388930,0.0,0.4931190161249685,0.0,18.25407628560045,0.0,0.0,-0.356684145880574,1.1345476400436727,0.0,0.0,0.0,0.0,0.0,0.0,3.9570440637738615,0.0,1.8312896825396825,0.0,23.82658493953137,0.0,0.0,0.0,0.0,0.0,0.0
CHEMBL388959,0.0,1.7609124622071048,1.972175925925926,15.18683364124652,0.0,0.0,1.0495946712018145,3.0473755458973715,0.0,0.0,0.0,0.0,0.0,0.0,3.979257602349684,0.0,0.0,0.0,12.337183484504912,0.0,0.0,0.0,0.0,0.0,0.0
CHEMBL3891718,1.6793422746860474,2.856693404022148,0.0,21.345785385768064,-0.3391796257920412,0.0,0.0,3.406327389500636,0.0,-1.118876636582145,0.0,0.0,0.0,0.0,8.143465231755352,3.638403761187434,3.399199126032891,0.0,25.88075967302654,18.762639511924824,0.0,0.0,-3.623824857612456,12.691487584304934,0.0
CHEMBL3893614,0.0,1.055606103552532,0.0,8.621164073654153,0.3658030990173844,0.0,0.0,1.5844527903754102,0.673667800453515,0.0,0.0,0.0,0.0,0.0,8.38686334719073,0.0,1.7710695389266815,0.0,0.0,0.0,0.0,26.8191004766104,0.0,0.0,0.0
CHEMBL389433,0.0,0.0,0.0,21.42539567061392,0.0160185185185179,0.0,0.0,2.975662215503486,1.975804236303575,0.0,0.0,0.0,3.117977345259092,0.0,8.524827709890541,0.0,2.0689317208364826,0.0,0.0,0.0,0.0,0.0,0.0,6.17316036085216,0.0
CHEMBL3894912,3.435915407838781,3.242421572134879,0.0,18.309409166945496,-0.7315815303984881,0.0,0.0,3.420630532738371,0.0,-1.105703437972636,0.0,0.0,0.0,0.0,4.123120930520464,3.767608220749036,1.8799256888485167,0.0,24.87983374710061,18.724095355312976,0.0,0.0,-3.226255413168015,12.669468648238896,0.0
CHEMBL389924,4.014324661845475,0.8657574850928025,2.0407263723263003,9.81111265479817,-0.4186545729402875,0.0,1.1606233914594308,2.828800086647761,0.0,0.0,0.0,0.0,0.0,0.0,0.0,0.0,0.0,19.62526242041116,12.326911682143011,5.911802484882843,0.0,0.0,0.0,0.0,0.0
CHEMBL389925,5.714324818055532,0.7498842948310843,5.211974588904187,9.614749050319036,0.0,0.0,0.8890258805414835,2.519038862481289,0.0,0.0,0.0,0.0,0.0,0.0,0.0,0.0,0.0,19.046341967967983,12.210553657451657,5.377440212781087,0.0,0.0,0.0,0.0,0.0
CHEMBL390077,0.0,0.3076271573444191,0.0,14.652762162903455,0.0,2.063057589013612,0.0,2.021999085695652,0.0,0.0,4.917219655162407,0.0,0.0,8.96114035931257,7.602750860317599,1.810633030990174,1.6490014408541194,0.0,22.389031061905825,4.713405871225135,0.0,0.0,-4.20184930627297,5.974332142659116,0.0
CHEMBL390078,0.0,0.5261311885865456,0.0,17.51275265062152,0.0,2.1019646898015405,0.0,2.658378533627001,0.0,0.0,0.0,0.0,0.0,8.900208680592428,7.662107898715042,1.9404043839758125,1.7553854875283448,9.609333153218437,0.0,0.0,0.0,0.0,0.0,0.0,0.0
CHEMBL390079,0.0,0.3589089663643234,0.0,14.23300397163763,0.0,2.066525066293735,0.0,1.0004281756703302,0.0,0.0,0.0,0.0,0.0,8.890689175880617,7.570338351389939,1.8272146636432351,1.66843820861678,9.521370190255473,0.0,0.0,0.0,13.196416563581272,0.0,0.0,0.0
CHEMBL390152,0.0,1.2457416855631138,0.0,13.930867681400688,0.0,0.0,0.0,0.6823752834467119,1.411287425464013,0.0,0.0,0.0,0.0,0.0,3.956134548605689,0.0,1.931716558536995,0.0,11.146434231903658,5.616637377173092,5.103744567271352,0.0,0.0,0.0,0.0
CHEMBL390364,5.5486123149133535,0.5344758883988058,5.139150919568072,12.04837662168248,0.0,0.0,0.9341557535072283,2.2797846513229403,0.0,0.0,0.0,0.0,0.0,0.0,0.0,0.0,0.0,9.891926482900924,12.19178343675201,10.59840059762085,0.0,0.0,0.0,0.0,0.0
CHEMBL390496,0.0,0.4400762282690853,0.0,15.280426895318888,0.0,2.085638589716699,0.0,3.0353056027826604,0.0,0.0,4.917281708795299,0.0,0.0,8.970196213409633,7.66557608223373,1.895608111300076,1.7113088676828756,0.0,22.224298782172365,4.747915305085635,0.0,0.0,-4.08286973166511,0.0,0.0
CHEMBL390569,3.937587187844223,3.1762572436381955,0.0,10.027363058451623,0.0,0.0,2.9031665721844293,4.8904218631897205,0.0,0.0,0.0,0.0,3.1819321075282474,0.0,4.085017270988591,0.0,0.0,0.0,0.0,5.29825469617497,0.0,0.0,0.0,0.0,0.0
CHEMBL3905734,2.074750251952633,0.7657709750566892,0.0,22.10276405919984,0.0,0.0,2.158142479213908,4.489260922458975,0.0,0.0,11.70728930963925,0.0,0.0,0.0,0.0,0.0,0.0,0.0,10.962137038201426,0.0,0.0,0.0,0.0,0.0,0.0
CHEMBL390717,1.3508008770206987,0.2873762282690852,0.0,13.044015006769635,0.0,2.0677242187341465,0.0,1.859909848982722,0.0,0.0,4.930011615572825,0.0,0.0,9.000153624016809,7.634483832576667,1.8119661359914336,1.649320961409255,0.0,22.538874241985923,9.925997102236696,0.0,0.0,-4.275106768702148,6.202250852914032,0.0
CHEMBL390731,7.161638980859049,0.8913841241343256,5.276187603580801,10.308040959458848,0.0,0.0,0.925468931654899,3.2185724399209183,0.0,0.0,0.0,0.0,0.0,0.0,0.0,0.0,0.0,10.00539745570451,12.408346907671852,15.638295930348132,0.0,0.0,0.0,0.0,0.0
CHEMBL3913908,1.676291037252724,3.411438769188304,0.0,18.296989612320164,-0.3208011422487224,0.0,0.0,3.4248517788001487,0.0,-1.1035144912133767,0.0,0.0,0.0,0.0,4.120159250003381,3.744460072600887,1.8793489875797744,0.0,24.21779671006357,18.69818415563453,0.0,0.0,-3.147551709464312,12.65790252503848,0.0
CHEMBL3914106,1.7270232210174772,0.0,2.557160731442613,17.366288083347786,0.0,0.0,-0.5244856141009981,1.085025381656877,1.0443776332770032,0.0,0.0,5.185300326432033,0.0,0.0,7.911510691980515,0.0,0.0,0.0,49.47331238743271,0.0,5.170230898985723,0.0,-3.8596316566903774,0.0,0.0
CHEMBL39152,2.171247894972192,6.327400609935332,0.0,7.226250629881582,0.0,0.0,-0.3012150153271178,0.9805541383219956,0.0,-0.5510005668934241,0.0,2.5113074766943813,0.0,0.0,4.022392942905659,0.0,0.0,0.0,23.8630618895094,0.0,0.0,0.0,0.0,0.0,0.0
CHEMBL3916057,2.118622448979592,0.0,0.0,23.77207713949777,0.0,0.0,2.323439153439154,5.619073966490996,0.0,0.0,17.50012062492582,0.0,0.0,0.0,0.0,0.0,0.0,0.0,0.0,0.0,0.0,0.0,0.0,0.0,0.0
CHEMBL3919759,1.910889130343496,1.6225551933736455,0.0,7.397579181363904,0.3609013605442173,0.0,0.0,2.415974138112036,0.6848280423280427,0.0,0.0,0.0,0.0,0.0,8.604085569412952,0.0,1.798291761148904,0.0,0.0,0.0,0.0,27.64784276056101,0.0,0.0,0.0
CHEMBL3922888,0.0,4.185947469243871,0.0,18.370767277133247,-0.4764794895821616,0.0,0.0,3.4535666229138315,0.0,-1.101797187972636,0.0,0.0,0.0,0.0,4.125620930520463,3.850516384014342,1.883012108601604,0.0,25.00483374710061,18.739390494201864,0.0,0.0,-3.1151443020569043,12.674506305037536,0.0
CHEMBL3923127,0.6891303118278227,0.90743287824389,0.0,7.760052946275438,0.1746133708112871,0.0,0.0,0.7882159788463903,0.5104487512597635,-7.8653889153291665,0.0,0.0,0.0,0.0,8.330094639707735,0.0,1.635821168745276,9.92048433338747,0.0,0.0,0.0,53.07499499131353,0.0,0.0,0.0
CHEMBL3924170,1.4479683777383163,0.0,2.539849496224285,16.837334816999416,0.0,0.0,-0.532506871626033,0.7218221014662414,1.0337929493804865,0.0,0.0,5.131530021922468,0.0,0.0,7.747806988276812,0.0,0.0,0.0,49.51288412640103,4.93609419186933,5.16904703142493,0.0,-3.903261309940567,0.0,0.0
CHEMBL3924257,1.7158942743764172,1.0546612811791385,0.0,7.306858518098596,0.3606179138321992,0.0,0.0,2.2262120496346705,0.6777418745275892,0.0,0.0,0.0,0.0,0.0,8.508530013857396,0.0,1.784402872260015,0.0,0.0,0.0,0.0,27.31041992105484,0.0,0.0,0.0
CHEMBL39248,6.737619642362607,8.199881188586545,0.0,0.0,1.984459089191232,0.0,3.4441146358234667,0.0,0.0,0.1743099647266315,0.0,0.0,0.0,0.0,0.0,0.0,0.0,0.0,24.78711034839913,0.0,0.0,0.0,0.0,0.0,0.0
CHEMBL39248,6.737619642362607,8.199881188586545,0.0,0.0,1.984459089191232,0.0,3.4441146358234667,0.0,0.0,0.1743099647266315,0.0,0.0,0.0,0.0,0.0,0.0,0.0,0.0,24.78711034839913,0.0,0.0,0.0,0.0,0.0,0.0
CHEMBL3925065,1.9314062086802888,-0.2065198388153906,0.0,20.33594666821433,0.0,0.0,1.2402467883280488,3.2645595899308173,0.0,0.0,5.106089952945771,0.0,0.0,0.0,0.0,0.0,0.0,9.653279558999047,21.846966121083,5.316812208793353,0.0,0.0,0.0,0.0,0.0
CHEMBL3926174,2.7063543383635933,0.0,2.5265459771215646,15.233002313864237,0.0,0.0,-0.5420117448688873,0.4011228888778477,1.021505775092526,0.0,0.0,5.198241565421252,0.0,0.0,7.769458280840506,0.0,0.0,0.0,50.1327837839122,10.193293401089743,5.177326246928822,0.0,-4.00127753726483,0.0,0.0
CHEMBL39275,4.084287266215026,4.157971781305115,0.0,7.226250629881582,0.0,0.0,-0.0578878495842773,0.9805541383219956,0.0,-0.5510005668934241,0.0,0.0,0.0,0.0,4.022392942905659,1.4691751700680271,0.0,0.0,24.918256487780297,0.0,0.0,0.0,0.0,0.0,0.0
CHEMBL3931836,0.0,5.400452526471336,0.0,18.356252522058043,-0.6588782164340137,0.0,0.0,3.420073532208146,0.0,-1.1104717362233083,0.0,0.0,0.0,0.0,4.131390593757659,3.845956198829157,1.8820321917040967,0.0,26.079278191545058,24.13330485212868,0.0,0.0,-3.2913943020569048,12.70089253490094,0.0
CHEMBL3938615,0.0,0.4973530036215241,0.0,17.21117296087866,-0.4179613080902071,0.0,0.0,2.820180938186616,0.0,-6.481700071072583,0.0,0.0,0.0,0.0,4.080851770779004,2.2868353560476,1.824658483927333,0.0,23.273352265619128,18.473209809318867,0.0,38.47350338246025,-5.325792450205053,12.589891414084402,0.0
CHEMBL39403,2.1904721170684374,3.129040217939027,0.0,18.89843613525657,-0.0044444444444449,0.0,0.0,4.808721865289327,0.0,0.0,0.0,0.0,0.0,0.0,4.219657580624842,2.428689058956916,2.0922732426303856,0.0,0.0,0.0,0.0,13.403820893345603,0.0,0.0,0.0
CHEMBL3941042,0.0,0.0,2.570355558501076,20.726244734168027,0.0,0.0,-0.5178128759722165,0.7472361532548424,1.0524550509724762,0.0,0.0,5.260458218483865,0.0,0.0,3.93922756821248,0.0,0.0,0.0,49.29854781657895,0.0,5.168182948678149,0.0,-3.7803723974311176,0.0,0.0
CHEMBL39423,2.134306088156873,0.8871019673301418,0.0,20.71349729938272,-0.0802777777777783,0.0,0.0,2.9620554610733185,2.367756466784245,0.0,0.0,0.0,0.0,0.0,4.214741551713278,0.0,4.297628968253968,0.0,0.0,0.0,0.0,13.450436119683054,0.0,0.0,3.636087188733518
CHEMBL3942918,2.132029512294664,0.6987901430212938,0.0,25.078408458042222,0.0,0.0,1.7901359829200405,4.019148288536471,0.0,0.0,5.136959004078621,0.0,0.0,0.0,0.0,0.0,0.0,9.69177649586064,10.914693590527618,5.37139185805176,0.0,0.0,0.0,0.0,0.0
CHEMBL39434,6.811946479447762,9.170639657977771,0.0,0.0,1.966861352565717,0.0,3.507876114244036,0.0,0.0,0.1569412976393498,0.0,0.0,0.0,0.0,0.0,0.0,0.0,0.0,25.12226734309533,0.0,0.0,0.0,0.0,0.0,0.0
CHEMBL39434,6.811946479447762,9.170639657977771,0.0,0.0,1.966861352565717,0.0,3.507876114244036,0.0,0.0,0.1569412976393498,0.0,0.0,0.0,0.0,0.0,0.0,0.0,0.0,25.12226734309533,0.0,0.0,0.0,0.0,0.0,0.0
CHEMBL3944017,2.1669570420760897,0.8968296485260769,0.0,24.010132695053333,0.0,0.0,2.446124338624339,5.706707186445644,0.0,0.0,17.606582422607854,0.0,0.0,0.0,0.0,0.0,0.0,0.0,0.0,0.0,0.0,0.0,0.0,0.0,0.0
CHEMBL3948254,2.117574326026707,0.8343296485260769,0.0,22.21871294196691,0.0,0.0,2.253380574452004,4.32951668214475,0.0,0.0,5.828287195808841,0.0,0.0,0.0,0.0,0.0,0.0,19.251531964408045,0.0,0.0,0.0,0.0,0.0,0.0,0.0
CHEMBL3948337,0.0,1.1344259416729654,0.0,16.65412432795279,0.4590447845804988,0.0,0.0,2.8273666225749565,3.013422094146301,0.0,0.0,0.0,0.0,0.0,9.166160399344925,0.0,1.906851851851852,0.0,0.0,0.0,0.0,13.704178036202748,0.0,0.0,0.0
CHEMBL394855,0.0,0.0,2.543259637188209,7.640017692211054,0.0,0.0,-0.4768749999999999,-0.31328094818174,0.0,0.0,0.0,0.0,0.0,0.0,0.0,0.0,0.0,37.40463498058647,11.868910304862684,0.0,0.0,0.0,0.0,0.0,0.0
CHEMBL39513,4.144347298332914,5.351476290164061,0.0,7.248596308893928,0.0,0.0,-0.0437155139833704,0.9842514119845472,0.0,-0.552515235260771,0.0,0.0,0.0,0.0,4.033469618755063,1.4891751700680271,0.0,0.0,25.09491465104561,0.0,0.0,0.0,0.0,0.0,0.0
CHEMBL3951973,0.0,1.0402114040060468,0.0,6.924093862853782,0.347032627865961,0.0,0.0,1.295612384871646,0.470427059712774,0.0,0.0,0.0,0.0,0.0,8.307212284090593,0.0,1.7949584278155706,0.0,0.0,0.0,0.0,27.02208900226757,0.0,5.869262653621119,0.0
CHEMBL3952032,0.0,2.2236504185503065,0.0,18.0600442275524,-0.3440929033976265,1.7251002114388934,0.0,3.2895888670088547,0.0,-1.1219036023725462,0.0,0.0,0.0,8.745262905714439,4.112106528914945,3.4805059909682345,1.866725445293259,0.0,24.23529671006357,18.657327542750657,0.0,0.0,-3.520815598353197,12.646758811423366,0.0
CHEMBL3959541,0.0,0.0,2.5784807498080857,26.62291669137924,0.0,0.0,-0.5227513178594905,1.5232691928859503,1.0455960490780658,0.0,0.0,5.443848790415479,0.0,0.0,4.187620895717084,0.0,1.491485030388991,0.0,50.44932592256483,0.0,5.194487296787611,0.0,-3.879109760431874,0.0,0.0
CHEMBL3960724,0.0,3.0852002956216698,0.0,23.491809033054647,-0.3302642818766972,0.0,0.0,3.7825945984118814,0.0,-1.1117241892061358,0.0,0.0,0.0,0.0,4.127149383545255,3.735129951663624,1.8792866896032128,0.0,25.626593006359872,18.76055841456488,0.0,0.0,-3.426486894649494,12.68772527297589,0.0
CHEMBL3961033,1.9782812086802888,0.0573690500734982,0.0,21.67951148302915,0.0,0.0,1.507750042095039,4.297452468156487,0.0,0.0,11.028193220364765,2.9642232911311748,0.0,0.0,0.0,0.0,0.0,0.0,21.937421682005585,0.0,0.0,0.0,0.0,0.0,0.0
CHEMBL3961452,2.052412480296679,0.7799679954903549,0.0,21.917567038584703,0.0,0.0,1.6326804063435845,4.385085688111136,0.0,0.0,11.0787181986833,2.978208630637348,0.0,0.0,0.0,0.0,0.0,0.0,22.045817030694494,0.0,0.0,0.0,0.0,0.0,0.0
CHEMBL3964421,1.5030847667158125,3.2962778220088014,0.0,18.25031879378633,-0.3304839181368555,0.0,0.0,3.38330933768284,0.0,-1.1116616481562192,0.0,0.0,0.0,0.0,4.122341578857788,3.702476654233541,1.876737072802578,0.0,24.83807448784136,23.64987881274755,0.0,0.0,-3.2967878205754224,12.671989615747464,0.0
CHEMBL39661,4.24162150129412,9.28144918640293,0.0,7.294931283165965,0.0,0.0,-0.020650457713949,0.9911535138108912,0.0,-0.5564875021212954,0.0,0.0,0.0,0.0,4.057915086291189,1.521080640589569,0.0,0.0,25.43898674828058,0.0,0.0,0.0,0.0,0.0,0.0
CHEMBL39661,4.24162150129412,9.28144918640293,0.0,7.294931283165965,0.0,0.0,-0.020650457713949,0.9911535138108912,0.0,-0.5564875021212954,0.0,0.0,0.0,0.0,4.057915086291189,1.521080640589569,0.0,0.0,25.43898674828058,0.0,0.0,0.0,0.0,0.0,0.0
CHEMBL3968178,0.0,1.449893163625635,0.0,17.573111844692498,-3.79280602019441,0.0,0.0,3.0253974506328447,0.0,-1.152578437972636,0.0,0.0,0.0,0.0,4.093120930520463,2.7727102615653623,1.84288865181148,0.0,23.37983374710061,18.54055368864631,0.0,25.60733558830684,-4.559588746501345,12.609016766655238,0.0
CHEMBL397728,0.0,0.7181643675988914,0.0,22.495812869122755,0.0,0.0,0.0537788170823889,2.519330803308978,0.0,0.0,0.0,0.0,0.0,0.0,4.019490051428183,0.0,1.9782804232804232,0.0,12.381809334845048,0.0,0.0,0.0,0.0,0.0,0.0
CHEMBL3977491,2.056122448979592,0.0,0.0,21.98065738641136,0.0,0.0,2.130695389266818,4.241883462190102,0.0,0.0,5.786833114176188,0.0,0.0,0.0,0.0,0.0,0.0,19.13714153230928,0.0,0.0,0.0,0.0,0.0,0.0,0.0
CHEMBL39781,3.843307193247669,2.195981906651549,0.0,7.16224678760393,0.0,0.0,-0.1152026643990922,0.9684722222222224,0.0,-0.5487500000000001,0.0,0.0,0.0,0.0,3.992955640589569,1.3823696145124715,0.0,0.0,24.36861929957168,0.0,0.0,0.0,0.0,0.0,0.0
CHEMBL39782,3.5529676870748297,1.7236007180650037,0.0,7.114060846560847,0.0,0.0,-0.1846471088435366,0.9577314814814816,0.0,-0.55,0.0,0.0,0.0,0.0,3.972797461577224,1.2573696145124715,0.0,0.0,23.90611929957168,0.0,0.0,0.0,0.0,0.0,0.0
CHEMBL3980889,0.9200830154267888,1.3189539905284335,0.0,17.847795074172165,-0.3686072646977021,0.0,0.0,3.158976343063236,0.0,-1.1416702636326383,0.0,0.0,0.0,0.0,4.1069945674636985,3.278027249471636,1.8549917779540208,0.0,47.70146802219184,18.641693993864088,0.0,0.0,-7.493101845911244,12.646617562327911,0.0
CHEMBL3983734,1.2497115396676386,3.244497116003469,0.0,18.25973094844417,-0.3203583615861616,0.0,0.0,3.415558123535175,0.0,-1.1028070259355989,0.0,0.0,0.0,0.0,4.116274208452134,3.675015628156443,1.877618883773546,0.0,23.481685598952467,18.66633597326585,0.0,0.0,-3.152181339093941,12.644474261920369,0.0
CHEMBL39840,4.275333504372023,12.051790726789452,0.0,7.315496969006376,0.0,0.0,-0.0125252664069395,0.9939112490548904,0.0,-0.5585292516499332,0.0,0.0,0.0,0.0,4.069456891125868,1.532253480095742,0.0,0.0,25.58281169761252,0.0,0.0,0.0,0.0,0.0,0.0
CHEMBL3984531,2.003188775510204,0.0,0.0,21.864708503644287,0.0,0.0,2.0354572940287228,4.401627702504327,0.0,0.0,11.642281593589868,0.0,0.0,0.0,0.0,0.0,0.0,0.0,10.892596143139697,0.0,0.0,0.0,0.0,0.0,0.0
CHEMBL399910,0.0,0.1759410430839001,0.0,11.888073927101706,-0.3866666666666667,0.0,-0.1874045729402871,0.8899909192071904,0.0,0.0,0.0,0.0,0.0,0.0,0.0,0.0,0.0,19.16444129503653,12.079744425547997,5.709212962962964,0.0,0.0,0.0,0.0,0.0
CHEMBL40125,2.103306405895692,3.809600340136054,0.0,7.16224678760393,0.0,0.0,-0.3198337112622822,0.9684722222222224,0.0,-0.5487500000000001,0.0,2.4793055555555554,0.0,0.0,3.9929556405895688,0.0,0.0,0.0,23.60269675925926,0.0,0.0,0.0,0.0,0.0,0.0
CHEMBL402970,1.5732440027204635,0.2957381424792138,0.0,11.898551076281958,-0.3308276643990933,0.0,0.0481278344671205,2.837948809280881,0.0,0.0,0.0,0.0,0.0,0.0,0.0,0.0,0.0,9.308824093508438,12.165610512723608,11.036116526270746,0.0,0.0,0.0,0.0,0.0
CHEMBL404225,0.0,0.3981682256235832,0.0,21.80924868249769,-0.1972165532879819,0.0,0.1489408541194254,2.461591080876796,2.098835926345848,0.0,0.0,0.0,0.0,0.0,0.0,0.0,0.0,0.0,12.43293178382464,6.180833333333334,0.0,0.0,0.0,0.0,0.0
CHEMBL40432,4.634828956567322,8.386734115473894,0.0,0.0,1.881978886719296,0.0,3.198634837843668,0.0,0.0,0.0923963844797177,0.0,0.0,0.0,0.0,0.0,0.0,0.0,0.0,24.9115512217794,0.0,0.0,0.0,0.0,5.960567997090513,0.0
CHEMBL40432,4.634828956567322,8.386734115473894,0.0,0.0,1.881978886719296,0.0,3.198634837843668,0.0,0.0,0.0923963844797177,0.0,0.0,0.0,0.0,0.0,0.0,0.0,0.0,24.9115512217794,0.0,0.0,0.0,0.0,5.960567997090513,0.0
CHEMBL404981,1.3634805681531872,0.2585241874527588,0.0,13.487012208770867,0.0,0.0,-0.269986877467036,1.5113231712438069,0.0,0.0,0.0,2.5892732741244644,0.0,0.0,0.0,0.0,0.0,0.0,21.981433523286874,5.595740740740741,0.0,0.0,0.0,0.0,0.0
CHEMBL405881,0.0,0.0637568779424839,0.0,16.799296751611035,0.0,0.0,0.0,0.0227619152517186,0.0,0.0,0.0,2.309037540942303,0.0,0.0,0.0,0.0,0.0,0.0,47.1461900666178,5.625659772760242,0.0,0.0,-4.1167919606114,0.0,0.0
CHEMBL4060208,0.0,0.0,2.983035695306844,23.0830562497468,0.0,0.0,-0.1455514961116297,5.78738413287319,0.0,0.0,0.0,8.808134422808047,0.0,0.0,3.9299222222519967,0.0,0.0,0.0,37.47186143826698,0.0,0.0,0.0,-3.7059089147917823,0.0,0.0
CHEMBL4063099,4.221723431572888,1.8168662044029729,0.0,19.798966846565843,0.0,0.0,0.0,4.145948980466374,1.504589073411224,0.0,0.0,0.0,0.0,0.0,4.640987227459089,2.2225295857808485,0.0,0.0,12.586019305870495,0.0,5.626440381708239,0.0,0.0,0.0,0.0
CHEMBL4067000,3.2157674256826496,0.0,0.0,9.77548465450995,0.0,0.0,0.0,0.3031734221466369,0.3501691232048383,-5.551926965230537,0.0,0.0,0.0,0.0,8.099925004724112,0.0,1.3817592592592594,10.056588004781547,0.0,0.0,0.0,39.20239340425488,0.0,0.0,0.0
CHEMBL4068601,0.0,0.0,2.974139548071536,28.40220216038403,0.0,0.0,-0.1566194032629846,5.511224247070837,1.2684569129086398,0.0,0.0,8.856639921302197,0.0,0.0,8.541838653909235,0.0,0.0,0.0,38.37711847565317,0.0,0.0,0.0,-3.855062944459205,0.0,0.0
CHEMBL4070331,8.32122555707892,3.438271200177299,0.0,14.95603261499768,0.0,0.0,0.0,2.396637417000804,2.50754769644727,0.0,0.0,0.0,0.0,0.0,0.0,4.356699417988268,0.0,0.0,25.591600977652565,0.0,11.208636593551816,0.0,0.0,0.0,0.0
CHEMBL407092,0.0,0.1961751000522644,0.0,19.474249451805782,0.0,1.9854686892579905,-0.4139778071722515,2.054517701182045,0.0,0.0,0.0,2.6972709593096496,0.0,8.840402918966195,0.0,0.0,0.0,0.0,23.55460659439084,5.725072077627092,0.0,0.0,0.0,0.0,0.0
CHEMBL4071689,0.5378297430083143,0.0,0.0,8.204833458789086,0.0,0.0,0.0,-1.920880141408416,-0.1542489055807494,-12.948614811665408,0.0,0.0,0.0,0.0,7.121937830687831,0.0,0.8483243575207862,9.766743197278911,0.0,0.0,0.0,78.62740860470298,0.0,0.0,0.0
CHEMBL4074186,7.4635316394394815,1.9388822419887195,0.0,7.36826070976549,0.0,0.0,-0.6085265131514015,1.5405389475933873,1.232489021970895,0.0,0.0,0.0,0.0,0.0,4.188432427761432,2.163106478419707,0.0,0.0,24.37705001516759,4.936338158319996,10.973178529523226,0.0,0.0,0.0,0.0
CHEMBL4077246,0.0,-0.6349132369505159,0.0,20.198769576927702,0.0,7.79736451127849,0.0,-1.0981607622021798,0.0,-7.40135640662842,0.0,0.0,0.0,8.883989430895062,14.00658806903515,0.0,0.805460327337173,11.25665612409933,0.0,5.746832151307193,0.0,59.93877021490101,0.0,0.0,0.0
CHEMBL4077259,0.0,0.0,2.906933766932189,19.35289257894812,0.0,0.0,-0.8290347655726718,5.198752196559568,0.0,0.0,5.081106160848373,8.201494881347854,0.0,0.0,0.0,0.0,0.0,0.0,36.50729730886769,0.0,0.0,0.0,-3.8796589147917833,0.0,0.0
CHEMBL4078790,5.891596194232932,2.0266133408561817,0.0,9.139963906093506,0.0,0.0,-0.4962579946328838,1.991328102889216,1.3414010590079315,0.0,0.0,0.0,0.0,0.0,4.214737227459088,2.180349276773616,0.0,0.0,24.1894999395818,4.933421491653329,5.512532202695893,0.0,0.0,0.0,0.0
CHEMBL407953,0.0,0.2323562295288486,0.0,22.247457934581853,0.0,0.0,-0.3157276182077766,1.9145317728407565,0.0,0.0,0.0,2.7426992000503905,0.0,0.0,0.0,0.0,0.0,0.0,23.40384152587165,5.731618008314438,0.0,0.0,0.0,0.0,0.0
CHEMBL4080256,2.529986260707987,0.0,0.0,11.06800274733784,0.0,0.0,0.0,0.7820776250314949,1.6630427610859164,-7.774389408541196,0.0,0.0,0.0,0.0,8.195173374905519,0.0,1.521449357520786,9.817483938019652,0.0,0.0,0.0,39.030506677265336,0.0,0.0,0.0
CHEMBL4080420,5.161694604539346,0.0,0.0,9.961332160178888,0.0,0.0,0.0,1.7043006346056946,1.1882941232048378,-0.9937886196145124,0.0,0.0,0.0,0.0,8.550419973544972,0.0,1.6487962962962963,10.093265831023768,0.0,0.0,0.0,13.93568499622071,0.0,0.0,0.0
CHEMBL4080965,0.0,0.0,0.0,16.301111740992692,0.0,0.0,0.0,2.0580111489040065,1.5224244142101289,0.0,0.0,0.0,0.0,0.0,3.973890909758965,0.0,0.0,0.0,11.154572625346436,0.0,5.152601804610733,0.0,0.0,0.0,0.0
CHEMBL4087613,4.18824085613227,1.810291963995066,0.0,10.442143955965204,0.0,0.0,0.0,1.8445591616276145,1.4347883597883602,0.0,0.0,0.0,0.0,0.0,3.825308526583779,2.198210978835979,0.0,0.0,12.08376527462837,0.0,10.593110423577144,0.0,0.0,0.0,0.0
CHEMBL4091260,3.061364436295894,0.0,0.0,13.486661668391465,0.0,0.0,0.0,1.4475948379376211,2.1160021216424543,0.0,0.0,0.0,0.0,0.0,0.0,0.0,0.0,0.0,24.82790046500184,10.251880172248068,10.714309744354836,0.0,0.0,0.0,0.0
CHEMBL409271,2.5452477709708328,0.2345868608965926,0.0,20.48286788658826,0.0,2.0047189390744014,-0.3585955422560307,2.8881108634313084,0.0,0.0,0.0,2.769346340388007,0.0,8.882455409342843,0.0,1.1245463103792277,0.0,0.0,36.61298718500263,5.904274005515888,0.0,0.0,-3.5072126960006265,0.0,0.0
CHEMBL409448,0.0,0.1551684425683341,0.0,18.15010594837668,0.0,0.0,-0.5293406189636352,1.1184984042917792,0.0,0.0,0.0,2.621537540942303,0.0,0.0,0.0,0.0,0.0,0.0,34.27405776422103,5.692881994982464,0.0,0.0,0.0,0.0,0.0
CHEMBL4095313,5.502694620125314,1.84520135892236,0.0,9.382321890137549,0.0,0.0,-0.364511273234182,2.53038762982212,1.383994806383425,0.0,0.0,0.0,0.0,0.0,4.35783907931094,2.187760272602444,0.0,0.0,23.799613478901968,4.6408698293428845,5.531365662005543,0.0,0.0,0.0,0.0
CHEMBL4098297,2.529986260707987,0.0,0.0,11.06800274733784,0.0,0.0,0.0,0.7820776250314949,1.6630427610859164,-7.774389408541196,0.0,0.0,0.0,0.0,8.195173374905519,0.0,1.521449357520786,9.817483938019652,0.0,0.0,0.0,39.030506677265336,0.0,0.0,0.0
CHEMBL4098604,0.0,0.0,2.9799916181718578,26.331713242110904,0.0,0.0,-0.1484095837911461,5.696587779885045,0.0,0.0,0.0,8.812582690735638,0.0,0.0,3.973903703733479,0.0,0.0,0.0,37.68384576651505,0.0,0.0,0.0,-3.746418174051041,0.0,0.0
CHEMBL4098990,0.0,0.0,0.0,16.30233919648106,0.0,0.0,0.0,1.986900037792896,1.5102716364323512,0.0,0.0,0.0,0.0,0.0,4.066335506424792,0.0,0.0,0.0,11.152226946334087,0.0,5.147818641345427,0.0,0.0,0.0,0.0
CHEMBL4099909,0.0,0.0,0.0,16.332769405601745,0.0,0.0,0.0,1.7994000377928954,1.4906797996976573,0.0,0.0,0.0,0.0,0.0,4.258429232804232,0.0,0.0,0.0,11.148947625346434,0.0,5.140449026832956,0.0,0.0,0.0,0.0
CHEMBL4100188,4.198135277302916,1.7887394826398877,0.0,18.78521810979943,0.0,0.0,0.0,3.2336225915774848,1.4210138655503015,0.0,0.0,0.0,0.0,0.0,4.455802042273904,2.205471972612124,0.0,0.0,12.537685972537163,0.0,11.131617522021562,0.0,0.0,0.0,0.0
CHEMBL4103066,6.1334792441872175,1.838719420377068,0.0,9.788301835783798,0.0,0.0,0.0,3.2194721668256125,1.5322104119425553,0.0,0.0,0.0,0.0,0.0,4.371172412644274,2.219774764844209,0.0,0.0,12.249509794658604,0.0,5.520725623582766,0.0,0.0,0.0,0.0
CHEMBL41033,4.49089846483861,6.30046526378041,2.3615085663895186,0.0,1.0487553539934489,0.0,4.190710143368048,0.0,0.0,-0.1102154982363312,0.0,0.0,0.0,0.0,0.0,0.0,0.0,0.0,24.39637098975393,0.0,0.0,0.0,0.0,0.0,0.0
CHEMBL41033,4.49089846483861,6.30046526378041,2.3615085663895186,0.0,1.0487553539934489,0.0,4.190710143368048,0.0,0.0,-0.1102154982363312,0.0,0.0,0.0,0.0,0.0,0.0,0.0,0.0,24.39637098975393,0.0,0.0,0.0,0.0,0.0,0.0
CHEMBL410525,18.529179012289724,9.138785705711436,2.556806316662468,0.0,2.237608074733326,0.0,0.7931268911835918,0.0,0.0,-0.2010466691047043,0.0,0.0,0.0,0.0,0.0,0.0,0.0,10.576241463720756,24.74390708745042,5.875392117352987,0.0,0.0,0.0,0.0,0.0
CHEMBL4105495,4.185600819401325,1.8068208896149007,0.0,10.541682091824589,0.0,0.0,0.0,1.65377984063996,1.4151965230536665,0.0,0.0,0.0,0.0,0.0,3.991542783014644,2.195865299823633,0.0,0.0,12.071543052406149,0.0,10.580888201354922,0.0,0.0,0.0,0.0
CHEMBL41066,2.19310872252814,7.657792236856992,0.0,7.248596308893928,0.0,0.0,-0.2952725626012056,0.9842514119845472,0.0,-0.552515235260771,0.0,2.5224803162005545,0.0,0.0,4.033469618755063,0.0,0.0,0.0,23.958089182642755,0.0,0.0,0.0,0.0,0.0,0.0
CHEMBL411316,4.554988006004871,6.731416839884103,1.9363744016124969,0.0,0.5480441127068099,0.0,1.6860930938733527,0.0,0.0,0.0687486221340387,0.0,0.0,0.0,0.0,0.0,0.0,0.0,20.67705604540561,11.797278878378716,0.0,0.0,0.0,0.0,0.0,0.0
CHEMBL4126284,1.678308306219641,2.516661923164758,3.858927638318872,20.207958000180174,0.0,0.0,0.0,4.32105803802485,0.0,0.0,0.0,0.0,0.0,0.0,4.01051641910559,3.7664216029124606,0.0,0.0,24.054616052812406,0.0,0.0,14.125768536626634,-3.12356985069872,0.0,0.0
CHEMBL4126996,0.0,3.280116936342856,3.874324060402357,20.29056895114877,-0.1444530454237051,0.0,0.0,4.356087589170235,0.0,0.0,0.0,0.0,0.0,0.0,4.015978099622672,3.872477914325915,0.0,0.0,24.841653089849444,0.0,0.0,14.150641031580498,-3.0911624432913123,0.0,0.0
CHEMBL4128368,0.0,-0.1499008799294103,3.631220989392817,18.99118195200776,0.0,0.0,0.0,3.5817395437151487,0.0,-5.287808191904864,0.0,0.0,0.0,0.0,3.9712089398812136,2.308796886359173,0.0,0.0,23.110171608367963,0.0,0.0,52.31186641021633,-5.301810591439461,0.0,0.0
CHEMBL4129721,1.620443681981121,3.206765786737256,3.913669373856062,20.504801745633163,0.0,0.0,0.1384928397059361,4.525607687221959,0.0,0.0,0.0,0.0,0.0,0.0,4.0153968951495,4.173921602912461,0.0,0.0,11.471752470850648,0.0,0.0,14.09581458261856,0.0,0.0,0.0
CHEMBL413344,0.0,1.6809819066515497,1.8385648148148148,12.715868108045688,0.0,0.0,0.9275028344671208,2.692516009490216,0.0,0.0,0.0,0.0,0.0,0.0,8.173277116402115,0.0,0.0,0.0,12.304622543461829,0.0,0.0,0.0,0.0,0.0,0.0
CHEMBL41429,2.1748471170684374,3.067815728143109,0.0,16.342696339338204,-0.1155555555555558,0.0,0.0,4.595535924246243,0.0,0.0,0.0,0.0,0.0,0.0,8.469946696271101,2.4009112811791384,1.8422732426303856,0.0,0.0,0.0,0.0,13.388195893345603,0.0,0.0,0.0
CHEMBL41517,4.52332429960812,6.859929022496663,0.0,0.0,1.693838944528428,0.0,2.6123285935828786,0.0,0.0,-0.0545171957671954,0.0,0.0,0.0,0.0,0.0,0.0,0.0,0.0,24.776520357581862,0.0,0.0,12.976256032244038,0.0,0.0,0.0
CHEMBL41517,4.52332429960812,6.859929022496663,0.0,0.0,1.693838944528428,0.0,2.6123285935828786,0.0,0.0,-0.0545171957671954,0.0,0.0,0.0,0.0,0.0,0.0,0.0,0.0,24.776520357581862,0.0,0.0,12.976256032244038,0.0,0.0,0.0
CHEMBL415725,0.0,0.0,0.0,23.56780454774502,0.1187345679012341,0.0,0.0,4.96405129335685,0.0,0.0,0.0,0.0,0.0,0.0,4.239568181181937,0.0,0.0,0.0,0.0,0.0,0.0,0.0,0.0,11.998730298703842,0.0
CHEMBL415753,0.0,1.7230914588057442,1.8698148148148148,11.435471387629129,0.0,0.0,0.9774537037037044,2.79624503968254,0.0,0.0,0.0,0.0,2.7474146510456032,0.0,4.047140652557319,0.0,0.0,0.0,12.236701625094485,0.0,0.0,0.0,0.0,0.0,0.0
CHEMBL4159101,0.0,0.8656663713108725,0.0,33.81175571294336,-0.4943104523209134,0.0,0.0,4.849956739030855,3.550451802625047,0.0,0.0,5.455378934219762,7.222906627808948,0.0,0.0,0.0,0.0,0.0,52.77034467241618,0.0,0.0,14.368493978184109,-7.647448618184491,11.969026454188498,0.0
CHEMBL4159159,1.6627835627542518,0.6279711514235324,0.0,17.111116102879272,0.0,0.0,0.0,4.813944022180856,2.1288439048458896,0.0,0.0,0.0,3.4844413737717312,0.0,8.249231682708114,0.0,1.8097656840513985,0.0,0.0,5.245158031302512,0.0,0.0,0.0,6.144522261860224,0.0
CHEMBL4159184,0.0,0.5538938383564689,0.0,32.648373263386226,-0.6960693966393825,0.0,0.0,4.308448139150672,3.189384692126118,-4.551029765866227,0.0,5.402757525098667,7.059229930278084,0.0,0.0,0.0,0.0,0.0,52.995076170898855,0.0,0.0,41.402908844891776,-7.721158703735743,0.0,6.658185462054485
CHEMBL415952,0.0,2.0544066515495087,0.0,27.187732741244645,0.4303703703703703,0.0,0.0,2.74780612244898,0.0,0.0,0.0,0.0,0.0,0.0,4.108573003275384,0.0,2.137777777777778,0.0,0.0,0.0,0.0,0.0,0.0,0.0,0.0
CHEMBL4159524,0.0,-0.2189380203903776,0.0,26.43682569003952,-0.7558850388726059,0.0,0.0,0.079600844867711,2.77235841695736,-9.313182881967409,0.0,4.948655758331895,6.915184132389566,0.0,0.0,0.0,0.0,0.0,64.63110122655665,0.0,0.0,78.89840482778965,-8.516563179407752,0.0,0.0
CHEMBL4159550,3.0287086777883507,0.5523912001615621,0.0,35.19279872988996,0.0,0.0,-0.3083894832599945,5.288785361291165,3.230730981937346,-1.469229109068956,0.0,8.624289398626997,7.195613123677074,0.0,0.0,0.0,0.0,0.0,68.6240800234501,10.391735783275015,0.0,0.0,-7.768181354435278,0.0,0.0
CHEMBL4160335,1.6501907077109998,0.6796017573696146,0.0,17.96130455806953,0.0,0.0,0.0,3.613123443949563,2.104273431594861,0.0,0.0,0.0,3.4509032501889645,0.0,4.1073413887032215,0.0,2.013758739606954,0.0,0.0,5.313946302464971,0.0,13.27222308700799,0.0,0.0,0.0
CHEMBL4160591,0.0,0.1493616429092847,0.0,29.08536024711304,-0.5454258551991364,0.0,0.0,2.054166585550348,3.1619880465869903,-9.247385539065109,0.0,5.061259064117019,7.113968854611787,0.0,0.0,0.0,0.0,0.0,52.942367180321696,0.0,0.0,78.85127494167084,-8.382995625167123,0.0,3.50606045655036
CHEMBL4161492,0.0,0.5638314909297052,0.0,15.31031490912353,0.0,0.0,0.0,3.3081694591416824,1.9964493575207864,0.0,0.0,0.0,3.3847921390778533,0.0,8.151832692809123,0.0,1.754210128495843,0.0,0.0,0.0,0.0,13.215505915290818,0.0,6.092671685388436,0.0
CHEMBL4161789,0.0,0.8848885727768304,0.0,15.870526759295698,0.0,0.0,0.0,4.189272687406256,2.0101530612244902,0.0,0.0,0.0,3.450347694633409,0.0,4.113112419720465,0.0,2.000218253968254,0.0,0.0,10.99859515909976,0.0,13.316218725208174,0.0,0.0,0.0
CHEMBL4161859,3.041960012839136,0.8600192235931556,0.0,35.168212355363245,-0.5764901221287888,0.0,0.0,5.354531649068859,3.541341337190558,0.0,0.0,5.511502145090564,7.238483494047443,0.0,0.0,0.0,0.0,11.39847809744892,53.25030317234891,10.372170105261535,0.0,0.0,-7.660511470123527,0.0,0.0
CHEMBL4162163,3.816908960927796,0.9986954805883284,0.0,36.40801716335936,-0.5477672424443705,0.0,0.0,6.478336254613392,3.627417461758816,0.0,0.0,5.564395837970765,7.264261345621998,0.0,0.0,0.0,0.0,11.380561430782254,53.0268726505557,0.0,0.0,0.0,-7.517699343734037,0.0,0.0
CHEMBL4162549,1.667196880550506,0.6292545351473925,0.0,17.08840184611409,0.0,0.0,0.0,4.80893142454921,2.1580234315948608,0.0,0.0,0.0,3.5024905517762663,0.0,8.254781314831819,0.0,1.8117697135438533,0.0,0.0,5.333740201046749,0.0,0.0,0.0,6.023187878623033,0.0
CHEMBL4162572,0.0,0.3091611684569084,0.0,31.4211267286431,-0.5674443162123537,0.0,0.0,2.6417241499271205,3.2377709712484672,0.0,0.0,5.175906276932491,7.123409849442705,0.0,0.0,0.0,0.0,10.264614286203829,75.82644526748092,0.0,0.0,0.0,-8.252378139890292,0.0,0.0
CHEMBL416282,2.1646377131099355,6.998556088330394,1.785598938649534,0.0,1.2139866780045343,0.0,1.964232843600404,0.0,0.0,-0.5984081711388256,0.0,0.0,0.0,0.0,0.0,0.0,0.0,0.0,37.488546193940536,0.0,0.0,0.0,0.0,0.0,3.399516382170152
CHEMBL4162907,0.0,1.9080007272829616,0.0,43.54802880101487,-0.3615213366746552,0.0,0.0,11.022804278000487,3.852131321131768,0.0,0.0,5.627789895585657,7.550891164216103,0.0,0.0,0.0,0.0,0.0,53.59213526665933,0.0,0.0,0.0,-7.620627397678206,12.102589502683928,0.0
CHEMBL4162931,0.0,0.7614317826533736,0.0,13.472246204789949,0.0,0.0,0.0,4.010616067350827,1.9423752834467125,0.0,0.0,0.0,3.422569916855631,0.0,8.197032618973005,0.0,1.750218253968254,0.0,0.0,10.970624480087412,0.0,13.306218725208172,0.0,0.0,0.0
CHEMBL4163649,0.0,0.4550189883907622,0.0,31.52010998853789,-0.7149737176270368,0.0,0.0,3.399380343265432,3.1237851359583804,-4.56044921992236,0.0,5.337782515486979,7.0264367204015405,0.0,0.0,0.0,0.0,0.0,52.86888349622973,0.0,0.0,41.37770308357491,-7.8051779081253185,11.943722796051317,0.0
CHEMBL4163704,1.644041852724663,0.6597171831695641,0.0,18.11800852960304,0.0,0.0,0.0,3.66566690577874,1.7980105715125556,0.0,0.0,0.0,3.356663595993953,0.0,4.098211452982376,0.0,1.9990017951625088,0.0,0.0,5.223018453708389,0.0,13.604326326030872,0.0,0.0,0.0
CHEMBL4163983,0.0,0.4494967663102496,0.0,30.34655837531145,-0.6129486483400624,0.0,0.0,2.282048455476608,3.232654128918282,0.0,0.0,5.243909603333948,7.094489520225173,0.0,0.0,0.0,0.0,0.0,64.19774240657438,0.0,0.0,27.05241340363592,-7.948154375442955,0.0,0.0
CHEMBL4164126,0.0,0.7357064909297052,0.0,19.32705781879122,0.0,0.0,0.0,4.820474353321577,2.185754913076342,0.0,0.0,0.0,3.4919349962207105,0.0,4.125105392376316,0.0,2.0522211024327426,0.0,0.0,0.0,0.0,0.0,0.0,12.150633821740271,0.0
CHEMBL4165064,3.070247049876173,1.1521937322855214,0.0,38.75680283730322,-0.321860492499159,0.0,0.0,6.296310207696194,3.858045796752161,0.0,0.0,5.587505231510316,7.406261271825221,0.0,0.0,0.0,0.0,0.0,53.20391198777591,10.39099096693954,0.0,0.0,-7.567075256131758,0.0,0.0
CHEMBL4165988,0.0,0.545230300453515,0.0,15.45486017944742,0.0,0.0,0.0,3.3557003233392138,1.719366024187453,0.0,0.0,0.0,3.3086016628873773,0.0,8.135961296466347,0.0,1.7414572135438535,0.0,0.0,0.0,0.0,13.545263475301354,0.0,5.971337302151245,0.0
CHEMBL4166016,0.0,0.9550490873602552,0.0,34.72868774195331,-0.438754896765358,0.0,0.0,5.613383031145334,3.649217234723813,0.0,0.0,5.488436785459431,7.285406627808948,0.0,0.0,0.0,0.0,10.259918215782193,52.81768195052269,0.0,0.0,0.0,-7.619670840406713,11.982867284638324,0.0
CHEMBL416616,2.1392221170684373,0.9033529121525152,0.0,22.84362189783321,-0.0444444444444449,0.0,0.0,1.993503978751996,2.4209277630805417,0.0,0.0,0.0,0.0,0.0,4.204032580624842,0.0,4.312628968253968,0.0,0.0,0.0,0.0,13.393820893345604,0.0,0.0,0.0
CHEMBL4166364,0.0,-0.0035673995116622,0.0,31.80853586782883,-0.7364483294082864,0.0,0.0,1.090106750942649,3.022294394359275,0.0,0.0,5.0386047535631455,7.018175777986869,0.0,0.0,0.0,0.0,11.373163259153312,76.7389528150579,0.0,0.0,0.0,-8.604175277358213,0.0,0.0
CHEMBL4166769,0.0,0.5377105470058416,0.0,34.68769306737302,0.0,0.0,-0.3122202068709376,4.997558368455869,3.2150608561229888,-1.468841023744973,0.0,8.565725253470024,7.170528037483929,0.0,0.0,0.0,0.0,0.0,68.15424181577553,0.0,0.0,0.0,-7.755684728731658,12.01378356921593,0.0
CHEMBL4167098,0.0,-0.0852679867203445,0.0,26.67841367096192,-0.6912591885324704,0.0,0.0,0.0501725687498419,2.9027287873277308,-9.283717718995902,0.0,4.974482204612887,6.949906354611787,0.0,0.0,0.0,0.0,0.0,52.8181068252921,0.0,0.0,93.14234677452625,-8.455912291833789,0.0,0.0
CHEMBL4167430,0.0,0.9470886751574188,0.0,35.13636516553982,-0.4367707697812319,2.19491063157884,0.0,6.030908486004036,3.6487234075633177,0.0,0.0,5.497676914017742,7.308361874722528,9.609816077198571,0.0,0.0,0.0,0.0,52.92093035047439,0.0,0.0,0.0,-7.631217520222623,11.995428929969416,0.0
CHEMBL4167569,0.0,0.6563414115646259,0.0,17.867344169957203,0.0,0.0,0.0,3.513948780129337,1.7871438019652313,0.0,0.0,0.0,3.336379440665155,0.0,4.086216503487427,0.0,1.9914572135438533,0.0,0.0,0.0,0.0,13.5576091543137,0.0,5.981337302151244,0.0
CHEMBL4167841,0.0,0.6645891038268292,0.0,31.912755808830312,-0.490783115460244,2.1679979057041763,0.0,3.43357192633192,3.461296104226924,0.0,0.0,5.31203402941292,7.214666989360976,9.58581059023012,0.0,0.0,0.0,0.0,52.56037985141973,0.0,0.0,27.04895319602346,-7.871272389907124,0.0,0.0
CHEMBL4168266,0.0,-0.3111954229432567,0.0,31.8414861071058,0.0,0.0,-0.4349126232346829,1.0120580930676013,2.7116840391060624,-1.6314652032504653,0.0,8.059152081690325,6.975305407616499,0.0,0.0,0.0,0.0,0.0,92.22208208992213,0.0,0.0,0.0,-8.71184516166996,0.0,0.0
CHEMBL4169419,0.0,0.6245953798185941,0.0,16.86656285434454,0.0,0.0,0.0,4.662225896531453,2.117977135298564,0.0,0.0,0.0,3.464157218442933,0.0,8.222861159292137,0.0,1.8022211024327424,0.0,0.0,0.0,0.0,0.0,0.0,12.128288142727923,0.0
CHEMBL4169756,0.0,0.9645412212765788,0.0,34.94001898779169,-0.4754061313332591,0.0,0.0,5.759024534916095,3.6160513587927854,0.0,0.0,5.5203539438314495,7.255699837685491,0.0,0.0,0.0,0.0,0.0,52.896537347085314,0.0,0.0,14.37791343224024,-7.563429413794916,0.0,6.708694881508541
CHEMBL4169784,0.0,0.8453385704374368,0.0,34.663106692846306,-0.5770882300986917,0.0,0.0,5.063304656233564,3.525671211376202,0.0,0.0,5.463618272042433,7.213398407854299,0.0,0.0,0.0,0.0,11.361795998683489,52.83114523678318,0.0,0.0,0.0,-7.648014844419909,11.979946250483923,0.0
CHEMBL4169808,1.6357773899147454,0.548606072058453,0.0,15.69941342798215,0.0,0.0,0.0,3.5074184489886164,1.730232793734778,0.0,0.0,0.0,3.328885818216176,0.0,8.162331819882326,0.0,1.7490017951625094,0.0,0.0,5.213018453708388,0.0,13.591980647018524,0.0,0.0,0.0
CHEMBL4170175,2.150609138842072,1.82485568603003,0.0,43.44233760463893,-0.3997564084811562,0.0,0.0,5.967157029428185,8.397364431829114,0.0,0.0,5.641263265649936,7.574078679963142,0.0,0.0,0.0,2.3338775347528053,0.0,53.81046470888987,0.0,0.0,0.0,-7.649814225160487,12.129784775839788,0.0
CHEMBL4170393,3.849063155939133,1.2908699892806936,0.0,40.011913767748325,-0.2931376128147407,0.0,0.0,7.401845727828783,3.944121921320418,0.0,0.0,5.640398924390518,7.432039123399776,0.0,0.0,0.0,0.0,0.0,52.98048146598271,0.0,0.0,0.0,-7.424263129742267,0.0,0.0
CHEMBL4170504,0.0,0.004114729329038,0.0,27.59534569997187,-0.6357036329769146,0.0,0.0,0.8135988608643183,3.0014942194264966,-9.269876888546076,0.0,5.007540055852556,7.012406354611787,0.0,0.0,0.0,0.0,10.24268125563866,52.86544410339861,0.0,0.0,78.79108975648566,-8.428134514056012,0.0,0.0
CHEMBL4170868,0.0,0.8492018443817686,0.0,14.989605261122064,0.0,0.0,0.0,5.403561393629486,2.06390306122449,0.0,0.0,0.0,3.5019349962207107,0.0,8.268061085456019,0.0,1.7982292279051535,0.0,0.0,11.03490363527566,0.0,0.0,0.0,6.0350439392290935,0.0
CHEMBL4170941,1.677196880550506,0.7403656462585034,0.0,19.556441392179423,0.0,0.0,0.0,4.967179881339334,2.2258012093726385,0.0,0.0,0.0,3.530268329554044,0.0,4.139480966297344,0.0,2.0617697135438537,0.0,0.0,5.346085880059095,0.0,0.0,0.0,6.033187878623033,0.0
CHEMBL4171198,0.0,1.1002960009405018,0.0,36.21870228909447,-0.3484771189875799,0.0,0.0,6.853950755831364,3.809711061884306,0.0,0.0,5.542155793723894,7.386969127808948,0.0,0.0,0.0,0.0,0.0,52.89460502744576,0.0,0.0,0.0,-7.574531951517824,12.005358634119291,3.58348260187908
CHEMBL4171996,0.0,0.6749426020408162,0.0,17.731920984681327,0.0,0.0,0.0,3.466417915931806,2.064227135298564,0.0,0.0,0.0,3.412569916855631,0.0,4.092965814782193,0.0,2.004210128495843,0.0,0.0,0.0,0.0,13.225505915290816,0.0,6.105017364400782,0.0
CHEMBL4172433,0.0,0.9726586345052254,0.0,17.426774704516706,0.0,0.0,0.0,5.582218013684916,2.131680839002268,0.0,0.0,0.0,3.5297127739984884,0.0,4.145251997314587,0.0,2.048229227905154,0.0,0.0,11.062874314288004,0.0,0.0,0.0,6.045043939229094,0.0
CHEMBL4172837,0.0,0.3450284748426748,0.0,31.14714773484641,-0.681889530412813,0.0,0.0,2.689938903508654,3.1863699053266443,0.0,0.0,5.22759028241521,7.077752469882354,0.0,0.0,0.0,0.0,11.364936430782254,75.23475728967128,0.0,0.0,0.0,-8.081703338683816,0.0,0.0
CHEMBL4172955,0.0,0.6372029835350406,0.0,34.66215545034648,-0.4272599007831823,0.0,0.0,3.708263191538863,3.5030743648882465,0.0,0.0,5.303593368834963,7.245530247660131,0.0,0.0,0.0,0.0,0.0,75.17759064213533,0.0,0.0,0.0,-7.988267124692047,0.0,0.0
CHEMBL4173231,1.6401907077109998,0.5684906462585035,0.0,15.532153900893078,0.0,0.0,0.0,3.45487498715944,2.036495653817083,0.0,0.0,0.0,3.4231254724111864,0.0,8.183752848348808,0.0,1.7637587396069538,0.0,0.0,5.301600623452625,0.0,13.262223087007987,0.0,0.0,0.0
CHEMBL4173619,5.948708659224069,0.7493171680795927,0.0,31.42305556374384,-0.6068604924991592,0.0,0.0,5.427908972862592,3.457220651879397,0.0,0.0,5.52931048947719,7.297146097977905,0.0,0.0,0.0,0.0,10.995412790518404,53.69000928855852,21.656430317916392,0.0,0.0,-7.734326174405402,0.0,0.0
CHEMBL4173941,3.047862496926453,0.9697297405159744,0.0,35.23525492657909,-0.4381567887954551,0.0,0.0,5.9038046597597775,3.664887360538169,0.0,0.0,5.536320658507561,7.310491714002092,0.0,0.0,0.0,0.0,10.288838716444332,53.23683988608842,10.376294095543924,0.0,0.0,-7.632167466110331,0.0,0.0
CHEMBL4174326,0.0,-0.4959153696404546,0.0,24.386767946556454,-0.911922453838595,0.0,0.0,-1.400403827015582,2.476062120661064,-14.02765405925659,0.0,4.856885785880104,6.753436447204381,0.0,0.0,0.0,0.0,0.0,52.91664564910565,0.0,0.0,120.30973934211818,-8.613641581774615,0.0,0.0
CHEMBL4174373,1.671048025564169,0.7390822625346435,0.0,19.577722178437064,0.0,0.0,0.0,4.972192478970979,2.196621682623668,0.0,0.0,0.0,3.512219151549509,0.0,4.137100341871266,0.0,2.0597656840513983,0.0,0.0,5.255158031302512,0.0,0.0,0.0,6.15686794087257,0.0
CHEMBL4174637,0.0,0.8308711876065453,0.0,34.69843100686929,-0.5400319816733956,0.0,0.0,5.788452811033967,3.4856809884224145,0.0,0.0,5.494527497550457,7.220977615463269,0.0,0.0,0.0,0.0,0.0,64.71689298770556,0.0,0.0,0.0,-7.6240803013688785,0.0,6.697748237055553
CHEMBL4174670,0.0,-0.1081773718975045,0.0,31.404331365580745,0.0,0.0,-0.4132742292536322,1.9980302427740688,2.803614592647644,-1.6000652610676944,0.0,8.18439993576366,7.008531259117687,0.0,0.0,0.0,0.0,0.0,91.29745205298674,0.0,0.0,0.0,-8.38839202821524,0.0,0.0
CHEMBL4175438,0.0,0.5955775226757368,0.0,16.272207335847305,0.0,0.0,0.0,2.1598923427395658,1.665616024187453,0.0,0.0,0.0,3.2570143613000755,0.0,4.054076925893304,0.0,1.9434462396069536,0.0,0.0,0.0,0.0,26.71883591441627,0.0,0.0,0.0
CHEMBL4175698,0.0,-0.0038456828737976,0.0,28.003023123558386,-0.6337195059927885,2.1128588566204907,0.0,1.231124315723022,3.001000392266002,-9.274976422913198,0.0,5.016780184410866,7.035361601525368,9.594236259666872,0.0,0.0,0.0,0.0,52.96869250335031,0.0,0.0,78.88914556853038,-8.439681193871921,0.0,0.0
CHEMBL41761,2.139048674184233,0.9501566661252806,0.0,22.93371747694077,-0.0254846938775519,0.0,0.0,1.9613340798644745,2.436402063911985,0.0,0.0,0.0,0.0,0.0,4.176121133255873,0.0,4.272270822661786,0.0,0.0,0.0,0.0,13.323100443599806,0.0,0.0,0.0
CHEMBL4176600,0.0,0.4844664115646258,0.0,13.89861223422641,0.0,0.0,0.0,2.0016438859494423,1.5978382464096752,0.0,0.0,0.0,3.229236583522298,0.0,8.064932829983334,0.0,1.6934462396069538,0.0,0.0,0.0,0.0,26.696490235403928,0.0,0.0,0.0
CHEMBL4176982,0.0,0.1994506515340897,0.0,31.376135079579488,-0.705777649545688,0.0,0.0,2.069092754546808,3.114224947900857,0.0,0.0,5.151087763515493,7.051401629488057,0.0,0.0,0.0,0.0,11.368587836610857,75.84267422128292,0.0,0.0,0.0,-8.280722143903489,0.0,0.0
CHEMBL419131,1.6138381571764508,1.6691165910808765,1.950822940287226,12.992335446907056,0.0,0.0,0.9434400982615272,3.593094162047535,0.0,0.0,0.0,0.0,0.0,0.0,3.985403148722503,0.0,0.0,0.0,12.549779856386998,5.202169599129826,0.0,0.0,0.0,0.0,0.0
CHEMBL419619,1.736152817991292,2.476292517006802,0.0,12.617786228689006,2.1426511715797427,0.0,0.0,6.422609638762914,0.0,0.0,0.0,0.0,0.0,0.0,4.130004273607719,0.0,0.0,0.0,0.0,5.461981292517007,0.0,0.0,0.0,0.0,3.595855393178851
CHEMBL4204862,0.0,0.0,0.0,18.794578425506003,0.0,0.0,0.0,3.488087154614933,2.3984084467120184,0.0,0.0,0.0,3.4182407407407407,0.0,0.0,0.0,0.0,0.0,0.0,0.0,0.0,0.0,0.0,0.0,3.484018565759637
CHEMBL4206988,3.172534522959168,0.0,3.785815381708239,11.963931493090044,0.0,0.0,0.0,3.243509072246898,0.0,0.0,0.0,0.0,0.0,0.0,0.0,0.0,0.0,0.0,10.584298282164651,10.413796505611254,0.0,0.0,0.0,0.0,0.0
CHEMBL4207348,4.133524363212175,3.3336898134156083,0.0,7.337309382086167,-0.4228083689850399,0.0,0.0318914369027114,3.5632204866074826,0.0,-0.079974243240664,0.0,0.0,0.0,0.0,4.1237867336128105,1.6735299752489508,0.0,9.5960831851956,24.97750734775599,0.0,5.482239888188211,0.0,0.0,0.0,0.0
CHEMBL4207850,0.0,0.0,0.0,15.123833105760417,0.0,2.141891061980348,0.0,2.735772339800118,2.07477418745276,0.0,0.0,0.0,3.3137566137566137,8.850691858546295,4.092614166036785,0.0,0.0,0.0,0.0,0.0,0.0,0.0,0.0,0.0,0.0
CHEMBL4207995,4.19323223733938,2.0185594608213653,0.0,10.02529580813807,0.0,0.0,0.1652140022675741,3.3992063492063496,0.0,-0.0089547902494331,0.0,0.0,0.0,0.0,4.103084845049131,0.0,0.0,0.0,12.27328687956664,0.0,5.414408541194256,0.0,0.0,0.0,0.0
CHEMBL4209034,0.0,0.0,0.0,18.05329837490552,0.0,0.0,0.0,2.23425925925926,2.396024187452759,0.0,0.0,0.0,3.371851851851852,0.0,4.111232993197279,0.0,0.0,0.0,0.0,0.0,0.0,0.0,0.0,0.0,0.0
CHEMBL421018,8.890430091017889,7.383891500272949,1.993376716427312,0.0,1.942654950869236,0.0,2.2525114428487454,0.0,0.0,-0.0987813366087173,0.0,0.0,0.0,0.0,0.0,0.0,0.0,0.0,24.885916635172585,0.0,0.0,0.0,0.0,0.0,0.0
CHEMBL4210489,0.0,0.0,0.0,18.2607671957672,0.0,2.7858059334845047,0.0,3.0812500000000003,2.188107520786093,0.0,0.0,0.0,3.388888888888889,0.0,0.0,0.0,0.0,0.0,0.0,0.0,0.0,0.0,0.0,0.0,0.0
CHEMBL4211193,4.1205312721558975,1.7366635727855062,0.0,6.967585270219199,0.0,0.0,-0.3636482843188291,3.3966595653157707,0.0,-0.0680927608646764,5.222493693000963,0.0,0.0,0.0,4.074754083732259,0.0,0.0,0.0,23.42924587507393,0.0,5.400474379566641,0.0,0.0,0.0,0.0
CHEMBL421149,0.0,0.5173500094482236,0.0,15.788156760000197,0.0,2.082429374527589,0.0,1.1608678193499622,1.7995528365667262,0.0,0.0,0.0,0.0,9.3339417989418,4.017896506985612,0.0,1.884928193499622,0.0,12.792087112622829,0.0,5.964566326530612,0.0,0.0,0.0,0.0
CHEMBL4212612,5.819031113720868,1.9260991468314697,0.0,7.766011196145124,0.0,0.0,0.1444552574116071,4.073268519082463,0.0,-0.0294248315717473,0.0,0.0,0.0,0.0,4.112120338876292,0.0,0.0,0.0,12.353724419953677,5.144985058749038,5.43972978080121,0.0,0.0,0.0,0.0
CHEMBL4212655,2.044930555555556,0.0,0.0,14.855502470246336,0.0,0.0,0.0,3.376241181657849,1.7604686318972038,0.0,0.0,0.0,3.296233938019652,0.0,0.0,0.0,0.0,0.0,10.770870898915632,0.0,0.0,0.0,0.0,0.0,0.0
CHEMBL4212918,5.86569091280899,2.8665155341227537,0.0,7.233119094860166,0.0,0.0,-0.1151451193936128,3.4384858830158334,0.0,-0.092382388790551,0.0,0.0,0.0,0.0,4.126573959614323,3.206306509706998,0.0,0.0,37.06233591826967,0.0,5.491833029118765,0.0,0.0,0.0,0.0
CHEMBL4214618,5.775641374263135,1.9320527756212904,0.0,7.205283682917612,0.0,0.0,-0.0509444982059512,3.479516698312243,0.0,-0.082507653054294,0.0,0.0,0.0,0.0,4.1080804281337775,1.4744559011748763,0.0,8.933166518528934,24.68258788687499,0.0,5.459333552100057,0.0,0.0,0.0,0.0
CHEMBL421491,2.1850735386747293,8.322805715650459,1.895821050642479,0.0,0.3782735470731495,0.0,1.5191189531368106,0.0,0.0,-0.2230341789493573,0.0,0.0,0.0,0.0,0.0,0.0,0.0,20.69517644557823,12.893431594860166,0.0,0.0,0.0,0.0,0.0,0.0
CHEMBL421491,2.1850735386747293,8.322805715650459,1.895821050642479,0.0,0.3782735470731495,0.0,1.5191189531368106,0.0,0.0,-0.2230341789493573,0.0,0.0,0.0,0.0,0.0,0.0,0.0,20.69517644557823,12.893431594860166,0.0,0.0,0.0,0.0,0.0,0.0
CHEMBL4216885,1.96875,0.0,0.0,16.920240124567325,0.0,0.0,0.0,2.275613609641388,1.8750056689342407,0.0,0.0,0.0,0.0,0.0,0.0,0.0,2.0499924414210127,0.0,10.805084754210837,0.0,0.0,0.0,0.0,0.0,0.0
CHEMBL421829,0.0,0.6022422996976566,0.0,16.517581087601606,0.0,0.0,0.0,1.6902196712018145,2.3921780255312006,0.0,0.0,0.0,0.0,0.0,4.044810087232526,0.0,1.942326152683296,0.0,12.75430933484505,0.0,6.024010770975057,0.0,0.0,0.0,3.46639097537163
CHEMBL422093,0.0,4.126188516558887,0.0,16.30017913132331,0.2515123456790122,0.0,0.0,4.078776664986984,0.0,0.0,0.0,3.406855421180818,0.0,0.0,0.0,2.502952569916856,0.0,0.0,0.0,0.0,0.0,0.0,0.0,12.055757572576354,0.0
CHEMBL4224728,1.659146982867221,0.0,0.0,15.031251154782902,0.0,0.0,0.0,4.122053991349627,0.0,0.0,0.0,0.0,0.0,0.0,12.981125440917108,0.0,0.0,0.0,0.0,5.348086262282691,0.0,0.0,0.0,0.0,0.0
CHEMBL4224875,0.0,0.0,0.0,12.47926209372638,0.0,0.0,0.0,3.021472505668935,0.0,0.0,0.0,0.0,0.0,0.0,12.722398904006043,0.0,0.0,0.0,0.0,0.0,5.2720979780801205,0.0,0.0,0.0,0.0
CHEMBL4224993,1.655451264604403,0.0,0.0,15.065818102952845,0.0,0.0,0.0,4.30427106194738,0.0,0.0,0.0,0.0,0.0,0.0,12.959282085525771,0.0,0.0,0.0,0.0,5.141773552408924,0.0,0.0,0.0,0.0,0.0
CHEMBL4225257,0.0,0.0,0.0,14.828448282384068,0.0,0.0,0.0,4.060415616864031,0.0,0.0,0.0,0.0,0.0,0.0,12.895293489823914,0.0,0.0,0.0,0.0,0.0,0.0,0.0,0.0,5.969479232243181,0.0
CHEMBL4225521,0.0,0.0,0.0,14.703030990173849,0.0,0.0,0.0,3.189739229024944,0.0,0.0,0.0,0.0,0.0,0.0,17.08586262282691,0.0,0.0,0.0,0.0,0.0,0.0,0.0,0.0,0.0,0.0
CHEMBL4225998,0.0,0.0,0.0,17.92342492861342,0.0,0.0,0.0,3.72796427521626,2.54724279835391,0.0,0.0,0.0,0.0,0.0,13.127847379692616,0.0,0.0,0.0,0.0,0.0,0.0,0.0,0.0,0.0,0.0
CHEMBL422610,4.625647027201861,7.069096862013217,4.287324241023059,10.309228856373725,1.5543099413012826,0.0,0.6901564438276864,4.413750406798522,0.0,-0.1287053491014631,0.0,0.0,0.0,0.0,4.894016676114891,0.0,2.101701625094482,0.0,25.68347326935274,0.0,0.0,0.0,0.0,0.0,0.0
CHEMBL4227126,0.0,0.0,0.0,14.088058714073323,0.0,0.0,0.0,3.5004474970275847,0.0,0.0,0.0,0.0,0.0,0.0,12.826107751742672,0.0,0.0,9.248986991427016,0.0,0.0,0.0,0.0,0.0,0.0,0.0
CHEMBL4227385,0.0,0.0,0.0,14.154244981943396,0.0,0.0,0.0,3.0257761190896124,0.0,0.0,0.0,0.0,0.0,0.0,12.750531305114638,0.0,0.0,9.77715450995213,0.0,0.0,0.0,0.0,0.0,0.0,0.0
CHEMBL4227458,0.0,0.0,0.0,14.614787785867332,0.0,0.0,0.0,3.4800949546485267,0.0,0.0,0.0,0.0,0.0,0.0,16.864158264775146,0.0,0.0,0.0,0.0,0.0,0.0,0.0,0.0,0.0,0.0
CHEMBL4227725,0.0,0.0,0.0,13.44312526245066,0.0,0.0,0.0,3.7362873204837497,0.0,0.0,0.0,0.0,0.0,0.0,12.89459278155707,0.0,0.0,0.0,0.0,0.0,0.0,0.0,0.0,0.0,0.0
CHEMBL4227979,0.0,0.0,0.0,14.10922651929867,0.0,0.0,0.0,3.3265196418073417,0.0,0.0,0.0,0.0,0.0,0.0,12.796185122197029,0.0,0.0,9.449142979735512,0.0,0.0,0.0,0.0,0.0,0.0,0.0
CHEMBL4228031,2.002682350718065,0.0,0.0,15.292314814814814,0.0,0.0,0.0,3.153661554127825,2.068076131687243,0.0,0.0,0.0,0.0,0.0,17.73437956664147,0.0,2.055572562358277,0.0,0.0,0.0,0.0,0.0,0.0,0.0,0.0
CHEMBL4228236,1.9826655013857395,0.0,0.0,12.514700491307634,0.0,0.0,0.0,4.142800296044346,0.0,0.0,0.0,0.0,0.0,0.0,12.82675044091711,0.0,0.0,9.901598954396574,0.0,0.0,0.0,0.0,0.0,0.0,0.0
CHEMBL4228244,0.0,0.0,0.0,15.356015946502056,0.0,0.0,0.0,3.299075386327371,2.186131687242799,0.0,0.0,0.0,0.0,0.0,17.63636747291509,0.0,0.0,0.0,0.0,0.0,0.0,0.0,0.0,0.0,0.0
CHEMBL4228303,0.0,0.0,0.0,14.634547745023935,0.0,0.0,0.0,3.396831065759637,0.0,0.0,0.0,0.0,0.0,0.0,16.935031809019904,0.0,0.0,0.0,0.0,0.0,0.0,0.0,0.0,0.0,0.0
CHEMBL4228495,0.0,0.0,0.0,11.795308847597807,0.0,0.0,0.0,3.238119173595366,0.0,0.0,0.0,0.0,0.0,0.0,12.715982265334116,0.0,0.0,9.842956979087932,0.0,0.0,0.0,0.0,0.0,5.9303434297740445,0.0
CHEMBL422858,4.063420207971976,3.0096603001342355,0.0,9.82054051713278,0.0,0.0,0.0,3.609036376832644,0.0,0.0,0.0,0.0,0.0,0.0,3.869850634124173,0.0,0.0,0.0,0.0,5.596237244897958,5.197921385572901,0.0,0.0,0.0,0.0
CHEMBL4228753,1.656149192701772,0.0,0.0,15.061137676323463,0.0,0.0,0.0,4.228899360670194,0.0,0.0,0.0,0.0,0.0,0.0,12.967766124968506,0.0,0.0,0.0,0.0,5.218705666878015,0.0,0.0,0.0,0.0,0.0
CHEMBL4228819,0.0,0.0,0.0,17.10122842655581,0.0,0.0,0.0,3.0131494604014453,1.9453909465020576,0.0,0.0,0.0,0.0,0.0,12.955653502141596,0.0,0.0,0.0,0.0,0.0,5.806635015117158,0.0,0.0,0.0,0.0
CHEMBL4229012,0.0,0.0,0.0,14.8168718680888,0.0,0.0,0.0,3.916948328714202,0.0,0.0,0.0,0.0,0.0,0.0,12.885114638447972,0.0,0.0,0.0,0.0,0.0,0.0,0.0,0.0,6.147414056157442,0.0
CHEMBL4229074,1.583775798899807,0.0,0.0,12.003553797092758,0.0,0.0,0.0,3.4217881025867145,0.0,0.0,0.0,0.0,0.0,0.0,12.788454900478708,0.0,0.0,9.941564940791132,0.0,5.162594555766904,0.0,0.0,0.0,0.0,0.0
CHEMBL4229272,0.0,0.0,0.0,14.82681025233785,0.0,0.0,0.0,4.153527915408929,0.0,0.0,0.0,0.0,0.0,0.0,12.902434282354918,0.0,0.0,0.0,0.0,0.0,0.0,0.0,0.0,5.862425726391123,0.0
CHEMBL423096,2.1942520663759844,9.490460541692954,4.3559184460821365,0.0,1.0180942407827325,0.0,3.664758312983648,0.0,0.0,-0.0982650796774173,0.0,0.0,0.0,0.0,0.0,0.0,0.0,9.091959349566569,24.63630503927998,0.0,0.0,0.0,0.0,0.0,0.0
CHEMBL423613,1.814353616127606,3.7888063305875352,0.0,11.576061768651956,0.3310143980431677,0.0,-0.2583203420256987,3.115723831326736,0.0,0.0,0.0,0.0,0.0,0.0,4.238516518687876,0.0,2.2389593568909048,0.0,11.651894972495173,5.002989549214748,0.0,0.0,0.0,0.0,0.0
CHEMBL423772,8.035890594536202,3.926528250188965,5.689154935122197,0.0,1.3384594671201813,0.0,1.3366752280891452,0.0,0.0,-0.3846915942302846,0.0,0.0,0.0,0.0,0.0,0.0,0.0,0.0,23.978264322908537,5.079718796265063,0.0,0.0,0.0,0.0,0.0
CHEMBL424162,2.199876492454956,9.323295099261008,4.37405116213152,0.0,1.0348149197950782,2.7207386942763025,3.6997207335196616,0.0,0.0,-0.0786976053047476,0.0,0.0,0.0,0.0,0.0,0.0,0.0,0.0,24.647723839982,0.0,0.0,0.0,0.0,0.0,0.0
CHEMBL424185,3.1948564538048667,6.152963475284002,4.0577758093978336,0.0,0.7320971513605438,0.0,3.0471042625804543,0.0,0.0,-0.5150767930629041,0.0,0.0,0.0,0.0,0.0,0.0,0.0,0.0,47.48358058831634,5.084693418262367,0.0,0.0,-3.4879943659435004,0.0,0.0
CHEMBL424203,0.0,1.7291678476946333,1.9010648148148148,15.3084884154279,0.0,0.0,0.9952806122448984,2.8396602838666336,0.0,0.0,0.0,0.0,0.0,0.0,4.234640652557319,0.0,0.0,0.0,12.325030706727135,0.0,0.0,0.0,0.0,0.0,0.0
CHEMBL424414,1.942037037037037,0.0,0.0,9.400829554043838,0.0,0.0,0.0,1.0225462962962966,2.013518518518519,0.0,0.0,0.0,2.774953703703704,0.0,0.0,0.0,0.0,0.0,11.048707482993198,0.0,0.0,0.0,0.0,0.0,0.0
CHEMBL424556,0.0,1.7127265211640212,1.909675925925926,12.96921333386431,0.0,0.0,0.9818168934240368,2.9002312715209544,0.0,0.0,0.0,0.0,0.0,0.0,7.542894066194481,0.0,0.0,0.0,12.316775321239607,0.0,0.0,0.0,0.0,0.0,0.0
CHEMBL424960,0.0,1.9217457955404385,2.158152872260015,12.584149922314603,0.0,0.0,1.2835185185185187,3.300559702275973,0.0,0.0,0.0,0.0,0.0,0.0,3.997013932486064,0.0,0.0,0.0,0.0,0.0,0.0,13.08819258993772,0.0,0.0,0.0
CHEMBL425054,1.711101715377509,2.1437207105064244,2.2714351851851853,14.119667684975228,0.0,0.0,1.3843211451247166,4.876849568531117,0.0,0.0,0.0,0.0,0.0,0.0,4.063451700315878,0.0,0.0,0.0,0.0,5.26278562331728,0.0,0.0,0.0,0.0,0.0
CHEMBL425194,3.810985782028351,6.104787939867304,0.0,3.929480741370624,1.6952517951625088,0.0,0.4907718673889312,3.450371275825145,0.0,-0.0697663139329802,0.0,0.0,0.0,0.0,0.0,0.0,0.0,10.018875953541809,12.342390747213075,5.310183544868565,0.0,0.0,0.0,0.0,0.0
CHEMBL425323,2.0148424508692364,2.9159889997601938,2.2353021069538928,14.175301113111807,0.0,0.0,1.394489323507181,4.885656415343917,0.0,0.0,0.0,0.0,0.0,0.0,4.156579632822417,0.0,0.0,0.0,0.0,5.555173290964687,0.0,0.0,0.0,0.0,0.0
CHEMBL425670,7.364305893499443,1.2159317007811914,2.155984011928345,11.194492858348829,-0.3388571061140513,0.0,1.305809215222788,4.58636332680431,0.0,0.0,0.0,0.0,0.0,0.0,0.0,0.0,0.0,0.0,12.637943664380352,22.04469310181546,0.0,0.0,0.0,0.0,0.0
CHEMBL426541,1.0004946483490853,0.1336103237591335,0.0,21.326562665802488,0.0,0.0,0.0,3.0399613255768223,0.0,0.0,0.0,2.3073893209312653,0.0,0.0,0.0,0.0,0.0,0.0,34.04265195969986,5.674104780801209,0.0,0.0,-3.551835007992113,0.0,0.0
CHEMBL427247,0.0,0.6171759259259261,0.0,14.368469938901486,0.0,0.0,0.0,0.939675925925926,1.5795512093726387,0.0,0.0,0.0,0.0,0.0,3.982233481355505,0.0,1.9178703703703703,0.0,11.441191893424037,0.0,5.141039304610733,0.0,0.0,0.0,0.0
CHEMBL428780,0.0,0.8076088120433358,0.0,21.820168342793703,0.0,0.0,0.0,3.3234658184261363,0.0,0.0,0.0,0.0,0.0,0.0,8.521769120463205,0.0,2.0269879062736207,0.0,0.0,0.0,0.0,0.0,0.0,0.0,0.0
CHEMBL4288256,0.0,1.947700330142313,3.994289486430857,23.664917876458176,0.0,0.0,0.0,3.824883190387969,0.0,-4.903455495110225,0.0,0.0,0.0,0.0,4.067325819164065,3.348634326156028,1.97040002804146,0.0,26.10719456489342,3.876381004743787,0.0,37.687105031208056,-3.9708767755905865,6.329945057519117,0.0
CHEMBL4289930,1.624383158116214,4.735821014774491,0.0,18.95578130455831,-0.2209974132048129,0.0,0.1370848289902169,3.968189500907227,0.0,-1.0731236259371926,0.0,0.0,0.0,0.0,4.12755142360658,4.187166387443265,1.8964801273632184,0.0,11.55630107628176,18.752836172985297,0.0,0.0,0.0,12.65808159967098,0.0
CHEMBL4291002,1.73740352313765,3.544905772447218,4.133168525429728,19.88921194309722,0.0,0.0,-0.6654660363588023,5.065333440025235,0.0,0.0,0.0,2.618247438427906,0.0,0.0,4.0872399699509865,3.973083117303953,2.007554271357165,0.0,23.705841857583223,4.841936560299343,0.0,0.0,0.0,6.339317395076956,0.0
CHEMBL429788,4.529002052763049,6.864978340656447,4.164041398966994,6.826796120779707,1.2399537123797577,0.0,3.207034801734288,1.1907464190017407,0.0,-0.1963464847792497,0.0,0.0,0.0,0.0,0.0,0.0,0.0,0.0,36.08030508821832,0.0,0.0,0.0,0.0,0.0,0.0
CHEMBL430879,0.0,0.444042894935752,0.0,16.654420608285147,0.0,2.079164760515597,0.0,2.394364707729608,0.0,0.0,4.851726153239744,0.0,0.0,8.94049694802855,7.633431020505335,1.885608111300076,1.704498588015453,0.0,21.92652100439459,4.624628268048598,0.0,0.0,-4.05556973166511,0.0,0.0
CHEMBL431843,3.949248393801965,7.206789105104852,0.0,7.433583115542667,2.292511652809272,0.0,0.0420861678004533,0.9658132558578992,0.0,-0.7887860213529856,0.0,0.0,0.0,0.0,4.159293824011086,0.0,0.0,0.0,13.04297902494331,6.029814814814815,0.0,0.0,0.0,0.0,0.0
CHEMBL431859,4.309300293419837,0.8548586703199799,0.0,18.68512704694162,-0.0655319349962211,0.0,0.0,4.295499989870707,2.429517563198119,0.0,0.0,0.0,0.0,0.0,4.236970951961031,0.0,4.417446971844293,0.0,0.0,0.0,0.0,13.501982964392775,0.0,0.0,3.5848274830478566
CHEMBL432751,4.97914002792475,8.0328630041829,4.531383459630664,8.210150212517602,2.31695000839842,0.0,3.369792348238157,1.3211288100461085,0.0,0.5709090372260013,0.0,0.0,0.0,0.0,4.371313584361058,0.0,0.0,0.0,11.963036174141008,0.0,0.0,0.0,0.0,0.0,0.0
CHEMBL433728,0.0,2.680724678760393,0.0,15.90859720122617,2.596249999999999,0.0,0.0,4.813085789871505,0.0,0.0,0.0,0.0,0.0,0.0,0.0,0.0,0.0,0.0,0.0,0.0,0.0,0.0,0.0,0.0,0.0
CHEMBL433737,2.1498322450090126,3.015741641749037,0.0,11.29717377209531,0.0,0.0,0.0,2.7892542726967333,0.0,0.0,0.0,0.0,0.0,0.0,3.875757140436524,0.0,0.0,0.0,0.0,5.57490197467876,4.7973389533346245,0.0,0.0,0.0,0.0
CHEMBL436369,0.0,0.0,0.0,22.47408541194256,0.1376851851851845,0.0,0.0,4.629554988662132,0.0,0.0,0.0,0.0,0.0,0.0,4.17363882590073,0.0,2.117535903250189,0.0,0.0,0.0,0.0,0.0,0.0,0.0,6.9674996850592095
CHEMBL436515,2.433251265012178,0.8763333805744519,0.0,13.474199748030015,0.0,0.0,0.0,1.319933718086001,0.0,0.0,0.0,0.0,0.0,0.0,0.0,1.036285903250189,0.0,0.0,34.413580497109315,5.637649281934996,0.0,0.0,-3.505196068753744,0.0,0.0
CHEMBL437497,1.0215887188208617,3.852060893801965,0.0,3.851510770975057,-0.0165608465608471,0.0,0.0,0.3042342214663642,0.0,0.0,0.0,2.314457671957672,0.0,0.0,0.0,0.0,0.0,0.0,33.41493287824389,5.711759259259259,0.0,0.0,-3.4662424414210125,0.0,0.0
CHEMBL437731,0.0,0.5565367815706019,0.0,21.774440059103,0.0,0.0,0.0,2.23232312278804,1.3840352838666334,0.0,0.0,0.0,0.0,0.0,4.023193240671352,0.0,1.9053508177962544,0.0,11.869992161618242,5.794826388888889,5.3394165721844296,0.0,0.0,0.0,0.0
CHEMBL438549,1.734012139188907,2.4651369992441423,0.0,10.305143665490888,2.1607369614512466,0.0,0.0,5.267475592088688,0.0,0.0,0.0,0.0,3.273027762030738,0.0,4.149114068084126,0.0,0.0,0.0,0.0,5.312019479087931,0.0,0.0,0.0,0.0,0.0
CHEMBL438802,1.3869364659444026,0.0,0.0,19.21110135185081,0.0,0.0,-0.3164482365744994,2.7472132201646096,2.096802248677249,0.0,0.0,0.0,0.0,0.0,4.128325055509399,0.0,0.0,0.0,11.515046160082235,4.7310237343457935,0.0,0.0,0.0,0.0,0.0
CHEMBL439241,0.0,0.2865015589569164,0.0,18.53517404491385,-0.3630498866213154,0.0,0.069764739229025,2.265736803980852,1.989640705047452,0.0,0.0,0.0,0.0,0.0,0.0,0.0,0.0,9.63615030735792,12.455359504913076,6.124722222222222,0.0,0.0,0.0,0.0,0.0
CHEMBL439950,4.961283147518266,11.865613963949777,2.580375173217435,0.0,2.581877335810866,0.0,1.7982856198034771,0.0,0.0,0.7534227371504157,0.0,0.0,0.0,0.0,0.0,0.0,0.0,10.45914202254976,0.0,0.0,0.0,0.0,0.0,0.0,0.0
CHEMBL439950,4.961283147518266,11.865613963949777,2.580375173217435,0.0,2.581877335810866,0.0,1.7982856198034771,0.0,0.0,0.7534227371504157,0.0,0.0,0.0,0.0,0.0,0.0,0.0,10.45914202254976,0.0,0.0,0.0,0.0,0.0,0.0,0.0
CHEMBL44,0.0,0.0,0.0,9.66061025027295,0.0,0.0,0.0,0.3898361383886279,0.1142623561770392,0.0,0.0,0.0,0.0,0.0,0.0,0.0,0.0,28.407303018199933,12.381821145124716,0.0,5.287426540060468,0.0,0.0,0.0,0.0
CHEMBL440691,2.336705483119174,11.093775812022342,2.451625173217435,0.0,2.0180073433694456,0.0,1.5830078420256994,0.0,0.0,0.267595072751323,0.0,0.0,0.0,0.0,0.0,0.0,0.0,20.749283273494584,0.0,0.0,0.0,0.0,0.0,0.0,0.0
CHEMBL440691,2.336705483119174,11.093775812022342,2.451625173217435,0.0,2.0180073433694456,0.0,1.5830078420256994,0.0,0.0,0.267595072751323,0.0,0.0,0.0,0.0,0.0,0.0,0.0,20.749283273494584,0.0,0.0,0.0,0.0,0.0,0.0,0.0
CHEMBL440832,6.886863758110376,10.23826542053792,6.010684208868733,0.0,2.3360268119593512,0.0,2.1043770001559965,0.0,0.0,-0.0400903486394557,0.0,0.0,0.0,0.0,0.0,0.0,0.0,0.0,24.79720648234041,0.0,0.0,0.0,0.0,0.0,0.0
CHEMBL440832,6.886863758110376,10.23826542053792,6.010684208868733,0.0,2.3360268119593512,0.0,2.1043770001559965,0.0,0.0,-0.0400903486394557,0.0,0.0,0.0,0.0,0.0,0.0,0.0,0.0,24.79720648234041,0.0,0.0,0.0,0.0,0.0,0.0
CHEMBL440930,0.0,2.6064911659108088,0.0,17.17302776203074,2.366296296296296,0.0,0.0,4.594394841269842,0.0,0.0,0.0,0.0,0.0,0.0,4.259789934492315,0.0,0.0,0.0,0.0,0.0,0.0,0.0,0.0,0.0,0.0
CHEMBL441260,3.956792800453515,1.6916203703703705,1.6813473167044597,0.0,-0.2106018518518526,0.0,3.3556122448979613,0.0,0.0,0.0,0.0,0.0,0.0,0.0,0.0,0.0,0.0,0.0,23.7053585600907,5.472824074074074,0.0,0.0,0.0,0.0,0.0
CHEMBL441367,0.0,0.8444135802469135,0.0,13.338724472299209,0.0,0.0,0.0,1.9970195578231296,0.0,0.0,0.0,0.0,0.0,0.0,3.972793349850228,0.0,2.017101284958428,0.0,0.0,0.0,0.0,0.0,0.0,5.774392199266537,0.0
CHEMBL441404,2.171247894972192,6.327400609935332,0.0,7.226250629881582,0.0,0.0,-0.3012150153271178,0.9805541383219956,0.0,-0.5510005668934241,0.0,2.5113074766943813,0.0,0.0,4.022392942905659,0.0,0.0,0.0,23.8630618895094,0.0,0.0,0.0,0.0,0.0,0.0
CHEMBL442262,1.631169742588393,0.6604062736205591,1.927072940287226,12.827684030402285,0.0,0.0,0.9202947845804994,3.5977726599899227,0.0,0.0,0.0,0.0,0.0,0.0,3.970419292908472,0.0,0.0,0.0,12.275996315192742,5.189183960429902,0.0,0.0,0.0,0.0,0.0
CHEMBL442373,0.0,0.4913777872260014,0.0,15.759719574940984,0.0,2.0961793745275887,0.0,1.1608678193499622,1.7995528365667264,0.0,0.0,0.0,0.0,9.318904006046864,4.013548355688056,0.0,1.8704875283446711,0.0,12.911133314436883,0.0,5.861502267573696,0.0,0.0,0.0,0.0
CHEMBL442542,4.521958586196952,6.763601320689314,2.377306783824641,0.0,1.0319784143081097,0.0,4.546502846158106,0.0,0.0,-0.1228813932980597,0.0,0.0,0.0,0.0,0.0,0.0,0.0,0.0,24.862828621628225,0.0,0.0,0.0,0.0,5.945952776002079,0.0
CHEMBL442542,4.521958586196952,6.763601320689314,2.377306783824641,0.0,1.0319784143081097,0.0,4.546502846158106,0.0,0.0,-0.1228813932980597,0.0,0.0,0.0,0.0,0.0,0.0,0.0,0.0,24.862828621628225,0.0,0.0,0.0,0.0,5.945952776002079,0.0
CHEMBL442813,3.451158929621231,0.6606148431594859,0.0,6.7996168351599895,-0.2675609410430841,0.0,0.0,1.7152305366591083,1.3805479969765688,-0.896783903376166,0.0,0.0,0.0,0.0,0.0,0.0,0.0,9.97261020303183,11.159720411312671,5.70728552532124,5.109703089569161,0.0,0.0,0.0,0.0
CHEMBL443066,2.5846561109011503,0.2654037033393093,0.0,23.27036704165433,0.0,0.0,-0.260345353291556,2.719550050468612,0.0,0.0,0.0,2.814774581128748,0.0,0.0,0.0,1.1489323507180649,0.0,0.0,36.43751416163812,5.910037320483749,0.0,0.0,-3.474223300373868,0.0,0.0
CHEMBL443530,3.866023755168325,11.09516443846057,2.458843616150164,0.0,1.8817844545225488,0.0,1.4368118412488455,0.0,0.0,0.223594261778786,0.0,0.0,0.0,0.0,0.0,0.0,0.0,10.56594544184371,11.519457064850732,5.619041792642983,0.0,0.0,0.0,0.0,0.0
CHEMBL4436270,14.922982902380031,0.2025473040200682,0.0,11.241824719058666,0.0,0.0,0.0,8.828412927244932,0.0,0.0,0.0,5.428113914821617,0.0,0.0,0.0,0.0,0.0,0.0,52.66637027765775,0.0,0.0,0.0,-7.456918711849713,0.0,0.0
CHEMBL4436270,14.922982902380031,0.2025473040200682,0.0,11.241824719058666,0.0,0.0,0.0,8.828412927244932,0.0,0.0,0.0,5.428113914821617,0.0,0.0,0.0,0.0,0.0,0.0,52.66637027765775,0.0,0.0,0.0,-7.456918711849713,0.0,0.0
CHEMBL4437198,4.031618094641183,0.9086144615865936,0.0,12.553161246920784,0.1184441924918113,0.0,0.0,4.045397477836152,0.0,0.0,0.0,6.533641030486269,0.0,0.0,13.290915507285456,0.0,0.0,9.557819876716811,0.0,0.0,0.0,0.0,0.0,0.0,0.0
CHEMBL4437348,0.0,0.7072496220710508,2.1914814814814814,24.25769258629377,0.0,0.0,1.2104629629629633,2.3873346560846564,0.0,0.0,0.0,0.0,0.0,0.0,7.91068609851348,0.0,1.8350925925925925,0.0,0.0,0.0,0.0,0.0,0.0,0.0,0.0
CHEMBL4439561,0.0,-0.2847317159952445,0.0,15.657448716724506,0.0,0.0,0.0,-0.2138403124410508,0.0,0.0,0.0,4.6941639772577926,0.0,0.0,0.0,0.0,0.0,0.0,71.6812410141522,0.0,0.0,0.0,-8.062044920417481,0.0,0.0
CHEMBL4439561,0.0,-0.2847317159952445,0.0,15.657448716724506,0.0,0.0,0.0,-0.2138403124410508,0.0,0.0,0.0,4.6941639772577926,0.0,0.0,0.0,0.0,0.0,0.0,71.6812410141522,0.0,0.0,0.0,-8.062044920417481,0.0,0.0
CHEMBL4439573,0.0,0.7286680366591081,0.0,3.651845815486688,-0.1007860922146639,0.0,0.0,-3.651804322037456,0.3436621315192747,-4.69316586356765,0.0,0.0,0.0,0.0,11.060223607961705,0.0,1.5057407407407406,0.0,0.0,0.0,0.0,66.67694790879315,0.0,0.0,0.0
CHEMBL444068,13.443136154153017,6.13573719510087,0.0,7.384880121818756,2.023953317814473,0.0,-0.1158723072562353,0.9185680823255228,0.0,-0.3319703457216981,0.0,0.0,0.0,0.0,4.196626596958036,0.0,0.0,0.0,13.283988331443688,6.394286186696901,0.0,0.0,0.0,0.0,0.0
CHEMBL4441579,0.0,0.6292250094482238,2.1123481985386747,19.001120362533,0.0,0.0,1.115267699672462,3.612160417477879,0.0,0.0,0.0,0.0,0.0,0.0,7.882335838052529,0.0,1.788054435766076,0.0,0.0,0.0,0.0,0.0,0.0,11.91504359406671,0.0
CHEMBL4444996,0.0,0.0248941488528986,0.0,17.974904473434297,0.0,3.861810430395863,0.0,2.1115414783650213,0.0,0.0,0.0,4.979180123444644,0.0,17.63978539865761,0.0,0.0,0.0,0.0,49.77617189570799,0.0,0.0,0.0,-7.53495461552498,0.0,0.0
CHEMBL4444996,0.0,0.0248941488528986,0.0,17.974904473434297,0.0,3.861810430395863,0.0,2.1115414783650213,0.0,0.0,0.0,4.979180123444644,0.0,17.63978539865761,0.0,0.0,0.0,0.0,49.77617189570799,0.0,0.0,0.0,-7.53495461552498,0.0,0.0
CHEMBL4446561,0.0,0.0,0.0,17.26952145009037,0.0,0.0,0.0,1.2923288806082076,0.0,0.0,0.0,4.808551785115638,0.0,0.0,0.0,0.0,0.0,0.0,49.82980119410945,0.0,0.0,0.0,-7.696006519317754,11.55135876494964,0.0
CHEMBL4446561,0.0,0.0,0.0,17.26952145009037,0.0,0.0,0.0,1.2923288806082076,0.0,0.0,0.0,4.808551785115638,0.0,0.0,0.0,0.0,0.0,0.0,49.82980119410945,0.0,0.0,0.0,-7.696006519317754,11.55135876494964,0.0
CHEMBL4448018,0.0,0.0971055574816395,0.0,18.968631406445454,0.0,0.0,0.0,2.22964583075285,0.0,0.0,11.291816707829527,5.029130902884059,0.0,0.0,0.0,0.0,0.0,0.0,49.66264090162068,0.0,0.0,0.0,-7.445637973680865,0.0,0.0
CHEMBL4448018,0.0,0.0971055574816395,0.0,18.968631406445454,0.0,0.0,0.0,2.22964583075285,0.0,0.0,11.291816707829527,5.029130902884059,0.0,0.0,0.0,0.0,0.0,0.0,49.66264090162068,0.0,0.0,0.0,-7.445637973680865,0.0,0.0
CHEMBL444844,2.0482610544217685,2.670280612244897,0.0,7.114060846560847,0.0,0.0,-0.3355702003023426,0.9577314814814816,0.0,-0.55,0.0,2.4552125850340136,0.0,0.0,3.972797461577224,0.0,0.0,0.0,23.41722615898211,0.0,0.0,0.0,0.0,0.0,0.0
CHEMBL4449929,3.7825255781879017,0.2118291422782767,0.0,20.35193879460522,0.0,0.0,0.0,3.8380995934953104,0.0,0.0,0.0,5.15059473218755,0.0,0.0,0.0,0.0,0.0,0.0,49.74775211112749,0.0,0.0,0.0,-7.249406618548412,0.0,0.0
CHEMBL4449929,3.7825255781879017,0.2118291422782767,0.0,20.35193879460522,0.0,0.0,0.0,3.8380995934953104,0.0,0.0,0.0,5.15059473218755,0.0,0.0,0.0,0.0,0.0,0.0,49.74775211112749,0.0,0.0,0.0,-7.249406618548412,0.0,0.0
CHEMBL4450923,0.0,0.6782701483371126,2.177934618291761,20.1232711351299,0.0,0.0,1.1808541194255482,4.466637288460431,0.0,0.0,0.0,0.0,0.0,0.0,7.937610753310609,0.0,1.826125637755102,0.0,0.0,0.0,0.0,0.0,0.0,0.0,6.942629632622868
CHEMBL4451577,8.28388637433204,2.534410787641758,6.202383498911502,8.857020516527191,0.0,0.0,1.2203409234063998,5.402693822740045,0.0,-0.2234054445801381,0.0,0.0,0.0,0.0,0.0,0.0,0.0,20.15922707827276,0.0,6.146775776081782,0.0,0.0,0.0,0.0,0.0
CHEMBL4451962,7.326092765810028,9.858126981502476,2.5732378275384225,0.0,3.105765306122448,0.0,2.3506599846728817,0.0,0.0,0.4901442035147394,0.0,0.0,0.0,0.0,0.0,0.0,0.0,0.0,12.462639597505667,0.0,0.0,0.0,0.0,0.0,0.0
CHEMBL4453517,0.0,0.6292250094482238,2.1123481985386747,19.001120362533,0.0,0.0,1.115267699672462,3.612160417477879,0.0,0.0,0.0,0.0,0.0,0.0,7.882335838052529,0.0,1.788054435766076,0.0,0.0,0.0,0.0,0.0,0.0,11.91504359406671,0.0
CHEMBL445362,2.22851361069119,8.847314552364157,1.947960049760645,0.0,1.8883920697908787,0.0,2.200473369131604,0.0,0.0,0.094806035840262,0.0,0.0,0.0,0.0,0.0,0.0,0.0,0.0,24.27549056402396,0.0,0.0,0.0,0.0,0.0,0.0
CHEMBL4453737,0.0,1.1620742350438116,0.0,6.554968384673021,0.0,0.0,-0.1099570105820102,1.8823657428165783,0.0,0.0,0.0,2.723746378180902,2.6218930563884566,0.0,0.0,0.0,0.0,9.294147236387705,22.58868022376961,0.0,0.0,0.0,0.0,5.789544569015017,0.0
CHEMBL4454152,0.0,0.6782701483371126,2.177934618291761,20.1232711351299,0.0,0.0,1.1808541194255482,4.466637288460431,0.0,0.0,0.0,0.0,0.0,0.0,7.937610753310609,0.0,1.826125637755102,0.0,0.0,0.0,0.0,0.0,0.0,0.0,6.942629632622868
CHEMBL4454530,0.0,0.7072496220710508,2.1914814814814814,24.25769258629377,0.0,0.0,1.2104629629629633,2.3873346560846564,0.0,0.0,0.0,0.0,0.0,0.0,7.91068609851348,0.0,1.8350925925925925,0.0,0.0,0.0,0.0,0.0,0.0,0.0,0.0
CHEMBL4454575,4.46822528239691,6.768596125178466,1.9815086451247168,0.0,1.842011999244142,0.0,1.4336172393340063,0.0,0.0,-0.2242135141093468,0.0,0.0,0.0,0.0,0.0,0.0,0.0,10.544684206244227,24.732469188292605,0.0,0.0,0.0,0.0,0.0,0.0
CHEMBL4460718,0.0,0.1165359324017334,0.0,18.6750239391989,0.0,0.0,0.0,2.494837568078404,0.0,0.0,0.0,5.039443368288932,0.0,0.0,0.0,0.0,0.0,0.0,49.53788564602293,0.0,0.0,0.0,-7.388232519279076,11.580061620843736,0.0
CHEMBL4460718,0.0,0.1165359324017334,0.0,18.6750239391989,0.0,0.0,0.0,2.494837568078404,0.0,0.0,0.0,5.039443368288932,0.0,0.0,0.0,0.0,0.0,0.0,49.53788564602293,0.0,0.0,0.0,-7.388232519279076,11.580061620843736,0.0
CHEMBL446083,1.8373737087427564,1.4232160966238347,0.0,13.84680998207874,0.0,0.0,0.1913220164609055,4.529440192743765,0.0,0.0,0.0,0.0,0.0,0.0,4.135599621021248,1.7419212962962962,0.0,0.0,11.627650419365787,0.0,0.0,0.0,0.0,0.0,0.0
CHEMBL4460869,7.35858405244814,8.476484814604856,0.0,0.0,5.066821840618962,0.0,0.5741796579743013,0.0,0.0,0.5042994142101289,0.0,0.0,0.0,0.0,0.0,0.0,0.0,0.0,12.487600964768625,6.03202925537499,0.0,0.0,0.0,0.0,0.0
CHEMBL4462178,0.0,0.1675094181681342,0.0,32.33836305192131,0.0,0.0,0.0,1.837531389233612,3.6321530890575966,0.0,0.0,5.264545626794662,0.0,0.0,0.0,0.0,0.0,0.0,51.354248516889,0.0,0.0,0.0,-7.42768442539765,0.0,0.0
CHEMBL4462178,0.0,0.1675094181681342,0.0,32.33836305192131,0.0,0.0,0.0,1.837531389233612,3.6321530890575966,0.0,0.0,5.264545626794662,0.0,0.0,0.0,0.0,0.0,0.0,51.354248516889,0.0,0.0,0.0,-7.42768442539765,0.0,0.0
CHEMBL4464506,0.0,1.0801310941043087,0.0,19.157312644065893,0.0,0.0,0.0,1.916764211985172,2.217037066752525,0.0,0.0,2.66879511526833,3.198411750119903,0.0,0.0,0.0,0.0,0.0,24.14621299445704,0.0,0.0,0.0,-3.301331543419837,0.0,0.0
CHEMBL4465348,0.0,0.0748299319727892,0.0,13.163575779612938,0.0,2.028279986853045,0.0,0.5017258713308523,0.0,0.0,4.779352759437779,0.0,0.0,8.927301355742047,7.490786462682205,1.666441444633409,1.5511652546821195,0.0,21.904223196382496,4.465461601381931,0.0,14.43585201287943,-4.238995657591037,0.0,0.0
CHEMBL4465694,8.085352423714756,1.1776175778953557,7.9754101856536925,8.335181524757644,0.0,0.0,2.336643780969178,3.748297797514069,0.0,0.0,0.0,0.0,0.0,0.0,0.0,0.0,0.0,30.34149670949531,0.0,0.0,0.0,0.0,0.0,0.0,0.0
CHEMBL446706,0.0,0.0,0.0,17.630708594945304,-0.2598985890652556,0.0,0.0,2.5179795442051947,1.537923770331178,0.0,0.0,0.0,0.0,0.0,8.26647946935976,0.0,1.7230243764172335,9.60743194025391,0.0,0.0,5.937866354875284,0.0,0.0,5.982928983121834,0.0
CHEMBL4468397,0.0,0.6632208994708995,2.1576568405139835,21.61085521738029,0.0,0.0,1.1558950617283954,3.013782701352147,0.0,0.0,0.0,0.0,0.0,0.0,7.895181125948321,0.0,1.808909202569917,0.0,0.0,0.0,0.0,0.0,0.0,5.972276728813825,0.0
CHEMBL4468497,4.470860706937096,6.882499658814143,1.9232139707734943,0.0,1.697181122448978,0.0,1.4386770255941896,0.0,0.0,-0.2305968521667925,0.0,0.0,0.0,0.0,0.0,0.0,0.0,10.647262154090033,24.75875721739313,0.0,0.0,0.0,0.0,0.0,0.0
CHEMBL4468933,0.0,0.6909986772486773,2.185434618291761,22.185956950196665,0.0,0.0,1.193703703703704,3.4297722846854803,0.0,0.0,0.0,0.0,0.0,0.0,7.925596077937348,0.0,1.830176563681028,0.0,0.0,0.0,0.0,0.0,0.0,0.0,3.475027790922001
CHEMBL4474808,0.0,2.51764368804863,0.0,5.685391773980789,-0.7184352973665751,0.0,0.0,0.304193817946525,0.9584355578651218,0.0,5.778718650751965,0.0,0.0,0.0,4.434108560090703,2.0467824074074072,0.0,19.810325537507627,0.0,0.0,0.0,13.18283530376781,0.0,0.0,0.0
CHEMBL448463,3.936232734217041,3.204312799193751,3.589301204080245,6.37491228898967,0.2405077370454353,0.0,2.9097869425548,3.701557277231881,0.0,0.0,0.0,0.0,0.0,0.0,0.0,0.0,0.0,0.0,0.0,5.297369922512418,0.0,0.0,0.0,0.0,0.0
CHEMBL449065,8.283650478710001,0.0,0.0,3.2954166666666667,0.0,0.0,0.0,2.586202758881331,1.5193981481481489,0.0,0.0,0.0,0.0,0.0,0.0,0.0,1.5447685185185185,0.0,11.911390857268833,16.113320814436886,0.0,0.0,0.0,0.0,0.0
CHEMBL45,3.183584830907161,1.464527825018897,0.0,7.910076976778365,0.0,0.0,0.0022424309229867,2.032895460653397,2.2345620748299324,0.0,0.0,2.793024927563618,3.209340513983371,0.0,0.0,0.0,0.0,0.0,10.797336554622358,5.205741738053246,0.0,0.0,0.0,0.0,0.0
CHEMBL450666,3.148333333333333,0.0,2.4361999244142103,1.364259259259259,0.0,0.0,-0.522592592592592,1.0767592592592596,0.0,0.0,0.0,0.0,0.0,0.0,0.0,0.0,1.2143518518518517,0.0,34.557966742252454,0.0,0.0,0.0,0.0,0.0,0.0
CHEMBL45068,0.0,0.509464521919879,0.0,8.448345356610147,0.0,0.0,-0.4230787037037034,-0.3927008272444761,0.0,0.0,0.0,0.0,0.0,0.0,0.0,0.0,0.0,37.537754547857816,11.986881771227008,0.0,0.0,0.0,0.0,0.0,0.0
CHEMBL451168,0.0,0.1408635676492817,0.0,8.6411963164768,-0.5525000000000004,0.0,-0.0936900037792891,0.8643024586377781,0.0,0.0,0.0,0.0,0.0,0.0,0.0,0.0,0.0,28.250427465752143,12.05889282564878,5.690507369614512,0.0,0.0,0.0,0.0,0.0
CHEMBL451201,0.0,0.0,0.0,20.98626220389661,-0.3786120559334853,2.103811252513453,0.0,1.9580238964145,1.096499885562837,0.0,0.0,0.0,0.0,9.000372422316381,4.097772266313933,0.0,1.8496107331821616,0.0,13.015440287226005,0.0,5.682939736079617,0.0,0.0,0.0,0.0
CHEMBL4514474,0.0,0.0617172146636431,0.0,12.005118688647276,0.0,0.0,0.0,0.263809976699588,0.0,-4.450607150752353,0.0,0.0,0.0,0.0,7.413155470521542,1.5872751322751322,1.4800283446712017,0.0,10.984278549446888,0.0,0.0,38.897331646666686,0.0,0.0,3.1448654699610685
CHEMBL4514728,4.654201756319813,7.912313765012177,4.008581427941547,0.0,2.319919217687074,0.0,2.232444845993954,0.0,0.0,0.0966571397077351,0.0,0.0,0.0,0.0,0.0,0.0,0.0,0.0,24.64510495401864,0.0,0.0,0.0,0.0,0.0,0.0
CHEMBL451532,1.4277355363559248,-0.7829390723473033,0.0,8.495458879108185,-15.953656787530456,0.0,-0.4021386825422712,-0.0159365010666245,0.0,0.0,0.0,0.0,0.0,0.0,0.0,0.0,0.0,81.64505804248124,12.860238344459054,28.55951357441559,0.0,0.0,0.0,0.0,0.0
CHEMBL4515706,9.549507038920265,1.1186586706409938,7.828483360541441,6.564261416560298,0.0,0.0,2.302462552329908,3.690263271197166,0.0,0.0,0.0,0.0,0.0,0.0,0.0,0.0,0.0,31.02505072802512,0.0,5.087979628451483,0.0,0.0,0.0,0.0,0.0
CHEMBL4515880,4.4151188639035865,5.995414672041656,1.7341174571680524,0.0,0.9099371693121692,0.0,1.5929141602628716,0.0,0.0,-0.188331876732174,0.0,0.0,0.0,0.0,0.0,0.0,0.0,10.690639644746788,24.183523242630383,0.0,0.0,0.0,0.0,0.0,0.0
CHEMBL4516755,1.919637801171892,0.0,0.0,15.930022585939792,0.0,0.0,0.0,1.8258914772163333,1.9420277649372168,0.0,0.0,2.588167044595616,3.0581214289358227,0.0,0.0,0.0,0.0,0.0,24.53183106575964,0.0,0.0,0.0,-3.5456991685563115,0.0,0.0
CHEMBL4517318,2.1851108329134123,7.39151255563954,1.836848938649534,0.0,1.526509353741496,0.0,1.9062989864155544,0.0,0.0,-0.2705252818720081,0.0,0.0,0.0,0.0,0.0,0.0,0.0,10.239736945704207,24.184507668808266,0.0,0.0,0.0,0.0,0.0,0.0
CHEMBL4517895,9.771339806105594,2.451756041527416,6.070680290437009,7.044896704626142,0.0,0.0,1.2032503090867643,5.385863000126847,0.0,-0.246405068305286,0.0,0.0,0.0,0.0,0.0,0.0,0.0,20.79598355488507,0.0,11.272635361510444,0.0,0.0,0.0,0.0,0.0
CHEMBL4517937,9.449239331865456,1.093195707678031,6.102963401212183,9.47185091223511,-0.6213123682541075,0.0,1.184835872209575,5.341786311957445,0.0,-0.6965933144026233,0.0,0.0,0.0,0.0,0.0,0.0,0.0,21.331682896153914,0.0,11.259017916011686,0.0,0.0,0.0,0.0,0.0
CHEMBL4520027,4.4151188639035865,5.995414672041656,1.7341174571680524,0.0,0.9099371693121692,0.0,1.5929141602628716,0.0,0.0,-0.188331876732174,0.0,0.0,0.0,0.0,0.0,0.0,0.0,10.690639644746788,24.183523242630383,0.0,0.0,0.0,0.0,0.0,0.0
CHEMBL4520056,4.851814925044092,10.853420821260604,4.71247409611993,0.0,2.9332955404383965,0.0,2.327947662089528,0.0,0.0,0.4106656273620561,0.0,0.0,0.0,0.0,0.0,0.0,0.0,0.0,12.547036407155456,0.0,0.0,0.0,0.0,0.0,0.0
CHEMBL452018,0.0,1.5155288380784415,0.0,22.8011195805873,0.0,0.0,0.0,2.133293110709237,2.426159244562023,0.0,0.0,0.0,0.0,0.0,4.1018440516793895,0.0,4.276627319890308,0.0,0.0,0.0,0.0,13.078761187826636,0.0,0.0,0.0
CHEMBL4520995,0.0,0.5725505479969764,0.0,17.487838945699693,0.0,0.0,0.0,2.951021064832168,0.0,0.0,0.0,0.0,0.0,0.0,7.651341437809692,1.923575207860922,1.7392969340513984,0.0,10.795974062720198,0.0,0.0,0.0,0.0,0.0,3.41416019176415
CHEMBL4526477,0.0,0.7072496220710508,2.1914814814814814,23.979914808516003,0.0,0.0,1.2104629629629633,2.3873346560846564,0.0,0.0,0.0,0.0,0.0,0.0,8.188463876291259,0.0,1.8350925925925925,0.0,0.0,0.0,0.0,0.0,0.0,0.0,0.0
CHEMBL4526798,0.0,0.1948691421012847,0.0,12.009525227408073,0.0,0.0,0.0,0.6027834030063923,0.0,-4.40702932826091,0.0,0.0,0.0,0.0,7.454825495689041,1.6637707860922146,1.5330122118291762,0.0,10.980377013249525,0.0,0.0,38.179547769365655,0.0,0.0,3.162270560428028
CHEMBL4527809,0.0,0.1102842678710906,0.0,17.99558737191491,0.0,3.86504406542042,0.0,2.2510993166760427,0.0,0.0,0.0,4.981000909369138,0.0,17.604598425909067,0.0,0.0,0.0,0.0,49.48583872670649,0.0,0.0,0.0,-7.460119750533821,0.0,0.0
CHEMBL4527809,0.0,0.1102842678710906,0.0,17.99558737191491,0.0,3.86504406542042,0.0,2.2510993166760427,0.0,0.0,0.0,4.981000909369138,0.0,17.604598425909067,0.0,0.0,0.0,0.0,49.48583872670649,0.0,0.0,0.0,-7.460119750533821,0.0,0.0
CHEMBL4531367,3.0115978922876767,0.1258579701692841,0.0,19.160446660500728,0.0,0.0,0.0,2.775336797812044,0.0,0.0,0.0,5.0923458039180165,0.0,0.0,0.0,0.0,0.0,0.0,49.98926146486899,10.080380134811785,0.0,0.0,-7.401893391035184,0.0,0.0
CHEMBL4531367,3.0115978922876767,0.1258579701692841,0.0,19.160446660500728,0.0,0.0,0.0,2.775336797812044,0.0,0.0,0.0,5.0923458039180165,0.0,0.0,0.0,0.0,0.0,0.0,49.98926146486899,10.080380134811785,0.0,0.0,-7.401893391035184,0.0,0.0
CHEMBL453233,6.795049603174603,0.0,0.0,5.401143235071806,0.0,0.0,0.0,2.15088246409675,1.751481481481482,0.0,0.0,0.0,0.0,0.0,0.0,0.0,1.5731018518518518,0.0,11.78817224111867,10.594286659108086,0.0,0.0,0.0,0.0,0.0
CHEMBL453417,3.506385109599395,0.0,0.0,7.286801776266062,0.0,0.0,0.0,1.6582870370370375,1.7814351851851855,0.0,0.0,0.0,2.769490740740741,0.0,0.0,0.0,0.0,0.0,11.261303854875283,5.167314814814815,0.0,0.0,0.0,0.0,0.0
CHEMBL453448,0.0,2.552278439153439,0.0,11.811239242559587,0.0,0.0,0.0,2.4889501973628967,0.0,0.0,0.0,0.0,0.0,0.0,0.0,0.0,0.0,27.98086545425741,0.0,0.0,0.0,0.0,0.0,0.0,0.0
CHEMBL4536389,0.0,-0.0590041910550565,0.0,15.585970258187258,0.0,0.0,0.0,0.020407521257783,0.0,0.0,0.0,4.834690855844112,0.0,0.0,0.0,0.0,0.0,0.0,49.15128952609348,0.0,0.0,25.943943804683435,-7.643964441677666,0.0,0.0
CHEMBL4536389,0.0,-0.0590041910550565,0.0,15.585970258187258,0.0,0.0,0.0,0.020407521257783,0.0,0.0,0.0,4.834690855844112,0.0,0.0,0.0,0.0,0.0,0.0,49.15128952609348,0.0,0.0,25.943943804683435,-7.643964441677666,0.0,0.0
CHEMBL4536893,0.0,0.5725505479969764,0.0,17.951091365494776,0.0,0.0,0.0,2.3241728605022263,0.0,0.0,0.0,0.0,0.0,0.0,7.659528927311666,1.920455404383976,1.736712962962963,0.0,10.959344652244637,0.0,0.0,0.0,0.0,0.0,3.2559155328798184
CHEMBL453736,0.0,0.0,0.0,15.77184590734442,-0.1878306878306883,2.108889688387344,0.0,3.319100456655472,0.0,0.0,0.0,0.0,0.0,8.92348897525034,8.232957254661123,0.0,1.7363114134542703,9.677234387786337,0.0,0.0,0.0,0.0,0.0,0.0,3.3346692709580514
CHEMBL4537791,0.0,-0.0287559051398336,0.0,18.28042717575501,0.0,0.0,0.0,1.3432903964054763,1.9591837446130385,0.0,0.0,2.607009637188209,3.0722080464162,0.0,0.0,0.0,0.0,0.0,24.24957719198791,0.0,0.0,0.0,-3.399606953892668,0.0,0.0
CHEMBL4540847,0.0,0.8314965986394558,0.0,21.07777893256068,0.1110704837490543,0.0,0.0,3.166884395733604,0.0,0.0,0.0,0.0,0.0,0.0,4.158394116906022,0.0,2.0916080876795164,9.762738095238095,0.0,6.133362622826908,0.0,0.0,0.0,0.0,0.0
CHEMBL454226,6.476751385739481,0.0,0.0,3.356795162509448,0.0,0.0,0.0,2.353150037792896,1.4761574074074075,0.0,0.0,0.0,2.759972600151172,0.0,0.0,0.0,0.0,0.0,11.543335301713276,15.875949310279667,0.0,0.0,0.0,0.0,0.0
CHEMBL4543747,2.972709532625065,0.0,0.0,17.769741577797273,0.0,0.0,0.0,1.5780583064478562,0.0,0.0,0.0,4.866165550318689,0.0,0.0,0.0,0.0,0.0,0.0,50.3086928000615,10.048572013691114,0.0,0.0,-7.710606447608159,0.0,0.0
CHEMBL4543747,2.972709532625065,0.0,0.0,17.769741577797273,0.0,0.0,0.0,1.5780583064478562,0.0,0.0,0.0,4.866165550318689,0.0,0.0,0.0,0.0,0.0,0.0,50.3086928000615,10.048572013691114,0.0,0.0,-7.710606447608159,0.0,0.0
CHEMBL454421,16.665679165946504,8.575973102489485,2.5309967876039305,0.0,2.1220705946073446,0.0,1.134112138421078,0.0,0.0,-0.4938343967573757,0.0,3.3620559213380283,0.0,0.0,0.0,0.0,0.0,10.542079968419152,25.477533384598523,0.0,0.0,0.0,0.0,0.0,0.0
CHEMBL454580,11.384863369968198,0.6644806357396547,5.528301343417685,1.3139106722936087,0.0,0.0,2.9614562437581435,-0.5580629649063968,0.1613229087931469,0.0,0.0,0.0,0.0,0.0,0.0,0.0,0.0,43.22977599262405,13.783942113882588,0.0,6.059541052532124,0.0,0.0,0.0,0.0
CHEMBL4545917,0.0,0.7072496220710508,2.1914814814814814,23.979914808516003,0.0,0.0,1.2104629629629633,2.3873346560846564,0.0,0.0,0.0,0.0,0.0,0.0,8.188463876291259,0.0,1.8350925925925925,0.0,0.0,0.0,0.0,0.0,0.0,0.0,0.0
CHEMBL4546916,0.0,0.4162704711514233,0.0,24.601154714614108,0.0,2.140709162565501,0.0,3.483496227130788,0.0,0.0,0.0,0.0,0.0,9.189500909382485,7.762057081326562,1.881600529100529,1.7033607331821616,0.0,11.60258437670876,0.0,0.0,0.0,0.0,0.0,0.0
CHEMBL454705,2.0514363864260496,0.6867718932481947,2.117910742873315,19.412322611255032,-0.8988256737761071,0.0,1.1244643068705122,3.427107962051529,1.279236548552407,-1.5666265214763588,0.0,0.0,0.0,0.0,0.0,0.0,0.0,53.075200366738486,0.0,13.518642707350772,6.022358669886177,0.0,0.0,0.0,0.0
CHEMBL4547558,0.0,0.0,0.0,7.585749401612497,0.0,0.0,0.0,1.126995937263795,0.0,0.0,0.0,2.929937641723356,0.0,0.0,7.234130842151675,0.0,1.535324074074074,0.0,10.579992598891408,0.0,0.0,0.0,0.0,0.0,3.129628448601663
CHEMBL4553272,9.788765532951484,1.219353115085438,8.137197352310988,9.223898237337991,0.0,0.0,2.367421230015858,4.561500861402108,0.0,0.0,0.0,0.0,0.0,0.0,0.0,0.0,0.0,20.994671079481684,0.0,5.2071925914144455,0.0,0.0,0.0,0.0,0.0
CHEMBL4555477,0.0,-0.4183949294185582,0.0,16.115877992561195,0.0,0.0,0.0,-1.155404436794501,0.0,0.0,0.0,4.572719057154032,0.0,0.0,0.0,0.0,0.0,0.0,72.45993801860659,0.0,0.0,0.0,-8.396975252692968,0.0,0.0
CHEMBL4555477,0.0,-0.4183949294185582,0.0,16.115877992561195,0.0,0.0,0.0,-1.155404436794501,0.0,0.0,0.0,4.572719057154032,0.0,0.0,0.0,0.0,0.0,0.0,72.45993801860659,0.0,0.0,0.0,-8.396975252692968,0.0,0.0
CHEMBL455593,9.640740898211137,0.0,0.0,1.5517951625094482,0.0,0.0,0.0,2.5619926303854887,1.3667592592592597,0.0,0.0,0.0,0.0,0.0,0.0,0.0,1.5056018518518517,0.0,12.070203687956663,21.76811673280423,0.0,0.0,0.0,0.0,0.0
CHEMBL4556427,0.0,-0.4665674033057687,0.0,12.038268617545024,0.0,0.0,0.0,-1.8600562220364032,0.0,-9.21390170012404,0.0,4.506090369791703,0.0,0.0,0.0,0.0,0.0,0.0,49.58793493425674,0.0,0.0,75.99788745552773,-8.256322718321657,0.0,0.0
CHEMBL4556427,0.0,-0.4665674033057687,0.0,12.038268617545024,0.0,0.0,0.0,-1.8600562220364032,0.0,-9.21390170012404,0.0,4.506090369791703,0.0,0.0,0.0,0.0,0.0,0.0,49.58793493425674,0.0,0.0,75.99788745552773,-8.256322718321657,0.0,0.0
CHEMBL4556775,0.0,0.0496038044847571,0.0,21.18423290617132,0.0,0.0,0.0,1.1055096579239807,0.0,-4.467025048123047,0.0,0.0,0.0,0.0,7.552921278857426,1.6306084656084656,1.5101209372637945,0.0,11.58759629321106,0.0,0.0,39.47904563697209,0.0,0.0,0.0
CHEMBL455832,0.0,0.0,0.0,16.999887251196775,-0.253055555555556,0.0,0.0,2.099756235827665,0.0,0.0,0.0,0.0,0.0,0.0,8.136753590325018,0.0,1.684074074074074,19.33258440413202,0.0,0.0,0.0,0.0,0.0,0.0,0.0
CHEMBL4560281,0.0,0.1827557319223987,0.0,21.262832103457377,0.0,0.0,0.0,1.4678967126754936,0.0,-4.421195097140715,0.0,0.0,0.0,0.0,7.594591304024925,1.707104119425548,1.5631048044217688,0.0,11.583694757013696,0.0,0.0,38.67880843467714,0.0,0.0,0.0
CHEMBL456062,4.100302623277981,2.528966075627782,2.105058934054695,10.960746063717291,-0.0459693877551028,0.0,1.2297426070469002,4.393683873495833,0.0,0.0,0.0,0.0,0.0,0.0,0.0,0.0,0.0,19.66525005898511,0.0,6.06221915154951,0.0,0.0,0.0,0.0,0.0
CHEMBL4561656,0.0,0.6632208994708995,2.1576568405139835,21.61085521738029,0.0,0.0,1.1558950617283954,3.013782701352147,0.0,0.0,0.0,0.0,0.0,0.0,7.895181125948321,0.0,1.808909202569917,0.0,0.0,0.0,0.0,0.0,0.0,5.972276728813825,0.0
CHEMBL4562457,0.0,0.6909986772486773,2.185434618291761,22.185956950196665,0.0,0.0,1.193703703703704,3.4297722846854803,0.0,0.0,0.0,0.0,0.0,0.0,7.925596077937348,0.0,1.830176563681028,0.0,0.0,0.0,0.0,0.0,0.0,0.0,3.475027790922001
CHEMBL4563511,0.0,0.2557149155958678,0.0,23.121191694013383,0.0,0.0,0.0,2.442111248973624,0.0,0.0,0.0,0.0,0.0,0.0,7.674402760338907,1.7730404383975813,1.6198148148148148,0.0,22.74348083335426,0.0,0.0,0.0,0.0,0.0,0.0
CHEMBL4564168,0.0,0.3670875850340134,0.0,14.994295455000948,0.0,2.1673646591837428,0.0,2.394693418262367,0.0,0.0,0.0,0.0,0.0,9.291562092442325,7.614685295414462,1.810177626606198,1.654524754346183,0.0,11.00681251266704,0.0,0.0,0.0,0.0,0.0,3.2317102859662383
CHEMBL4564333,7.341788784958428,8.511227088057446,4.965547222747124,0.0,3.958582294028722,0.0,0.5781662834887045,0.0,0.0,0.5403178146258507,0.0,0.0,0.0,0.0,0.0,0.0,0.0,0.0,12.43770384542706,0.0,0.0,0.0,0.0,0.0,0.0
CHEMBL4564431,2.04528144774898,0.0,1.8360851284958428,15.634645758516989,0.0,0.0,0.0,3.82413576978933,2.295925047909175,0.0,0.0,2.9989768361048124,3.346708810169308,0.0,0.0,0.0,0.0,0.0,0.0,0.0,0.0,0.0,0.0,5.842730997183928,0.0
CHEMBL4567479,2.803644377548448,0.0077213732666612,0.0,18.14187697881943,0.0,0.0,-0.3103309899507374,2.2084173779024745,0.0,0.0,0.0,5.00232862100935,0.0,0.0,0.0,0.0,0.0,0.0,72.89671637806315,0.0,0.0,0.0,-7.583707449992101,0.0,0.0
CHEMBL4567479,2.803644377548448,0.0077213732666612,0.0,18.14187697881943,0.0,0.0,-0.3103309899507374,2.2084173779024745,0.0,0.0,0.0,5.00232862100935,0.0,0.0,0.0,0.0,0.0,0.0,72.89671637806315,0.0,0.0,0.0,-7.583707449992101,0.0,0.0
CHEMBL4568316,0.0,1.6328852938110352,0.0,5.639001871945595,0.0,0.0,-1.147580257411606,-0.1940617788029393,0.0,0.0,0.0,6.078183421516755,0.0,0.0,0.0,0.0,0.0,38.294644326240224,26.3635937893676,0.0,0.0,0.0,0.0,0.0,0.0
CHEMBL4568674,0.0,0.4283838813303098,0.0,15.035905725684312,0.0,2.111708342096149,0.0,2.533084424694274,0.0,0.0,0.0,0.0,0.0,9.05724674441104,7.622291272990678,1.838267195767196,1.673268140589569,0.0,10.999266632944586,0.0,0.0,0.0,0.0,0.0,3.235671255085036
CHEMBL4570681,0.0,-0.1899533107862281,0.0,15.402263103431642,0.0,0.0,0.0,0.3712267095310142,0.0,0.0,0.0,4.777507997493672,0.0,0.0,0.0,0.0,0.0,0.0,71.17083438637758,0.0,0.0,0.0,-7.854153406152342,0.0,0.0
CHEMBL4570681,0.0,-0.1899533107862281,0.0,15.402263103431642,0.0,0.0,0.0,0.3712267095310142,0.0,0.0,0.0,4.777507997493672,0.0,0.0,0.0,0.0,0.0,0.0,71.17083438637758,0.0,0.0,0.0,-7.854153406152342,0.0,0.0
CHEMBL457261,6.0093912304719925,1.904266035540776,3.996260072592389,4.852949815779607,0.0,0.0,2.3007418017695107,-2.286998544013763,-0.378686134692628,0.0,0.0,0.0,0.0,0.0,0.0,0.0,0.0,50.74268715420341,12.816520146250625,0.0,5.587475349745684,0.0,0.0,0.0,0.0
CHEMBL457262,7.350365314358685,1.9855306471016545,4.052683683703499,5.191838704668497,0.0,0.0,2.341364885103217,-0.9915261328270666,-0.1450287272852204,0.0,0.0,0.0,0.0,0.0,0.0,0.0,0.0,40.771701861404445,13.172770146250624,5.25423675097914,5.803725349745683,0.0,0.0,0.0,0.0
CHEMBL457263,3.991271326176629,3.051298930129648,1.995037242990921,10.630521756248667,0.0,0.0,1.1541974894360358,3.224291181284779,0.0,0.0,0.0,0.0,0.0,0.0,0.0,0.0,0.0,29.620048740399984,0.0,0.0,0.0,0.0,0.0,0.0,0.0
CHEMBL4574913,0.0,0.5133530171327789,0.0,15.404943651265048,0.0,0.0,0.0,2.83852569014546,0.0,0.0,0.0,0.0,0.0,0.0,7.64553715776434,1.8866307634164776,1.7105295729402872,0.0,10.978753484153463,0.0,0.0,0.0,0.0,5.923773521663432,3.2480000140552088
CHEMBL4575939,0.0,0.2678283257747542,0.0,13.722726713338634,0.0,0.0,0.0,1.5390410443332538,0.0,0.0,0.0,0.0,0.0,0.0,7.534636952003023,1.729707105064248,1.5897222222222225,0.0,21.9770836753868,0.0,0.0,0.0,0.0,0.0,3.197282825332969
CHEMBL4575994,4.549379619131603,6.014161286428152,7.84358418367347,0.0,2.09672477324263,0.0,1.9470671532501904,0.0,0.0,-0.1079913863693624,0.0,0.0,0.0,0.0,0.0,0.0,0.0,0.0,24.54431405895692,0.0,0.0,0.0,0.0,0.0,0.0
CHEMBL457678,3.359704720766298,0.5312175742210459,0.0,7.630320835085897,-1.0755180789028194,0.0,-0.0849688208616776,2.5456787528231906,0.0,-1.0285659462808183,0.0,0.0,0.0,0.0,0.0,0.0,0.0,29.829363399148228,12.62455652399849,11.918211040002166,0.0,0.0,0.0,0.0,0.0
CHEMBL457679,3.87708512036448,0.4743633734357939,1.935841234616487,6.752477679330584,0.0,0.0,1.0841090587469555,-0.4382908688166607,-0.2714663007714051,0.0,0.0,0.0,0.0,0.0,0.0,0.0,0.0,39.74149665700517,12.410893163624497,0.0,5.574533966364323,0.0,0.0,0.0,0.0
CHEMBL457680,3.9716170133685953,0.6657060447635841,2.011001854419964,7.57164434599725,-0.5349508692365841,0.0,0.899489323507181,1.5124897229961285,0.0,0.0,0.0,0.0,0.0,0.0,0.0,0.0,0.0,29.51595506382469,12.387745015476346,5.832635818216176,0.0,0.0,0.0,0.0,0.0
CHEMBL457686,3.908198673903109,0.5248961220290582,1.9492152339203204,7.250902004307488,-0.6732842025699173,0.0,0.9759657921810704,1.6357238914084171,0.0,0.0,0.0,0.0,0.0,0.0,0.0,0.0,0.0,29.71900197335661,12.54107457797934,6.001639266817839,0.0,0.0,0.0,0.0,0.0
CHEMBL458187,6.064224094105185,1.9588993580673777,4.070922911746393,6.308012745081198,0.0,0.0,2.332959464777647,-0.4066945990083599,-0.0385212631884701,0.0,0.0,0.0,0.0,0.0,0.0,0.0,0.0,39.99554153757416,13.277441727494487,0.0,5.88668303317654,0.0,0.0,0.0,0.0
CHEMBL458188,3.97440173266021,0.5338047996976568,2.004050978416058,9.616682807382212,0.0,0.0,1.136993817703594,1.9874086782325435,1.393327454438566,0.0,0.0,0.0,0.0,0.0,0.0,0.0,0.0,29.563854580297583,0.0,0.0,5.78947515117158,0.0,0.0,0.0,0.0
CHEMBL4582591,0.0,1.8508144368858648,0.0,24.842414808516,0.4030555555555556,0.0,0.0,2.6882605820105825,0.0,0.0,0.0,0.0,0.0,0.0,7.978741654069035,0.0,1.9033796296296297,0.0,0.0,0.0,0.0,0.0,0.0,0.0,0.0
CHEMBL4583456,1.6731946806500375,0.874704506802721,0.0,22.06342708070883,0.2227484882842021,0.0,0.0,4.034316840933905,0.0,0.0,0.0,0.0,0.0,0.0,4.199258314436886,0.0,2.1426284958427817,0.0,0.0,11.623054925673973,0.0,0.0,0.0,0.0,0.0
CHEMBL458395,0.0,-0.0658030990173847,0.0,6.280009987006741,-0.7575925925925933,0.0,-0.3553472222222222,-0.4528871147224296,0.0,0.0,0.0,0.0,0.0,0.0,0.0,0.0,0.0,38.30303570040402,12.126965860418242,5.588285147392289,0.0,0.0,0.0,0.0,0.0
CHEMBL4585518,14.959272611971151,0.2800962849046362,0.0,11.223688277109156,0.0,0.0,0.0,9.012705027243149,0.0,0.0,0.0,5.417247702429743,0.0,0.0,0.0,0.0,0.0,0.0,52.324563884272514,0.0,0.0,0.0,-7.384240454597002,0.0,0.0
CHEMBL4590541,0.0,0.17797497561161,0.0,19.75619272755298,0.0,0.0,0.0,3.360888084465619,0.0,0.0,0.0,5.11110674764462,0.0,0.0,0.0,0.0,0.0,0.0,49.67319428799823,0.0,0.0,0.0,-7.298726346439571,0.0,6.552702856499844
CHEMBL4590541,0.0,0.17797497561161,0.0,19.75619272755298,0.0,0.0,0.0,3.360888084465619,0.0,0.0,0.0,5.11110674764462,0.0,0.0,0.0,0.0,0.0,0.0,49.67319428799823,0.0,0.0,0.0,-7.298726346439571,0.0,6.552702856499844
CHEMBL4592407,0.0,0.5604371378180899,0.0,27.6566922007299,0.0,0.0,0.0,3.315732079868985,0.0,0.0,0.0,0.0,0.0,0.0,7.79929473564755,1.963788737717309,1.7668055555555555,0.0,11.562662396008808,0.0,0.0,0.0,0.0,0.0,0.0
CHEMBL459502,1.6690865288691077,0.8028184051398337,0.0,19.427350398786185,0.2105076845553033,0.0,0.0,4.263866821126473,0.0,0.0,0.0,0.0,0.0,0.0,4.124181982506297,0.0,2.0688733605582152,0.0,0.0,5.247863040839231,0.0,0.0,0.0,12.163813376888692,0.0
CHEMBL459502,1.6690865288691077,0.8028184051398337,0.0,19.427350398786185,0.2105076845553033,0.0,0.0,4.263866821126473,0.0,0.0,0.0,0.0,0.0,0.0,4.124181982506297,0.0,2.0688733605582152,0.0,0.0,5.247863040839231,0.0,0.0,0.0,12.163813376888692,0.0
CHEMBL459503,0.0,0.3628922726370418,0.0,14.35603820231796,-0.2995370370370376,0.0,0.0,4.276863032249938,0.0,0.0,0.0,0.0,0.0,0.0,4.138172556059461,0.0,1.9114984882842023,10.573430571302596,0.0,21.68064191418584,0.0,0.0,0.0,0.0,0.0
CHEMBL459503,0.0,0.3628922726370418,0.0,14.35603820231796,-0.2995370370370376,0.0,0.0,4.276863032249938,0.0,0.0,0.0,0.0,0.0,0.0,4.138172556059461,0.0,1.9114984882842023,10.573430571302596,0.0,21.68064191418584,0.0,0.0,0.0,0.0,0.0
CHEMBL460026,2.1445792771151675,6.851636714398143,21.58475852533759,0.0,0.0,0.0,-0.7154146976832287,0.0,0.0,0.0,0.0,0.0,0.0,0.0,0.0,0.0,0.0,8.490226903833802,10.310879943665192,0.0,0.0,0.0,0.0,0.0,0.0
CHEMBL460382,0.0,2.054953703703704,0.0,16.607227366255145,0.0,0.0,0.0,1.423564814814815,2.7738392857142857,0.0,0.0,0.0,0.0,0.0,4.051806290417401,0.0,2.116271730914588,0.0,0.0,0.0,0.0,0.0,0.0,0.0,0.0
CHEMBL462879,8.456825497182711,0.779719130943878,1.8324393326864468,2.565108890778533,0.0,0.0,0.9986655594631992,-0.0188414225181441,0.1982508319685905,-1.008651298998903,0.0,0.0,0.0,0.0,0.0,0.0,0.0,41.79065754388304,13.518502614008565,5.332059242748726,5.808740079365079,0.0,0.0,0.0,0.0
CHEMBL463168,0.0,1.8370108182161755,0.0,12.303195980539956,-0.013981481481482,0.0,0.0,3.399681804820695,0.0,0.0,0.0,0.0,0.0,0.0,0.0,0.0,0.0,18.74372439717904,0.0,5.897035147392291,0.0,0.0,0.0,0.0,0.0
CHEMBL463241,3.916917164758976,0.0,3.785032250414195,10.361271625934323,0.0,0.0,0.0,2.9257356526683744,1.4810269431846816,-0.4189181881430259,0.0,0.0,0.0,0.0,0.0,0.0,0.0,19.817058317664376,0.0,5.926977565717645,5.788232001133787,0.0,0.0,0.0,0.0
CHEMBL463254,5.741705155052641,3.5570963619480027,2.125140548776045,11.094688231608323,0.0,0.0,1.2492854793404593,4.594364896083421,0.0,0.0,0.0,0.0,0.0,0.0,0.0,0.0,0.0,19.48579934060946,0.0,5.31858665324831,0.0,0.0,0.0,0.0,0.0
CHEMBL463255,5.619299714500451,1.86872454228605,2.0835122860745154,6.132202263608739,-0.3610563114134548,0.0,1.178163449021584,3.608226298362936,0.0,0.0,0.0,0.0,0.0,0.0,0.0,0.0,0.0,30.03645065557667,0.0,11.667810435315848,0.0,0.0,0.0,0.0,0.0
CHEMBL463256,7.730857304051055,0.7887180784082839,3.836680880647331,5.883207344653503,-2.5853717351137995,0.0,1.4317053069952614,0.919762515339267,0.0,0.0,0.0,0.0,0.0,0.0,0.0,0.0,0.0,41.52164293063623,12.943705584889296,6.029091789493576,0.0,0.0,0.0,0.0,0.0
CHEMBL463435,5.6610103591227325,0.6700547996976568,2.104050978416058,10.172894227135298,0.0,0.0,1.1996355410596031,3.2364210239115554,1.4849516040984296,0.0,0.0,0.0,0.0,0.0,0.0,0.0,0.0,19.6385716446052,0.0,5.442877981439489,5.889531840513984,0.0,0.0,0.0,0.0
CHEMBL463452,3.711665719323617,0.1981427141180927,1.773485327344038,4.808963650019747,0.0,0.0,0.9641337502651538,-2.309533633285955,-0.3837766649869822,0.0,0.0,0.0,0.0,0.0,0.0,0.0,0.0,49.98052733511108,12.61781635802469,0.0,5.518422855253212,0.0,0.0,0.0,0.0
CHEMBL463453,0.0,0.0,0.0,5.712648875895629,-2.888716931216932,0.0,-0.7951620370370367,-1.613878233392119,0.0,0.0,0.0,0.0,0.0,0.0,0.0,0.0,0.0,48.426570280902894,12.20798437893676,5.4505536659108085,0.0,0.0,0.0,0.0,0.0
CHEMBL463454,1.6093709396063292,2.833879913076341,0.0,12.485120415399097,0.0,0.0,0.0,3.544831525330263,0.0,0.0,0.0,0.0,0.0,0.0,0.0,0.0,0.0,18.60853876799674,0.0,5.251591771924565,0.0,0.0,0.0,0.0,0.0
CHEMBL4634777,1.9886610859314544,1.584258617820299,0.0,16.212567559850037,0.0,5.926473786471532,0.0,1.4559289441085077,2.203727622285524,0.0,0.0,0.0,0.0,0.0,4.079490131587999,0.0,1.9212584246661628,0.0,13.008466824631595,5.764043367346938,6.08769447073289,0.0,0.0,0.0,0.0
CHEMBL463638,3.125474411541937,0.0226741427440735,6.893065497856905,11.11343645253997,0.0,0.0,-0.518788340218715,0.3034245732818432,0.0,0.0,0.0,0.0,0.0,0.0,0.0,0.0,0.0,49.758599159375045,24.731695908461944,10.237084861083666,0.0,0.0,0.0,0.0,0.0
CHEMBL464007,7.693563065367927,0.7435328932230989,3.8045569199519416,5.710707344653502,0.0,0.0,2.087198504274172,-0.0256676523532561,-0.1884513725779055,0.0,0.0,0.0,0.0,0.0,0.0,0.0,0.0,41.34655600697788,12.885835214518927,0.0,5.908721419123205,0.0,0.0,0.0,0.0
CHEMBL464428,3.896658545879325,0.4825427362940888,4.888541877869564,9.10602629139606,0.0,0.0,0.7375949919555624,1.3296209242930943,0.0,0.0,0.0,0.0,0.0,0.0,0.0,0.0,0.0,29.07816303241309,12.314184933232552,0.0,0.0,0.0,0.0,0.0,0.0
CHEMBL464472,3.102955526739451,2.469543493323255,0.0,10.747152740904545,0.0,0.0,0.0,3.478642120550422,0.0,0.0,0.0,0.0,0.0,0.0,0.0,0.0,0.0,19.62615274582217,0.0,10.075553372660154,0.0,0.0,0.0,0.0,0.0
CHEMBL465435,0.0,4.380162509448224,0.0,3.393333333333333,0.0,0.0,0.0,2.12462962962963,0.0,0.0,0.0,0.0,0.0,0.0,0.0,0.0,0.0,0.0,10.774744897959184,0.0,5.04412037037037,0.0,0.0,0.0,0.0
CHEMBL465845,4.871841153947658,2.804366417863441,0.0,11.348461599694463,0.0,0.0,0.0,4.629889950927074,0.0,0.0,0.0,0.0,0.0,0.0,0.0,0.0,0.0,9.602671395554728,0.0,15.742769482012635,0.0,0.0,0.0,0.0,0.0
CHEMBL465879,1.5826054963131428,2.687616370622324,0.0,12.614367112164732,0.0,0.0,0.0,3.353490156454138,0.0,0.0,0.0,0.0,0.0,0.0,0.0,0.0,0.0,19.043933267000583,0.0,5.0513209307784175,0.0,0.0,0.0,0.0,0.0
CHEMBL465880,3.7975528752306142,0.3091116663352413,4.439894457468897,6.733644150395594,0.0,0.0,0.5570887584704327,0.1154345213368499,0.0,0.0,0.0,0.0,0.0,0.0,0.0,0.0,0.0,39.20342121500526,12.343852355757116,0.0,0.0,0.0,0.0,0.0,0.0
CHEMBL465881,4.027553439923708,0.6503306353405559,2.0507460700074334,9.59988908835139,0.0,0.0,1.187607001133787,2.0357090891912337,1.415806878306879,0.0,0.0,0.0,0.0,0.0,0.0,0.0,0.0,29.304488608402607,0.0,0.0,5.727869189342403,0.0,0.0,0.0,0.0
CHEMBL468410,0.0,0.0,0.0,23.63154691194915,0.0182804232804227,2.168988147728227,0.0,2.9862424414210134,2.302611147854204,0.0,0.0,0.0,3.261877846613597,9.012319026605642,4.198338136180398,0.0,2.0864625850340137,0.0,0.0,0.0,0.0,0.0,0.0,0.0,0.0
CHEMBL468419,0.0,3.470635707986899,0.0,11.754855205971277,0.3833267195767194,2.1521014424288234,0.0,3.295346067439322,0.0,0.0,0.0,0.0,0.0,8.798338661081717,4.223887314184934,0.0,2.254842214663644,0.0,0.0,0.0,0.0,0.0,0.0,0.0,0.0
CHEMBL468419,0.0,3.470635707986899,0.0,11.754855205971277,0.3833267195767194,2.1521014424288234,0.0,3.295346067439322,0.0,0.0,0.0,0.0,0.0,8.798338661081717,4.223887314184934,0.0,2.254842214663644,0.0,0.0,0.0,0.0,0.0,0.0,0.0,0.0
CHEMBL469260,0.0,0.0,0.0,23.706258953037903,0.0258730158730153,2.1642047710319714,0.0,2.952328619719493,2.30483321889617,0.0,0.0,0.0,3.261877846613597,8.993456325520718,4.182945405013857,0.0,2.07488851095994,0.0,0.0,0.0,0.0,0.0,0.0,0.0,0.0
CHEMBL469266,0.0,0.0,0.0,16.630240124567326,0.0,0.0,0.0,2.1421876837154623,1.7523204837490558,0.0,0.0,0.0,3.255400604686318,0.0,0.0,0.0,0.0,0.0,10.716755672578184,0.0,0.0,0.0,0.0,0.0,0.0
CHEMBL469444,3.984065953286733,0.8201911521419094,2.008784644729394,9.8546033997468,-0.4086739942890744,0.0,1.1480245187045337,2.755464020790952,0.0,0.0,0.0,0.0,0.0,0.0,0.0,0.0,0.0,19.580997331217805,12.511407155454773,5.911802484882843,0.0,0.0,0.0,0.0,0.0
CHEMBL4743255,0.0,0.0012910997732429,0.0,16.874300201562107,0.0,2.1015311633912823,1.2309438775510206,0.8515341017541616,0.0,0.0,0.0,0.0,0.0,9.345515820525742,0.0,0.0,0.0,28.66251277006824,0.0,0.0,0.0,13.932370965374211,0.0,0.0,0.0
CHEMBL4745681,0.0,0.5357185374149661,0.0,25.189235638699923,0.0,0.0,2.004306500377929,3.969762650902624,0.0,0.0,5.897669911858223,0.0,0.0,0.0,7.830582472148129,0.0,1.8953521038044847,19.51070551812705,0.0,0.0,0.0,0.0,0.0,0.0,0.0
CHEMBL4747849,0.0,0.1685133219954651,0.0,20.219335264970184,0.0,2.2045168020912067,1.6260364701436134,2.968101457091357,0.0,0.0,0.0,0.0,0.0,9.369963099437308,0.0,0.0,0.0,28.7768669176042,0.0,0.0,0.0,0.0,0.0,0.0,0.0
CHEMBL4749692,0.0,0.4949022108843539,0.0,24.266643046107337,0.0,0.0,1.9079346182917616,3.294204799662955,0.0,0.0,0.0,0.0,0.0,0.0,7.790582472148129,0.0,1.8641021038044847,29.21496408243432,0.0,0.0,0.0,0.0,0.0,0.0,0.0
CHEMBL4750835,0.0,0.487107426303855,0.0,24.96484323973953,0.0,0.0,1.9695842781557071,3.934830520643113,0.0,0.0,5.895324232845878,0.0,0.0,0.0,8.317945976982774,0.0,1.756463214915596,19.50723444374689,0.0,0.0,0.0,0.0,0.0,0.0,0.0
CHEMBL4752568,0.0,0.3276799886621317,0.0,20.683441882926008,0.0,0.0,1.512842025699169,1.2246895985207693,0.0,0.0,0.0,0.0,0.0,0.0,7.677542348691339,0.0,1.7509123834719074,29.100609934898355,0.0,0.0,0.0,14.222281837130325,0.0,0.0,0.0
CHEMBL4753594,0.0,0.3901799886621315,0.0,22.875384780429872,0.0,0.0,1.5806198034769467,1.3412543818415048,0.0,0.0,0.0,0.0,0.0,0.0,4.08877117434567,0.0,1.8620234945830183,29.12713886051819,0.0,0.0,0.0,14.23462751614267,0.0,0.0,0.0
CHEMBL4753984,0.0,0.4462910997732427,0.0,24.046942005171623,0.0,0.0,1.87321239606954,3.259272669403443,0.0,0.0,0.0,0.0,0.0,0.0,8.273254618958081,0.0,1.725213214915596,29.20914732904181,0.0,0.0,0.0,0.0,0.0,0.0,0.0
CHEMBL4755831,0.0,0.5982185374149661,0.0,27.485669276944524,0.0,0.0,2.072084278155707,4.07070243422336,0.0,0.0,5.907669911858223,0.0,0.0,0.0,4.165291236074065,0.0,2.006463214915596,19.52723444374689,0.0,0.0,0.0,0.0,0.0,0.0,0.0
CHEMBL475943,0.0,1.6964984882842025,0.0,27.097512571386577,0.0,0.0,0.0,2.640449735449736,2.6837677941547,0.0,0.0,0.0,0.0,0.0,4.202551886495339,2.3024074074074075,2.068888888888889,0.0,0.0,0.0,0.0,0.0,0.0,0.0,0.0
CHEMBL475944,0.0,1.9118373925557368,0.0,29.22579830394412,0.3285110649197948,0.0,0.0,5.96689028387299,0.0,0.0,0.0,0.0,0.0,0.0,4.225617101732075,0.0,2.1931864134542707,0.0,0.0,0.0,0.0,0.0,0.0,6.103956754666969,0.0
CHEMBL4760286,0.0,0.2093296485260773,0.0,21.0925451415134,0.0,2.2357668020912067,1.722408352229781,3.643659308331027,0.0,0.0,5.795783337784149,0.0,0.0,9.394654457461998,0.0,0.0,0.0,19.239186285395697,0.0,0.0,0.0,0.0,0.0,0.0,0.0
CHEMBL476126,5.048549855127236,0.0,0.0,5.182592592592592,0.0,0.0,0.0,2.2135175736961457,1.6287962962962967,0.0,0.0,0.0,2.765250377928949,0.0,0.0,0.0,0.0,0.0,11.384522471025448,10.407820058578988,0.0,0.0,0.0,0.0,0.0
CHEMBL4761359,0.0,0.5838685752078611,0.0,27.44348666004511,0.0,0.0,2.037944066515496,3.991800988914086,0.0,0.0,6.079169410035211,0.0,0.0,0.0,4.164038664057604,0.0,1.9993534265558075,19.533671542002168,0.0,0.0,0.0,0.0,0.0,0.0,0.0
CHEMBL476143,0.0,1.6342857142857143,0.0,19.98750933890544,0.0,0.0,0.0,3.327570756697741,0.0,0.0,0.0,0.0,0.0,0.0,4.130166901122589,2.226682098765432,2.014508692365835,0.0,0.0,0.0,0.0,0.0,0.0,6.009799876961973,0.0
CHEMBL4763409,0.0,0.2510907974300833,0.0,23.6264871781791,0.0,2.2524015810027715,1.8122496220710511,3.153783856135048,0.0,0.0,0.0,0.0,0.0,9.364754766103973,0.0,0.0,0.0,19.205898865744643,0.0,0.0,0.0,0.0,0.0,0.0,0.0
CHEMBL4764457,0.0,0.2790688775510206,0.0,20.486605543426435,0.0,0.0,1.4781198034769467,1.184974304995952,0.0,0.0,0.0,0.0,0.0,0.0,8.145412278318123,0.0,1.6120234945830183,29.09479318150584,0.0,0.0,0.0,14.21900251614267,0.0,0.0,0.0
CHEMBL476979,0.0,1.578504059222403,0.0,28.787022583779507,0.0,0.0,0.0,5.759951508362786,0.0,0.0,0.0,0.0,0.0,0.0,4.183950435065408,2.242744079113127,2.026519746787604,0.0,0.0,0.0,0.0,0.0,0.0,6.085438236148451,0.0
CHEMBL4777271,0.0,0.6399796863189722,0.0,30.134820539275804,0.0,0.0,2.161925547996977,3.5339073654153035,0.0,0.0,0.0,0.0,0.0,0.0,4.171176009736616,0.0,2.0309104938271605,19.49394702409583,0.0,0.0,0.0,0.0,0.0,0.0,0.0
CHEMBL4778401,0.0,0.5283130196523055,0.0,26.4830854254772,0.0,0.0,1.90238851095994,3.2451683358528616,0.0,0.0,0.0,0.0,0.0,0.0,4.139347306032913,0.0,1.9585371000251952,29.57649363533292,0.0,0.0,0.0,0.0,0.0,0.0,0.0
CHEMBL478023,0.0,2.281896004801097,4.275315338877448,18.992171648004994,0.0,0.0,0.0,3.4661577697674604,0.0,0.0,0.0,0.0,0.0,0.0,8.270241951599877,2.080804988662132,1.7373940224237845,0.0,0.0,0.0,0.0,0.0,0.0,12.2849071647521,0.0
CHEMBL478024,6.716643423638928,2.606651431405896,4.374610153187895,22.591093657975428,0.0,0.0,0.0,3.8448741915767606,0.0,0.1729698159938753,0.0,0.0,0.0,0.0,8.41294367826204,2.20280612244898,1.827407525510204,0.0,0.0,0.0,0.0,0.0,0.0,0.0,0.0
CHEMBL4780337,0.0,0.5574022108843538,0.0,26.54307668435194,0.0,0.0,1.9757123960695395,3.39514458298369,0.0,0.0,0.0,0.0,0.0,0.0,4.1452912360740655,0.0,1.975213214915596,29.24149300805416,0.0,0.0,0.0,0.0,0.0,0.0,0.0
CHEMBL478647,6.750935171129977,1.6416067885487526,0.0,29.8056508293584,0.0,0.0,0.0,3.9717894445554975,2.581765787556733,0.1721421247914198,0.0,0.0,0.0,0.0,4.256356334595873,2.3203061224489794,2.0827807303476944,0.0,0.0,0.0,0.0,0.0,0.0,0.0,0.0
CHEMBL478648,0.0,1.381202443940539,0.0,25.95909147038845,0.0,0.0,0.0,3.578156112621904,2.4883563208298662,0.0,0.0,0.0,0.0,0.0,4.192393445032334,2.1983049886621315,1.9927672272612749,0.0,0.0,0.0,0.0,0.0,0.0,12.431950213485724,0.0
CHEMBL479366,0.0,0.0,0.0,16.55386980243582,-0.2927995086923662,2.0768008119302657,0.0,2.3916677595242275,0.0,0.0,4.862176924724655,0.0,0.0,8.940736144359397,8.159987013681098,0.0,1.6636107568027212,0.0,21.989829954771817,4.642302476163407,0.0,0.0,-4.071515469034371,0.0,0.0
CHEMBL479385,0.0,0.0,0.0,15.333962033887628,-0.2422751322751328,2.095278577276233,0.0,2.687906183678792,0.0,0.0,0.0,0.0,0.0,8.912240123092396,8.183912115772234,0.0,1.698502771478962,9.592164943341892,0.0,0.0,0.0,0.0,0.0,6.016086161524773,0.0
CHEMBL479551,0.0,0.0,0.0,14.556831033224428,-0.3830772864701444,2.064804927156604,0.0,2.087085406006689,0.0,0.0,4.872423838304902,0.0,0.0,8.959680129667017,8.13601214595623,0.0,1.6183021148274124,0.0,22.17699044859898,4.641145068756,0.0,0.0,-4.178459913478815,6.142706531895144,0.0
CHEMBL479559,0.0,0.0,0.0,14.994714906681224,-0.3286328420256996,2.0784160382677146,0.0,2.718279678983369,0.0,0.0,4.910232480280211,0.0,0.0,8.970928981824962,8.185057284845119,0.0,1.6561107568027211,0.0,22.252607732549592,4.7262145132004445,0.0,0.0,-4.124015469034371,0.0,3.293419270958052
CHEMBL479737,0.0,0.0,0.0,15.098312919226968,-0.6013359788359793,0.0,0.0,1.1415953325774766,0.0,0.0,9.830391352798111,0.0,0.0,0.0,8.031241680314102,0.0,1.492180650037793,0.0,44.8028694088068,9.43900357939319,0.0,0.0,-8.40092561098513,0.0,0.0
CHEMBL4797578,0.0,0.5288685752078611,0.0,27.578886477379445,0.0,0.0,2.0594255479969767,3.4136604518350566,0.0,0.0,0.0,0.0,0.0,0.0,8.330968096324337,0.0,1.7809104938271605,19.473947024095835,0.0,0.0,0.0,0.0,0.0,0.0,0.0
CHEMBL479928,0.0,0.0,0.0,12.234297218734447,-0.5072524565381715,0.0,0.0,2.0652128800198803,0.0,0.0,9.830038808984169,0.0,0.0,0.0,8.131367246686962,0.0,1.5594815287226005,0.0,44.76769649528002,9.440975008858098,0.0,0.0,-8.381010644564933,0.0,6.525860580483596
CHEMBL479942,0.0,0.0,0.0,15.221403153624475,-0.435585789871505,0.0,0.0,1.570138490007269,0.0,0.0,9.711056944888668,0.0,0.0,0.0,8.081226704358919,0.0,1.5744815287226002,0.0,44.11306610042235,9.249920482109127,0.0,0.0,-8.252374280928567,0.0,0.0
CHEMBL4800654,0.0,0.2754235166288741,0.0,21.8058666132654,-1.9796975518602515,0.0,1.6472475749559088,2.1600884816461443,0.0,0.0,0.0,0.0,0.0,0.0,0.0,0.0,0.0,19.361988300619565,26.22608023997273,11.54020813204886,0.0,0.0,-3.953871973943901,0.0,0.0
CHEMBL480321,0.0,0.0,0.0,14.994714906681224,-0.3286328420256996,2.0784160382677146,0.0,2.718279678983369,0.0,0.0,4.910232480280211,0.0,0.0,8.970928981824962,8.185057284845119,0.0,1.6561107568027211,0.0,22.252607732549592,4.7262145132004445,0.0,0.0,-4.124015469034371,0.0,3.293419270958052
CHEMBL480451,0.0,0.0,0.0,13.673607174351222,-0.2256481481481485,0.0,0.0,3.405002073360209,0.0,0.0,0.0,0.0,0.0,0.0,8.227167186318972,0.0,1.719882842025699,19.369847988578147,0.0,0.0,0.0,0.0,0.0,0.0,6.6634742168472325
CHEMBL480514,0.0,0.0,0.0,17.044692932728648,-0.1539814814814819,0.0,0.0,2.381085600907031,0.0,0.0,0.0,0.0,0.0,0.0,8.17702664399093,0.0,1.7348828420256992,18.816293461829176,0.0,0.0,0.0,0.0,0.0,0.0,0.0
CHEMBL480515,2.982422724982249,0.0,0.0,13.22243811413454,-0.3739701436130014,0.0,0.0,2.3516374144801286,0.0,0.0,0.0,0.0,0.0,0.0,8.177496378180901,0.0,1.6413681027966742,20.163504633360333,0.0,10.168436109011504,0.0,0.0,0.0,0.0,0.0
CHEMBL480516,2.985889945458849,0.0,0.0,13.214478772990676,-0.3226851851851859,0.0,0.0,2.515052752582516,0.0,0.0,0.0,0.0,0.0,0.0,8.229058799445705,0.0,1.6782161753590326,19.647213691057487,0.0,10.386108381624254,0.0,0.0,0.0,0.0,0.0
CHEMBL480718,0.0,3.470635707986899,0.0,11.754855205971277,0.3833267195767194,2.1521014424288234,0.0,3.295346067439322,0.0,0.0,0.0,0.0,0.0,8.798338661081717,4.223887314184934,0.0,2.254842214663644,0.0,0.0,0.0,0.0,0.0,0.0,0.0,0.0
CHEMBL481091,0.0,0.0,0.0,15.77184590734442,-0.1878306878306883,2.108889688387344,0.0,3.319100456655472,0.0,0.0,0.0,0.0,0.0,8.92348897525034,8.232957254661123,0.0,1.7363114134542703,9.677234387786337,0.0,0.0,0.0,0.0,0.0,0.0,3.3346692709580514
CHEMBL481092,0.0,3.470635707986899,0.0,11.754855205971277,0.3833267195767194,2.1521014424288234,0.0,3.295346067439322,0.0,0.0,0.0,0.0,0.0,8.798338661081717,4.223887314184934,0.0,2.254842214663644,0.0,0.0,0.0,0.0,0.0,0.0,0.0,0.0
CHEMBL48160,2.170261593320456,7.00758002995437,1.8086236300075589,0.0,0.7054163517258748,0.0,1.7746932695403272,0.0,0.0,-0.4806331097253715,0.0,0.0,0.0,0.0,0.0,0.0,0.0,10.89945916792643,24.445915375409424,0.0,0.0,0.0,0.0,6.113128136285377,0.0
CHEMBL482693,1.9025547996976568,0.2127173091458805,0.0,5.355791761148904,0.0,0.0,0.0,2.2537962962962967,1.702638888888889,0.0,0.0,0.0,2.770324074074074,0.0,0.0,0.0,0.0,0.0,11.352195767195768,10.571369992441422,0.0,0.0,0.0,0.0,0.0
CHEMBL484579,2.1538608329134123,6.343335117997817,1.7568489386495338,0.0,1.26595379818594,0.0,1.6944934308599993,0.0,0.0,-0.5335638306248425,0.0,0.0,0.0,0.0,0.0,0.0,0.0,0.0,24.11899998425296,0.0,0.0,14.20007172776518,0.0,0.0,0.0
CHEMBL484584,4.601820961409255,7.500169971878298,0.0,9.708213941989142,1.7232133781989476,0.0,2.52485844090571,0.752159611255481,0.0,-0.055052498048755,0.0,0.0,0.0,0.0,0.0,0.0,0.0,0.0,25.396475825925823,6.181473699819435,0.0,0.0,0.0,0.0,0.0
CHEMBL48460,2.1948432119761483,7.887890749139162,1.863932271982868,0.0,1.1022389266817831,0.0,1.919554253275385,0.0,0.0,-0.3250775541698161,0.0,0.0,0.0,0.0,0.0,0.0,0.0,11.023903612370871,24.496937597631643,0.0,0.0,0.0,0.0,0.0,0.0
CHEMBL4847316,0.0,0.0,0.0,21.57824196186549,0.0,1.950741051385847,0.0,2.238622588080753,0.0,0.0,0.0,2.490070125080948,0.0,8.777331286819434,0.0,0.0,0.0,0.0,24.721762756073865,0.0,0.0,0.0,-3.719888219119143,0.0,0.0
CHEMBL4852023,11.681556017468717,6.241619058117074,0.0,4.390408163265306,1.1773855583900223,0.0,0.0,4.523652447089948,0.0,0.5583091222600153,0.0,0.0,0.0,0.0,0.0,0.0,0.0,10.760402966742252,0.0,0.0,0.0,0.0,0.0,0.0,0.0
CHEMBL4858552,0.0,0.9534015180146131,0.0,24.70418407439681,-0.3785431888804913,0.0,-0.4372023809523797,1.9735016691861933,0.0,0.0,0.0,2.7927491969009828,0.0,0.0,4.030909253057626,0.0,1.8910142668178385,0.0,12.170369897959183,5.632949026832955,0.0,0.0,0.0,0.0,0.0
CHEMBL4859743,12.70106851536911,5.784251700680272,2.027356859410431,0.0,0.4422793839758121,0.0,1.2695138888888893,0.0,0.0,-2.592323633156967,0.0,0.0,0.0,0.0,0.0,0.0,0.0,10.628424429957168,0.0,18.322762188208618,0.0,0.0,0.0,0.0,0.0
CHEMBL4863718,10.03789631361804,9.765365606890905,4.770527880133535,0.0,1.7850344860166285,0.0,1.773240740740741,0.0,0.0,1.3802234111237088,0.0,0.0,0.0,0.0,0.0,0.0,0.0,0.0,0.0,0.0,0.0,0.0,0.0,0.0,0.0
CHEMBL4866633,11.732244583018392,7.073998921327791,2.395713340891912,0.0,1.3003592687074823,0.0,1.4972685185185188,0.0,0.0,-0.6122136007180653,0.0,0.0,0.0,0.0,0.0,0.0,0.0,11.463759448223737,0.0,6.315536186696901,0.0,0.0,0.0,0.0,0.0
CHEMBL486853,14.262901477872202,8.469219975480556,2.5078368291761146,0.0,2.0716766243917206,2.4284826031218527,2.178119273261545,0.0,0.0,-0.3720205386511297,0.0,0.0,0.0,9.45840728753911,0.0,0.0,0.0,10.507516564974626,12.77593943922147,0.0,0.0,0.0,0.0,0.0,0.0
CHEMBL4868867,2.9280059262706475,-0.0306778803374221,0.0,28.31183274479896,0.0,0.0,0.0,2.893353243615673,1.5667545575408552,0.0,0.0,0.0,3.214072818121443,0.0,4.589306972818634,1.2848823696145122,0.0,0.0,28.097678603894472,10.65902535154724,0.0,0.0,-4.0868829753549685,0.0,0.0
CHEMBL4870604,2.9010048660133645,0.0,0.0,20.42923060078507,0.0,0.0,0.0,2.455504449415522,0.0,0.0,0.0,2.526884184037864,0.0,0.0,0.0,0.0,0.0,0.0,25.4053908739877,10.27458078244868,0.0,0.0,-3.833787973465325,0.0,0.0
CHEMBL487113,7.021809151129588,6.978629902578316,1.9760156053162008,0.0,2.5653982426303847,0.0,2.271951386264383,0.0,0.0,0.1761357158604184,0.0,0.0,0.0,0.0,0.0,0.0,0.0,0.0,24.343393329554043,0.0,0.0,0.0,0.0,0.0,0.0
CHEMBL4874326,0.0,0.6499033394221889,0.0,21.30024764839461,-0.48916080526861,0.0,-0.5610190434198359,1.909964695315456,0.0,0.0,0.0,2.677160336356765,0.0,0.0,4.002199591825348,0.0,1.8279666329341653,0.0,12.20085049760645,11.250639687693258,0.0,0.0,0.0,5.842358530251319,0.0
CHEMBL4874928,9.422648770156211,7.905856442113882,2.00784694664903,0.0,0.6754974489795917,0.0,3.1245370370370376,0.0,0.0,0.5031863740866719,0.0,0.0,0.0,0.0,0.0,0.0,0.0,0.0,12.968502456538172,0.0,0.0,0.0,0.0,0.0,0.0
CHEMBL4875917,11.214216637272193,4.327328619719493,0.0,4.05448223733938,0.3322466695011334,0.0,0.0,3.505689484126985,0.0,0.1991424555933485,0.0,0.0,0.0,0.0,0.0,0.0,0.0,21.533560563114136,0.0,0.0,0.0,0.0,0.0,0.0,0.0
CHEMBL487887,16.652318719724857,8.799152216345005,2.5412008692365835,0.0,2.190375019325911,0.0,1.409807061133046,0.0,0.0,-0.3800140074905576,0.0,0.0,0.0,0.0,0.0,0.0,0.0,10.517774412863597,25.68605237552823,0.0,0.0,0.0,0.0,0.0,0.0
CHEMBL487888,16.891666792287214,9.106993837895317,2.554318153187201,0.0,2.271828684800556,0.0,1.9365117145043664,0.0,0.0,-0.1930453396094174,0.0,0.0,0.0,0.0,0.0,0.0,0.0,20.27660681449992,12.814967966980015,0.0,0.0,0.0,0.0,0.0,0.0
CHEMBL488,1.964021164021164,1.6369768046107327,0.0,7.314801587301588,0.0,0.0,-0.3791282963802798,1.6032380112538849,0.0,-0.5817361111111112,5.642841448307718,2.4250970804988663,0.0,0.0,0.0,0.0,0.0,0.0,23.290554978164103,0.0,0.0,0.0,0.0,0.0,0.0
CHEMBL488,1.964021164021164,1.6369768046107327,0.0,7.314801587301588,0.0,0.0,-0.3791282963802798,1.6032380112538849,0.0,-0.5817361111111112,5.642841448307718,2.4250970804988663,0.0,0.0,0.0,0.0,0.0,0.0,23.290554978164103,0.0,0.0,0.0,0.0,0.0,0.0
CHEMBL488050,0.0,1.6624424183253548,0.0,24.447143963296643,0.0,0.0,0.0,3.3090818624239144,2.534934107387812,0.0,0.0,0.0,0.0,0.0,4.12485522853672,0.0,4.388131976849509,0.0,0.0,0.0,0.0,0.0,0.0,5.977854887624492,0.0
CHEMBL488513,4.979166853852551,2.59726458349384,0.0,1.69474111866969,-0.6129661386159413,0.0,-0.545878212396069,0.947583065633662,0.0,0.0,0.0,0.0,0.0,0.0,0.0,0.0,0.0,10.344841033635676,12.247153328924162,21.848094366802428,0.0,0.0,0.0,0.0,0.0
CHEMBL488848,4.647990321166728,1.444870727216507,0.0,1.4426339285714285,-2.72527397224322,0.0,-0.7662485827664394,-0.1757770190133996,0.0,0.0,0.0,0.0,0.0,0.0,0.0,0.0,0.0,30.583501273991896,12.198117047745022,15.350186275331478,0.0,0.0,0.0,0.0,0.0
CHEMBL489,6.25948394565458,2.451331830631905,0.0,26.21644965473727,0.0,0.0,2.454729135736532,4.58280696528664,0.0,0.0,0.0,0.0,0.0,0.0,0.0,2.1045803908904004,0.0,9.74362436715906,0.0,5.85366037657028,0.0,0.0,0.0,0.0,0.0
CHEMBL489187,2.189441801284333,1.989319440930642,0.0,34.012024174269776,0.3575697068951036,0.0,0.0,6.619135593118244,0.0,0.0,0.0,0.0,0.0,0.0,4.2654982290801335,0.0,2.233677721088436,0.0,0.0,0.0,0.0,0.0,0.0,0.0,0.0
CHEMBL489188,0.0,1.7987330211775556,0.0,33.126795079484566,0.2731252624506592,0.0,0.0,5.775147703502649,0.0,0.0,0.0,0.0,0.0,0.0,4.232512117969022,0.0,2.1750357457797933,0.0,0.0,0.0,0.0,0.0,0.0,6.396428847413533,0.0
CHEMBL489189,0.0,1.447652774263975,0.0,31.49610990488023,0.1175697068951036,0.0,0.0,4.220433170000236,0.0,0.0,0.0,0.0,0.0,0.0,4.1717482290801335,0.0,2.067011054421769,0.0,0.0,0.0,0.0,14.14614182712522,0.0,0.0,0.0
CHEMBL489359,0.0,1.7055396002906824,0.0,30.59618650554371,0.2256951793062902,0.0,0.0,6.188003790534399,0.0,0.0,0.0,0.0,0.0,0.0,4.22551623319536,0.0,2.1488523557571177,0.0,0.0,0.0,0.0,0.0,0.0,12.465761890928002,0.0
CHEMBL489360,0.0,1.1856707731301888,0.0,27.734894617207136,-0.0092254556143445,0.0,0.0,2.92137204450936,0.0,0.0,0.0,0.0,0.0,0.0,4.125863455417582,0.0,1.980063775510204,0.0,0.0,0.0,0.0,27.394694123173213,0.0,0.0,0.0
CHEMBL489986,0.0,1.1143194409306418,0.0,31.01214899953044,0.0,0.0,0.0,3.998494394490032,0.0,0.0,0.0,0.0,0.0,0.0,4.130081562413467,2.058469387755102,1.900344387755102,0.0,0.0,0.0,0.0,14.119475160458553,0.0,0.0,0.0
CHEMBL490187,2.11677048329559,1.6491892916487072,0.0,33.673583729440935,0.0,0.0,0.0,6.330895005427731,0.0,0.0,0.0,0.0,0.0,0.0,4.21551906766248,2.286895313681028,2.0604804421768708,0.0,0.0,0.0,0.0,0.0,0.0,0.0,0.0
CHEMBL490194,0.0,1.3722062669573492,0.0,30.130744118712425,0.0,0.0,0.0,5.947546496505677,0.0,0.0,0.0,0.0,0.0,0.0,4.183849566528693,2.1802003023431595,1.982185689090451,0.0,0.0,0.0,0.0,0.0,0.0,12.425489782084464,0.0
CHEMBL490584,1.6968318214850848,1.901041537176548,0.0,33.51853019335643,0.3180279457461996,0.0,0.0,6.003572011470122,0.0,0.0,0.0,0.0,0.0,0.0,4.250450197139064,0.0,2.2037096088435373,0.0,0.0,5.2745033514496775,0.0,0.0,0.0,0.0,0.0
CHEMBL490673,0.0,0.0,3.4291128117913834,10.319677185689091,0.0,0.0,0.0,1.4056800487004333,0.0,0.0,0.0,0.0,0.0,0.0,0.0,0.0,0.0,18.63940620386508,10.498515559550013,0.0,0.0,0.0,0.0,0.0,0.0
CHEMBL490794,0.0,1.6507546261158272,0.0,35.44355606619169,0.0,0.0,0.0,5.03963835752391,0.0,0.0,0.0,0.0,0.0,0.0,4.201403841325031,2.2776360544217686,2.053677721088435,0.0,0.0,0.0,0.0,0.0,0.0,0.0,0.0
CHEMBL490795,2.162775134617667,1.6559861075973086,0.0,33.52806326891998,0.0,0.0,0.0,6.397196817608039,0.0,0.0,0.0,0.0,0.0,0.0,4.223831562413467,2.298469387755102,2.067011054421769,0.0,0.0,0.0,0.0,0.0,0.0,0.0,0.0
CHEMBL490867,6.830967970521542,0.0,0.0,5.25295918367347,0.0,0.0,0.0,2.302638888888889,1.6720370370370374,0.0,0.0,0.0,0.0,0.0,0.0,0.0,1.5731018518518518,0.0,11.78817224111867,10.634240362811791,0.0,0.0,0.0,0.0,0.0
CHEMBL491010,0.0,2.568775273998488,4.374797860502225,28.67435642829496,0.0,0.0,0.0,2.508794638736017,2.5439413837515046,0.0,0.0,0.0,0.0,0.0,8.452115026961708,2.212407407407407,1.8314786470143607,0.0,0.0,0.0,0.0,0.0,0.0,0.0,0.0
CHEMBL491013,0.0,1.557561205228954,0.0,32.74165119595454,0.0,0.0,0.0,5.665457407518623,0.0,0.0,0.0,0.0,0.0,0.0,4.194407956551369,2.243811413454271,2.02749433106576,0.0,0.0,0.0,0.0,0.0,0.0,6.014060934670932,0.0
CHEMBL491023,6.777995464455255,1.965943944898896,0.0,34.51177407773009,0.343112979759805,0.0,0.0,6.606183005736336,0.0,0.1833122124838526,0.0,0.0,0.0,0.0,4.289479122758898,0.0,2.2388658588435373,0.0,0.0,0.0,0.0,0.0,0.0,0.0,0.0
CHEMBL491213,0.0,1.3887726249820405,0.0,31.024933371111185,0.0,0.0,0.0,4.439651306107107,0.0,0.0,0.0,0.0,0.0,0.0,4.15551906766248,2.164446334089192,1.9667304421768708,0.0,0.0,0.0,0.0,13.193280187204458,0.0,0.0,0.0
CHEMBL491214,1.7110067420754649,1.490365359297989,0.0,32.89908470157259,0.0,0.0,0.0,5.729372872373379,0.0,0.0,0.0,0.0,0.0,0.0,4.212739741425812,2.238469387755102,2.025344387755102,0.0,0.0,5.526950141077888,0.0,0.0,0.0,0.0,0.0
CHEMBL491215,1.6864151548184183,1.5677082038432144,0.0,33.01142113985849,0.0,0.0,0.0,5.804781384108066,0.0,0.0,0.0,0.0,0.0,0.0,4.208783530472397,2.256283068783069,2.0370429421768708,0.0,0.0,5.260897909272806,0.0,0.0,0.0,0.0,0.0
CHEMBL491222,0.0,1.9840879594491607,0.0,35.96918363820816,0.3634030402284369,0.0,0.0,5.219910466367448,0.0,0.0,0.0,0.0,0.0,0.0,4.243070507991698,0.0,2.220344387755102,0.0,0.0,0.0,0.0,0.0,0.0,0.0,0.0
CHEMBL491692,0.0,0.9263851095993952,0.0,13.307932317835816,0.0,0.0,-0.08224537037037,1.575773828177328,0.0,0.0,0.0,0.0,0.0,0.0,0.0,0.0,0.0,18.70910643272205,11.896381015369112,0.0,0.0,0.0,0.0,0.0,0.0
CHEMBL491824,0.0,0.8523374397968554,0.0,27.26945223037585,0.0,0.0,0.0,2.6809147504806363,0.0,0.0,0.0,0.0,0.0,0.0,4.084196788750916,1.9452796674225248,1.8133971088435368,0.0,0.0,0.0,0.0,27.354422014329675,0.0,0.0,0.0
CHEMBL491825,6.673613479797297,1.4098439074703957,0.0,19.918798154562644,0.0,0.0,0.0,4.9031819905675,0.0,0.1521798043483302,0.0,0.0,0.0,0.0,4.176474647353075,2.188703703703704,1.9886961057571173,0.0,0.0,0.0,0.0,0.0,0.0,12.394063761995492,0.0
CHEMBL492382,8.247732111363064,0.0,0.0,3.443600718065004,0.0,0.0,0.0,2.434446334089192,1.5988425925925926,0.0,0.0,0.0,0.0,0.0,0.0,0.0,1.5447685185185185,0.0,11.911390857268833,16.07336711073318,0.0,0.0,0.0,0.0,0.0
CHEMBL492762,3.2409358465608467,0.1804036753590325,0.0,5.142180650037793,0.0,0.0,0.0,1.794586167800454,1.530740740740741,0.0,0.0,0.0,0.0,0.0,0.0,0.0,1.5331018518518518,0.0,11.79914021164021,15.919420115268329,0.0,0.0,0.0,0.0,0.0
CHEMBL492763,3.6646844293272864,0.2188284202569916,0.0,5.46259731670446,0.0,0.0,0.0,2.324351851851852,1.8253240740740744,0.0,0.0,0.0,0.0,0.0,0.0,0.0,1.5931018518518518,0.0,11.720251322751324,10.724286659108088,0.0,0.0,0.0,0.0,0.0
CHEMBL492818,0.0,0.2386311885865457,0.0,6.140211261935649,0.0,0.0,-0.502254818594104,-1.4967605064421423,0.0,0.0,0.0,0.0,0.0,0.0,0.0,0.0,0.0,46.944196715531945,12.009309492315444,0.0,0.0,0.0,0.0,0.0,0.0
CHEMBL493173,6.833975025195263,0.0,0.0,5.300648148148149,0.0,0.0,0.0,2.276897203325776,1.751481481481482,0.0,0.0,0.0,0.0,0.0,0.0,0.0,1.583935185185185,0.0,11.752578026581002,10.543571192365835,0.0,0.0,0.0,0.0,0.0
CHEMBL493174,5.048838340891912,0.0,0.0,5.146153628117914,0.0,0.0,0.0,2.2320833333333336,1.5493518518518523,0.0,0.0,0.0,2.764212962962963,0.0,0.0,0.0,0.0,0.0,11.420116685563112,10.481323696145123,0.0,0.0,0.0,0.0,0.0
CHEMBL493181,6.512669753086419,0.0,0.0,3.208611111111111,0.0,0.0,0.0,2.5049064625850344,1.396712962962963,0.0,0.0,0.0,2.759972600151172,0.0,0.0,0.0,0.0,0.0,11.543335301713276,15.915903013983373,0.0,0.0,0.0,0.0,0.0
CHEMBL493182,7.884204617031997,0.0,0.0,1.4962396069538926,0.0,0.0,0.0,2.462779667422525,1.2440740740740746,0.0,0.0,0.0,2.7546948223733936,0.0,0.0,0.0,0.0,0.0,11.702148132401106,21.50903226568405,0.0,0.0,0.0,0.0,0.0
CHEMBL494713,3.38459830501466,0.8346941137566136,0.0,26.717165694905145,0.0,0.0,0.0,6.563821182908938,2.359848112211929,0.0,0.0,0.0,0.0,0.0,4.302799611937418,0.0,0.0,0.0,0.0,10.670406312598637,0.0,0.0,0.0,0.0,0.0
CHEMBL495563,1.6505171379846706,0.5638517258755354,0.0,14.966587994370284,0.0,0.0,0.0,3.6578517888636943,0.0,0.0,0.0,0.0,0.0,0.0,8.047128527336861,0.0,1.8061933106575965,0.0,0.0,5.148952549007563,5.325583632570465,0.0,0.0,0.0,0.0
CHEMBL495565,2.049781116150164,1.759936854371378,0.0,17.030824895436183,0.0,0.0,0.0,3.857510183085581,1.9710295939363405,0.0,0.0,0.0,0.0,0.0,12.98599542394501,0.0,3.9997140162649423,0.0,0.0,0.0,0.0,0.0,0.0,6.456319027921511,0.0
CHEMBL495565,2.049781116150164,1.759936854371378,0.0,17.030824895436183,0.0,0.0,0.0,3.857510183085581,1.9710295939363405,0.0,0.0,0.0,0.0,0.0,12.98599542394501,0.0,3.9997140162649423,0.0,0.0,0.0,0.0,0.0,0.0,6.456319027921511,0.0
CHEMBL495566,0.0,0.0,0.0,29.650804516250943,0.0,0.0,0.0,6.102723922902495,0.0,0.0,0.0,0.0,0.0,0.0,13.24647156084656,0.0,0.0,0.0,0.0,0.0,0.0,0.0,0.0,0.0,0.0
CHEMBL495567,1.656382165813984,0.0,0.0,18.942780100502265,0.0,0.0,0.0,3.30988539654545,3.681060878054926,0.0,0.0,3.4595464852607707,0.0,0.0,8.885469786680105,0.0,0.0,0.0,0.0,5.369665427899554,0.0,0.0,0.0,6.1396542036873925,0.0
CHEMBL495567,1.656382165813984,0.0,0.0,18.942780100502265,0.0,0.0,0.0,3.30988539654545,3.681060878054926,0.0,0.0,3.4595464852607707,0.0,0.0,8.885469786680105,0.0,0.0,0.0,0.0,5.369665427899554,0.0,0.0,0.0,6.1396542036873925,0.0
CHEMBL495574,0.0,0.5238425925925926,0.0,16.162950032604613,0.0,0.0,0.0,1.7677285945242305,2.0388305198622665,0.0,0.0,0.0,0.0,0.0,8.13948475686571,0.0,0.0,0.0,10.795546509900769,0.0,0.0,0.0,0.0,0.0,0.0
CHEMBL495777,1.4873684704270436,0.4839174697656838,0.0,13.305130968084612,0.0,0.0,0.0,2.162187380704247,1.4278582976400442,0.0,0.0,0.0,0.0,0.0,4.153335852859662,0.0,0.0,10.202611181040112,10.87941548135278,5.100562237636101,0.0,0.0,0.0,0.0,0.0
CHEMBL496375,1.6237268045083146,0.7363384983623079,0.0,19.849248383824506,0.0,0.0,0.0,4.347885228331206,0.7883048049466703,0.0,0.0,0.0,0.0,0.0,4.043536550335515,0.0,0.0,9.659582090764417,12.32042105002648,5.239246023565385,5.374781005964267,0.0,0.0,0.0,0.0
CHEMBL496634,2.1502133666151946,9.349011647540182,21.98275961212067,0.0,0.0,0.0,-0.6899269193175381,0.0,0.0,0.0,0.0,0.0,0.0,0.0,0.0,0.0,0.0,8.524999722503022,10.349609237205131,0.0,0.0,0.0,0.0,0.0,0.0
CHEMBL496777,0.0,0.9173447341899724,0.8204714663643233,19.632175976030144,0.0,0.0,0.0,2.3142657155454778,1.4977773053665917,0.0,0.0,0.0,0.0,0.0,4.033836470551387,0.0,3.751109221466364,0.0,23.214889657283685,0.0,0.0,0.0,0.0,0.0,0.0
CHEMBL496777,0.0,0.9173447341899724,0.8204714663643233,19.632175976030144,0.0,0.0,0.0,2.3142657155454778,1.4977773053665917,0.0,0.0,0.0,0.0,0.0,4.033836470551387,0.0,3.751109221466364,0.0,23.214889657283685,0.0,0.0,0.0,0.0,0.0,0.0
CHEMBL49732,1.5716406840513983,0.0,0.0,8.477763605442176,0.0,0.0,0.0,0.6822685185185187,1.437268518518519,0.0,0.0,0.0,0.0,0.0,0.0,0.0,0.0,0.0,10.875575869236584,5.000109599395314,4.968564814814815,0.0,0.0,0.0,0.0
CHEMBL497614,1.62989860053921,0.0,0.0,18.90452744797201,0.0,0.0,0.742828168304359,3.5038528546302734,0.0,0.0,0.0,2.917249464600656,0.0,0.0,7.459491451432844,0.0,0.0,0.0,0.0,5.210010725339008,0.0,0.0,0.0,12.01415864041923,0.0
CHEMBL50,0.0,0.0,0.0,5.640871717501407,0.0,0.0,0.0,-2.580022623246827,-0.4121156672545554,0.0,0.0,0.0,0.0,0.0,0.0,0.0,0.0,47.90949156670116,12.14287430713026,0.0,5.353238851095994,0.0,0.0,0.0,0.0
CHEMBL500976,0.0,0.0,0.0,15.77184590734442,-0.1878306878306883,2.108889688387344,0.0,3.319100456655472,0.0,0.0,0.0,0.0,0.0,8.92348897525034,8.232957254661123,0.0,1.7363114134542703,9.677234387786337,0.0,0.0,0.0,0.0,0.0,0.0,3.3346692709580514
CHEMBL503399,0.0,0.0,0.0,13.702426856519567,0.0,0.0,0.0,3.2757897665238955,0.0,0.0,0.0,0.0,0.0,0.0,8.689554043839758,0.0,0.0,18.9073776702294,0.0,0.0,0.0,0.0,0.0,0.0,0.0
CHEMBL503538,5.012919973544973,0.0,0.0,5.294337679516251,0.0,0.0,0.0,2.0803269085411946,1.6287962962962967,0.0,0.0,0.0,2.764212962962963,0.0,0.0,0.0,0.0,0.0,11.420116685563112,10.44136999244142,0.0,0.0,0.0,0.0,0.0
CHEMBL506858,5.302959183673469,0.0,0.0,7.424857331821617,0.0,0.0,0.0,1.7109259259259262,1.9041203703703704,0.0,0.0,0.0,0.0,0.0,0.0,0.0,1.6122685185185184,0.0,11.62935941043084,5.258564814814815,0.0,0.0,0.0,0.0,0.0
CHEMBL5069811,2.0992535903250187,0.7826648715041573,0.0,22.00673415943257,0.0,0.0,2.290030234315949,3.687272230134786,0.0,0.0,0.0,0.0,0.0,0.0,4.177041781971436,0.0,0.0,19.12366979898275,0.0,0.0,0.0,0.0,0.0,0.0,0.0
CHEMBL5072101,2.132030108339632,1.6278297430083144,0.0,19.973460912117115,0.0,0.0,2.3709070294784587,2.5683690266229964,0.0,0.0,0.0,0.0,0.0,0.0,4.111801797088594,0.0,2.041327160493827,19.17427422285106,0.0,0.0,0.0,0.0,0.0,0.0,0.0
CHEMBL5072827,2.239007044175695,8.464552049214749,1.9866174571680524,0.0,2.2912334656084643,0.0,2.2563554395523653,0.0,0.0,0.0608886448097756,0.0,0.0,0.0,0.0,0.0,0.0,0.0,0.0,24.515175579491057,6.019503653313177,0.0,0.0,0.0,0.0,0.0
CHEMBL5074047,2.153476867598892,2.686794690098261,0.0,18.174056007925056,0.0,0.0,2.469828987150416,3.665001967729242,0.0,0.0,0.0,0.0,2.993808669435022,0.0,4.306246241533039,0.0,0.0,19.217453235196743,0.0,0.0,0.0,0.0,0.0,0.0,0.0
CHEMBL5075144,2.0881327160493828,0.8074796863189719,0.0,17.7892423574368,0.0,0.0,2.140953325774755,3.3459052448139768,0.0,0.0,0.0,0.0,2.995281347106744,0.0,4.382234504913077,0.0,0.0,19.11743748425296,0.0,0.0,0.0,0.0,0.0,0.0,0.0
CHEMBL5077976,2.0476795162509447,0.0,0.0,21.73771817675137,0.0,0.0,2.118036659108088,3.489823738137232,0.0,0.0,0.0,0.0,0.0,0.0,4.189554463760813,0.0,0.0,19.083854112658223,0.0,0.0,0.0,0.0,0.0,0.0,0.0
CHEMBL5080066,2.145363441672965,1.7017923280423282,0.0,22.206382685509663,0.0,0.0,2.412715419501134,3.751013726733426,0.0,0.0,0.0,0.0,0.0,0.0,4.211338834125631,0.0,0.0,19.238060231081512,0.0,0.0,0.0,0.0,0.0,0.0,0.0
CHEMBL5081446,2.112799508692366,1.733075396825397,0.0,18.01440748184796,0.0,0.0,2.347143801965231,3.608436397056528,0.0,0.0,0.0,0.0,2.975792087802369,0.0,4.271949189378844,0.0,0.0,19.103062803097977,0.0,0.0,0.0,0.0,0.0,0.0,0.0
CHEMBL5082245,2.114243827160494,0.8360907974300831,0.0,21.969662621195813,0.0,0.0,2.2407218442932733,3.5703707902914275,0.0,0.0,0.0,0.0,0.0,0.0,4.23733224153859,0.0,0.0,19.19824454475699,0.0,0.0,0.0,0.0,0.0,0.0,0.0
CHEMBL5082681,2.0051795162509447,0.0,0.0,17.60243680188125,0.0,0.0,2.0182681405895693,3.265358192659782,0.0,0.0,0.0,0.0,2.961392458217855,0.0,4.310984504913076,0.0,0.0,19.003047052154194,0.0,0.0,0.0,0.0,0.0,0.0,0.0
CHEMBL5087363,2.0784202569916856,0.719331538170824,0.0,19.784016467672675,0.0,0.0,2.248221844293273,2.522544196691024,0.0,0.0,0.0,0.0,0.0,0.0,4.077504744934399,0.0,2.010077160493827,19.05988379075229,0.0,0.0,0.0,0.0,0.0,0.0,0.0
CHEMBL5092560,2.1660725308641977,2.785028108465608,0.0,22.37959272352632,0.0,0.0,2.5015027399848835,3.862679860256521,0.0,0.0,0.0,0.0,0.0,0.0,4.197415709090492,0.0,0.0,19.27437499447864,0.0,0.0,0.0,0.0,0.0,0.0,0.0
CHEMBL5092843,2.1303732048374906,1.821547619047619,0.0,22.198242808560337,0.0,0.0,2.3788175547996984,3.806114289583808,0.0,0.0,0.0,0.0,0.0,0.0,4.17158662745784,0.0,0.0,19.15998456237988,0.0,0.0,0.0,0.0,0.0,0.0,0.0
CHEMBL509750,0.0,0.0,0.0,21.934181233907367,0.0,0.0,0.0,6.151269055074672,0.0,0.0,0.0,0.0,3.388164210128496,0.0,8.964492850757281,0.0,0.0,9.49400570844058,0.0,0.0,0.0,0.0,0.0,6.012331386136053,0.0
CHEMBL509750,0.0,0.0,0.0,21.934181233907367,0.0,0.0,0.0,6.151269055074672,0.0,0.0,0.0,0.0,3.388164210128496,0.0,8.964492850757281,0.0,0.0,9.49400570844058,0.0,0.0,0.0,0.0,0.0,6.012331386136053,0.0
CHEMBL509962,0.0,0.0,0.0,17.90930992611819,0.0,2.154236740992693,0.0,2.925008450911229,2.130329743008315,0.0,0.0,0.0,3.3537566137566137,8.860691858546296,0.0,0.0,0.0,0.0,0.0,0.0,0.0,0.0,0.0,0.0,0.0
CHEMBL512578,0.0,0.0,0.0,10.846160451835054,0.0,0.0,0.0,1.1469931552868076,1.3874678760393049,0.0,0.0,0.0,0.0,0.0,0.0,0.0,0.0,28.22335999832032,0.0,0.0,5.562685185185185,0.0,0.0,0.0,0.0
CHEMBL512994,0.0,0.0,0.0,21.110469475209733,-0.0852380952380955,2.148579771031972,0.0,2.806920456454187,2.2566472778530864,0.0,0.0,0.0,3.2414696833482908,8.981110646508373,8.38181894053918,0.0,1.8248885109599395,0.0,0.0,0.0,0.0,0.0,0.0,0.0,0.0
CHEMBL513168,0.0,0.0,0.0,21.031882717567694,-0.0928306878306881,2.153363147728227,0.0,2.8408342781557074,2.234833370076426,0.0,0.0,0.0,3.2414696833482908,8.999973347593297,8.4206782249937,0.0,1.8364625850340133,0.0,0.0,0.0,0.0,0.0,0.0,0.0,0.0
CHEMBL513615,0.0,0.1294811051142219,0.0,14.521897911942553,-0.3540740740740746,0.0,0.0,2.2939837385571527,0.0,0.0,0.0,0.0,0.0,0.0,4.065108260896952,0.0,1.8377910052910047,10.416454239103048,0.0,10.673597321823332,0.0,13.249093824679145,0.0,0.0,0.0
CHEMBL513615,0.0,0.1294811051142219,0.0,14.521897911942553,-0.3540740740740746,0.0,0.0,2.2939837385571527,0.0,0.0,0.0,0.0,0.0,0.0,4.065108260896952,0.0,1.8377910052910047,10.416454239103048,0.0,10.673597321823332,0.0,13.249093824679145,0.0,0.0,0.0
CHEMBL514514,0.0,1.4179501291257242,0.0,21.857621769297456,0.0,0.0,0.0,3.627443532836903,2.5902081726817183,0.0,0.0,0.0,0.0,0.0,4.184997611699001,2.204971655328798,1.9973968568909044,0.0,0.0,0.0,0.0,0.0,0.0,12.405446256134836,0.0
CHEMBL514745,1.7152118141075017,0.0612498152693377,6.976993313915944,12.812085806427376,0.0,0.0,-0.4616179928363846,0.3117424511412834,0.0,0.0,0.0,0.0,0.0,0.0,0.0,0.0,0.0,49.32131276158874,24.57963238356941,5.183389646816784,0.0,0.0,0.0,0.0,0.0
CHEMBL516275,6.746745464455255,1.6326106115655628,0.0,34.00466502423215,0.0,0.0,0.0,6.407392378374279,0.0,0.1697067703069819,0.0,0.0,0.0,0.0,4.247812456092232,2.3022014361300074,2.0721991921768708,0.0,0.0,0.0,0.0,0.0,0.0,0.0,0.0
CHEMBL516643,0.0,0.0,0.0,19.525575048551097,-0.5007775888133039,0.0,0.0,1.134640015084189,0.9919977939395336,0.0,0.0,0.0,0.0,0.0,4.053945105820106,0.0,1.7660648148148148,0.0,23.91825029152417,0.0,5.64411257558579,0.0,0.0,0.0,0.0
CHEMBL517347,0.0,1.3557373551272365,0.0,14.8875633162577,0.0,0.0,0.0,4.241767528840944,0.0,0.0,0.0,0.0,0.0,0.0,4.112612626326251,2.129246346686823,1.9430166603678507,0.0,0.0,0.0,0.0,0.0,0.0,18.26358520918315,0.0
CHEMBL5173597,1.7689413157792349,0.3261244560347192,0.0,16.92192535932487,-0.3510866396476968,5.651956718468228,0.0,1.9084826030191784,1.6299419721592348,0.0,0.0,0.0,0.0,0.0,8.266019954590412,0.0,1.6797624051533684,0.0,0.0,5.591467967658444,6.087209703325774,13.352587517467567,0.0,0.0,0.0
CHEMBL5174567,1.784132288001457,0.3491356328920501,0.0,18.551690108386754,-0.2430619482896718,5.6890819389267815,0.0,3.147765037756159,1.7259639200330343,0.0,0.0,0.0,0.0,0.0,8.3747948174162,0.0,1.7591274845184477,0.0,0.0,5.61847414049795,6.147973592214663,0.0,0.0,6.039367432090617,0.0
CHEMBL5175025,0.0,0.0,0.0,17.50395939701766,-0.2738189720332582,0.0,0.0,2.51960826050653,1.684895649617872,0.0,0.0,0.0,0.0,0.0,8.255854469359761,0.0,1.713989512471655,9.511594157622747,0.0,0.0,5.98387715734442,0.0,0.0,6.0444848125370605,0.0
CHEMBL5175340,0.0,0.0,0.0,16.000943845883423,-0.3679232804232806,0.0,0.0,1.278697109468215,1.4419018224573787,0.0,0.0,0.0,0.0,0.0,8.157704606533972,0.0,1.6436592970521542,9.580425767414404,0.0,0.0,5.877102465986395,13.220821698960677,0.0,0.0,0.0
CHEMBL5176279,3.439044598757338,0.5424418262626245,1.7322344261778786,13.825327615448431,0.0,0.0,-0.2771801543918486,3.1095578678797136,2.221028904412015,0.0,0.0,2.88981838240857,0.0,0.0,4.311620295445706,0.0,0.0,0.0,11.452726692930868,10.146365437597574,0.0,0.0,0.0,0.0,0.0
CHEMBL5177269,1.996130248088857,1.139952060860952,0.0,16.971674823459637,-0.3515840378723678,5.919317829579339,0.0,1.920233924406333,1.6364787519946256,0.0,0.0,0.0,0.0,0.0,8.281076040141002,0.0,1.6832346273755905,0.0,0.0,5.653134634325109,6.108382542831947,13.375301888142308,0.0,0.0,0.0
CHEMBL5177518,2.011991909803172,1.2029962366327998,0.0,18.576304282047776,-0.247584655520713,5.957640756263384,0.0,3.1950036203065646,1.7231802252992177,0.0,0.0,0.0,0.0,0.0,8.40634797733256,0.0,1.7657818125337066,0.0,0.0,5.653940903789839,6.088660106712887,0.0,0.0,6.1101812692432524,0.0
CHEMBL5177928,1.655119058361441,0.3845841247769179,1.7039169973544972,11.954885364371746,0.0,0.0,0.4158592289621683,1.807047209488033,2.225267656942892,0.0,0.0,2.7683672927134326,0.0,0.0,0.0,0.0,0.0,0.0,10.974895717080615,5.203715086509272,0.0,0.0,0.0,0.0,0.0
CHEMBL517816,6.709858495280573,1.6187815334467122,0.0,18.51490719224125,0.0,0.0,0.0,3.933963372385992,0.0,0.1816361751056916,0.0,0.0,0.0,0.0,8.360174046865966,2.1854450113378685,1.8168548044217687,0.0,0.0,0.0,0.0,0.0,0.0,0.0,0.0
CHEMBL5178202,0.0,0.0,0.0,17.555569706056417,-0.2598985890652561,0.0,0.0,2.5517295442051946,1.537923770331178,0.0,0.0,0.0,0.0,0.0,8.26647946935976,0.0,1.7230243764172335,9.625765273587245,0.0,0.0,5.960921910430839,0.0,0.0,5.982928983121834,0.0
CHEMBL5179009,2.002815710945024,1.1554506966296525,0.0,18.223968913348426,-0.2940443553326852,8.080884122055846,0.0,2.973280590042284,1.6856145544637613,0.0,0.0,0.0,0.0,9.064513813512033,8.367877737671868,0.0,1.7329795253347742,0.0,0.0,5.67653617936127,6.163455845301083,0.0,0.0,0.0,0.0
CHEMBL5184004,1.957381025734686,0.616496744003161,0.0,18.699651963385428,-0.2197128002435542,0.0,0.0,3.2659351587255285,1.78940808627978,0.0,0.0,0.0,0.0,0.0,8.364949268359862,0.0,1.7682597159234064,0.0,0.0,5.551529696053505,6.124034155328799,0.0,0.0,6.026511430893842,0.0
CHEMBL518414,0.0,-0.1384412974434326,2.401431586615604,8.20565788961765,-7.220225398296426,0.0,-0.7976085021913841,-0.1417681540665294,0.0,0.0,0.0,0.0,0.0,0.0,0.0,0.0,0.0,68.06743389292944,11.985848245057474,15.971005071110936,0.0,0.0,0.0,0.0,0.0
CHEMBL5184565,2.198333070882674,6.089822662089528,0.0,3.8426751858150654,1.6936994520030226,0.0,0.4879323612160917,3.299028683232553,0.0,-0.0683195546737214,5.91646708606282,0.0,0.0,0.0,0.0,0.0,0.0,9.827625953541808,12.29606843316349,0.0,0.0,0.0,0.0,0.0,0.0
CHEMBL5184829,0.0,3.136220771672612,0.0,14.900495577193912,0.5969854392374223,0.0,0.7601128537834893,1.6831184812461872,1.896025534152304,-0.9172174981103552,0.0,3.090284706475183,2.925203808445376,0.0,8.257760337031776,0.0,0.0,0.0,13.510733733308136,6.001602418745276,0.0,0.0,0.0,0.0,0.0
CHEMBL5185187,1.6457355740345667,0.0,0.0,18.55166530712887,-0.2179799697656845,0.0,0.0,3.262470381250144,1.7399573780129338,0.0,0.0,0.0,0.0,0.0,8.348126845902971,0.0,1.7650099206349208,0.0,0.0,5.233663126012061,6.041458175862937,0.0,0.0,6.074337705370723,0.0
CHEMBL518586,0.0,1.967619047619048,0.0,20.40084267223877,0.3700154320987652,0.0,0.0,3.5023855715125567,0.0,0.0,0.0,0.0,0.0,0.0,4.171833567789255,0.0,2.181175359032502,0.0,0.0,0.0,0.0,0.0,0.0,6.028318395480492,0.0
CHEMBL5186519,1.6469105691065675,0.0,0.0,18.53496785420457,-0.2192948475686573,0.0,0.0,3.2556278463966963,1.7715811777385857,0.0,0.0,0.0,0.0,0.0,8.340608129700541,0.0,1.7620868764172335,0.0,0.0,5.278196362720172,6.060978599773242,0.0,0.0,6.012781875955495,0.0
CHEMBL518761,0.0,0.0,0.0,14.994714906681224,-0.3286328420256996,2.0784160382677146,0.0,2.718279678983369,0.0,0.0,4.910232480280211,0.0,0.0,8.970928981824962,8.185057284845119,0.0,1.6561107568027211,0.0,22.252607732549592,4.7262145132004445,0.0,0.0,-4.124015469034371,0.0,3.293419270958052
CHEMBL519436,1.880829287255153,0.0,0.0,17.097719478737996,-0.0888271604938273,0.0,0.0,2.863404614932393,1.839143763472468,0.0,0.0,0.0,0.0,0.0,16.578071741892693,0.0,3.5905707252036616,0.0,0.0,0.0,0.0,0.0,0.0,6.016865326777243,0.0
CHEMBL5195433,3.5093102796674227,0.0,0.0,10.297935892311378,0.0,1.715243603231518,-0.5114220626522206,1.8573774617871843,0.0,0.0,0.0,0.0,0.0,8.674183749443905,3.814298626858151,0.0,3.178978804484757,0.0,24.928565873510408,0.0,4.881381802721088,0.0,0.0,0.0,0.0
CHEMBL5197552,0.0,0.213718966225384,0.0,18.36134879270204,-0.2525523064163937,2.450097776638042,0.0,3.0655856526871625,1.6812377348058571,0.0,0.0,0.0,0.0,0.0,8.344483210524924,0.0,1.7467307903035716,0.0,0.0,5.46472414049795,6.106017573696144,0.0,0.0,6.0244542376461725,0.0
CHEMBL519937,0.0,0.0,0.0,17.46551469198791,-0.1519973544973549,2.107274462049895,0.0,2.797141314974108,0.0,0.0,0.0,0.0,0.0,8.893296137784775,8.207886983497103,0.0,1.7438114134542706,9.4370723507493,0.0,0.0,0.0,0.0,0.0,0.0,0.0
CHEMBL52,4.267541257243638,1.581492819349962,0.0,9.796936931848547,0.7220162509448221,0.0,0.0,1.5426542335930882,0.0,0.0,0.0,0.0,0.0,0.0,0.0,0.0,0.0,37.75602517368661,0.0,0.0,0.0,0.0,0.0,0.0,0.0
CHEMBL5203413,1.776584860329408,0.3357096510594746,0.0,18.174219449213656,-0.2935469571080142,7.809839782138507,0.0,2.961529268655129,1.6790777746283705,0.0,0.0,0.0,0.0,9.05043803069346,8.352821652121277,0.0,1.729507303112552,0.0,0.0,5.614869512694604,6.14228300579491,0.0,0.0,0.0,0.0
CHEMBL5204674,2.0121899168113124,1.1927271502277312,0.0,18.55768264382412,-0.2435593465143433,5.968536776417333,0.0,3.1932663591433124,1.732500699868425,0.0,0.0,0.0,0.0,0.0,8.389850902966792,0.0,1.76259970674067,0.0,0.0,5.698474140497949,6.1315500546331165,0.0,0.0,6.048625439828026,0.0
CHEMBL5205534,2.009586611026189,1.1781542099405051,0.0,18.601439572521524,-0.2435593465143428,5.956443050037892,0.0,3.1595163591433124,1.7325006998684254,0.0,0.0,0.0,0.0,0.0,8.389850902966792,0.0,1.76259970674067,0.0,0.0,5.680140807164616,6.169146431720836,0.0,0.0,6.048625439828026,0.0
CHEMBL521591,0.0,1.4653996878442224,0.0,32.64283417413478,0.0,0.0,0.0,5.553208927992444,0.0,0.0,0.0,0.0,0.0,0.0,4.190845451302355,2.2140249433106574,2.008369079113127,0.0,0.0,0.0,0.0,0.0,0.0,6.369762180746866,0.0
CHEMBL521600,1.7295252605939837,1.8236986926313223,0.0,33.38304560692239,0.2790511883765851,0.0,0.0,5.951311647883584,0.0,0.0,0.0,0.0,0.0,0.0,4.254406408092479,0.0,2.192011054421769,0.0,0.0,5.553616807744556,0.0,0.0,0.0,0.0,0.0
CHEMBL522089,2.130375925472461,1.982522624982041,0.0,34.18069278293886,0.3590568573108255,0.0,0.0,6.5296856327897865,0.0,0.0,0.0,0.0,0.0,0.0,4.257185734329147,0.0,2.2271471088435373,0.0,0.0,0.0,0.0,0.0,0.0,0.0,0.0
CHEMBL522733,1.6309723137546008,0.1631989655366279,0.0,16.406446523053663,-0.2426795162509458,0.0,0.0,3.799980518569535,0.0,0.0,0.0,0.0,0.0,0.0,4.130663816452507,0.0,1.929627739984883,10.512009794658605,0.0,16.003113177573855,0.0,0.0,0.0,0.0,0.0
CHEMBL522733,1.6309723137546008,0.1631989655366279,0.0,16.406446523053663,-0.2426795162509458,0.0,0.0,3.799980518569535,0.0,0.0,0.0,0.0,0.0,0.0,4.130663816452507,0.0,1.929627739984883,10.512009794658605,0.0,16.003113177573855,0.0,0.0,0.0,0.0,0.0
CHEMBL522917,0.0,0.0,0.0,21.99671333006853,-0.2903184051398344,0.0,0.0,2.5499820407833576,1.1700594713193924,0.0,0.0,0.0,0.0,0.0,4.124685846560847,0.0,1.9070086923658351,0.0,13.002353867472916,0.0,5.704853316326531,0.0,0.0,0.0,3.4471907754276083
CHEMBL523231,1.522431422885101,0.6769730253212396,0.0,14.162495013437477,0.0,0.0,0.0,2.867468326109651,1.612966059880743,0.0,0.0,0.0,0.0,0.0,4.197844860166288,0.0,0.0,19.50765092784164,0.0,5.118837031024531,0.0,0.0,0.0,0.0,0.0
CHEMBL523232,0.0,1.481183547493071,0.0,19.59861854453801,0.0,0.0,0.0,2.63502096568655,1.4443431384899643,0.0,0.0,0.0,0.0,0.0,13.050815250147933,0.0,2.0573620559334844,0.0,11.06976607691882,0.0,0.0,0.0,0.0,0.0,0.0
CHEMBL523813,0.0,1.722105958315374,0.0,31.532042424609127,0.2366078777189886,0.0,0.0,4.6384419334691644,0.0,0.0,0.0,0.0,0.0,0.0,4.197185734329146,0.0,2.1333971088435373,0.0,0.0,0.0,0.0,13.206885629381327,0.0,0.0,0.0
CHEMBL523973,6.739858495280574,1.7437815334467122,0.0,21.03813706752469,0.0,0.0,0.0,4.029588372385992,0.0,0.1939818541180373,0.0,0.0,0.0,0.0,4.185084603681284,2.29655612244898,2.0668548044217685,0.0,0.0,0.0,0.0,0.0,0.0,0.0,0.0
CHEMBL52509,0.0,3.5171466364323507,0.0,11.860660903250189,0.4351388888888887,0.0,0.0,2.615,0.0,0.0,0.0,0.0,0.0,0.0,8.558488756613755,0.0,2.1802314814814814,0.0,0.0,0.0,0.0,0.0,0.0,0.0,0.0
CHEMBL525379,0.0,0.0,0.0,19.525575048551097,-0.5007775888133039,0.0,0.0,1.134640015084189,0.9919977939395336,0.0,0.0,0.0,0.0,0.0,4.053945105820106,0.0,1.7660648148148148,0.0,23.91825029152417,0.0,5.64411257558579,0.0,0.0,0.0,0.0
CHEMBL5265802,4.752601174729151,9.69169581181238,2.533596623834719,0.0,1.041785661795581,0.0,1.7339786470143614,0.0,0.0,0.3827571097883597,0.0,0.0,0.0,0.0,0.0,0.0,0.0,20.696918304358785,0.0,0.0,0.0,0.0,0.0,0.0,0.0
CHEMBL5265808,6.304606068506964,6.955777109880316,0.0,10.243268308155116,1.3356581566525092,0.0,-0.884527478415639,1.132077055231592,0.0,-4.924680503414695,0.0,0.0,0.0,0.0,0.0,1.7129174209822553,0.0,0.0,24.094104782916435,4.8927919743511445,0.0,38.37070025328265,0.0,0.0,0.0
CHEMBL5265837,4.529002052763049,6.864978340656448,4.164041398966994,6.826796120779707,1.2399537123797582,0.0,3.207034801734287,1.1907464190017407,0.0,-0.1963464847792497,0.0,0.0,0.0,0.0,0.0,0.0,0.0,0.0,36.08030508821832,0.0,0.0,0.0,0.0,0.0,0.0
CHEMBL5265932,1.9858890673034617,1.0803964932094874,0.0,18.96334734047309,0.0,5.905534394240653,0.0,2.6899138552509445,1.3868015313121138,-1.6641129552716398,0.0,0.0,0.0,0.0,4.162164486464608,0.0,0.0,11.957032798192577,0.0,5.670733809223617,6.109959293902746,0.0,0.0,12.5578954412539,0.0
CHEMBL5265959,3.942473754934072,4.86431190686151,0.0,5.73790375409423,1.5952990362811783,0.0,0.4735369425548001,2.8008494871714125,0.0,-0.1032929815444696,0.0,0.0,0.0,0.0,0.0,0.0,0.0,9.823332680677108,12.381770462431987,5.73381495653817,0.0,0.0,0.0,0.0,0.0
CHEMBL5266109,2.229360232776238,9.63434669032222,1.958206963340892,0.0,1.867798406399596,0.0,2.205018760847961,0.0,0.0,0.0977871472663141,0.0,0.0,0.0,0.0,0.0,0.0,0.0,0.0,24.40592773683548,0.0,0.0,0.0,0.0,6.212665173322415,0.0
CHEMBL5266298,4.267381660997732,5.824073299844629,1.6638851095993954,0.0,0.4129431216931205,0.0,1.4407964852607722,0.0,0.0,-0.43245701058201,0.0,0.0,0.0,0.0,0.0,0.0,0.0,0.0,37.49004399985303,0.0,0.0,0.0,0.0,0.0,0.0
CHEMBL5266491,4.345493800915428,5.596635146342488,2.2843480725623584,0.0,0.9149055177626604,0.0,2.7335770843831377,0.0,0.0,-0.3272293871252201,0.0,0.0,0.0,0.0,0.0,0.0,0.0,10.257287664294113,24.19498210086504,0.0,0.0,0.0,0.0,0.0,0.0
CHEMBL5266502,7.386493751049803,13.238644324242042,2.6501436917359538,0.0,3.365701635592508,0.0,1.855554138321996,0.0,0.0,0.7083843537414967,0.0,0.0,0.0,0.0,0.0,0.0,0.0,10.628411438649534,0.0,0.0,0.0,0.0,0.0,0.0,0.0
CHEMBL5266519,4.476895549886621,5.906569113756613,6.2815619619761485,0.0,0.8251445578231283,0.0,1.944255663685228,0.0,0.0,-0.0661405187074828,0.0,0.0,0.0,0.0,0.0,0.0,0.0,0.0,25.131713671579742,0.0,0.0,0.0,0.0,0.0,0.0
CHEMBL5266533,0.0,0.6772795939363399,0.0,19.17583750342005,0.0,0.0,-0.053258219954648,2.39252108584991,0.0,0.0,0.0,0.0,0.0,0.0,4.004053386953057,0.0,1.948555905374087,9.276867320384913,12.411476757369616,0.0,0.0,0.0,0.0,0.0,0.0
CHEMBL5266594,4.564479927773578,6.504266712857983,0.0,0.0,1.6685000944822368,0.0,0.7127830661585628,3.1169991129167727,0.0,-0.0276643597253711,0.0,0.0,3.0437339380196526,0.0,4.52979261148904,0.0,0.0,0.0,24.72044222936088,0.0,0.0,0.0,0.0,0.0,0.0
CHEMBL5266626,4.636880117787856,8.602541427836567,2.3606443688586545,0.0,1.7558699976904333,0.0,1.8587824126564207,0.0,0.0,0.1703410808767953,0.0,0.0,0.0,0.0,0.0,0.0,0.0,10.417611738368189,12.363995522591754,0.0,0.0,0.0,0.0,0.0,0.0
CHEMBL5266698,4.546261862769799,5.558482510288067,4.537820294784581,0.0,1.3883567701772055,0.0,0.7698399444654411,0.0,0.0,-0.3209510424540185,0.0,0.0,0.0,0.0,0.0,0.0,0.0,0.0,24.44888706485681,5.987969261778785,0.0,0.0,0.0,0.0,0.0
CHEMBL5266818,7.097466117619888,8.834814631099354,2.0329214695137314,0.0,2.678081721886284,0.0,1.838851712753003,0.0,0.0,0.3967238677878557,0.0,0.0,0.0,0.0,0.0,0.0,0.0,10.572307469666775,12.048833009673109,0.0,0.0,0.0,0.0,0.0,0.0
CHEMBL5266867,6.661265209985985,8.71605445638437,4.015564452632905,0.0,1.662645198766681,0.0,2.384088600243193,0.0,0.0,-0.1679137394742096,0.0,0.0,0.0,0.0,0.0,0.0,0.0,0.0,25.02901505437029,5.865947433757453,0.0,0.0,0.0,0.0,0.0
CHEMBL5266927,6.86867293559348,8.886292740089864,5.986494787729907,0.0,2.335593820861677,0.0,2.091348379629631,0.0,0.0,-0.0372485197782814,0.0,0.0,0.0,0.0,0.0,0.0,0.0,0.0,24.70217918920705,0.0,0.0,0.0,0.0,0.0,0.0
CHEMBL5266933,6.8484355184975225,7.574452449189552,5.954589317208365,0.0,2.331152210884353,0.0,2.072772384416731,0.0,0.0,-0.0343845269589315,0.0,0.0,0.0,0.0,0.0,0.0,0.0,0.0,24.58631598009574,0.0,0.0,0.0,0.0,0.0,0.0
CHEMBL5266953,7.121042966556585,11.480253802910052,2.0668103584026203,0.0,2.697548815822624,0.0,1.879591036260184,0.0,0.0,0.3915118732678253,0.0,0.0,0.0,0.0,0.0,0.0,0.0,10.65653816041262,12.206702986367487,0.0,0.0,0.0,0.0,0.0,0.0
CHEMBL5266984,4.493936471193416,5.258975744223309,5.715304075333837,10.236994208377617,1.3416779520450153,0.0,1.6801812463647334,1.15197337962963,0.0,-0.3034983597050693,0.0,0.0,0.0,0.0,0.0,0.0,0.0,0.0,24.95450606674008,6.46994921579743,0.0,0.0,0.0,0.0,0.0
CHEMBL5266995,6.831083171734351,9.059858664674127,0.0,19.42556944524172,3.5103946627579576,0.0,1.959613989141268,3.409834357012319,0.0,0.5246946018007423,0.0,0.0,0.0,0.0,0.0,2.319770901288533,0.0,0.0,12.316877485310672,5.478389515336691,0.0,0.0,0.0,0.0,0.0
CHEMBL5267234,4.493936471193416,5.258975744223309,5.715304075333837,10.236994208377617,1.3416779520450153,0.0,1.6801812463647334,1.15197337962963,0.0,-0.3034983597050693,0.0,0.0,0.0,0.0,0.0,0.0,0.0,0.0,24.95450606674008,6.46994921579743,0.0,0.0,0.0,0.0,0.0
CHEMBL5267423,5.075210485428739,9.34373749356062,0.0,10.930679288627331,3.971181550915947,0.0,1.994449613447335,1.3856572683085582,0.0,0.6714229838323451,0.0,3.5132800223382388,0.0,0.0,0.0,0.0,0.0,0.0,12.134396580532634,0.0,0.0,0.0,0.0,0.0,0.0
CHEMBL5267610,4.618784197320904,6.986497247285573,4.22074010782254,10.26022530675442,1.5492854309303827,0.0,0.7291365868108055,4.398821512484153,0.0,-0.1258049885215941,0.0,0.0,0.0,0.0,5.045408320735702,0.0,1.9724002425044087,0.0,25.844506035872705,0.0,0.0,0.0,0.0,0.0,0.0
CHEMBL5267688,4.606794978793987,5.4994683536995055,4.387913753464349,10.522858944873736,1.451398809523809,0.0,3.236572879923576,1.208078703703704,0.0,-0.0902803366717053,0.0,0.0,0.0,0.0,0.0,0.0,0.0,0.0,25.010527246022377,0.0,0.0,0.0,0.0,0.0,0.0
CHEMBL5267848,6.347492102655724,8.516294618130386,0.0,0.0,1.8862299487696303,0.0,3.25660200956084,0.0,0.0,0.0939783346763869,0.0,0.0,0.0,0.0,0.0,0.0,0.0,0.0,25.064396972724964,5.233102734423532,0.0,0.0,0.0,0.0,0.0
CHEMBL5267859,6.326517157453687,4.62924123583981,1.7734641649869824,7.055237605040997,0.3643029835390936,0.0,1.5055275576011964,1.3402423211275132,0.0,-0.4861921139042804,0.0,0.0,0.0,0.0,0.0,1.6940008503401358,0.0,0.0,52.89054478842839,0.0,0.0,0.0,-3.676219883786848,0.0,0.0
CHEMBL5267873,2.19041561686403,7.861281546569245,1.8657378275384229,0.0,1.5709471844293263,2.4341510770975057,1.961692058767953,0.0,0.0,-0.1813015715545478,0.0,0.0,0.0,9.47230514350802,0.0,0.0,0.0,0.0,24.32477111678004,0.0,0.0,0.0,0.0,0.0,0.0
CHEMBL5267929,2.1757002698582646,5.485153181296726,0.0,10.319647448837078,1.3755778217827273,0.0,0.1837114835336408,3.399269779734923,0.0,-0.1458884294106712,0.0,2.927949039955488,0.0,0.0,4.003693753391799,0.0,0.0,10.509324901639566,25.18252741604713,0.0,0.0,0.0,0.0,0.0,0.0
CHEMBL5267936,4.77939027462837,8.852831671355197,2.157957754076531,10.344064673846509,2.5232813261850016,0.0,1.4831841563786012,1.1542454225785306,0.0,0.2198210768658551,0.0,0.0,0.0,0.0,0.0,0.0,0.0,10.207309631640822,13.444580679111253,0.0,0.0,0.0,0.0,0.0,0.0
CHEMBL5268117,5.73717173983791,4.27863998068363,5.360281399596875,0.0,0.7688411753590322,0.0,1.013666160136896,0.0,0.0,-0.4745740819475939,0.0,0.0,0.0,0.0,0.0,0.0,0.0,0.0,36.16278366979508,5.653189956538171,0.0,0.0,0.0,0.0,0.0
CHEMBL5268139,4.580606864659444,6.381052168163459,1.9037007905013856,9.979352796131971,1.4798991664567054,0.0,1.923935164471105,0.8687888426975728,0.0,-0.1212611803980849,0.0,0.0,0.0,0.0,0.0,0.0,0.0,0.0,25.013790986333827,6.490134400982615,0.0,0.0,0.0,0.0,0.0
CHEMBL5268166,4.719574934912236,9.199309688177385,2.044626716427312,10.761998353362824,2.3498723964894594,0.0,2.3085974878613325,1.3922121834845052,0.0,0.0817057219275834,0.0,0.0,0.0,0.0,0.0,0.0,0.0,0.0,25.142102517357365,0.0,0.0,0.0,0.0,0.0,0.0
CHEMBL5268195,4.709345324421983,9.32264918034879,2.044626716427312,10.57547847183968,2.0535868676110374,0.0,2.308506817800355,1.3330104496139852,0.0,0.0983036162347477,0.0,0.0,0.0,0.0,0.0,0.0,0.0,0.0,25.55449255570211,0.0,0.0,0.0,0.0,0.0,0.0
CHEMBL5268211,6.888978574135501,9.660217946727462,2.035367457168052,0.0,2.228850098681447,0.0,2.355203772222848,0.0,0.0,0.1762712585034018,0.0,0.0,0.0,0.0,0.0,0.0,0.0,0.0,24.988444225894625,0.0,0.0,0.0,0.0,0.0,0.0
CHEMBL5268215,4.6837070350918655,11.510051582372665,4.5534209393634,10.763250744909,1.597555662583933,0.0,3.5979782714131883,1.4238668775144108,0.0,0.0001887835025704,0.0,0.0,0.0,0.0,0.0,0.0,0.0,0.0,25.203313436582302,0.0,0.0,0.0,0.0,0.0,0.0
CHEMBL5268383,2.166226195725204,6.711771830645838,0.0,0.0,1.8696466364323496,0.0,0.5783736326320654,0.0,0.0,-0.1057389298311919,0.0,0.0,0.0,0.0,0.0,0.0,0.0,0.0,23.87665679852188,0.0,0.0,14.153063835873857,0.0,0.0,0.0
CHEMBL5268471,4.116760505899891,6.178997989627949,2.948832593222474,0.0,1.1979226242966323,0.0,1.714838474741749,0.0,0.0,-0.5776073160745774,0.0,0.0,0.0,0.0,0.0,0.0,0.0,0.0,36.753588461619216,0.0,0.0,0.0,0.0,0.0,0.0
CHEMBL5268507,5.427923344695392,10.923491975538557,2.4517188329647746,0.0,1.9660772549760632,0.0,1.2626995319094891,0.0,0.0,0.1795934508062484,0.0,0.0,0.0,0.0,0.0,0.0,0.0,0.0,23.215649659013792,11.406179283429012,0.0,0.0,0.0,0.0,0.0
CHEMBL5268515,2.0193378107415807,3.846740494037121,0.0,0.0,-2.507283635676494,0.0,-0.1849702512177702,0.0,0.0,-1.7022766282438897,0.0,0.0,0.0,0.0,0.0,0.0,0.0,10.200065442071889,24.20713220164609,0.0,0.0,28.621254566641472,0.0,0.0,0.0
CHEMBL5268519,4.213036317922231,4.369263169774082,1.620923012723608,0.0,-1.1866964285714303,0.0,1.1712794075963728,0.0,0.0,-0.5885426902242374,0.0,0.0,0.0,0.0,0.0,0.0,0.0,11.1543537414966,24.5204475308642,0.0,0.0,0.0,0.0,0.0,0.0
CHEMBL5268650,2.1839866123918705,4.681051521688922,10.096302752582512,0.0,1.4238010204081626,0.0,1.6994108770051242,0.0,0.0,-0.1857917217813054,0.0,0.0,0.0,0.0,0.0,0.0,0.0,0.0,24.13218490173847,0.0,0.0,0.0,0.0,0.0,3.719054035966238
CHEMBL5268672,2.1046689184933234,6.702533396846393,3.1212400006298813,0.0,0.8188671579743001,0.0,1.3686210579910985,0.0,0.0,-0.7712073648904005,0.0,0.0,0.0,0.0,0.0,0.0,0.0,0.0,37.15527683295541,0.0,0.0,0.0,0.0,0.0,0.0
CHEMBL5268721,6.8093858609370175,9.44202621658678,4.338693704333585,0.0,1.840438502561518,0.0,3.18797816265191,0.0,0.0,-0.0090729691784883,0.0,0.0,0.0,0.0,0.0,0.0,0.0,0.0,25.057217188774345,0.0,0.0,0.0,0.0,0.0,0.0
CHEMBL5268776,4.521958586196952,6.763601320689314,2.377306783824641,0.0,1.0319784143081097,0.0,4.546502846158106,0.0,0.0,-0.1228813932980597,0.0,0.0,0.0,0.0,0.0,0.0,0.0,0.0,24.862828621628225,0.0,0.0,0.0,0.0,5.945952776002079,0.0
CHEMBL5268832,4.627049345972957,8.117477665448897,0.0,0.0,1.176853072247415,0.0,0.1175850602586716,0.0,0.0,0.2050151958931723,0.0,0.0,0.0,0.0,0.0,0.0,0.0,20.43060599857227,12.492080328273286,0.0,0.0,0.0,0.0,0.0,0.0
CHEMBL5268836,4.036454921474763,3.63132823654153,2.9308696302595107,0.0,0.6407619992441416,0.0,0.1828965760687002,0.0,0.0,-0.8608825428319471,0.0,0.0,0.0,0.0,0.0,0.0,0.0,9.940105124611572,36.83179938796506,0.0,0.0,0.0,0.0,0.0,0.0
CHEMBL5268850,6.517309762639624,6.017859321197615,4.120876716427311,0.0,1.3817984693877547,0.0,2.720851324326028,0.0,0.0,-0.1231619268077601,0.0,0.0,0.0,0.0,0.0,0.0,0.0,0.0,24.552387487402367,5.978745512093727,0.0,0.0,0.0,0.0,0.0
CHEMBL5268890,4.4989385881508,8.994793464453682,0.0,6.074457750692869,2.400677910052909,0.0,0.5208900489208035,3.286637941442009,0.0,-0.0506988536155201,0.0,0.0,0.0,0.0,0.0,0.0,0.0,10.0087875339147,12.515515615987749,0.0,0.0,0.0,0.0,0.0,0.0
CHEMBL5269004,6.74166408575725,8.3899881765978,1.9242563460569413,0.0,1.773788265306122,0.0,2.0336875236205607,0.0,0.0,-0.0131555492567394,0.0,0.0,0.0,0.0,0.0,0.0,0.0,0.0,24.716164528713232,6.26693995653817,0.0,0.0,0.0,0.0,0.0
CHEMBL5269029,6.833594182272883,9.316361787771644,2.04874194276476,8.762565743731002,2.044291846439143,0.0,2.310397635983561,2.6280283156349107,0.0,0.0930646985477228,0.0,0.0,0.0,0.0,0.0,0.0,0.0,0.0,25.62962051352104,0.0,0.0,0.0,0.0,0.0,0.0
CHEMBL5269083,8.233592430943041,7.238970694401899,0.0,8.014736472598516,1.1389148455119278,0.0,-0.8428907501949383,1.8625851386454184,0.0,-4.983184212355684,0.0,0.0,0.0,0.0,0.0,1.747119990899111,0.0,0.0,24.60563899859657,10.284361643755036,0.0,38.51692866189365,0.0,0.0,0.0
CHEMBL5269206,6.886863758110376,10.23826542053792,6.010684208868733,0.0,2.3360268119593512,0.0,2.1043770001559965,0.0,0.0,-0.0400903486394557,0.0,0.0,0.0,0.0,0.0,0.0,0.0,0.0,24.79720648234041,0.0,0.0,0.0,0.0,0.0,0.0
CHEMBL5269208,4.7216472435826695,10.571292689399115,2.0560590671453767,10.645887312886476,2.095125261978096,0.0,2.3349231946000293,1.373517013433486,0.0,0.1106382644185466,0.0,0.0,0.0,0.0,0.0,0.0,0.0,0.0,25.590909952556203,0.0,0.0,0.0,0.0,0.0,0.0
CHEMBL5269252,4.744716455899266,11.856431917893945,2.0646687610229275,10.794758149607503,2.4323762573338685,0.0,2.3566808021553456,1.426501283383724,0.0,0.1061317477743239,0.0,0.0,0.0,0.0,0.0,0.0,0.0,0.0,25.2177346249291,0.0,0.0,0.0,0.0,0.0,0.0
CHEMBL5269293,4.492393996178718,5.7839948032929005,4.09457835522996,6.80122029058537,1.1145081149743843,0.0,3.0576333753644827,1.1366491976471238,0.0,-0.2477048547775906,0.0,0.0,0.0,0.0,0.0,0.0,0.0,0.0,36.113849693319736,0.0,0.0,0.0,0.0,0.0,0.0
CHEMBL5269555,2.128421490509784,5.684200575291845,1.6253211608717562,0.0,1.5742195767195757,0.0,1.5153957362265902,0.0,0.0,-0.173461789808516,0.0,0.0,0.0,0.0,0.0,0.0,0.0,0.0,36.395903250188965,0.0,0.0,0.0,0.0,0.0,0.0
CHEMBL5269707,4.526508461409256,4.655188994190167,8.260262030738222,10.523046106789568,1.3374435731082557,0.0,3.060808038620765,1.2764088351389942,0.0,-0.2582245212899969,0.0,0.0,0.0,0.0,0.0,0.0,0.0,0.0,24.95189181462811,0.0,0.0,0.0,0.0,0.0,0.0
CHEMBL5269737,4.680457530234316,8.625692935353154,2.290774754346183,0.0,1.9288879703115809,0.0,1.5825373467288155,0.0,0.0,0.2724881897203326,0.0,0.0,0.0,0.0,0.0,0.0,0.0,10.443053167254556,12.342774772717728,0.0,0.0,0.0,0.0,0.0,0.0
CHEMBL5269756,8.604345228125556,7.427031331856524,0.0,8.403224756801087,2.0955086863097945,0.0,-0.6646381635937204,2.13571940315369,0.0,-4.7279104615755205,0.0,0.0,0.0,0.0,0.0,2.163786657565778,0.0,0.0,11.472528824453642,10.281685836910274,0.0,38.37961218505781,0.0,0.0,0.0
CHEMBL5269817,4.664095647518266,9.14908831202234,2.024571050642479,0.0,0.9421435395145702,0.0,1.834767101284959,0.0,0.0,0.2627934854497354,0.0,0.0,0.0,0.0,0.0,0.0,0.0,10.430072987528344,12.859134542705972,0.0,0.0,0.0,0.0,0.0,0.0
CHEMBL5269898,6.337131020618124,6.5921904656924495,1.890367457168052,0.0,1.753409391534391,0.0,1.9864114202779888,0.0,0.0,-0.0079435547367092,0.0,0.0,0.0,0.0,0.0,0.0,0.0,0.0,24.45579939846309,5.825967734315949,0.0,0.0,0.0,0.0,0.0
CHEMBL5269979,6.872749403172903,12.094163245310638,4.380803256487781,0.0,1.8375162135944056,0.0,3.227181502372267,0.0,0.0,-0.0140761463337319,0.0,0.0,0.0,0.0,0.0,0.0,0.0,0.0,25.268329192062403,0.0,0.0,0.0,0.0,0.0,0.0
CHEMBL5270023,1.7500842178137452,0.2825139879277234,0.0,19.53911874531578,0.0,5.616699900365367,0.0,1.5234511555738608,1.3654975277147896,-1.6292791372938829,0.0,0.0,0.0,0.0,4.120574525377292,0.0,0.0,11.75413796866313,0.0,5.584056854491108,6.031664540816326,13.47814637990143,0.0,0.0,0.0
CHEMBL5270074,6.523644320480922,8.137773272736295,1.7967173721340388,0.0,0.995788060594608,0.0,1.5049959620556228,0.0,0.0,-0.2782764839177176,0.0,0.0,0.0,0.0,0.0,0.0,0.0,0.0,37.33005642826695,5.989301067649282,0.0,0.0,0.0,0.0,0.0
CHEMBL5270108,4.351832614218527,4.934896200764256,3.782821160871756,0.0,1.0353387188208614,0.0,2.065074759070296,0.0,0.0,-0.3422463939279412,0.0,0.0,0.0,0.0,0.0,0.0,0.0,0.0,24.42245811287478,0.0,0.0,0.0,0.0,0.0,0.0
CHEMBL5270141,7.002235489862204,9.43585266282439,6.0440305335097,0.0,2.4563377897455263,0.0,1.6122299251490726,0.0,0.0,0.1868633471907277,0.0,0.0,0.0,0.0,0.0,0.0,0.0,10.642552820906449,12.119897430811932,0.0,0.0,0.0,0.0,0.0,0.0
CHEMBL5270168,4.207080315150752,4.373528334173175,1.5951236929957169,0.0,-1.1099239417989433,0.0,1.103816465629463,0.0,0.0,-0.598598316641471,0.0,0.0,0.0,0.0,0.0,0.0,0.0,11.016658163265308,24.505739166036783,0.0,0.0,0.0,0.0,0.0,0.0
CHEMBL5270259,6.730411705578501,7.909448837406314,4.336720967708071,8.669194617502733,1.7437610399807577,0.0,3.078141268930568,2.572579761213142,0.0,-0.0896639484666383,0.0,0.0,0.0,0.0,0.0,0.0,0.0,0.0,25.549405750146555,0.0,0.0,0.0,0.0,0.0,0.0
CHEMBL5270376,6.426047377937744,5.57796666525247,5.915366413655555,10.466508890700064,2.150084931202355,0.0,2.795435325362638,1.194258091353826,0.0,0.0801184728304134,0.0,0.0,0.0,0.0,0.0,1.7652802655280555,0.0,0.0,24.58866721736616,0.0,0.0,0.0,0.0,0.0,0.0
CHEMBL5270517,6.114603843852356,6.096403546758209,2.9633001858150667,0.0,1.2044142101284958,0.0,1.6876966280339305,0.0,0.0,-1.085017164273116,0.0,0.0,0.0,0.0,0.0,0.0,0.0,0.0,37.268598749685054,0.0,0.0,0.0,0.0,0.0,0.0
CHEMBL5270578,6.069836283278743,3.706145649617872,7.727255605946082,0.0,1.207805650037793,0.0,2.3208013012303703,0.0,0.0,-0.3254624511841772,0.0,0.0,0.0,0.0,0.0,0.0,0.0,0.0,24.307094671201813,5.653189956538171,0.0,0.0,0.0,0.0,0.0
CHEMBL5270644,6.523329022177371,7.246210725770732,0.0,18.916242363318155,1.743718517924901,0.0,-0.7008125884290144,3.1959211002721344,0.0,-4.838947610769592,0.0,0.0,0.0,0.0,0.0,2.247119990899112,0.0,0.0,11.563106980825122,10.402799118865603,0.0,38.66905851606224,0.0,0.0,0.0
CHEMBL5270764,6.62823568856555,7.302627839716132,1.910367457168052,0.0,1.769346655328797,0.0,2.0151115284076604,0.0,0.0,-0.0102915564373895,0.0,0.0,0.0,0.0,0.0,0.0,0.0,0.0,24.600301319601915,6.117634400982615,0.0,0.0,0.0,0.0,0.0
CHEMBL5270920,4.848553004594828,7.377254485761517,0.0,21.32853841849485,1.94446210012366,0.0,-0.6687838126394683,2.439248155852177,0.0,-4.783701513205473,0.0,0.0,0.0,0.0,0.0,2.268472976537811,0.0,0.0,11.53730069363937,4.93749488676611,0.0,38.583575974425486,0.0,0.0,0.0
CHEMBL5270927,4.475784727471235,4.657409090562048,5.679336104812295,9.904176114348148,1.2567047220122614,0.0,1.6385574717273408,0.844695872176031,0.0,-0.3259097064751821,0.0,0.0,0.0,0.0,0.0,0.0,0.0,0.0,24.913000091272096,6.456245512093727,0.0,0.0,0.0,0.0,0.0
CHEMBL5270933,2.1807358329134123,5.911742934828252,6.265795776643991,0.0,1.4184229339884094,0.0,1.840643122218024,0.0,0.0,-0.1601555413832198,0.0,0.0,0.0,0.0,0.0,0.0,0.0,0.0,24.188394178144502,0.0,0.0,0.0,0.0,6.465531873757733,0.0
CHEMBL5270986,4.226075352208785,5.562210306962291,0.0,5.781996724615772,1.6112363000755847,0.0,0.4772342162173517,2.836593062379273,0.0,-0.1048076499118164,0.0,0.0,0.0,0.0,0.0,0.0,0.0,9.89603676230976,12.437943301938162,6.025481623204838,0.0,0.0,0.0,0.0,0.0
CHEMBL5271052,1.6099446528593249,0.0,0.0,21.906335317395246,0.0,0.0,0.0,3.389100469235751,1.540744415049971,-1.457127858087679,0.0,0.0,0.0,0.0,4.169724265866943,0.0,0.0,11.763404588687326,0.0,5.261904076713329,6.045255220143613,0.0,0.0,0.0,3.4373815188028405
CHEMBL5271071,0.0,0.892435256244641,0.0,19.99002187267696,0.0,2.408006717453694,-0.0222398326614592,2.971230715082177,0.0,0.0,0.0,0.0,0.0,0.0,4.024815319808052,0.0,1.959526623106793,0.0,12.633990221088435,5.317365042044182,0.0,0.0,0.0,0.0,0.0
CHEMBL5271092,2.16271925128076,4.199475518602503,9.810091332829428,0.0,1.2464784895439651,0.0,1.5552654294742596,0.0,0.0,-0.3648040674603174,0.0,0.0,0.0,0.0,0.0,0.0,0.0,0.0,24.08760328308278,0.0,0.0,0.0,0.0,6.414281873757733,0.0
CHEMBL5271144,0.0,0.945788471004089,0.0,20.001707515662503,0.0,2.405474270805364,-0.0206660210380442,3.036901938006772,0.0,0.0,0.0,0.0,0.0,0.0,4.01722093416404,0.0,1.977928064461531,0.0,12.511563129881583,5.306419955174325,0.0,0.0,0.0,0.0,0.0
CHEMBL5271187,7.250413766586882,12.649102668073404,2.6325896793902746,0.0,3.1677229780801204,0.0,2.419355841101874,0.0,0.0,0.484272486772487,0.0,0.0,0.0,0.0,0.0,0.0,0.0,0.0,12.563209246661629,0.0,0.0,0.0,0.0,0.0,0.0
CHEMBL5271283,4.4989385881508,8.994793464453682,0.0,6.074457750692869,2.400677910052909,0.0,0.5208900489208035,3.286637941442009,0.0,-0.0506988536155201,0.0,0.0,0.0,0.0,0.0,0.0,0.0,10.0087875339147,12.515515615987749,0.0,0.0,0.0,0.0,0.0,0.0
CHEMBL5271503,4.610073421331087,9.54435338718821,0.0,6.131993496472664,2.5334532470395548,0.0,0.0,3.352848311392459,0.0,0.1437455908289238,0.0,0.0,0.0,0.0,0.0,0.0,0.0,20.60019921241377,0.0,0.0,0.0,0.0,0.0,0.0,0.0
CHEMBL5271509,2.2350919364659445,8.38894547325103,1.9563396793902743,0.0,2.7937566137566128,0.0,2.308267996241708,0.0,0.0,-0.007072900919627,0.0,0.0,0.0,0.0,0.0,0.0,0.0,0.0,23.90800453514739,0.0,0.0,0.0,0.0,0.0,0.0
CHEMBL5271543,4.49089846483861,6.30046526378041,2.3615085663895186,0.0,1.0487553539934489,0.0,4.190710143368048,0.0,0.0,-0.1102154982363312,0.0,0.0,0.0,0.0,0.0,0.0,0.0,0.0,24.39637098975393,0.0,0.0,0.0,0.0,0.0,0.0
CHEMBL5271636,3.768485922146637,0.0,0.0,11.344363675290204,0.0,0.0,0.0,3.358976494918956,0.0,0.0,0.0,0.0,0.0,0.0,4.207992252456538,0.0,3.470406273620559,0.0,12.68442365835223,0.0,0.0,0.0,0.0,5.870338863132574,0.0
CHEMBL5271678,6.62823568856555,7.302627839716132,1.910367457168052,0.0,1.769346655328797,0.0,2.0151115284076604,0.0,0.0,-0.0102915564373895,0.0,0.0,0.0,0.0,0.0,0.0,0.0,0.0,24.600301319601915,6.117634400982615,0.0,0.0,0.0,0.0,0.0
CHEMBL5271680,4.142686891114471,4.208169774082473,1.561409123834719,0.0,-1.1148776455026466,0.0,1.0405313182371725,0.0,0.0,-3.340169556248425,0.0,0.0,0.0,0.0,0.0,0.0,0.0,0.0,24.354382558578987,0.0,0.0,29.56453420256992,0.0,0.0,0.0
CHEMBL5271699,5.771067509163649,5.156495627572016,0.0,0.0,0.99063066893424,0.0,1.3893236515285132,0.0,0.0,-0.500180776014109,0.0,0.0,0.0,0.0,0.0,0.0,0.0,0.0,37.65910628566292,5.3668903664861,0.0,0.0,0.0,0.0,0.0
CHEMBL5271771,4.569801726118465,8.272051583049423,8.394819748887208,10.693745963246013,1.4138342232362793,0.0,3.2355722368156297,1.3958651029856388,0.0,-0.2113871486731433,0.0,0.0,0.0,0.0,0.0,0.0,0.0,0.0,25.069029897667825,0.0,0.0,0.0,0.0,0.0,0.0
CHEMBL5271891,2.196608140169648,6.498912719408752,5.626977828168305,0.0,1.6006451562106316,0.0,1.8209598739187045,0.0,0.0,-0.2267485119047618,0.0,0.0,0.0,0.0,0.0,0.0,0.0,0.0,24.14558514249321,0.0,0.0,0.0,0.0,6.448170762646622,0.0
CHEMBL5271912,6.114682399564254,5.368115053120013,4.436153628117914,0.0,1.4833158541194251,0.0,2.284001467099187,0.0,0.0,-0.0939539241622571,0.0,0.0,0.0,0.0,0.0,0.0,0.0,0.0,24.60829515565536,5.466057033152767,0.0,0.0,0.0,0.0,0.0
CHEMBL5271963,2.109879351431931,5.895251060300663,1.6901822719828674,0.0,-1.3757177763080548,0.0,1.4789632805282618,0.0,0.0,-0.7114561681153941,0.0,0.0,0.0,0.0,0.0,0.0,0.0,0.0,24.28610893277064,0.0,0.0,26.96012238074242,0.0,0.0,0.0
CHEMBL5271982,2.336705483119174,11.093775812022342,2.451625173217435,0.0,2.0180073433694456,0.0,1.5830078420256994,0.0,0.0,0.267595072751323,0.0,0.0,0.0,0.0,0.0,0.0,0.0,20.749283273494584,0.0,0.0,0.0,0.0,0.0,0.0,0.0
CHEMBL5272287,6.667354625763318,11.896209126071138,1.8120224430451704,0.0,0.9902036463642218,0.0,1.545990283253525,0.0,0.0,-0.284787793706583,0.0,0.0,0.0,0.0,0.0,0.0,0.0,0.0,37.77923286762191,6.093774801587301,0.0,0.0,0.0,0.0,0.0
CHEMBL5272328,6.928409387014115,10.939513225279144,2.049256346056941,0.0,2.232309067145376,0.0,2.372757677853052,0.0,0.0,0.1736556778358728,0.0,0.0,0.0,0.0,0.0,0.0,0.0,0.0,25.13743195214884,0.0,0.0,0.0,0.0,0.0,0.0
CHEMBL5272564,6.627603270037468,8.769425048783711,0.0,10.539071673359,3.111621300226548,0.0,1.8443856372494567,1.2145461571974472,0.0,0.4431192286883125,0.0,0.0,0.0,0.0,0.0,1.7855683313716773,0.0,0.0,24.765693158596648,0.0,0.0,0.0,0.0,0.0,0.0
CHEMBL5272700,1.7652751900359671,0.3055251647850543,0.0,21.26853627215544,0.0,5.653825120823921,0.0,2.84209866967592,1.46151947558859,-1.521254445935858,0.0,0.0,0.0,0.0,4.168585499314192,0.0,0.0,11.83350304802821,0.0,5.611063027330614,6.092428429705215,0.0,0.0,6.046672326270511,0.0
CHEMBL5272891,6.151226149091409,5.589963382710496,0.0,0.0,0.9902835779373478,0.0,1.4728651268881705,0.0,0.0,-0.5023412698412695,0.0,0.0,0.0,0.0,0.0,0.0,0.0,0.0,37.97277933339441,5.658557033152768,0.0,0.0,0.0,0.0,0.0
CHEMBL5273068,0.0,0.75024117554816,0.0,31.16403954258775,0.0,0.0,0.0405486268581514,4.797261261103877,0.0,0.0,0.0,0.0,0.0,0.0,4.0415766881077735,0.0,1.999140875358408,0.0,12.707191830435878,0.0,0.0,0.0,0.0,0.0,0.0
CHEMBL5273116,3.993249296632233,3.606211944654405,1.2526359756865706,0.0,-2.126052243428237,0.0,0.2693367740614769,0.0,0.0,-0.8743113032249932,0.0,0.0,0.0,0.0,0.0,0.0,0.0,0.0,24.04479381876207,0.0,0.0,29.00080240352314,0.0,0.0,0.0
CHEMBL5273164,2.0715511621315192,5.2603587962962965,5.932950850865037,0.0,0.3239871504157214,0.0,1.5711032638363993,0.0,0.0,-0.5519681831065759,0.0,0.0,0.0,0.0,0.0,0.0,0.0,10.205848056815318,25.18616890274628,0.0,0.0,0.0,0.0,0.0,0.0
CHEMBL5273177,2.22771925128076,7.338342701772067,5.910711161501638,0.0,1.860042687074829,0.0,2.0318240714495683,0.0,0.0,0.0351209766313933,0.0,0.0,0.0,0.0,0.0,0.0,0.0,0.0,24.210801681783824,0.0,0.0,0.0,0.0,0.0,0.0
CHEMBL5273309,4.639695126727087,10.38067183752137,4.374797729276896,10.637478591339676,1.7754647324148305,0.0,3.1608764557118647,1.3815572968409198,0.0,-0.0637195911548116,0.0,0.0,0.0,0.0,0.0,0.0,0.0,0.0,25.546511154655505,0.0,0.0,0.0,0.0,0.0,0.0
CHEMBL5273350,4.636195961409255,5.833254808096079,1.963284123834719,0.0,2.8279464285714275,0.0,2.218942127005124,0.0,0.0,0.1331959010456034,0.0,3.687630857898715,0.0,0.0,0.0,0.0,0.0,0.0,24.366216458805745,0.0,0.0,0.0,0.0,0.0,0.0
CHEMBL5273362,6.902620397214033,11.618257702427975,6.029669548374905,0.0,2.334904651675485,0.0,2.1140296712183,0.0,0.0,-0.0427354550061529,0.0,0.0,0.0,0.0,0.0,0.0,0.0,0.0,24.876586817428787,0.0,0.0,0.0,0.0,0.0,0.0
CHEMBL5273384,4.388147889818615,7.869155285743263,0.0,5.83809161627614,1.616110901150583,0.0,0.482318901453552,2.8751949089821123,0.0,-0.1075815696649029,0.0,0.0,0.0,0.0,0.0,0.0,0.0,9.999404817865315,12.52312006961493,6.266037178760393,0.0,0.0,0.0,0.0,0.0
CHEMBL5273492,1.997675769107767,1.9155268176685003,0.0,20.262699306935588,0.0,5.876533942232185,-0.0032356567894982,3.139197820336405,0.0,0.0,0.0,0.0,0.0,0.0,4.029810958314847,0.0,1.9865478561281973,0.0,12.60673989755835,5.521836621840992,0.0,0.0,0.0,0.0,0.0
CHEMBL5273506,2.016733644074914,3.724382611069119,1.2957841238347192,0.0,-3.858838997018561,0.0,0.3987371267951634,0.0,0.0,-1.7241965073066263,0.0,0.0,0.0,0.0,0.0,0.0,0.0,10.019587361950954,24.186556069958847,0.0,0.0,28.60792123330814,0.0,0.0,0.0
CHEMBL5273549,4.070455535609305,5.091800254052238,0.0,0.0,-0.5341961398757047,0.0,0.0575572798563879,0.0,0.0,-2.6180481938145626,0.0,0.0,0.0,0.0,0.0,0.0,0.0,10.289139516145964,24.265063368711683,0.0,0.0,15.794895045981354,0.0,0.0,0.0
CHEMBL5273618,6.825205078945158,5.187940339716133,5.845357457797934,0.0,2.256742724867724,0.0,1.9936135650247768,0.0,0.0,-0.0318692916981606,0.0,0.0,0.0,0.0,0.0,0.0,0.0,0.0,24.256343458679765,0.0,0.0,0.0,0.0,0.0,0.0
CHEMBL5273646,6.614701187023048,7.394497479084042,0.0,10.299266749198198,1.339658427710687,0.0,-0.7849036358230457,1.142817795972333,0.0,-4.927938114791566,0.0,0.0,0.0,0.0,0.0,1.768472976537811,0.0,0.0,24.481414501534275,4.902009661425974,0.0,38.43144612025689,0.0,0.0,0.0
CHEMBL5273888,6.420622733922924,7.072345321016632,1.7889048721340388,0.0,0.9969102208784746,0.0,1.4774266243266527,0.0,0.0,-0.2756313775510202,0.0,0.0,0.0,0.0,0.0,0.0,0.0,0.0,37.09178720428969,5.927634400982615,0.0,0.0,0.0,0.0,0.0
CHEMBL5273960,6.156082637635148,7.631033584704671,0.0,0.0,1.739253380364491,0.0,2.4489888408365594,0.0,0.0,-0.0362299986569465,0.0,0.0,0.0,0.0,0.0,0.0,0.0,0.0,24.94356363939163,10.783974582391114,0.0,0.0,0.0,0.0,0.0
CHEMBL5274084,2.171458839581134,4.826060339286722,0.0,20.5759523003764,0.0,0.0,0.0231612105994325,3.251071928332724,0.0,0.0,0.0,0.0,0.0,0.0,4.047302120424268,0.0,1.980421107133145,0.0,12.751512667777549,5.70639281982196,0.0,0.0,0.0,0.0,0.0
CHEMBL5274139,2.1712868802188776,4.8809267660235065,0.0,20.585641331207217,0.0,0.0,0.0247350222228475,3.3129382668218144,0.0,0.0,0.0,0.0,0.0,0.0,4.037177415927304,0.0,1.996094341388969,0.0,12.629085576570697,5.695447732952104,0.0,0.0,0.0,0.0,0.0
CHEMBL5274290,5.860010458658772,5.86126076047703,1.7648119016124968,0.0,0.9920356198034764,0.0,1.3231368234022018,0.0,0.0,-0.2699255558704962,0.0,0.0,0.0,0.0,0.0,0.0,0.0,0.0,36.28159114648946,5.68707884542706,0.0,0.0,0.0,0.0,0.0
CHEMBL5274299,4.115729219156799,4.22757642563198,1.4849970867976818,0.0,-0.8971943499622084,0.0,0.5554680151381546,0.0,0.0,-0.6881466915469887,0.0,0.0,0.0,0.0,0.0,0.0,0.0,10.74731670445956,36.954253590325024,0.0,0.0,0.0,0.0,0.0,0.0
CHEMBL5274335,1.980114740143404,1.0717900503440223,0.0,19.594049011554425,0.0,5.8840610114764775,0.0,1.536702312595466,1.3720343075501806,-1.6303552392222571,0.0,0.0,0.0,0.0,4.1275699902299,0.0,0.0,11.781278829938609,0.0,5.645723521157774,6.052837380322499,13.50086075057617,0.0,0.0,0.0
CHEMBL5274501,6.979165928116214,13.64441220600603,2.0672729276895945,0.0,2.2311517063717634,0.0,2.394134109032215,0.0,0.0,0.1686525006806292,0.0,0.0,0.0,0.0,0.0,0.0,0.0,0.0,25.348543955436888,0.0,0.0,0.0,0.0,0.0,0.0
CHEMBL5274587,4.314452212983959,6.563446607037877,1.6658304201310157,0.0,1.2007686130007555,0.0,1.543380430104141,0.0,0.0,-0.2887305917737461,0.0,0.0,0.0,0.0,0.0,0.0,0.0,0.0,37.16751897518267,0.0,0.0,0.0,0.0,0.0,0.0
CHEMBL5274708,2.1373400888133034,6.44647102282271,1.083650321239607,0.0,0.9106533446712012,0.0,0.5736196145124726,0.0,0.0,-1.591059263983371,0.0,0.0,0.0,0.0,0.0,0.0,0.0,0.0,37.34563179747207,6.01035974111867,0.0,0.0,0.0,0.0,0.0
CHEMBL5274777,5.169202254976065,9.850921950993964,0.0,21.958153383569705,3.858204497954556,0.0,1.4907398484084995,2.612694225642684,0.0,0.6504594408100449,0.0,0.0,0.0,0.0,0.0,2.3508231523083163,0.0,10.394626143592074,0.0,0.0,0.0,0.0,0.0,0.0,0.0
CHEMBL5274832,2.1001514865205344,6.518687024964306,1.083650321239607,0.0,0.6924738336692693,0.0,0.5251670235995638,0.0,0.0,-1.65088671579743,0.0,0.0,0.0,0.0,0.0,0.0,0.0,0.0,37.71264887513647,5.9347748173343415,0.0,0.0,0.0,0.0,0.0
CHEMBL5274863,2.330629094230285,11.131254317313346,2.4930432728647016,0.0,1.95901428781389,0.0,1.5830078420256994,0.0,0.0,0.2577991543839759,0.0,0.0,0.0,0.0,0.0,0.0,0.0,20.745252031368103,0.0,0.0,0.0,0.0,0.0,0.0,0.0
CHEMBL5274867,2.135064536617116,5.898331522423783,1.8076244016124967,0.0,-0.0785384647686247,0.0,1.3704449457252046,0.0,0.0,-0.4170790422650543,0.0,0.0,0.0,0.0,0.0,0.0,0.0,30.952576170122168,11.83157593053291,0.0,0.0,0.0,0.0,0.0,0.0
CHEMBL5274890,4.629694927353658,7.1390586523865736,0.0,10.42271209855889,1.5741240971697317,0.0,0.698965548665901,4.48284579186613,0.0,-0.1150530649204888,0.0,0.0,0.0,0.0,4.9093646856890905,0.0,2.1254053287981858,0.0,25.63288193443233,0.0,0.0,0.0,0.0,0.0,0.0
CHEMBL5274998,2.164702669648106,6.793425112328882,1.774348938649534,0.0,1.3128982426303848,2.637306547619048,1.7347797120391375,0.0,0.0,-0.5483030596497858,0.0,0.0,0.0,9.989736945704207,0.0,0.0,0.0,0.0,24.141104891030487,0.0,0.0,0.0,0.0,0.0,0.0
CHEMBL5275053,6.337131020618124,6.5921904656924495,1.890367457168052,0.0,1.753409391534391,0.0,1.9864114202779888,0.0,0.0,-0.0079435547367092,0.0,0.0,0.0,0.0,0.0,0.0,0.0,0.0,24.45579939846309,5.825967734315949,0.0,0.0,0.0,0.0,0.0
CHEMBL5275063,6.523644320480922,8.137773272736295,1.7967173721340388,0.0,0.995788060594608,0.0,1.5049959620556228,0.0,0.0,-0.2782764839177176,0.0,0.0,0.0,0.0,0.0,0.0,0.0,0.0,37.33005642826695,5.989301067649282,0.0,0.0,0.0,0.0,0.0
CHEMBL5275068,2.230035037163013,7.838854232279332,2.1206066546989164,0.0,1.050879603384563,0.0,1.2271187641723362,0.0,0.0,-0.2766873346560845,0.0,0.0,0.0,0.0,0.0,0.0,0.0,20.69581246850592,12.78004724111867,0.0,0.0,0.0,0.0,0.0,0.0
CHEMBL5275153,4.568418183631477,5.629921474762744,1.900784123834719,0.0,2.0918353174603173,0.0,2.0400532381162355,0.0,0.0,0.0306959010456033,0.0,0.0,0.0,0.0,0.0,0.0,0.0,0.0,24.31803051776265,6.086927910052909,0.0,0.0,0.0,0.0,0.0
CHEMBL5275215,9.322340456244229,7.097212669018224,2.025784123834719,0.0,3.0426336923658344,0.0,2.3227355888343,0.0,0.0,0.1423521746661629,0.0,0.0,0.0,0.0,0.0,0.0,0.0,0.0,24.7136079617032,0.0,0.0,0.0,0.0,0.0,0.0
CHEMBL5275417,6.589275976446029,9.32416062993444,1.802890211640212,0.0,0.994062364653544,0.0,1.5231789911567268,0.0,0.0,-0.2806797463399193,0.0,0.0,0.0,0.0,0.0,0.0,0.0,0.0,37.51330937107284,6.03380220143613,0.0,0.0,0.0,0.0,0.0
CHEMBL5275448,2.1938303623918705,4.903952414546065,10.228777752582516,0.0,1.5058760204081627,0.0,1.766129627005124,0.0,0.0,-0.1029345789241624,0.0,0.0,0.0,0.0,0.0,0.0,0.0,0.0,24.152819822373395,0.0,0.0,0.0,0.0,0.0,0.0
CHEMBL5275593,7.451477308515999,10.452181424267238,2.5988936917359533,0.0,3.291922687284789,0.0,1.8029152494331069,0.0,0.0,0.7108995890022676,0.0,0.0,0.0,0.0,0.0,0.0,0.0,10.52504338309398,0.0,0.0,0.0,0.0,0.0,0.0,0.0
CHEMBL5275668,2.0457220804988663,4.771858938019652,6.845721542475015,0.0,0.0869038170823879,0.0,1.3794408488704129,0.0,0.0,-0.8223763463718818,0.0,0.0,0.0,0.0,0.0,0.0,0.0,0.0,37.19272911942555,0.0,0.0,0.0,0.0,0.0,0.0
CHEMBL5275714,4.611445394515831,6.89001217771059,1.9372424571680524,0.0,2.1855621693121687,0.0,2.150351801986228,0.0,0.0,0.1050709010456034,0.0,0.0,0.0,0.0,0.0,0.0,0.0,0.0,24.324582270408165,0.0,0.0,0.0,0.0,0.0,3.879066161186697
CHEMBL5275747,0.0,0.7298411279877729,0.0,19.18785234058377,0.0,0.0,-0.0516844083312331,2.46084874960985,0.0,0.0,0.0,0.0,0.0,0.0,3.999306248069013,0.0,1.9690482827658151,9.24907132648558,12.28904966616276,0.0,0.0,0.0,0.0,0.0,0.0
CHEMBL5275758,4.389346419123205,6.332522111468044,1.6935525321239606,0.0,0.3481472295708396,0.0,1.1715188282102968,0.0,0.0,-0.2083451436130003,0.0,0.0,0.0,0.0,0.0,0.0,0.0,10.41801537435962,25.18857598209037,0.0,0.0,0.0,0.0,0.0,0.0
CHEMBL5275780,4.64897749049625,11.227429295082649,6.039872928982327,10.77812899624926,2.231099481346005,0.0,2.086294939129657,1.4293498671978877,0.0,-0.091589372204156,0.0,0.0,0.0,0.0,0.0,0.0,0.0,0.0,25.15043637372012,0.0,0.0,0.0,0.0,0.0,0.0
CHEMBL5275798,4.64419603489544,8.692359050873437,2.2493566546989165,0.0,1.614749595825984,0.0,1.5844798752834472,0.0,0.0,0.2091403297430083,0.0,0.0,0.0,0.0,0.0,0.0,0.0,10.440115662005542,12.732269463340891,0.0,0.0,0.0,0.0,0.0,0.0
CHEMBL5275846,2.1813492588393384,7.482891051482321,1.850182271982867,0.0,1.5248530801209366,0.0,1.922087151990427,0.0,0.0,-0.2060322971781305,0.0,0.0,0.0,0.0,0.0,0.0,0.0,0.0,24.306274959057696,0.0,0.0,13.438394523704543,0.0,0.0,0.0
CHEMBL5275933,6.440676496945699,8.721787911364412,2.129624420743198,8.031819137531828,2.4283701324972022,0.0,1.423861777735786,1.940611594234916,0.0,0.1724435835355646,0.0,0.0,0.0,0.0,0.0,0.0,0.0,10.232397568572129,13.542998888987796,5.268741821184803,0.0,0.0,0.0,0.0,0.0
CHEMBL5276017,7.343676275381758,10.031742557079756,0.0,11.083826106197224,4.2099946663394485,0.0,1.5218944213487866,1.430078755911864,0.0,0.7496135702520984,0.0,0.0,0.0,0.0,0.0,2.267489818974984,0.0,10.300656874918133,0.0,0.0,0.0,0.0,0.0,0.0,0.0
CHEMBL5276018,9.756482594226586,11.250538932111253,2.4167993016383167,11.17948240553484,4.690873401306751,0.0,3.2911973942860246,1.4531293261652314,0.0,0.904621286301481,0.0,0.0,0.0,0.0,0.0,2.292512775816122,0.0,0.0,0.0,0.0,0.0,0.0,0.0,0.0,0.0
CHEMBL5276194,6.686047431579764,7.770735894838754,5.750128653313177,0.0,1.551026811959351,0.0,1.7613384514031625,0.0,0.0,-0.2206459041950113,0.0,0.0,0.0,0.0,0.0,0.0,0.0,0.0,24.710400926784857,6.324301067649282,0.0,0.0,0.0,0.0,0.0
CHEMBL5276442,7.280217963355069,9.371723030750706,0.0,11.04706817751622,4.037054881729754,0.0,2.030989252259701,1.4203794905307805,0.0,0.671226224573086,0.0,0.0,0.0,0.0,0.0,2.2577905535939,0.0,0.0,12.167454601571425,0.0,0.0,0.0,0.0,0.0,0.0
CHEMBL5276820,4.619567470251543,7.482578916002401,4.292265559766912,8.182351676335262,1.4759235113798603,0.0,3.474081278344672,2.092227900483222,0.0,-0.0696821137966972,5.857178376913988,0.0,0.0,0.0,0.0,0.0,0.0,0.0,25.09350742431884,0.0,0.0,0.0,0.0,0.0,0.0
CHEMBL5276910,4.610073421331087,9.54435338718821,0.0,6.131993496472664,2.5334532470395548,0.0,0.0,3.352848311392459,0.0,0.1437455908289238,0.0,0.0,0.0,0.0,0.0,0.0,0.0,20.60019921241377,0.0,0.0,0.0,0.0,0.0,0.0,0.0
CHEMBL5276919,7.916071900904324,6.82473334988953,0.0,7.966550531555432,1.1349145744537497,0.0,-0.9425145927875302,1.8481471242421248,0.0,-4.979926600978813,0.0,0.0,0.0,0.0,0.0,1.6915644353435555,0.0,0.0,24.21832927997873,10.253971117174036,0.0,38.4561827949194,0.0,0.0,0.0
CHEMBL5276930,6.476863019127404,5.027908609431426,4.1188094450743264,0.0,1.9418178382464089,0.0,2.801746412299489,0.0,0.0,-0.1143316169060211,0.0,0.0,0.0,0.0,0.0,0.0,0.0,0.0,24.62744363872092,0.0,0.0,0.0,0.0,0.0,3.869742654006047
CHEMBL5276932,4.513907041622625,6.340435721579837,0.0,6.492235373672374,1.336992919636942,0.0,0.586472188667581,3.873542479592472,0.0,-0.2719712871660569,0.0,0.0,0.0,0.0,4.984418619299571,0.0,1.849113205467372,0.0,36.87260635802635,0.0,0.0,0.0,0.0,0.0,0.0
CHEMBL5277126,2.063858981276482,2.398521057938168,0.0,20.46271194414148,0.0,0.0,0.0196503369866472,3.282184544255495,0.0,0.0,0.0,0.0,0.0,0.0,4.028047599388953,0.0,1.9919189941667463,0.0,12.543908808893928,5.542531066285437,0.0,0.0,0.0,0.0,0.0
CHEMBL5277162,6.505396969744687,5.489700701268162,5.694033761652809,0.0,1.5461522108843535,0.0,1.7297338356638965,0.0,0.0,-0.2149400825144871,0.0,0.0,0.0,0.0,0.0,0.0,0.0,0.0,24.499510424540187,6.083745512093726,0.0,0.0,0.0,0.0,0.0
CHEMBL5277286,4.601690182245738,6.864622724621319,4.287721482111363,10.321847517141478,1.727640815840671,0.0,2.991170825427421,1.201405879207106,0.0,-0.1034510241258521,0.0,0.0,0.0,0.0,0.0,0.0,0.0,0.0,25.44068493086409,0.0,0.0,0.0,0.0,0.0,0.0
CHEMBL5277446,6.957947347148736,8.276942213613841,2.015367457168052,0.0,2.5384093915343904,0.0,2.329449969030823,0.0,0.0,0.1726120008188463,0.0,0.0,0.0,0.0,0.0,0.0,0.0,0.0,24.542604954018643,0.0,0.0,0.0,0.0,0.0,0.0
CHEMBL5277564,5.429749359620391,4.0646406263122525,1.4922155297304105,0.0,-0.7674721277399865,0.0,0.0857819323717155,0.0,0.0,-0.7766009621441163,0.0,0.0,0.0,0.0,0.0,0.0,0.0,0.0,49.59965238410179,5.53869992441421,0.0,0.0,0.0,0.0,0.0
CHEMBL5277644,4.628753438103637,8.541656615876164,6.002621068489124,10.72927241824834,2.1769132874300614,0.0,2.051248372005688,1.3973840853043598,0.0,-0.1083916184191251,0.0,0.0,0.0,0.0,0.0,0.0,0.0,0.0,25.080542332961755,0.0,0.0,0.0,0.0,0.0,0.0
CHEMBL5277659,2.18712214978584,8.913054938796506,2.404846623834719,0.0,0.4152030843201464,0.0,1.5187008692365838,0.0,0.0,-0.1030705546107328,0.0,0.0,0.0,0.0,0.0,0.0,0.0,30.99747622197027,0.0,0.0,0.0,0.0,0.0,0.0,0.0
CHEMBL5277776,1.9982808301088013,1.1233629516014187,0.0,21.92876267278797,0.0,5.934180059095525,0.0,3.316876456633246,1.5016639371798104,-1.484521905888924,0.0,0.0,0.0,0.0,4.192384805044715,0.0,0.0,11.888421687081465,0.0,5.682181854491107,6.134868630322499,0.0,0.0,0.0,3.4502046882090327
CHEMBL5277888,4.784926568908351,8.89183270670001,1.974952065881449,0.0,2.169104977639204,0.0,1.6283998030588949,0.0,0.0,0.3649196113630637,0.0,0.0,0.0,0.0,0.0,0.0,0.0,0.0,23.72765728887608,5.816690246882347,0.0,0.0,0.0,0.0,3.2248500640239457
CHEMBL5277901,4.603768835208981,7.906353081870609,0.0,0.0,1.9045192428823376,0.0,2.8531406989236032,0.0,0.0,0.1050622795414462,0.0,0.0,0.0,0.0,0.0,0.0,0.0,0.0,24.4450935899051,0.0,0.0,0.0,0.0,0.0,0.0
CHEMBL5277945,4.558660845511044,6.983723729758753,8.36266736478542,10.649734121448136,1.3973630228797975,0.0,3.199655873895333,1.3701618630821373,0.0,-0.2212619887894953,0.0,0.0,0.0,0.0,0.0,0.0,0.0,0.0,25.032628500762208,0.0,0.0,0.0,0.0,0.0,0.0
CHEMBL5277980,6.667354625763318,11.896209126071138,1.8120224430451704,0.0,0.9902036463642218,0.0,1.545990283253525,0.0,0.0,-0.284787793706583,0.0,0.0,0.0,0.0,0.0,0.0,0.0,0.0,37.77923286762191,6.093774801587301,0.0,0.0,0.0,0.0,0.0
CHEMBL5278036,1.5877768750272114,0.0,0.0,18.941274111334835,0.0,0.0,0.0,2.770526444210309,1.425882009182274,-1.636718907470395,0.0,0.0,0.0,0.0,4.139503947286835,0.0,0.0,11.832015699798438,0.0,5.25045603144584,6.020345883723859,0.0,0.0,12.474493461016348,0.0
CHEMBL5278102,4.67688757138658,6.8232646499958,2.0049507905013857,10.7683219078367,2.0993173658352218,0.0,2.1992590099311338,1.346967592592593,0.0,0.0225900336986646,0.0,0.0,0.0,0.0,0.0,0.0,0.0,0.0,25.058441078221925,0.0,0.0,0.0,0.0,0.0,0.0
CHEMBL5278107,6.394471043818761,4.306876627194088,7.802598576467624,0.0,1.2098540249433103,0.0,2.384223631582264,0.0,0.0,-0.3278104528848578,0.0,0.0,0.0,0.0,0.0,0.0,0.0,0.0,24.451596592340643,5.944856623204838,0.0,0.0,0.0,0.0,0.0
CHEMBL5278229,1.6069649494324818,0.747030062790344,0.0,20.23810219205844,0.0,0.0,0.0109573150247759,3.2076097072068466,0.0,0.0,0.0,0.0,0.0,0.0,4.0165057945542735,0.0,1.9864093938769265,0.0,12.418195074326029,5.101558844063215,0.0,0.0,0.0,0.0,0.0
CHEMBL5278253,1.995374858276644,4.53658534632989,2.407766912320484,0.0,-0.3252976190476195,0.0,0.6626483371126237,0.0,0.0,-1.1886928382464097,0.0,0.0,0.0,0.0,0.0,0.0,0.0,0.0,49.578281669921054,0.0,0.0,0.0,0.0,0.0,0.0
CHEMBL5278342,6.239642559554175,6.226398875136474,1.7787007905013856,0.0,0.996477229780801,0.0,1.429675781578065,0.0,0.0,-0.2727895486898459,0.0,0.0,0.0,0.0,0.0,0.0,0.0,0.0,36.76550991115633,5.836384400982615,0.0,0.0,0.0,0.0,0.0
CHEMBL5278365,3.866023755168325,11.09516443846057,2.458843616150164,0.0,1.8817844545225488,0.0,1.4368118412488455,0.0,0.0,0.223594261778786,0.0,0.0,0.0,0.0,0.0,0.0,0.0,10.56594544184371,11.519457064850732,5.619041792642983,0.0,0.0,0.0,0.0,0.0
CHEMBL5278613,4.647471419123205,9.628098243155288,0.0,0.0,2.346610449735449,0.0,1.0657227891156469,0.0,0.0,0.2165244708994713,0.0,0.0,0.0,0.0,0.0,0.0,0.0,0.0,24.76223929463761,0.0,0.0,0.0,0.0,0.0,0.0
CHEMBL5278675,2.1304980001259763,7.26686658845637,2.1030526423532376,0.0,1.0559504913076334,0.0,1.583755695179307,0.0,0.0,-0.5007992016250946,0.0,0.0,0.0,0.0,0.0,0.0,0.0,10.2303302941547,25.13034549004788,0.0,0.0,0.0,0.0,0.0,0.0
CHEMBL5278956,9.73811815426737,4.585349439930292,0.0,0.0,0.9056188586545728,0.0,1.339976300705468,0.0,0.0,-1.1142413470017634,0.0,0.0,0.0,0.0,0.0,0.0,0.0,0.0,38.62599656029128,5.502515366486101,0.0,0.0,0.0,0.0,0.0
CHEMBL5278979,4.226075352208785,5.562210306962291,0.0,5.781996724615772,1.6112363000755847,0.0,0.4772342162173517,2.836593062379273,0.0,-0.1048076499118164,0.0,0.0,0.0,0.0,0.0,0.0,0.0,9.89603676230976,12.437943301938162,6.025481623204838,0.0,0.0,0.0,0.0,0.0
CHEMBL5279060,4.539741879776602,6.501946701520113,1.8728674571680524,0.0,1.7325760582010572,2.980098970143613,1.9461251390988503,0.0,0.0,-0.0384821034895437,0.0,0.0,0.0,0.0,0.0,0.0,0.0,0.0,24.433694491685564,0.0,0.0,0.0,0.0,0.0,0.0
CHEMBL5279139,6.235988481040565,6.659556182812631,1.864626716427312,0.0,1.441497543461829,0.0,1.879359042999917,0.0,0.0,-0.7433590010078099,0.0,0.0,0.0,0.0,0.0,0.0,0.0,10.47195916792643,24.940371866339127,0.0,0.0,0.0,0.0,0.0,0.0
CHEMBL5279329,6.198751390988495,5.386958984210969,4.069626716427312,0.0,1.3797500944822372,0.0,2.6574289939741345,0.0,0.0,-0.1208139251070796,0.0,0.0,0.0,0.0,0.0,0.0,0.0,0.0,24.407885566263545,5.68707884542706,0.0,0.0,0.0,0.0,0.0
CHEMBL5279458,6.74166408575725,8.3899881765978,1.9242563460569413,0.0,1.773788265306122,0.0,2.0336875236205607,0.0,0.0,-0.0131555492567394,0.0,0.0,0.0,0.0,0.0,0.0,0.0,0.0,24.716164528713232,6.26693995653817,0.0,0.0,0.0,0.0,0.0
CHEMBL5279628,4.67688757138658,6.8232646499958,2.0049507905013857,10.7683219078367,2.0993173658352218,0.0,2.1992590099311338,1.346967592592593,0.0,0.0225900336986646,0.0,0.0,0.0,0.0,0.0,0.0,0.0,0.0,25.058441078221925,0.0,0.0,0.0,0.0,0.0,0.0
CHEMBL5279731,4.625647027201861,7.069096862013216,4.287324241023059,10.309228856373725,1.5543099413012829,0.0,0.6901564438276862,4.413750406798522,0.0,-0.1287053491014629,0.0,0.0,0.0,0.0,4.89401667611489,0.0,2.101701625094482,0.0,25.68347326935273,0.0,0.0,0.0,0.0,0.0,0.0
CHEMBL5279752,4.693491486100614,8.178479725755107,2.028700790501386,10.4774219691445,1.982891010054159,0.0,2.269144785073007,1.269692916244143,0.0,0.0792776228885085,0.0,0.0,0.0,0.0,0.0,0.0,0.0,0.0,25.52089969423858,0.0,0.0,0.0,0.0,0.0,0.0
CHEMBL5279864,4.50898236069119,5.260048500881835,5.788128031305115,0.0,1.7571999664063147,0.0,1.8930685468631907,0.0,0.0,-0.0905602402998233,0.0,0.0,0.0,0.0,0.0,0.0,0.0,0.0,24.35019569470733,0.0,0.0,0.0,0.0,0.0,3.616270472778184
CHEMBL5279883,6.86867293559348,8.886292740089864,5.986494787729907,0.0,2.335593820861677,0.0,2.091348379629631,0.0,0.0,-0.0372485197782814,0.0,0.0,0.0,0.0,0.0,0.0,0.0,0.0,24.70217918920705,0.0,0.0,0.0,0.0,0.0,0.0
CHEMBL5280054,6.893262513892699,13.473405445680044,4.394788595993953,0.0,1.8360366225431364,0.0,3.2391892423241817,0.0,0.0,-0.0162712575581474,0.0,0.0,0.0,0.0,0.0,0.0,0.0,0.0,25.3462555037908,0.0,0.0,0.0,0.0,0.0,0.0
CHEMBL5280059,4.598758608381624,7.024465347663401,1.9196267164273115,10.296442797807266,1.5648723964894593,0.0,1.965558939108498,1.1699899612622828,0.0,-0.0988498336279719,0.0,0.0,0.0,0.0,0.0,0.0,0.0,0.0,25.05529696180181,6.503838104686319,0.0,0.0,0.0,0.0,0.0
CHEMBL5280069,2.2020031940245235,6.532832826803561,6.412493307508188,0.0,1.595745464852607,0.0,1.9847885697488885,0.0,0.0,0.0188568042957923,0.0,0.0,0.0,0.0,0.0,0.0,0.0,0.0,24.2329757968002,0.0,0.0,0.0,0.0,0.0,3.7703040359662383
CHEMBL5280326,1.993571103080736,1.1099921994235755,0.0,21.323466538394086,0.0,5.921186231935032,0.0,2.855349826697526,1.4680562554239804,-1.5223305478642324,0.0,0.0,0.0,0.0,4.1755809641668,0.0,0.0,11.860643909303686,0.0,5.67272969399728,6.113601269211388,0.0,0.0,6.05593033400792,0.0
CHEMBL5280449,2.3287854833291344,5.540701268161585,0.0,16.79876295269919,2.0379485281767016,0.0,0.0,4.485769229759807,0.0,0.094074507117662,0.0,0.0,0.0,0.0,0.0,0.0,0.0,20.79729136408925,0.0,0.0,0.0,0.0,0.0,0.0,0.0
CHEMBL5280521,2.1592817512807594,6.732734919585118,2.919897408037289,0.0,1.2894260204081625,0.0,1.7146365714495684,0.0,0.0,-0.5409334451373142,0.0,0.0,0.0,0.0,0.0,0.0,0.0,0.0,36.224956774376416,0.0,0.0,0.0,0.0,0.0,0.0
CHEMBL5280552,4.80534127771479,10.232031761778789,2.581449357520786,0.0,2.323185206181237,0.0,2.257261576698581,0.0,0.0,0.4183008550642479,0.0,0.0,0.0,0.0,0.0,0.0,0.0,0.0,12.636081427941548,0.0,0.0,0.0,0.0,0.0,3.663015203766692
CHEMBL5280814,5.828102058775761,6.940289477654646,0.0,0.0,1.552353500041992,0.0,1.4612735668762462,0.0,0.0,-0.1840053644914752,0.0,0.0,0.0,0.0,0.0,0.0,0.0,0.0,36.35690195021229,5.378418144263879,0.0,0.0,0.0,0.0,0.0
CHEMBL5280921,6.968551009910136,6.842630674183255,5.968032092466617,0.0,2.436870695809186,0.0,1.5714906016418917,0.0,0.0,0.1920753417107579,0.0,0.0,0.0,0.0,0.0,0.0,0.0,10.558322130160605,11.96202745411755,0.0,0.0,0.0,0.0,0.0,0.0
CHEMBL5281055,4.889971419123205,8.713795745149913,7.296093067628286,0.0,2.399667081338708,0.0,1.6177300642479215,0.0,0.0,0.6388046815948601,0.0,0.0,0.0,0.0,0.0,0.0,0.0,10.443937940917108,0.0,0.0,0.0,0.0,0.0,0.0,0.0
CHEMBL5281163,4.753799627684458,13.23436803136579,2.071388154027043,10.8117091080012,2.454293925790449,0.0,2.3716726318734214,1.438482098602846,0.0,0.1130591538729408,0.0,0.0,0.0,0.0,0.0,0.0,0.0,0.0,25.25122726878185,0.0,0.0,0.0,0.0,0.0,0.0
CHEMBL5281207,6.840378641692486,9.872713259898887,0.0,8.575437807221926,3.943875151551553,0.0,1.461213860544218,2.2506229321033966,0.0,0.702432836181067,0.0,3.519642883713275,0.0,0.0,0.0,0.0,0.0,10.298603950573966,0.0,5.3654936006002725,0.0,0.0,0.0,0.0,0.0
CHEMBL5281249,4.580606864659444,6.381052168163459,1.9037007905013856,9.979352796131971,1.4798991664567054,0.0,1.923935164471105,0.8687888426975728,0.0,-0.1212611803980849,0.0,0.0,0.0,0.0,0.0,0.0,0.0,0.0,25.013790986333827,6.490134400982615,0.0,0.0,0.0,0.0,0.0
CHEMBL5281289,3.157761654268593,1.4369825410497954,0.0,26.239359436927835,0.0,0.0,0.0,5.315502051844209,2.238040773639062,0.0,0.0,0.0,0.0,0.0,8.415096071854869,1.4906080969172044,1.556299983402707,0.0,27.24115361092624,16.74541763199597,0.0,0.0,-3.7528885194931454,0.0,0.0
CHEMBL5281414,5.7188701993653295,4.843640762613075,4.217816515495088,0.0,1.198186833375325,0.0,1.0748846779873578,0.0,0.0,-0.3220609200470308,0.0,0.0,0.0,0.0,0.0,0.0,0.0,0.0,36.27482712028032,5.327168144263879,0.0,0.0,0.0,0.0,0.0
CHEMBL5281465,4.9552067586293775,11.903092469240784,2.6217932728647013,0.0,2.522884280255311,0.0,1.7982856198034771,0.0,0.0,0.7436268187830687,0.0,0.0,0.0,0.0,0.0,0.0,0.0,10.45511078042328,0.0,0.0,0.0,0.0,0.0,0.0,0.0
CHEMBL5281469,4.64897749049625,11.227429295082649,6.039872928982327,10.77812899624926,2.231099481346005,0.0,2.086294939129657,1.4293498671978877,0.0,-0.091589372204156,0.0,0.0,0.0,0.0,0.0,0.0,0.0,0.0,25.15043637372012,0.0,0.0,0.0,0.0,0.0,0.0
CHEMBL5281516,7.262230961829177,11.248661514760228,2.6125896793902745,0.0,3.151785714285713,0.0,2.3977419007726555,0.0,0.0,0.4866204884731673,0.0,0.0,0.0,0.0,0.0,0.0,0.0,0.0,12.507036407155454,0.0,0.0,0.0,0.0,0.0,0.0
CHEMBL5281599,6.4294303567003785,6.56295476907986,3.957582593222474,0.0,1.6651909853447546,0.0,2.3255940101081256,0.0,0.0,-0.1627073885109593,0.0,0.0,0.0,0.0,0.0,0.0,0.0,0.0,24.763229462520137,5.625391878201898,0.0,0.0,0.0,0.0,0.0
CHEMBL5281632,2.1757002698582646,5.660701685605601,0.0,10.339318253504723,1.375577821782727,0.0,0.1668466403741548,3.4338944490470933,0.0,-0.145888429410671,0.0,2.8499312772948686,0.0,0.0,3.986446934337169,0.0,0.0,10.509324901639566,25.06481286263317,0.0,0.0,0.0,0.0,0.0,0.0
CHEMBL5281692,2.2217817512807594,7.829089794868564,4.079897408037289,0.0,1.810537131519273,0.0,2.13824768256068,0.0,0.0,-0.014856347631645,0.0,0.0,0.0,0.0,0.0,0.0,0.0,0.0,24.26106780675233,0.0,0.0,0.0,0.0,0.0,0.0
CHEMBL5281733,4.630636416603679,9.306912910997733,2.51604261148904,0.0,1.146275483959015,0.0,1.851445604476359,0.0,0.0,0.1586452428193502,0.0,0.0,0.0,0.0,0.0,0.0,0.0,10.119720726253464,12.436987670068028,0.0,0.0,0.0,0.0,0.0,0.0
CHEMBL5281772,5.023551666036785,10.695868593579403,2.6405603584026203,0.0,4.596870722054253,0.0,1.8769893235071808,0.0,0.0,0.7738162556689343,0.0,0.0,0.0,0.0,0.0,0.0,0.0,10.559009747417484,0.0,0.0,0.0,0.0,0.0,0.0,0.0
CHEMBL5281823,6.950319215792025,7.558075091847308,0.0,10.751264812312332,2.2962522685085545,0.0,-0.632609387804175,1.3379103885649253,0.0,-4.672664364011402,0.0,0.0,0.0,0.0,0.0,2.1851396432044776,0.0,0.0,11.446722537267888,4.901023669396026,0.0,38.294129643421066,0.0,0.0,0.0
CHEMBL5281951,6.8910718001287,9.71987819100318,0.0,19.48800908492895,3.657460915755797,0.0,1.464781509826153,3.4339107216880835,0.0,0.6030819474797546,0.0,0.0,0.0,0.0,0.0,2.3294701666696165,0.0,10.41971408052338,0.0,5.483777246818172,0.0,0.0,0.0,0.0,0.0
CHEMBL5281972,3.648908336482741,0.0,0.0,10.733029917379664,0.0,1.9733089761769416,0.0,2.8986758051986232,0.0,0.0,0.0,0.0,0.0,8.840797664770427,3.901217561098514,0.0,3.3359807256235827,0.0,12.834224773242632,0.0,4.938096655328798,0.0,0.0,0.0,0.0
CHEMBL5282019,5.860010458658772,5.86126076047703,1.7648119016124968,0.0,0.9920356198034764,0.0,1.3231368234022018,0.0,0.0,-0.2699255558704962,0.0,0.0,0.0,0.0,0.0,0.0,0.0,0.0,36.28159114648946,5.68707884542706,0.0,0.0,0.0,0.0,0.0
CHEMBL5282027,4.476596802301168,6.207255610501012,5.722536001142013,6.940495264565882,1.658804957168052,0.0,1.7430649602905657,1.118241093856173,0.0,-0.315172730816895,0.0,0.0,0.0,0.0,0.0,0.0,0.0,0.0,36.26565468942505,0.0,0.0,0.0,0.0,0.0,0.0
CHEMBL5282258,2.163049230494667,5.526713015453095,1.5448196176618796,0.0,-2.0264487013941395,0.0,0.7488980090492996,0.0,0.0,-1.1509107694003529,0.0,0.0,0.0,0.0,0.0,0.0,0.0,10.41024484369046,11.765049940890036,0.0,0.0,28.51858481355505,0.0,0.0,0.0
CHEMBL5282309,6.829032239438986,6.324739990131855,5.910496346686823,0.0,2.315214947089946,0.0,2.04407227628706,0.0,0.0,-0.0320365252582512,0.0,0.0,0.0,0.0,0.0,0.0,0.0,0.0,24.441814058956915,0.0,0.0,0.0,0.0,0.0,0.0
CHEMBL5282619,4.596601054001848,6.0624386162612165,5.93989166036785,10.678620558792591,2.041704722012261,0.0,1.981596020480176,1.3446958721760311,0.0,-0.1453541509196265,0.0,0.0,0.0,0.0,0.0,0.0,0.0,0.0,24.999805646827653,0.0,0.0,0.0,0.0,0.0,0.0
CHEMBL5282687,4.572065434198371,4.990359084992021,5.88878338372386,10.670117464022136,1.876122921390778,0.0,1.9138813171873696,1.313078703703704,0.0,-0.1820584923784323,0.0,0.0,0.0,0.0,0.0,0.0,0.0,0.0,24.9576501831602,0.0,0.0,0.0,0.0,0.0,0.0
CHEMBL5282717,2.2725614659444027,6.177897507768539,0.8063088808054086,3.713073585915848,1.5619953073822113,0.0,0.0,2.9563578803434964,0.0,0.0863872354497354,0.0,0.0,0.0,0.0,0.0,0.0,0.0,20.332561128228967,11.342857008161392,0.0,0.0,0.0,0.0,0.0,0.0
CHEMBL5282836,2.1667594954648526,7.200200472936087,2.1323573318216176,0.0,1.3284523809523805,0.0,1.6328755668934252,0.0,0.0,-0.4374513416477701,0.0,0.0,0.0,0.0,0.0,0.0,0.0,10.2303302941547,24.746475799424708,0.0,0.0,0.0,0.0,0.0,0.0
CHEMBL5282873,6.5946427452217495,14.175333290828108,2.667180177626606,5.825134532237464,2.997330154405144,0.0,1.6280855655281057,0.0,0.0,0.4173832636819647,0.0,0.0,0.0,0.0,4.315568667366661,2.778598914224643,2.2075851649283424,0.0,12.132336269796204,6.094154587488338,0.0,0.0,0.0,0.0,0.0
CHEMBL5282922,2.2358920829134123,9.09480089180734,1.9668489386495336,0.0,1.9499121315192736,0.0,2.2504830141933327,0.0,0.0,0.1569123598513482,0.0,0.0,0.0,0.0,0.0,0.0,0.0,0.0,24.29095765621063,0.0,0.0,0.0,0.0,0.0,3.804192924855127
CHEMBL5282986,6.233710177342031,7.731286821827496,0.0,0.0,1.837482520786092,0.0,2.6365014670991864,0.0,0.0,0.0441016313932984,0.0,0.0,0.0,0.0,0.0,0.0,0.0,0.0,24.666277015065795,5.517307033152768,0.0,0.0,0.0,0.0,0.0
CHEMBL5283138,2.174672985177134,5.650191950154141,0.0,10.529800170895845,1.3682172845926446,0.0,0.1172082445819129,3.2673512391705497,0.0,-0.1472084477761439,0.0,2.8274312772948687,0.0,0.0,4.082962480515275,0.0,0.0,10.50454173837426,25.04149774368618,0.0,0.0,0.0,0.0,0.0,0.0
CHEMBL5283268,5.130436822877298,10.003757019889672,0.0,10.967437217308335,4.144618733750313,0.0,1.4871721991265645,1.395356533689642,0.0,0.7498103295113574,0.0,3.522979287719322,0.0,0.0,0.0,0.0,0.0,10.27351601364266,0.0,0.0,0.0,0.0,0.0,0.0,0.0
CHEMBL5283276,1.997847728470023,1.861936175094467,0.0,20.251981760686736,0.0,5.881090928684932,-0.0048094684129131,3.07498417880071,0.0,0.0,0.0,0.0,0.0,0.0,4.038951425979825,0.0,1.9694019065535049,0.0,12.729166988765204,5.532781708710848,0.0,0.0,0.0,0.0,0.0
CHEMBL5283375,6.687694936237886,7.518089424921585,2.412897061602419,0.0,1.0807922860502224,0.0,4.897021049996114,0.0,0.0,-0.058336480138428,0.0,0.0,0.0,0.0,0.0,0.0,0.0,0.0,25.07354474294416,0.0,0.0,0.0,0.0,0.0,0.0
CHEMBL5283443,2.2352651539010666,9.033020255941882,4.038138542454019,0.0,1.900643896447468,0.0,2.232904974489797,0.0,0.0,0.1188330656336609,0.0,0.0,0.0,0.0,0.0,0.0,0.0,0.0,24.41802303791887,0.0,0.0,0.0,0.0,0.0,0.0
CHEMBL5283480,7.252529516697761,15.515636806592344,2.656682649911817,0.0,3.172597579155118,0.0,2.442267434879268,0.0,0.0,0.4785666650919629,0.0,0.0,0.0,0.0,0.0,0.0,0.0,0.0,12.648386014338396,0.0,0.0,0.0,0.0,0.0,0.0
CHEMBL5283592,2.035527499580079,5.505236126858151,1.7900703892668175,0.0,0.1473882222642134,0.0,1.3609014786470155,0.0,0.0,-0.641190909234064,0.0,0.0,0.0,0.0,0.0,0.0,0.0,20.359943209147755,24.275457316803365,0.0,0.0,0.0,0.0,0.0,0.0
CHEMBL5283697,2.021203939909297,4.893696315717644,1.5351351095993953,0.0,-0.0882142857142866,0.0,0.92556075207861,0.0,0.0,-0.9182846749811036,0.0,0.0,0.0,0.0,0.0,0.0,0.0,10.205292501259764,37.59227700879735,0.0,0.0,0.0,0.0,0.0,0.0
CHEMBL5283707,8.07114830183469,5.479901264915869,5.897444139551962,8.149792192153233,1.9737815235776983,0.0,2.725535105298537,1.957022390472899,0.0,0.032740979500123,0.0,0.0,0.0,0.0,0.0,1.743927279889356,0.0,0.0,24.71953982178647,5.364231418774332,0.0,0.0,0.0,0.0,0.0
CHEMBL5283822,1.7705920303137452,0.3135790766851198,0.0,21.87383240654933,0.0,5.666818947984415,0.0,3.3036252996116406,1.4951271573444198,-1.4834458039605494,0.0,0.0,0.0,0.0,4.185389340192107,0.0,0.0,11.861280825805988,0.0,5.620515187824441,6.113695790816326,0.0,0.0,0.0,3.44565640749969
CHEMBL5283868,6.686047431579764,7.770735894838754,5.750128653313177,0.0,1.551026811959351,0.0,1.7613384514031625,0.0,0.0,-0.2206459041950113,0.0,0.0,0.0,0.0,0.0,0.0,0.0,0.0,24.710400926784857,6.324301067649282,0.0,0.0,0.0,0.0,0.0
CHEMBL5283920,6.825205078945158,5.187940339716133,5.845357457797934,0.0,2.256742724867724,0.0,1.9936135650247768,0.0,0.0,-0.0318692916981606,0.0,0.0,0.0,0.0,0.0,0.0,0.0,0.0,24.256343458679765,0.0,0.0,0.0,0.0,0.0,0.0
CHEMBL5283967,4.54911541005291,7.886736754115227,0.0,0.0,1.8755607520786084,0.0,0.8702862811791392,0.0,0.0,-0.4754484363189717,0.0,0.0,0.0,0.0,0.0,0.0,0.0,0.0,25.06005616444108,6.15035974111867,0.0,0.0,0.0,0.0,0.0
CHEMBL5283978,6.7803900132981365,9.212693733569836,0.0,8.544825003257474,3.780971084741376,0.0,1.960741723655616,2.23477854200576,0.0,0.6240454905020548,0.0,3.5099436183321915,0.0,0.0,0.0,0.0,0.0,0.0,12.1668509750764,5.360105869118791,0.0,0.0,0.0,0.0,0.0
CHEMBL5284015,9.322340456244229,7.097212669018224,2.025784123834719,0.0,3.0426336923658344,0.0,2.3227355888343,0.0,0.0,0.1423521746661629,0.0,0.0,0.0,0.0,0.0,0.0,0.0,0.0,24.7136079617032,0.0,0.0,0.0,0.0,0.0,0.0
CHEMBL5284085,2.2457358329134123,9.424976784664484,1.992048938649534,0.0,2.0319871315192737,0.0,2.3172017641933325,0.0,0.0,0.2397695027084908,0.0,0.0,0.0,0.0,0.0,0.0,0.0,0.0,24.311592576845552,0.0,0.0,0.0,0.0,0.0,0.0
CHEMBL5284111,4.545549716028386,10.802279751406736,2.016848938649534,0.0,2.0539687263794404,0.0,2.3586102056563374,0.0,0.0,0.2627177028218697,0.0,0.0,0.0,0.0,0.0,0.0,0.0,0.0,24.46002495905769,0.0,0.0,0.0,0.0,0.0,0.0
CHEMBL5284198,4.6175440205671086,7.914771723810619,4.327397408037289,10.467492124522977,1.7494421155744202,0.0,3.0746560629922586,1.292177116280652,0.0,-0.084425030779613,0.0,0.0,0.0,0.0,0.0,0.0,0.0,0.0,25.474277792327623,0.0,0.0,0.0,0.0,0.0,0.0
CHEMBL5284435,2.06175603111615,7.732584679705215,3.5567979969765684,0.0,0.3194930765516071,0.0,1.4347789378096922,0.0,0.0,-0.5975905848450491,0.0,0.0,0.0,0.0,0.0,0.0,0.0,10.10737504724112,24.55147148211136,0.0,0.0,0.0,0.0,0.0,0.0
CHEMBL5284524,5.73717173983791,4.27863998068363,5.360281399596875,0.0,0.7688411753590322,0.0,1.013666160136896,0.0,0.0,-0.4745740819475939,0.0,0.0,0.0,0.0,0.0,0.0,0.0,0.0,36.16278366979508,5.653189956538171,0.0,0.0,0.0,0.0,0.0
CHEMBL5284594,2.229248446292097,5.045238305198623,0.0,16.666290933409893,1.9412070105820096,0.0,0.4941797891996307,4.397131138720922,0.0,-0.1003699373267825,0.0,0.0,0.0,0.0,0.0,0.0,0.0,10.13027397571364,12.613467004876636,0.0,0.0,0.0,0.0,0.0,0.0
CHEMBL5284663,6.420622733922924,7.072345321016632,1.7889048721340388,0.0,0.9969102208784746,0.0,1.4774266243266527,0.0,0.0,-0.2756313775510202,0.0,0.0,0.0,0.0,0.0,0.0,0.0,0.0,37.09178720428969,5.927634400982615,0.0,0.0,0.0,0.0,0.0
CHEMBL5284734,4.603218801107996,8.310291426114318,5.915428056386126,8.240918617651122,2.191274863837995,0.0,1.9790119268097377,2.151319243756772,0.0,-0.1377451478946332,5.837687384543272,0.0,0.0,0.0,0.0,0.0,0.0,0.0,25.075261494353967,0.0,0.0,0.0,0.0,0.0,0.0
CHEMBL5284738,4.7335755752918445,10.507184986749053,2.0560590671453767,10.77748701369778,2.400107731874506,0.0,2.336626064749452,1.4113694248105326,0.0,0.096256907657972,0.0,0.0,0.0,0.0,0.0,0.0,0.0,0.0,25.18133322802348,0.0,0.0,0.0,0.0,0.0,0.0
CHEMBL5284742,2.229248446292097,5.045238305198623,0.0,16.666290933409893,1.9412070105820096,0.0,0.4941797891996307,4.397131138720922,0.0,-0.1003699373267825,0.0,0.0,0.0,0.0,0.0,0.0,0.0,10.13027397571364,12.613467004876636,0.0,0.0,0.0,0.0,0.0,0.0
CHEMBL5284759,6.971274237318385,9.556824032081968,2.035367457168052,0.0,2.554346655328797,0.0,2.358150077160495,0.0,0.0,0.170263999118166,0.0,0.0,0.0,0.0,0.0,0.0,0.0,0.0,24.68710687515747,0.0,0.0,0.0,0.0,0.0,0.0
CHEMBL5284760,2.064162926589476,2.346123827141386,0.0,20.452549963169275,0.0,0.0,0.0180765253632322,3.219887909058635,0.0,0.0,0.0,0.0,0.0,0.0,4.037072264252497,0.0,1.9756478645027595,0.0,12.666335900100782,5.553476153155293,0.0,0.0,0.0,0.0,0.0
CHEMBL5284841,4.622490210590409,7.05506269864174,0.0,10.323772814075117,1.5676888968014502,0.0,0.7391814494301079,4.446415694861764,0.0,-0.1127486667940307,0.0,0.0,0.0,0.0,5.060756330309902,0.0,1.9961039462081127,0.0,25.80127662587543,0.0,0.0,0.0,0.0,0.0,0.0
CHEMBL5284912,6.916155492332578,13.01878096881073,6.0449746192860365,0.0,2.33317895573442,0.0,2.121471959578664,0.0,0.0,-0.0451387174283548,0.0,0.0,0.0,0.0,0.0,0.0,0.0,0.0,24.943910055019256,0.0,0.0,0.0,0.0,0.0,0.0
CHEMBL5284938,4.614752797724028,7.264375640292849,5.975859630889393,10.702549763933172,2.1266779520450143,0.0,2.0232197951175683,1.374195601851852,0.0,-0.1229428041495137,0.0,0.0,0.0,0.0,0.0,0.0,0.0,0.0,25.04131162229564,0.0,0.0,0.0,0.0,0.0,0.0
CHEMBL5285274,4.436797214613322,6.676806515499742,4.0247198963888176,5.239611284169399,1.4003326897623225,0.0,2.477919862951586,0.1511908723242524,0.0,-4.6752689088310255,0.0,0.0,0.0,0.0,0.0,0.0,0.0,0.0,25.52466142637943,0.0,0.0,38.49322914674215,0.0,0.0,0.0
CHEMBL5285355,3.942473754934072,4.86431190686151,0.0,5.73790375409423,1.5952990362811783,0.0,0.4735369425548001,2.8008494871714125,0.0,-0.1032929815444696,0.0,0.0,0.0,0.0,0.0,0.0,0.0,9.823332680677108,12.381770462431987,5.73381495653817,0.0,0.0,0.0,0.0,0.0
CHEMBL5285390,2.3287854833291344,5.540701268161585,0.0,16.79876295269919,2.0379485281767016,0.0,0.0,4.485769229759807,0.0,0.094074507117662,0.0,0.0,0.0,0.0,0.0,0.0,0.0,20.79729136408925,0.0,0.0,0.0,0.0,0.0,0.0,0.0
CHEMBL5285403,7.108308584236164,7.63190245233896,2.0016714695137314,0.0,2.619822084698076,0.0,1.79338874979004,0.0,0.0,0.3968911013479466,0.0,0.0,0.0,0.0,0.0,0.0,0.0,10.515112253617394,11.932903304457689,0.0,0.0,0.0,0.0,0.0,0.0
CHEMBL5285526,7.451477308515999,10.452181424267238,2.5988936917359533,0.0,3.291922687284789,0.0,1.8029152494331069,0.0,0.0,0.7108995890022676,0.0,0.0,0.0,0.0,0.0,0.0,0.0,10.52504338309398,0.0,0.0,0.0,0.0,0.0,0.0,0.0
CHEMBL5285636,1.6075458746400304,0.6981473625313812,0.0,20.227397378136985,0.0,0.0,0.0093835034013609,3.1445677285810767,0.0,0.0,0.0,0.0,0.0,0.0,4.023948327177667,0.0,1.9692170623988805,0.0,12.54062216553288,5.112503930933071,0.0,0.0,0.0,0.0,0.0
CHEMBL5285644,4.458741024247133,6.379164206122749,2.063949062228179,10.011503379961614,0.8611420421668848,0.0,-0.8243783682800049,1.062077055231592,0.0,-5.225225220495679,0.0,0.0,0.0,0.0,0.0,0.0,0.0,0.0,24.89005830328358,4.839830436638108,0.0,38.06647141222918,0.0,0.0,0.0
CHEMBL5285647,6.902620397214033,11.618257702427975,6.029669548374905,0.0,2.334904651675485,0.0,2.1140296712183,0.0,0.0,-0.0427354550061529,0.0,0.0,0.0,0.0,0.0,0.0,0.0,0.0,24.876586817428787,0.0,0.0,0.0,0.0,0.0,0.0
CHEMBL5285796,2.195952669648106,7.341602549970605,1.854348938649533,0.0,1.5734537981859409,3.137306547619048,1.946585267594693,0.0,0.0,-0.2852645108969507,0.0,0.0,0.0,0.0,0.0,0.0,0.0,0.0,24.20661257558579,0.0,0.0,0.0,0.0,0.0,0.0
CHEMBL5285807,4.494748748895436,6.227948561688605,0.0,6.657674314665362,1.2653379401449385,0.0,0.5307156243082651,3.7096143025111297,0.0,-0.3168301157316302,0.0,0.0,0.0,0.0,4.814032108213656,0.0,1.934657029478458,0.0,36.97490049688608,0.0,0.0,0.0,0.0,0.0,0.0
CHEMBL5285813,4.528598518468197,7.89797872512433,1.907481612186248,5.332982410397669,1.4656686659737943,0.0,1.933025381239148,0.2066394267460215,0.0,-4.481159088977159,0.0,0.0,0.0,0.0,0.0,0.0,0.0,0.0,25.60487618975392,0.0,0.0,38.52057482575451,0.0,0.0,0.0
CHEMBL5285831,6.957221212757465,12.27394688573265,2.0594604276895945,0.0,2.232369126918188,0.0,2.385040954950508,0.0,0.0,0.1710649075401513,0.0,0.0,0.0,0.0,0.0,0.0,0.0,0.0,25.25422981774477,0.0,0.0,0.0,0.0,0.0,0.0
CHEMBL5285898,4.501972841605777,3.768507233140169,8.169801902242378,10.424654501059171,1.2794543650793648,0.0,2.899945187179811,1.174189814814815,0.0,-0.2949288627488025,0.0,0.0,0.0,0.0,0.0,0.0,0.0,0.0,24.90973635096065,0.0,0.0,0.0,0.0,0.0,0.0
CHEMBL5285921,2.2178755012807594,7.072741808914925,5.8209361615016375,0.0,1.777967687074829,0.0,1.9651053214495684,0.0,0.0,-0.0477361662257493,0.0,0.0,0.0,0.0,0.0,0.0,0.0,0.0,24.1901667611489,0.0,0.0,0.0,0.0,0.0,3.752942924855127
CHEMBL5285990,6.756343936947292,8.20967538247954,4.3048048154446965,0.0,1.8415628674309223,0.0,3.1525075903550395,0.0,0.0,-0.0064573885109595,0.0,0.0,0.0,0.0,0.0,0.0,0.0,0.0,24.908229462520136,0.0,0.0,0.0,0.0,0.0,0.0
CHEMBL5286151,4.8874860901150585,6.031110351739409,6.001117357436801,10.858116505968392,2.9601430902684505,0.0,3.002756214120458,1.3653692024649369,0.0,0.3084222279744459,0.0,3.492991956494617,0.0,0.0,0.0,0.0,0.0,0.0,11.97120213608819,0.0,0.0,0.0,0.0,0.0,0.0
CHEMBL5286286,3.6470370340004177,7.61973506375946,2.262588813303099,0.0,1.1842207577475423,0.0,1.3844513063362271,0.0,0.0,-0.3875403386663301,0.0,0.0,0.0,0.0,0.0,0.0,0.0,10.476196223859915,24.02831892132172,5.618325551671286,0.0,0.0,0.0,0.0,0.0
CHEMBL5286289,4.536965388007054,4.683324514991181,5.812300491949662,8.285237780297305,1.7246858465608466,0.0,1.849571142500211,2.081683804694718,0.0,-0.2273260345804983,5.948348831803918,0.0,0.0,0.0,0.0,0.0,0.0,0.0,24.97187490044228,0.0,0.0,0.0,0.0,0.0,0.0
CHEMBL5286458,2.1991857286419667,5.981250842107382,0.0,8.909282569255616,1.655463514543149,0.0,-0.0504998097841706,3.300650934131396,0.0,-0.0920464149674002,0.0,0.0,0.0,0.0,3.53772273424961,0.0,0.0,0.0,24.50903537974345,5.442987251795423,4.8569672702835724,0.0,0.0,0.0,0.0
CHEMBL5286506,11.466252653161352,11.119495172120464,2.4124214081197985,8.757517009053874,4.50066293513218,0.0,3.257489504494306,2.330256906551776,0.0,0.8572437929711907,0.0,0.0,0.0,0.0,0.0,2.271159790177422,0.0,0.0,0.0,5.41846901217013,0.0,0.0,0.0,0.0,0.0
CHEMBL5286569,6.58396947285974,5.933044951402809,5.983195083333209,8.483966417398888,2.7838396826437948,0.0,2.958814332638703,2.202786279361788,0.0,0.261044734644156,0.0,3.4896555524885704,0.0,0.0,0.0,0.0,0.0,0.0,12.003656530631954,5.350072861833037,0.0,0.0,0.0,0.0,0.0
CHEMBL5286772,6.47684938563064,7.67882073008561,5.450666701674548,0.0,0.7708679202090998,0.0,1.213708327891421,0.0,0.0,-0.4853282724170169,0.0,0.0,0.0,0.0,0.0,0.0,0.0,0.0,37.39450189437846,5.999913312547241,0.0,0.0,0.0,0.0,0.0
CHEMBL5286833,2.2118469440245234,6.820308719660703,6.480393307508189,0.0,1.6778204648526072,0.0,2.0515073197488887,0.0,0.0,0.1017139471529351,0.0,0.0,0.0,0.0,0.0,0.0,0.0,0.0,24.253610717435123,0.0,0.0,0.0,0.0,0.0,0.0
CHEMBL5286866,6.969597558159066,5.683403302679096,5.902893203577728,0.0,2.3786110586209777,0.0,1.5260276386789289,0.0,0.0,0.1922425752708487,0.0,0.0,0.0,0.0,0.0,0.0,0.0,10.501126914111222,11.846097748902132,0.0,0.0,0.0,0.0,0.0,0.0
CHEMBL5286895,4.190367365310322,6.756942292349039,1.8553674571680523,0.0,1.5062559576299654,0.0,1.906500889707736,0.0,0.0,-0.3071991528092712,0.0,0.0,0.0,0.0,0.0,0.0,0.0,10.357514723481987,24.567583800495505,0.0,0.0,0.0,0.0,0.0,0.0
CHEMBL5286964,7.401749732300328,11.820649158583189,2.6301436917359537,0.0,3.350182324472998,0.0,1.837637471655329,0.0,0.0,0.7107323554421767,0.0,0.0,0.0,0.0,0.0,0.0,0.0,10.58223859914336,0.0,0.0,0.0,0.0,0.0,0.0,0.0
CHEMBL5287003,4.41399582441001,5.963569014025364,1.7633946680524062,0.0,0.9277336073318212,0.0,1.3062903649113984,0.0,0.0,-0.2973549303980847,0.0,0.0,0.0,0.0,0.0,0.0,0.0,0.0,36.703177304789634,5.789509400982615,0.0,0.0,0.0,0.0,3.179684745894838
CHEMBL5287052,7.386493751049803,13.238644324242042,2.6501436917359538,0.0,3.365701635592508,0.0,1.855554138321996,0.0,0.0,0.7083843537414967,0.0,0.0,0.0,0.0,0.0,0.0,0.0,10.628411438649534,0.0,0.0,0.0,0.0,0.0,0.0,0.0
CHEMBL5287070,7.562355429854563,11.069718326025455,2.418771688226088,22.136978949792248,4.354423648509527,0.0,3.253530020959311,2.6553979398623824,0.0,0.8054671568594278,0.0,0.0,0.0,0.0,0.0,2.375846109149455,0.0,0.0,0.0,0.0,0.0,0.0,0.0,0.0,0.0
CHEMBL5287129,5.568592739564961,4.206327370454355,1.6281414556563365,0.0,-1.0533630952380968,0.0,0.7058431358654589,0.0,0.0,-0.6769969608213657,0.0,0.0,0.0,0.0,0.0,0.0,0.0,0.0,36.87907619992441,5.776292517006803,0.0,0.0,0.0,0.0,0.0
CHEMBL5287331,8.281400339059129,8.638381288792926,0.0,8.21065077801182,2.921410834051976,0.0,1.7847194088753924,1.9890146531168709,0.0,0.395741735358022,0.0,0.0,0.0,0.0,0.0,1.7642153457329774,0.0,0.0,24.896565763016955,5.374264426060086,0.0,0.0,0.0,0.0,0.0
CHEMBL5287457,1.7564766015670492,0.2872790674480476,0.0,18.91137565411609,0.0,5.638173283129542,0.0,2.675404798619792,1.380264751476723,-1.6630368533432651,0.0,0.0,0.0,0.0,4.155169021612,0.0,0.0,11.929891936917098,0.0,5.609067142556951,6.088786454396573,0.0,0.0,12.536703697058948,0.0
CHEMBL5287473,6.634456225165203,10.585263849813016,1.807890211640212,0.0,0.9921399736560264,0.0,1.5361799813297117,0.0,0.0,-0.2828437410476203,0.0,0.0,0.0,0.0,0.0,0.0,0.0,0.0,37.65946971637467,6.067443783068783,0.0,0.0,0.0,0.0,0.0
CHEMBL5287480,2.26629653250189,7.772188116759049,2.162024754346183,0.0,1.3650179778701597,0.0,1.2251762356177045,0.0,0.0,-0.21333947467876,0.0,0.0,0.0,0.0,0.0,0.0,0.0,20.698749973754936,12.390552550495508,0.0,0.0,0.0,0.0,0.0,0.0
CHEMBL5287546,4.753799627684458,13.23436803136579,2.071388154027043,10.8117091080012,2.454293925790449,0.0,2.3716726318734214,1.438482098602846,0.0,0.1130591538729408,0.0,0.0,0.0,0.0,0.0,0.0,0.0,0.0,25.25122726878185,0.0,0.0,0.0,0.0,0.0,0.0
CHEMBL5287563,4.6398943187110575,9.8676702842336,6.023341101872848,10.754853977439344,2.2091818128894243,0.0,2.071303109411581,1.4153284438775513,0.0,-0.0985167783027729,0.0,0.0,0.0,0.0,0.0,0.0,0.0,0.0,25.11694372986737,0.0,0.0,0.0,0.0,0.0,0.0
CHEMBL5287750,0.0,0.4498112548126076,3.802249149659864,21.94003619224496,0.0,0.0,0.0,3.881752239931736,0.0,0.0,0.0,0.0,0.0,0.0,0.0,0.0,0.0,19.1717816136485,0.0,5.754369549702342,0.0,0.0,0.0,0.0,0.0
CHEMBL5287766,4.7335755752918445,10.507184986749053,2.0560590671453767,10.77748701369778,2.400107731874506,0.0,2.336626064749452,1.4113694248105326,0.0,0.096256907657972,0.0,0.0,0.0,0.0,0.0,0.0,0.0,0.0,25.18133322802348,0.0,0.0,0.0,0.0,0.0,0.0
CHEMBL5287841,2.1355176051902243,8.771808088204418,1.9856443688586545,0.0,1.7004662698412687,0.0,2.218863168724281,0.0,0.0,-0.1836936649659866,0.0,0.0,0.0,0.0,0.0,0.0,0.0,0.0,24.95472749748048,0.0,0.0,0.0,0.0,0.0,0.0
CHEMBL5287894,6.326517157453687,4.62924123583981,1.7734641649869824,7.055237605040997,0.3643029835390936,0.0,1.5055275576011964,1.3402423211275132,0.0,-0.4861921139042804,0.0,0.0,0.0,0.0,0.0,1.6940008503401358,0.0,0.0,52.89054478842839,0.0,0.0,0.0,-3.676219883786848,0.0,0.0
CHEMBL5288111,3.9118247266001593,10.922103349100327,2.444500390032046,0.0,2.1023001438229603,0.0,1.4375992363900467,0.0,0.0,0.2235942617787858,0.0,0.0,0.0,0.0,0.0,0.0,0.0,10.38131967023877,11.521624608406263,5.7218002802973045,0.0,0.0,0.0,0.0,0.0
CHEMBL5288187,6.672244127959315,7.102231184912236,4.253554815444696,0.0,1.841909958427815,0.0,3.0905373546023363,0.0,0.0,-0.0042968946837991,0.0,0.0,0.0,0.0,0.0,0.0,0.0,0.0,24.710486120004067,0.0,0.0,0.0,0.0,0.0,0.0
CHEMBL5288188,2.059707420005039,7.115597534538507,2.949202097505669,0.0,0.1961356764928188,0.0,1.625231743932141,0.0,0.0,-0.7175542091836735,0.0,0.0,0.0,0.0,0.0,0.0,0.0,0.0,37.2716797367095,0.0,0.0,0.0,0.0,0.0,0.0
CHEMBL5288289,2.205262975560595,9.67571280286806,3.691979875283448,0.0,1.6128023431594851,0.0,1.932824336524734,0.0,0.0,-0.23672087585034,0.0,0.0,0.0,0.0,0.0,0.0,0.0,0.0,24.45147187578735,0.0,0.0,0.0,0.0,0.0,0.0
CHEMBL5288360,9.29287549403834,10.93867456603467,2.414393794707569,19.65075755364583,4.164213182334955,0.0,3.219822131167592,3.491389450080118,0.0,0.7580896635291373,0.0,0.0,0.0,0.0,0.0,2.354493123510755,0.0,0.0,0.0,5.503111076755376,0.0,0.0,0.0,0.0,0.0
CHEMBL5288418,2.1850735386747293,8.322805715650459,1.895821050642479,0.0,0.3782735470731495,0.0,1.5191189531368106,0.0,0.0,-0.2230341789493573,0.0,0.0,0.0,0.0,0.0,0.0,0.0,20.69517644557823,12.893431594860166,0.0,0.0,0.0,0.0,0.0,0.0
CHEMBL5288430,6.156476022507769,5.262231565465692,1.8689785682791635,0.0,1.6775760582010577,0.0,1.9965342471865293,0.0,0.0,-0.1570034564751825,0.0,0.0,0.0,0.0,0.0,2.015760109599395,0.0,0.0,37.012780218568906,0.0,0.0,0.0,0.0,0.0,0.0
CHEMBL5288485,6.239642559554175,6.226398875136474,1.7787007905013856,0.0,0.996477229780801,0.0,1.429675781578065,0.0,0.0,-0.2727895486898459,0.0,0.0,0.0,0.0,0.0,0.0,0.0,0.0,36.76550991115633,5.836384400982615,0.0,0.0,0.0,0.0,0.0
CHEMBL5288513,2.208065948601663,9.405997666813638,2.368932271982868,0.0,0.887649754346182,2.68339521919879,1.917461157302428,0.0,0.0,-0.2894633408919118,0.0,0.0,0.0,0.0,0.0,0.0,0.0,10.8203302941547,12.464287052784076,0.0,0.0,0.0,0.0,0.0,0.0
CHEMBL5288515,4.674623863306674,10.158868772265324,4.538091852481733,10.733650135414171,1.5857786676807235,0.0,3.5721999295593942,1.4070379424918118,0.0,-0.0067386225960464,0.0,0.0,0.0,0.0,0.0,0.0,0.0,0.0,25.16982079272956,0.0,0.0,0.0,0.0,0.0,0.0
CHEMBL5288626,4.388147889818615,7.869155285743263,0.0,5.83809161627614,1.616110901150583,0.0,0.482318901453552,2.8751949089821123,0.0,-0.1075815696649029,0.0,0.0,0.0,0.0,0.0,0.0,0.0,9.999404817865315,12.52312006961493,6.266037178760393,0.0,0.0,0.0,0.0,0.0
CHEMBL5288646,2.1409304138322,6.635867281326111,3.150544690098261,0.0,1.0913690476190467,0.0,1.4177409297052166,0.0,0.0,-0.7078595049130763,0.0,0.0,0.0,0.0,0.0,0.0,0.0,0.0,36.77140714233224,0.0,0.0,0.0,0.0,0.0,0.0
CHEMBL5288725,5.113975917527505,9.190902424664912,0.0,21.88956861916592,3.70060512893253,0.0,1.9933218789329872,2.594762985683472,0.0,0.5720720951310326,0.0,0.0,0.0,0.0,0.0,2.341123886927233,0.0,0.0,12.284423090766907,0.0,0.0,0.0,0.0,0.0,0.0
CHEMBL5288828,6.8484355184975225,7.574452449189552,5.954589317208365,0.0,2.331152210884353,0.0,2.072772384416731,0.0,0.0,-0.0343845269589315,0.0,0.0,0.0,0.0,0.0,0.0,0.0,0.0,24.58631598009574,0.0,0.0,0.0,0.0,0.0,0.0
CHEMBL5288833,2.214624721802301,8.38145791341228,1.9124044942050893,0.0,1.772589600655076,0.0,2.1063375666624684,0.0,0.0,-0.0220999858276642,0.0,0.0,0.0,0.0,0.0,0.0,0.0,0.0,24.24637603755494,0.0,0.0,0.0,0.0,6.499420762646622,0.0
CHEMBL5288881,6.971274237318385,9.556824032081968,2.035367457168052,0.0,2.554346655328797,0.0,2.358150077160495,0.0,0.0,0.170263999118166,0.0,0.0,0.0,0.0,0.0,0.0,0.0,0.0,24.68710687515747,0.0,0.0,0.0,0.0,0.0,0.0
CHEMBL5289056,2.174672985177134,5.470662177794733,0.0,10.510865594552811,1.3682172845926446,0.0,0.1340730877413989,3.228636276333563,0.0,-0.1472084477761441,0.0,2.905449039955488,0.0,0.0,4.107544632820641,0.0,0.0,10.50454173837426,25.159212297100137,0.0,0.0,0.0,0.0,0.0,0.0
CHEMBL5289192,5.433763670642729,4.024649045555882,1.4337933830939782,0.0,-0.1159148242630399,0.0,0.2359415930373272,0.0,0.0,-0.7502076509616187,0.0,0.0,0.0,0.0,0.0,0.0,0.0,0.0,49.14697443908437,5.2576670104770304,0.0,0.0,0.0,0.0,0.0
CHEMBL5289206,6.916155492332578,13.01878096881073,6.0449746192860365,0.0,2.33317895573442,0.0,2.121471959578664,0.0,0.0,-0.0451387174283548,0.0,0.0,0.0,0.0,0.0,0.0,0.0,0.0,24.943910055019256,0.0,0.0,0.0,0.0,0.0,0.0
CHEMBL5289229,4.613804497879399,7.189647069475939,1.9589438460569413,0.0,1.947160992483412,0.0,2.178446239606956,0.0,0.0,0.114088285777274,0.0,0.0,0.0,0.0,0.0,0.0,0.0,0.0,24.45098658976906,0.0,0.0,0.0,0.0,0.0,3.6302558122843567
CHEMBL5289279,4.475784727471235,4.657409090562048,5.679336104812295,9.904176114348148,1.2567047220122614,0.0,1.6385574717273408,0.844695872176031,0.0,-0.3259097064751821,0.0,0.0,0.0,0.0,0.0,0.0,0.0,0.0,24.913000091272096,6.456245512093727,0.0,0.0,0.0,0.0,0.0
CHEMBL5289394,4.901586907911312,10.157752359431427,2.623006346056941,0.0,4.341507936507936,0.0,2.45019702170992,0.0,0.0,0.5497043886999247,0.0,0.0,0.0,0.0,0.0,0.0,0.0,0.0,12.47624503968254,0.0,0.0,0.0,0.0,0.0,0.0
CHEMBL5289535,6.845956568010677,10.745552847561829,4.362786674855127,0.0,1.8390170808528488,0.0,3.211002180490107,0.0,0.0,-0.0116637394742098,0.0,0.0,0.0,0.0,0.0,0.0,0.0,0.0,25.17401505437029,0.0,0.0,0.0,0.0,0.0,0.0
CHEMBL5289592,4.6398943187110575,9.8676702842336,6.023341101872848,10.754853977439344,2.2091818128894243,0.0,2.071303109411581,1.4153284438775513,0.0,-0.0985167783027729,0.0,0.0,0.0,0.0,0.0,0.0,0.0,0.0,25.11694372986737,0.0,0.0,0.0,0.0,0.0,0.0
CHEMBL5289628,9.04479581528538,9.900698797088973,0.0,8.677937807221927,4.009251084140689,0.0,1.49593608276644,2.292431322126072,0.0,0.7022360769218078,0.0,0.0,0.0,0.0,0.0,2.2461368333362834,0.0,10.325744811849445,0.0,5.399135182232926,0.0,0.0,0.0,0.0,0.0
CHEMBL5289646,6.208215912908373,4.809432686654908,5.649940791131268,0.0,1.5302149470899469,0.0,1.7010337275342249,0.0,0.0,-0.2125920808138068,0.0,0.0,0.0,0.0,0.0,0.0,0.0,0.0,24.35500850340136,5.79207884542706,0.0,0.0,0.0,0.0,0.0
CHEMBL5289821,4.345769006676745,6.289648381729235,1.7634221466364324,0.0,0.1021199976904332,0.0,1.53642130154531,0.0,0.0,-0.3104922524565376,0.0,0.0,0.0,0.0,0.0,0.0,0.0,10.38316729392374,25.223277457587976,0.0,0.0,0.0,0.0,0.0,0.0
CHEMBL5289932,4.523665490887714,6.1654179395523645,4.036540926555808,0.0,1.774218159486016,0.0,2.644179329910977,0.0,0.0,-0.0626938854245398,0.0,0.0,0.0,0.0,0.0,0.0,0.0,0.0,24.37853880595448,0.0,0.0,0.0,0.0,0.0,3.456799899743848
CHEMBL5290103,4.598860308012093,6.400902699042581,6.3428986231838405,0.0,0.8189263405979669,0.0,1.6029615457294033,0.0,0.0,0.157971348261527,0.0,0.0,0.0,0.0,0.0,0.0,0.0,10.418900148022171,12.825245653817085,0.0,0.0,0.0,0.0,0.0,0.0
CHEMBL5290133,6.634456225165203,10.585263849813016,1.807890211640212,0.0,0.9921399736560264,0.0,1.5361799813297117,0.0,0.0,-0.2828437410476203,0.0,0.0,0.0,0.0,0.0,0.0,0.0,0.0,37.65946971637467,6.067443783068783,0.0,0.0,0.0,0.0,0.0
CHEMBL5290211,7.250413766586882,12.649102668073404,2.6325896793902746,0.0,3.1677229780801204,0.0,2.419355841101874,0.0,0.0,0.484272486772487,0.0,0.0,0.0,0.0,0.0,0.0,0.0,0.0,12.563209246661629,0.0,0.0,0.0,0.0,0.0,0.0
CHEMBL5290320,6.802042408274145,9.622508696552032,1.9344604276895945,0.0,1.7742212564037951,0.0,2.0467161441469264,0.0,0.0,-0.0159973781179136,0.0,0.0,0.0,0.0,0.0,0.0,0.0,0.0,24.811191821846585,6.358189956538171,0.0,0.0,0.0,0.0,0.0
CHEMBL5290344,4.614752797724028,7.264375640292849,5.975859630889393,10.702549763933172,2.1266779520450143,0.0,2.0232197951175683,1.374195601851852,0.0,-0.1229428041495137,0.0,0.0,0.0,0.0,0.0,0.0,0.0,0.0,25.04131162229564,0.0,0.0,0.0,0.0,0.0,0.0
CHEMBL5290446,6.47684938563064,7.67882073008561,5.450666701674548,0.0,0.7708679202090998,0.0,1.213708327891421,0.0,0.0,-0.4853282724170169,0.0,0.0,0.0,0.0,0.0,0.0,0.0,0.0,37.39450189437846,5.999913312547241,0.0,0.0,0.0,0.0,0.0
CHEMBL5290511,7.401749732300328,11.820649158583189,2.6301436917359537,0.0,3.350182324472998,0.0,1.837637471655329,0.0,0.0,0.7107323554421767,0.0,0.0,0.0,0.0,0.0,0.0,0.0,10.58223859914336,0.0,0.0,0.0,0.0,0.0,0.0,0.0
CHEMBL5290564,4.663482982699253,8.847307656187196,4.5180498078861175,10.69794871689758,1.569307467324242,0.0,3.536283566639097,1.38414720258831,0.0,-0.0166134627123983,0.0,0.0,0.0,0.0,0.0,0.0,0.0,0.0,25.13341939582393,0.0,0.0,0.0,0.0,0.0,0.0
CHEMBL5290646,4.572065434198371,4.990359084992021,5.88878338372386,10.670117464022136,1.876122921390778,0.0,1.9138813171873696,1.313078703703704,0.0,-0.1820584923784323,0.0,0.0,0.0,0.0,0.0,0.0,0.0,0.0,24.9576501831602,0.0,0.0,0.0,0.0,0.0,0.0
CHEMBL5290731,4.674265033173763,7.121866405500063,2.4348264676240867,5.538988622032488,1.565993857157952,0.0,1.9254926723775936,0.0,0.0,0.0611146935626103,0.0,0.0,0.0,0.0,4.172369132621797,0.0,2.031434227999433,10.13076133053208,13.34288755741813,0.0,0.0,0.0,0.0,0.0,0.0
CHEMBL5290751,4.628753438103637,8.541656615876164,6.002621068489124,10.72927241824834,2.1769132874300614,0.0,2.051248372005688,1.3973840853043598,0.0,-0.1083916184191251,0.0,0.0,0.0,0.0,0.0,0.0,0.0,0.0,25.080542332961755,0.0,0.0,0.0,0.0,0.0,0.0
CHEMBL5290784,4.40752036617116,6.344211047073149,0.0,0.0,1.272213718820861,0.0,1.0007994115856222,0.0,0.0,-0.1706277950995207,0.0,0.0,0.0,0.0,0.0,0.0,0.0,0.0,36.97921658478207,0.0,0.0,0.0,0.0,0.0,0.0
CHEMBL5290788,4.324618108045687,5.557468715881414,1.6345804201310157,0.0,1.180814909297052,0.0,1.4750050521751916,0.0,0.0,-0.3289800248803221,0.0,0.0,0.0,0.0,0.0,0.0,0.0,0.0,36.82315948601663,0.0,0.0,0.0,0.0,0.0,0.0
CHEMBL5290853,7.257176915247733,16.96707298876468,2.664495149911817,0.0,3.1714754188712515,0.0,2.449080599768732,0.0,0.0,0.4759215587252658,0.0,0.0,0.0,0.0,0.0,0.0,0.0,0.0,12.681444035377185,0.0,0.0,0.0,0.0,0.0,0.0
CHEMBL5290876,2.0875851127488034,8.505844316893425,2.3872926114890403,0.0,0.5824054915175934,0.0,1.5786635749979008,0.0,0.0,-0.327182421579743,0.0,0.0,0.0,0.0,0.0,0.0,0.0,20.39491213151928,12.457145849080373,0.0,0.0,0.0,0.0,0.0,0.0
CHEMBL5290922,4.059564804316788,5.359774869824473,0.0,5.795439499874024,1.6881698265726026,0.0,0.0,2.867059857121862,0.0,0.0911514628999745,0.0,0.0,0.0,0.0,0.0,0.0,0.0,20.29926366843033,0.0,5.756242677626606,0.0,0.0,0.0,0.0,0.0
CHEMBL5290960,4.598225033827938,6.325526983788617,4.249429773452591,8.156775846140926,1.4004597610649194,0.0,3.380549321050991,2.0381306791286056,0.0,-0.0976222101494916,5.890044735474029,0.0,0.0,0.0,0.0,0.0,0.0,0.0,25.05848007622088,0.0,0.0,0.0,0.0,0.0,0.0
CHEMBL5291085,4.578884897903657,9.605057290533969,8.41996126987424,10.72967063315706,1.4256112181394882,0.0,3.261350578669424,1.414734646109452,0.0,-0.2044597425745264,0.0,0.0,0.0,0.0,0.0,0.0,0.0,0.0,25.10252254152057,0.0,0.0,0.0,0.0,0.0,0.0
CHEMBL5291132,5.786480533622489,6.176098442444268,1.7941165910808767,0.0,0.1870448318216162,0.0,1.2802992844163483,0.0,0.0,-0.3825460076005704,0.0,0.0,0.0,0.0,0.0,0.0,0.0,0.0,37.094625216988135,5.563881107226841,0.0,0.0,0.0,0.0,0.0
CHEMBL5291168,5.547952635529521,4.212013311497439,1.6258181374401612,0.0,-1.024214380196523,0.0,0.6656500509154294,0.0,0.0,-0.6801919957797928,0.0,0.0,0.0,0.0,0.0,0.0,0.0,0.0,36.81884250073486,5.6874029195011335,0.0,0.0,0.0,0.0,0.0
CHEMBL5291192,4.596601054001848,6.0624386162612165,5.93989166036785,10.678620558792591,2.041704722012261,0.0,1.981596020480176,1.3446958721760311,0.0,-0.1453541509196265,0.0,0.0,0.0,0.0,0.0,0.0,0.0,0.0,24.999805646827653,0.0,0.0,0.0,0.0,0.0,0.0
CHEMBL5291212,4.731496430581963,11.882897917768284,2.0646687610229275,10.698586605533007,2.121801367377458,0.0,2.3537933060939924,1.401020637732832,0.0,0.1190090558595491,0.0,0.0,0.0,0.0,0.0,0.0,0.0,0.0,25.62672591802999,0.0,0.0,0.0,0.0,0.0,0.0
CHEMBL5291258,2.1215322656840514,6.018509306500378,6.257835110124297,0.0,1.5044288548752824,0.0,1.973072273662552,0.0,0.0,-0.2017102465986395,0.0,0.0,0.0,0.0,0.0,0.0,0.0,0.0,24.90966576908541,0.0,0.0,0.0,0.0,0.0,0.0
CHEMBL5291270,4.701423191190056,7.955526138307073,2.028700790501386,10.753797240576416,2.264899166456705,0.0,2.26697371322394,1.368788842697573,0.0,0.0592943751574703,0.0,0.0,0.0,0.0,0.0,0.0,0.0,0.0,25.10059654188938,0.0,0.0,0.0,0.0,0.0,0.0
CHEMBL5291323,4.511926807760141,7.958952756256823,0.0,0.0,1.6573812410766764,0.0,0.8218336902662304,0.0,0.0,-0.5352758881330308,0.0,0.0,0.0,0.0,0.0,0.0,0.0,0.0,25.42707324210549,6.074774817334341,0.0,0.0,0.0,0.0,0.0
CHEMBL5291406,6.802042408274145,9.622508696552032,1.9344604276895945,0.0,1.7742212564037951,0.0,2.0467161441469264,0.0,0.0,-0.0159973781179136,0.0,0.0,0.0,0.0,0.0,0.0,0.0,0.0,24.811191821846585,6.358189956538171,0.0,0.0,0.0,0.0,0.0
CHEMBL5291408,4.467839456285525,6.154338506859579,1.6439335473629304,0.0,1.2019772376543203,0.0,0.8750473370725012,0.0,0.0,-0.1793627960443438,0.0,0.0,0.0,0.0,0.0,0.0,0.0,0.0,36.63956589405623,5.758601386338129,0.0,0.0,0.0,0.0,3.18805943041513
CHEMBL5291483,8.976575212312902,9.24067927075992,0.0,8.647325003257475,3.846844415555183,0.0,1.9972813624679813,2.276586932028436,0.0,0.6238487312427955,0.0,0.0,0.0,0.0,0.0,2.2364375679552,0.0,0.0,12.199908996115193,5.3937474507514445,0.0,0.0,0.0,0.0,0.0
CHEMBL5291490,6.07293371899437,6.248120446131964,2.0356157288948458,7.757106087110987,0.7662308484790856,0.0,-0.8897711841300187,1.783899675262534,0.0,-5.2804713180597975,0.0,0.0,0.0,0.0,0.0,0.0,0.0,0.0,25.014282800345875,10.090099243104234,0.0,38.15195395386593,0.0,0.0,0.0
CHEMBL53068,0.0,3.0380347694633407,2.309537037037037,11.694111000881833,0.0,0.0,1.354027777777778,2.516264172335601,0.0,0.0,0.0,0.0,0.0,0.0,8.496821538800706,0.0,2.091203703703704,0.0,0.0,0.0,0.0,0.0,0.0,0.0,0.0
CHEMBL53290,0.0,5.5197940287226,2.372939814814815,11.861377738206292,0.0,0.0,1.4624678760393048,2.6176036680104144,0.0,0.0,0.0,0.0,0.0,0.0,8.53333553444845,0.0,2.132481339758125,0.0,0.0,0.0,0.0,0.0,0.0,0.0,0.0
CHEMBL53343,5.1143492535903246,0.2180378401360543,0.0,9.621178088519358,-0.3410071806500383,0.0,-0.1097628495842777,3.4401216721256413,0.0,0.0,0.0,0.0,0.0,0.0,0.0,0.0,0.0,10.326182287729909,12.513334278155709,11.384233276643991,0.0,0.0,0.0,0.0,0.0
CHEMBL53644,0.0,6.251430618543714,0.0,14.759430508314438,0.7382870370370369,0.0,0.0,3.146524470899472,0.0,0.0,0.0,0.0,0.0,0.0,4.093197357646762,0.0,2.1777966742252457,0.0,0.0,0.0,0.0,0.0,0.0,0.0,0.0
CHEMBL5393912,0.0,1.451963262156715,0.0,22.11532587356015,0.0,0.0,0.0,3.12822824808936,2.4283227828168306,0.0,0.0,0.0,0.0,0.0,7.935260621530013,0.0,4.073826828056325,0.0,0.0,0.0,0.0,0.0,0.0,6.311516828235051,0.0
CHEMBL5393946,0.0,1.14814381771227,0.0,20.613603452540595,0.0,0.0,0.0,1.6445421810699594,2.240933012093727,0.0,0.0,0.0,0.0,0.0,7.864232155047,0.0,3.8702602985638697,0.0,0.0,0.0,0.0,13.951618416305916,0.0,0.0,0.0
CHEMBL5394007,1.816775734939828,-1.640300427299192,0.0,24.952780115803225,-2.872926145256595,0.0,1.3712334262408672,3.274909467444226,0.0,-4.750610823445733,0.0,0.0,0.0,0.0,4.202038044298128,0.4494804665565848,1.6878564458798808,9.83484310044264,27.97637442713756,6.232922724071264,0.0,40.98100623660543,-4.5163827934181,0.0,0.0
CHEMBL5394067,2.191631742075465,1.8959258777738213,0.0,25.393375884393656,0.2153476946334087,0.0,0.0,3.7603408764472537,2.6121139875703374,0.0,0.0,0.0,0.0,0.0,4.28328669585118,0.0,4.541661404530949,0.0,0.0,0.0,0.0,0.0,0.0,0.0,3.5229825033906024
CHEMBL5394126,0.0,0.6543102796674225,0.0,12.235376039304612,0.0,0.0,0.0,1.0339351851851857,1.51405612244898,0.0,0.0,0.0,0.0,0.0,7.468615152851264,0.0,1.849418461829176,0.0,11.119848985890652,0.0,5.125414304610733,0.0,0.0,0.0,0.0
CHEMBL5394223,2.074761012429663,2.8650914902998235,0.0,7.254520975056689,0.0,0.0,-0.3623615835222973,1.5440955162929375,0.0,-0.6936574074074076,5.663070357772739,2.420578939909297,0.0,0.0,0.0,0.0,0.0,0.0,23.650567365835222,0.0,0.0,0.0,0.0,0.0,0.0
CHEMBL5394232,0.0,0.0,3.563703703703704,20.969078798185944,0.351574074074074,0.0,0.0,2.554074074074075,0.0,0.0,0.0,0.0,0.0,0.0,0.0,0.0,0.0,0.0,0.0,0.0,0.0,0.0,0.0,0.0,0.0
CHEMBL5394424,0.0,0.6496381330309903,0.0,22.87967420510274,-0.7732450974216849,0.0,0.0,2.630771394977745,2.080869079113127,0.0,0.0,0.0,0.0,0.0,4.01368229922568,0.0,3.799243494722992,10.696342890036677,0.0,0.0,0.0,0.0,0.0,6.300801378989511,0.0
CHEMBL5394486,0.0,0.6946198664651045,0.0,18.98799364322813,0.0,2.222647234819854,0.0,3.844454785000421,0.0,0.0,0.0,0.0,0.0,9.136973027273353,8.003954709779023,0.0,1.776023400100781,0.0,0.0,0.0,0.0,0.0,0.0,0.0,0.0
CHEMBL5394546,0.0,0.2379300848362,0.0,22.816476725250627,-2.1191295049547234,0.0,1.6018237945865188,2.741860000167952,0.0,0.0,0.0,0.0,0.0,0.0,7.958232504475555,0.0,1.557171531937946,19.495964834996933,26.798157904371827,11.716807499425643,0.0,0.0,-4.055295375094484,0.0,0.0
CHEMBL5394566,0.0,1.7533323885109595,0.0,20.769321323417643,0.2882407407407408,0.0,0.0,3.252639308809945,0.0,0.0,0.0,0.0,2.988428340471992,0.0,4.3110925296044345,0.0,0.0,0.0,0.0,0.0,0.0,13.136945368444287,0.0,0.0,0.0
CHEMBL5394706,0.0,1.7436358339632148,0.0,27.12584113505876,0.0,0.0,0.0,2.6407083543293863,2.59129582388511,0.0,0.0,0.0,0.0,0.0,4.129115035681143,0.0,4.436070483749055,0.0,0.0,0.0,0.0,0.0,0.0,0.0,0.0
CHEMBL5394720,4.136211061648922,3.013093463842021,0.0,9.60861549230191,0.0,0.0,0.0,3.900184285261396,0.0,0.0,0.0,0.0,0.0,0.0,3.9752941774735606,0.0,0.0,0.0,0.0,5.605142195767195,4.928125990371662,0.0,0.0,0.0,0.0
CHEMBL5394799,1.4238156003014408,0.3355432147351345,0.0,14.560264445857984,0.0,2.045717868790251,0.0,1.0516660788889791,0.0,0.0,4.803886201567497,0.0,0.0,8.991658444387554,7.565679707391364,2.9025438211262977,1.5984430991317855,0.0,47.78300716949393,4.515809295352122,0.0,0.0,-8.078034947024324,0.0,0.0
CHEMBL5394879,3.695443152493117,0.7322395875629104,0.0,19.72503773781868,-1.6234727996136735,0.0,1.8286473293020915,2.581779379531646,0.0,0.0,0.0,0.0,0.0,0.0,4.2964207527996,1.4721370832283531,1.7273946654278995,9.766421132046514,27.59902662299488,6.295894038170824,0.0,0.0,-3.6803020150961614,0.0,0.0
CHEMBL5395012,0.0,1.622322609599395,0.0,16.539327180622273,0.0804657974300828,0.0,0.0,2.544052894305872,0.0,0.0,0.0,0.0,2.962226624235553,0.0,4.332474227345259,0.0,0.0,0.0,0.0,0.0,0.0,26.08579733312824,0.0,0.0,0.0
CHEMBL5395040,0.0,0.676066232048375,5.405469256356252,13.86424568470384,-0.1218666015789033,2.114859718360454,1.0243655517762664,2.40821154007662,0.0,0.0,0.0,0.0,0.0,8.913120736686754,0.0,0.0,0.0,0.0,0.0,0.0,0.0,12.989269282081676,0.0,0.0,0.0
CHEMBL5395094,0.0,1.6898193420886871,0.0,24.88898931205479,0.0,0.0,0.0,3.737989050558496,2.561686980347696,0.0,0.0,0.0,0.0,0.0,4.134514484716956,0.0,4.422852891156463,0.0,0.0,0.0,0.0,0.0,0.0,0.0,3.6474812724102494
CHEMBL5395326,0.0,-0.2943830309901742,0.0,10.348656876866652,0.0,1.9773952131904944,0.0,-2.108505557660496,0.0,0.0,4.706979365635814,0.0,0.0,8.914105763455545,7.348141904859077,1.4472747779667423,1.3978319213487864,0.0,21.8819253883704,4.306294934715265,0.0,28.913370692425524,-4.422421583516963,0.0,0.0
CHEMBL5395333,0.0,0.6868046107331821,0.0,13.030085208980712,0.0,0.0,0.0,1.6229143571008655,1.8908616780045355,0.0,0.0,0.0,0.0,0.0,3.986561686402956,0.0,1.9576592025699169,0.0,0.0,0.0,5.68908950617284,0.0,0.0,5.913801527812771,0.0
CHEMBL5395351,2.142159251457176,5.1181649934851245,0.0,7.227699773971419,-0.3247452391450409,0.0,-0.1068579931972784,1.5514373892958506,0.0,0.0,5.6465043839715,0.0,0.0,0.0,0.0,1.4272656840513982,0.0,0.0,24.31837175610985,0.0,0.0,0.0,0.0,0.0,0.0
CHEMBL5395602,2.1047809137811844,1.5474661139325638,0.0,20.0800612596712,0.0020408163265304,2.233146658035728,0.0,2.5816260577412287,2.1735491727555223,0.0,0.0,0.0,0.0,9.328204022996385,4.208888547703031,0.0,4.261497123540774,0.0,0.0,0.0,0.0,13.31207264684919,0.0,0.0,0.0
CHEMBL5395683,0.0,2.1215362811791385,3.5949943310657595,21.431993575207866,0.6865967498110351,0.0,0.0,2.745583900226758,0.0,0.0,0.0,0.0,0.0,0.0,0.0,0.0,0.0,0.0,0.0,0.0,0.0,0.0,0.0,0.0,0.0
CHEMBL5395694,0.0,0.1104317838246409,0.0,13.121132245113127,-2.9815057978604163,2.0157510782382784,0.0,0.3841268289590811,0.0,0.0,4.775868254524703,0.0,0.0,8.95199053731934,7.484999950546487,1.6725620039682538,1.5398632894515831,0.0,22.186369832814847,4.437081971752302,0.0,26.829582938198072,-4.444921583516963,0.0,0.0
CHEMBL5395753,0.0,0.5882095616024186,0.0,16.93892076059329,-0.1293959829302096,2.094403958046461,0.0,2.637505927180351,0.0,0.0,4.858636587549168,0.0,0.0,8.951756711193074,8.215011475600852,0.0,1.732276365793231,0.0,21.94034187301344,4.635888031213122,0.0,0.0,-4.046888602188527,0.0,0.0
CHEMBL5396048,1.882415910808768,0.6387953514739226,0.0,11.144642962123122,0.0,0.0,0.0,0.8474645166708661,1.0725892857142862,0.0,0.0,0.0,0.0,0.0,3.9815277252876458,0.0,1.9204572940287223,0.0,0.0,0.0,0.0,27.01210695389267,0.0,0.0,0.0
CHEMBL5396276,0.0,4.704774029982363,3.618336272780717,21.674843442759208,0.8009694402452338,0.0,0.0,2.822499475098682,0.0,0.0,0.0,0.0,0.0,0.0,0.0,0.0,0.0,0.0,0.0,0.0,0.0,0.0,0.0,0.0,0.0
CHEMBL5396371,2.0441262306116204,2.668293528244376,0.0,7.187089632149156,-0.3241147014361301,0.0,-0.1310218253968249,1.541583357235865,0.0,0.0,5.618035180708341,0.0,0.0,0.0,0.0,1.3933767951625091,0.0,0.0,24.00263180272109,0.0,0.0,0.0,0.0,0.0,0.0
CHEMBL5396408,0.0,3.0122268675988915,0.0,20.930237495505803,0.2923535525321237,0.0,0.0,3.3368203705699204,0.0,0.0,0.0,0.0,2.9846822026178086,0.0,4.265028467003575,0.0,0.0,0.0,0.0,0.0,0.0,13.17865104417188,0.0,0.0,0.0
CHEMBL5396464,0.0,1.0868421674225244,0.0,14.58971844770456,0.0,2.081873115563453,0.0,1.1910742017722549,0.0,0.0,0.0,0.0,0.0,8.906744104864838,7.617815381534718,1.9086470143613,1.720387219702696,9.266315116825718,0.0,0.0,0.0,13.463916563581275,0.0,0.0,0.0
CHEMBL5396706,2.2063672705461124,7.438748145276374,0.0,7.822976820357772,0.0,0.0,0.1886758314436887,1.8717468115064624,0.0,-0.318014455782313,5.742261607390125,2.9942475277147897,0.0,0.0,0.0,0.0,0.0,0.0,12.302990441546989,0.0,0.0,0.0,0.0,0.0,0.0
CHEMBL5396802,1.397522987284426,-1.7421327016037504,0.0,17.773938502314326,-3.036414125580344,0.0,1.2094102240235456,1.5517365609125775,0.0,-4.793352029190031,0.0,0.0,0.0,0.0,0.0,0.3847582443343631,0.0,19.50632722230261,27.78668413893973,11.170707820569444,0.0,40.865722190294605,-4.574909034601495,0.0,0.0
CHEMBL5397043,13.47342298994896,5.86489090099615,0.0,7.505936530776222,2.190024113033897,0.0,-0.1262934618291757,0.7847607893466031,0.0,-0.5817858297856947,0.0,0.0,0.0,0.0,4.428164022942612,0.0,0.0,0.0,13.336136936255985,6.45807634164777,0.0,0.0,0.0,0.0,0.0
CHEMBL5397197,0.0,1.7316295167758462,0.0,14.189803931071069,0.0,2.075191925959049,0.0,0.8135651308452472,0.0,0.0,4.755315005401153,0.0,0.0,8.954168528842747,7.630408686077184,1.9126863291230167,1.7133041275636876,0.0,21.85081606758049,4.382464381550296,0.0,14.023557151933218,-4.282910782723005,0.0,0.0
CHEMBL5397228,2.179512082830102,6.643652911258881,0.0,7.340870496346687,0.0,0.0,-0.3350498656252618,1.5667768078816064,0.0,-0.6974226426681784,5.71792694543527,2.463753700554296,0.0,0.0,0.0,0.0,0.0,0.0,24.036646230653265,0.0,0.0,0.0,0.0,0.0,0.0
CHEMBL5397257,0.0,0.0,0.0,17.440026601651777,-0.344444444444445,0.0,0.0,1.246931111950954,1.787381792223062,0.0,0.0,0.0,0.0,0.0,11.32820247543462,0.0,1.5882454648526076,0.0,0.0,0.0,5.928491354875284,13.191832310122804,0.0,0.0,0.0
CHEMBL5397541,0.0,2.7756363378684803,0.0,20.85259957725055,0.0845757747543458,0.0,0.0,2.8627994562022345,0.0,0.0,0.0,0.0,2.9692370524630625,0.0,4.246497385991434,0.0,0.0,0.0,0.0,0.0,0.0,14.20865441546989,0.0,0.0,0.0
CHEMBL5397559,0.0,3.106065444696397,0.0,20.015070523311863,0.3427239229024941,0.0,0.0,5.262054121924253,0.0,0.0,11.642799330399438,0.0,3.004798134665559,0.0,4.2931551887666615,0.0,0.0,0.0,0.0,0.0,0.0,0.0,0.0,0.0,0.0
CHEMBL5397563,0.0,0.5979728835978835,0.0,22.099393580521,0.0,2.1317956300345786,0.0,2.896083796735541,2.0479677399987644,0.0,0.0,0.0,0.0,8.999747394828944,7.789475684315151,2.0166003716301337,1.8079360880154527,9.613026830322555,0.0,0.0,0.0,0.0,0.0,0.0,0.0
CHEMBL5397670,0.0,1.206555531934996,0.0,15.390258266277591,0.0,2.0945359129309207,0.0,2.9828641681764085,0.0,0.0,4.899898082255309,0.0,0.0,8.973156888255645,7.686564005029845,1.948226857100865,1.7449424468478851,0.0,22.160304351113023,4.708825072941339,0.0,0.0,-4.088046678200187,0.0,3.291915095336362
CHEMBL5397796,0.0,1.602877692743764,0.0,17.22575896978269,0.0234221466364321,2.120717617075496,0.0,2.541727224128018,0.0,0.0,0.0,0.0,0.0,8.917319291108523,8.261304895784964,0.0,1.810420918367347,0.0,0.0,0.0,0.0,12.996451244372768,0.0,0.0,0.0
CHEMBL5398069,4.314513101536911,2.049415154950869,0.0,21.45481303015033,0.4134259259259257,0.0,0.0,6.539280150331738,0.0,0.0,0.0,0.0,3.0401298605862097,0.0,4.355089443184681,0.0,0.0,0.0,0.0,0.0,0.0,0.0,0.0,0.0,0.0
CHEMBL5398138,0.0,3.5527908513994824,0.0,17.3873553178449,0.0,2.121213499403934,0.0,2.7635295537785924,0.0,0.0,4.85212584642579,0.0,0.0,8.980023070900401,7.749491994542326,2.046836901097016,1.818198051647727,0.0,21.853822567894344,4.622913824176818,0.0,0.0,-4.006320565087214,0.0,0.0
CHEMBL5398185,3.198945447005963,0.3052600623582766,0.0,12.843475581590662,-0.3395776643990931,0.0,0.0646381330309904,3.425135896951374,0.0,0.0,0.0,0.0,0.0,0.0,0.0,0.0,0.0,0.0,12.30686933106576,16.528586545729404,0.0,0.0,0.0,0.0,0.0
CHEMBL5398199,0.0,0.6550925925925923,0.0,20.503632855907384,0.0,0.0,0.0,2.39355247963383,0.0,0.0,0.0,0.0,0.0,0.0,7.711233413118334,2.047996976568405,1.835506424792139,9.352985257387314,0.0,0.0,0.0,0.0,0.0,0.0,0.0
CHEMBL5398403,0.0,0.320648148148148,0.0,12.676764837094924,0.0,0.0,0.0,-0.0180526685983006,0.0,0.0,0.0,0.0,0.0,0.0,7.425944297472075,1.6096636432350715,1.5288397581254725,9.326594072814313,0.0,0.0,0.0,26.962931245041634,0.0,0.0,0.0
CHEMBL5398511,0.0,1.5624537037037038,0.0,15.517815728143107,0.3059259259259259,0.0,0.25802059712774,3.28353835978836,0.0,0.0,0.0,0.0,0.0,0.0,4.018627015621063,0.0,0.0,0.0,12.0536186696901,0.0,0.0,0.0,0.0,0.0,0.0
CHEMBL5398724,1.406601359918883,-1.7219442683500488,0.0,21.9282988494418,-2.9993262256055395,0.0,1.2954809177331277,2.3970660366130536,0.0,-4.793122252861354,0.0,0.0,0.0,0.0,8.061250246404759,0.4095493370800014,1.562972036549258,9.833921285018045,28.140444469518243,11.310409871596825,0.0,41.25176212105981,-4.58336378411685,0.0,0.0
CHEMBL5398810,4.407046800201562,2.0529714663643235,0.0,21.184648368606705,0.4158333333333333,0.0,0.0,6.696668083900228,0.0,0.0,0.0,0.0,3.0446617535903253,0.0,4.364836860670194,0.0,0.0,0.0,0.0,0.0,0.0,0.0,0.0,0.0,0.0
CHEMBL5398859,0.0,0.0,0.0,25.21167975420621,0.0,0.0,0.0,4.390481386999246,0.0,-0.6471450617283947,0.0,0.0,0.0,0.0,8.939990044371658,0.0,2.0640173847316703,0.0,0.0,0.0,0.0,0.0,0.0,12.256367577895354,0.0
CHEMBL5398866,5.25020041788421,0.6683869956001993,0.0,17.531914251783828,-1.7100230845960471,0.0,1.7975414047365712,3.150926974072285,0.0,0.0,0.0,0.0,0.0,0.0,4.3002865634236525,1.4438037498950198,1.721713990791181,9.794857923429731,27.8454638552952,11.52895121862311,0.0,0.0,-3.7406909276056095,0.0,0.0
CHEMBL5398997,0.0,0.5539441609977325,0.0,19.875230386938124,0.0,2.124577243008499,0.0,2.962950083562747,1.743955394319752,0.0,0.0,0.0,0.0,9.011356969625332,7.77777687807089,1.9904169816074573,1.787081321211612,9.768119422915149,0.0,0.0,0.0,0.0,0.0,6.182368935520483,0.0
CHEMBL5399056,1.871166729276032,0.2886965457415495,0.0,25.35408996320424,-1.94042537102715,0.0,1.7656269109010814,5.0343354905442,0.0,0.0,0.0,0.0,0.0,0.0,4.242650868461034,0.0,1.7493615963433031,9.807878936231464,26.80862570264776,11.814023439935166,0.0,0.0,-3.983890351997088,0.0,3.354526206405076
CHEMBL5399449,0.0,2.056485339506173,0.0,14.838010512456345,0.0,2.096415411881196,0.0,1.3557895872773718,0.0,0.0,0.0,0.0,0.0,8.923200646898302,7.6628683662017,1.970162351977828,1.7626842928529436,9.250409672348257,0.0,0.0,0.0,13.41730715193322,0.0,0.0,0.0
CHEMBL5399600,1.469899691358025,0.7257819979843788,0.0,14.612608029896991,0.0,0.0,0.0,1.041395607625767,1.836617063492064,0.0,0.0,0.0,0.0,0.0,4.003890622798451,0.0,1.9732610544217688,0.0,0.0,4.981166113828452,0.0,13.688713151927438,0.0,0.0,0.0
CHEMBL5400021,0.0,1.5054933547493072,0.0,20.389943674473496,0.0,0.0,0.0,4.081887370174408,2.4383964789619554,0.0,0.0,0.0,2.7667883292486466,0.0,7.875075436344826,0.0,2.242026643990929,0.0,0.0,0.0,0.0,0.0,0.0,6.311499823167541,0.0
CHEMBL5400203,1.825934863060786,0.1122150642600683,0.0,21.403352296596527,-2.4956721889538924,0.0,1.5040543672830833,2.396993932702827,0.0,-4.548862817013355,0.0,0.0,0.0,0.0,4.201544883583424,0.0,1.6989963522064326,9.792977065556723,26.781426628573684,11.483609654586315,0.0,38.79540592132317,-4.285309357099127,0.0,0.0
CHEMBL5400347,0.0,3.9187797619047617,0.0,15.705475908721308,0.1833938019652303,0.0,0.3295427059712781,3.419257474594777,0.0,0.0,0.0,0.0,0.0,0.0,4.017910072214275,0.0,0.0,0.0,12.42564027462837,0.0,0.0,0.0,0.0,0.0,0.0
CHEMBL5400406,0.0,0.7790513983371126,0.0,21.673000512593383,0.0491997354497351,2.152208921830134,0.0,2.9905123672390097,2.298062169745972,0.0,0.0,0.0,3.257708963214916,8.942943100988666,8.1466868070435,0.0,1.877292690224238,0.0,0.0,0.0,0.0,0.0,0.0,0.0,0.0
CHEMBL5400488,0.0,1.9729779226505413,0.0,17.224404196734227,0.0,2.114473713238698,0.0,2.4773357132619407,0.0,0.0,0.0,0.0,0.0,8.928784606081162,7.700795265969606,2.0013251658688165,1.7935870845124091,9.273191060555884,0.0,5.6797919377933805,0.0,0.0,0.0,0.0,0.0
CHEMBL5400511,0.0,1.5309231439489377,0.0,21.92574527740661,0.0,0.0,0.0,3.2226923996139973,2.4671563296100336,0.0,0.0,0.0,0.0,0.0,8.216662651613083,0.0,4.110354199071732,0.0,0.0,0.0,0.0,0.0,0.0,5.970910443180047,0.0
CHEMBL5400514,0.0,0.6695143613000756,0.0,22.56678931163217,-0.7827639741745089,2.133791895801276,0.0,2.586112880592499,2.067935221928278,0.0,0.0,0.0,0.0,8.924026226617247,4.009498974595302,0.0,3.791687874415147,10.700073893959177,0.0,0.0,0.0,0.0,0.0,0.0,0.0
CHEMBL5400554,0.0,0.5255042989417991,0.0,19.59561904414503,0.0,0.0,0.0,2.063234783110776,0.0,0.0,4.8509895943163714,0.0,0.0,0.0,7.670668674826323,1.967796319916856,1.767943410388847,0.0,21.86776897498322,4.629721902075798,0.0,0.0,-4.022580336038351,0.0,0.0
CHEMBL5400682,0.0,0.1910598544973545,0.0,11.86751135591108,0.0,0.0,0.0,-0.466529226462034,0.0,0.0,4.808281945839492,0.0,0.0,0.0,7.385379559180064,1.5294629865835223,1.4612767437221803,0.0,21.853359595189225,4.562008403453209,0.0,27.17363910588061,-4.115450323794702,0.0,0.0
CHEMBL5400803,0.0,0.2851301824678451,0.0,33.15521263220699,-1.9681835941702472,0.0,1.7614290473101808,3.153323585902501,1.912944008154268,0.0,0.0,0.0,0.0,0.0,4.109032234869252,0.0,1.9037794008050488,9.839660319638586,27.268531879642985,12.016778463706675,0.0,0.0,-4.020971493867418,0.0,0.0
CHEMBL5400890,2.101985886024729,3.8566490479851767,0.0,7.209435311161501,-0.3243272864701436,0.0,-0.1168494897959178,1.5470980474885605,0.0,0.0,5.633341722457191,0.0,0.0,0.0,0.0,1.4133767951625094,0.0,0.0,24.1792899659864,0.0,0.0,0.0,0.0,0.0,0.0
CHEMBL5401017,2.155173408742132,1.706704114688422,0.0,23.14084948402634,0.1082048374905515,0.0,0.0,2.1558096264472537,2.4947991727555223,0.0,0.0,0.0,0.0,0.0,4.23078669585118,0.0,4.4071301545309485,0.0,0.0,0.0,0.0,13.267209172134317,0.0,0.0,0.0
CHEMBL5401146,0.0,0.230539257369615,0.0,24.65738500617116,-2.1452449983411395,0.0,1.6611250604721026,2.2991184997015366,0.0,0.0,0.0,0.0,0.0,0.0,4.079825064895509,0.0,1.89458128122946,9.80284922554254,26.51994914925748,11.57291923285631,0.0,13.266020835488217,-4.089067614642787,0.0,0.0
CHEMBL5401315,0.0,1.519739937641723,0.0,17.845737953437478,0.0,2.1200192613397464,0.0,2.8501790001424747,0.0,0.0,0.0,0.0,0.0,8.928370714925514,7.718477800057887,2.0247534013605444,1.8099270912068528,9.528444746455348,0.0,0.0,0.0,0.0,0.0,0.0,0.0
CHEMBL5401445,0.0,3.1996341962711004,0.0,22.09658065836932,0.2617639833711258,2.1707444901594504,0.0,4.332269087017013,0.0,0.0,0.0,0.0,3.047178496207176,8.951199758168935,4.440629330435878,0.0,0.0,0.0,0.0,0.0,0.0,0.0,0.0,0.0,0.0
CHEMBL5401526,9.582213620781442,6.27733618003369,0.0,7.320941541523252,2.2459370380000783,0.0,-0.0922193877551016,0.935223752309566,0.0,0.2547894646839455,0.0,0.0,0.0,0.0,4.108508956963818,0.0,0.0,0.0,12.695581380700428,6.255020786092215,0.0,0.0,0.0,0.0,0.0
CHEMBL5401549,9.030507947005963,3.1064109005823024,0.0,7.3185001994625,1.817662299487695,0.0,-0.0651332199546481,1.010603518413539,0.0,0.4281562377016923,0.0,0.0,0.0,0.0,4.028715397724236,0.0,0.0,0.0,12.62872448979592,5.945852229780801,0.0,0.0,0.0,0.0,0.0
CHEMBL5401648,0.0,0.3922125377928944,3.2534526434030404,8.663356460225147,-0.2396544574619974,2.046675757005705,0.0,-0.8105362427575604,0.0,0.0,0.0,0.0,0.0,8.904412140338817,0.0,1.8818367346938776,0.0,9.244175199130243,0.0,0.0,0.0,27.86574973086877,0.0,0.0,0.0
CHEMBL5401807,0.0,0.9662962962962962,3.579953703703704,21.24254125724364,0.568992819349962,0.0,0.0,2.674444444444445,0.0,0.0,0.0,0.0,0.0,0.0,0.0,0.0,0.0,0.0,0.0,0.0,0.0,0.0,0.0,0.0,0.0
CHEMBL5401856,4.266641632344194,2.048506708238851,0.0,21.55488735617704,0.4147222222222222,0.0,0.0,6.496866339128244,0.0,0.0,0.0,0.0,3.036830537387897,0.0,4.34821187116822,0.0,0.0,0.0,0.0,0.0,0.0,0.0,0.0,0.0,0.0
CHEMBL5401946,0.0,-0.034748441043084,0.0,11.78445852568147,0.0,2.013000255900238,0.0,-2.016127691268833,0.0,0.0,0.0,0.0,0.0,8.875439014231853,7.418311077517426,1.5933087679516251,1.5055385487528343,9.23291600424988,0.0,0.0,0.0,27.62790393802659,0.0,0.0,0.0
CHEMBL5401971,0.0,1.8912925957420004,0.0,12.8642125642007,-0.3208248299319731,0.0,0.0,0.5796720685519383,0.0,-8.884254649020612,0.0,0.0,2.847726306920654,0.0,4.1302764008878725,0.0,0.0,0.0,0.0,0.0,0.0,77.05856620931607,0.0,0.0,0.0
CHEMBL5402030,0.0,1.3840095637020242,0.0,20.584504845314555,0.0,0.0,0.0,2.0469036478993194,2.3583814667842447,0.0,0.0,0.0,0.0,0.0,7.888867524138469,0.0,3.998849542112529,0.0,0.0,0.0,0.0,13.071816743382191,0.0,0.0,0.0
CHEMBL5402090,0.0,1.4932310563114133,0.0,17.798124534095855,0.0,2.1173127390712585,0.0,2.948700485654851,0.0,0.0,0.0,0.0,0.0,8.91626360957665,7.709584928859821,2.0218367346938777,1.8073344986142603,9.35427807978868,0.0,0.0,0.0,0.0,0.0,0.0,0.0
CHEMBL5402193,0.0,0.3178854875283448,0.0,14.433273751394244,0.0,2.067168875741934,0.0,2.3051380798356527,0.0,0.0,4.858717838802858,0.0,0.0,8.959440933336172,7.612314240459984,1.8219970001889645,1.6591899460401445,0.0,22.06295335511265,4.621017156937486,0.0,0.0,-4.130970966233011,6.27298541196569,0.0
CHEMBL5402384,0.0,0.3213163737717308,0.0,12.999633909093683,0.0,2.0820144721366765,0.0,2.7155234757704414,0.0,0.0,0.0,0.0,0.0,8.937656645085848,7.631762198706643,1.8385865457294028,1.681444318468128,9.572823411657286,0.0,0.0,0.0,0.0,0.0,12.44146087180238,0.0
CHEMBL5402392,0.0,0.0079511071340081,0.0,23.154737776557745,-2.835157247312507,0.0,1.3684490347064755,0.4059726424994341,0.0,-4.786329218706235,0.0,0.0,0.0,0.0,4.043220293126325,0.0,1.8150222838885912,9.773149963456046,26.820031627690355,11.251381787863345,0.0,40.516674450333454,-4.535104501237035,0.0,0.0
CHEMBL5402413,0.0,0.1917280801209371,0.0,12.401941709318152,0.0,2.055172990968272,0.0,1.9844299704602155,0.0,0.0,4.865709524365972,0.0,0.0,8.978384918643792,7.591197460414632,1.7583858890778534,1.613881304064836,0.0,22.19938570583072,4.617406045826376,0.0,0.0,-4.206372200800913,12.587637490598048,0.0
CHEMBL5402457,0.0,2.519461529982363,0.0,16.25624570529381,0.0,2.1274805006385926,0.0,3.681021068758853,0.0,0.0,0.0,0.0,0.0,8.949986361184017,7.749645225705832,2.0521936019778284,1.8274991076677585,9.578534672348257,0.0,0.0,0.0,0.0,0.0,0.0,3.341265559776025
CHEMBL5402619,0.0,2.551009059666617,0.0,18.02563813475388,0.0,2.1303584869012497,0.0,3.072744663879225,0.0,0.0,0.0,0.0,0.0,8.941980198367665,7.749689823792735,2.0604918325354835,1.8358093067346315,9.321943895023002,0.0,0.0,0.0,0.0,0.0,0.0,0.0
CHEMBL5402637,0.0,2.719042816200554,0.0,16.731519547672146,0.1271281074158055,0.0,0.0,2.675838691188655,0.0,0.0,0.0,0.0,2.9788376381314694,0.0,4.353739886756662,0.0,0.0,0.0,0.0,0.0,0.0,26.080559979301377,0.0,0.0,0.0
CHEMBL5402711,0.0,1.2016739103048626,0.0,18.92036083104806,0.0,0.0,0.0,2.550190329218108,2.2510067082388514,0.0,0.0,0.0,2.7346487516545235,0.0,7.8040469698618145,0.0,2.086471088435374,0.0,0.0,0.0,0.0,13.951601411238409,0.0,0.0,0.0
CHEMBL5403080,3.482017546225907,0.3726703111736487,0.0,27.997025352204016,-1.669195041704061,0.0,1.8635695389266824,4.682510604668049,0.0,0.0,0.0,0.0,0.0,0.0,4.256817559654566,1.3661471332232515,1.761071335385979,9.833876614242635,27.620541093804217,6.384052967835435,0.0,0.0,-3.701105015640325,0.0,0.0
CHEMBL5403263,2.1305927131874447,4.370139492525405,0.0,19.144643470709347,0.2169995065927603,0.0,0.0,4.663432957439715,0.0,0.0,0.0,0.0,3.02865531192326,0.0,4.414575820303634,0.0,0.0,0.0,0.0,0.0,0.0,13.1976273939851,0.0,0.0,0.0
CHEMBL5403643,0.0,0.693193499622071,0.0,11.517996635382548,0.0,0.0,0.0,2.9050110754178218,1.962667233560091,0.0,0.0,0.0,0.0,0.0,4.008467550600487,0.0,1.972879700491308,0.0,0.0,0.0,5.810810185185185,0.0,0.0,0.0,6.962307453073823
CHEMBL5403749,0.0,0.8593877551020407,0.0,17.76436728395062,0.0,0.0,0.0,1.2747222222222223,2.406941137566138,0.0,0.0,0.0,0.0,0.0,8.136688082640465,0.0,2.0578935185185183,0.0,0.0,0.0,0.0,0.0,0.0,0.0,0.0
CHEMBL5403786,0.0,0.2855487781468575,0.0,26.827560281921368,-1.9495596734064005,0.0,1.7544671726715384,3.8426285004894782,0.0,0.0,0.0,0.0,0.0,0.0,4.09479362905792,0.0,1.898252189920695,9.789754674373944,26.788357402444703,11.803728372330465,0.0,0.0,-3.9899193160518487,0.0,3.35438798810128
CHEMBL5403912,0.0,0.7842951625094481,0.0,22.721847707300448,0.1270937263794402,0.0,0.0,2.097559011705388,2.311698830103412,0.0,0.0,0.0,3.2155741429185696,0.0,4.173437946166121,0.0,2.0944227135298563,0.0,0.0,0.0,0.0,13.140737426053985,0.0,0.0,0.0
CHEMBL5404029,2.202369294366048,8.86933118427827,0.0,7.586042394277076,0.0280967188809,0.0,0.0548220584530116,1.7154531898415106,0.0,-0.4776912058249991,5.762366193201365,0.0,0.0,0.0,0.0,1.535560043461829,0.0,0.0,25.473650129065,0.0,0.0,0.0,0.0,0.0,0.0
CHEMBL5404063,0.0,-1.6580916763873386,0.0,23.87700345988143,-2.912775940623164,0.0,1.3265868422986484,2.1223879508654124,0.0,-4.755509464690527,0.0,0.0,0.0,0.0,8.05560328303063,0.437882670413334,1.5679380229438156,9.808833348086733,27.89400723721792,6.202972017510708,0.0,40.889470454393134,-4.522974871607399,0.0,0.0
CHEMBL5404073,0.0,3.831271641551223,0.0,16.59998885722468,0.4769316630973377,2.1543496423802577,0.0,4.535291432383924,0.0,0.0,0.0,0.0,0.0,9.017994852571352,7.864435529364282,2.1361374086671705,1.8826583102376755,9.667607329188767,0.0,0.0,0.0,0.0,0.0,0.0,0.0
CHEMBL5404343,3.376060427767679,1.912436539430587,0.0,20.29060322700655,0.3041780045351472,0.0,0.0,5.3834192444960856,0.0,0.0,0.0,0.0,3.018981593402589,0.0,4.334740796788055,0.0,0.0,0.0,0.0,10.54624683323998,0.0,0.0,0.0,0.0,0.0
CHEMBL5404404,2.1619810580466243,3.3029088718820856,0.0,23.449479143892024,0.4583720710506423,0.0,0.0,5.282538790207441,0.0,0.0,0.0,0.0,3.027587390863906,0.0,4.3171326740572775,0.0,0.0,0.0,0.0,0.0,0.0,0.0,0.0,0.0,0.0
CHEMBL5404624,0.0,0.040351828231292,0.0,10.867406556366,0.0,2.0092747788629683,0.0,-1.6892122524017688,0.0,0.0,4.707095739095823,0.0,0.0,8.92934316830556,7.447253305441367,1.647607053623919,1.5234790350942948,0.0,21.85293095731106,4.306579702570969,0.0,28.67695532421723,-4.402398530052039,0.0,0.0
CHEMBL5404699,3.412531561168671,0.2744372864822906,0.0,25.051992714356484,-1.98931014150125,0.0,1.7468589280421898,4.740266466977484,0.0,0.0,0.0,0.0,0.0,0.0,4.243142132504778,0.0,1.7467664406339607,9.81879007918129,26.90864499277121,16.97866976382896,0.0,0.0,-4.0161235577794026,0.0,0.0
CHEMBL5404820,0.0,-0.1647947373393805,0.0,10.946349076642187,0.0,2.0042366943588985,0.0,-1.3774120523502706,0.0,0.0,0.0,0.0,0.0,8.873377489897603,7.388706643151087,1.5274754346182915,1.4653949357520786,9.261712300546176,0.0,0.0,0.0,28.07495421472333,0.0,0.0,0.0
CHEMBL5405156,2.035749244142101,0.7621891534391533,0.0,14.5160061308474,0.0,0.0,0.0,2.1223896657428405,2.0517559523809528,0.0,0.0,0.0,0.0,0.0,4.027412498950198,0.0,2.0074045729402874,0.0,0.0,0.0,0.0,13.3104261148904,0.0,0.0,0.0
CHEMBL5405284,0.0,1.883693310657596,0.0,15.310323286722095,0.0073148148148143,0.0,0.248194444444445,3.1554365079365088,0.0,0.0,0.0,0.0,0.0,0.0,3.9982660934744265,0.0,0.0,0.0,12.396771541950114,0.0,0.0,0.0,0.0,0.0,0.0
CHEMBL5405593,4.728769615475513,0.2528337585034013,0.0,10.758092272402788,-0.4239295162509451,0.0,0.0312740929705217,3.7217567659779975,0.0,0.0,0.0,0.0,0.0,0.0,0.0,0.0,0.0,0.0,12.430087947215924,22.0011150637048,0.0,0.0,0.0,0.0,0.0
CHEMBL5405854,0.0,2.137777777777778,3.540277777777778,10.47914099899219,0.3057464096749811,0.0,0.0,1.3731481481481485,0.0,0.0,0.0,0.0,0.0,0.0,0.0,0.0,0.0,0.0,0.0,0.0,0.0,0.0,0.0,0.0,0.0
CHEMBL5405944,0.0,0.1015720601448422,0.0,20.33120329132629,-2.5355219843204626,0.0,1.4594077833408643,1.216991805304864,0.0,-4.551935733680023,0.0,0.0,0.0,0.0,8.054886648888111,0.0,1.5848278475506108,9.76696731320082,26.699059438654043,11.433185412237542,0.0,38.731257552640926,-4.29190143528843,0.0,0.0
CHEMBL5406056,0.0,0.0,0.0,23.551510849782552,0.0,0.0,0.0,2.348379472159235,1.65977562218303,-1.4465586419753085,0.0,0.0,0.0,0.0,4.145540735841662,0.0,0.0,11.64037887377173,0.0,0.0,5.961487859032502,0.0,0.0,6.000596340315706,0.0
CHEMBL5406205,6.703330666747874,3.774242966278951,0.0,7.152581989585958,1.8246554022843693,0.0,-0.1102314814814811,0.96755078420257,0.0,0.0,0.0,0.0,0.0,0.0,3.961415590749104,0.0,0.0,0.0,12.112870370370372,5.780250377928949,0.0,0.0,0.0,0.0,0.0
CHEMBL5406393,0.0,1.2571110874905516,0.0,16.978432871187408,0.0,2.0935172031053924,0.0,2.5864596611958284,0.0,0.0,4.851842526699753,0.0,0.0,8.95161130421006,7.673333552354948,1.954273720290585,1.7498584757594495,0.0,21.897526573335245,4.624913035904302,0.0,0.0,-4.035546678200187,0.0,0.0
CHEMBL5406470,0.0,2.0591477702191985,3.607311980347695,21.376706191735952,0.7029799697656839,0.0,0.0,2.756593915343916,0.0,0.0,0.0,0.0,0.0,0.0,0.0,0.0,0.0,0.0,0.0,0.0,0.0,0.0,0.0,0.0,0.0
CHEMBL5406734,0.0,0.6886311885865457,0.0,16.07698554497684,-0.0401058201058204,2.1225126568457195,0.0,3.591016688087847,0.0,0.0,0.0,0.0,0.0,8.936352703016214,8.27698020334677,0.0,1.7937925170068028,9.63146743408107,0.0,0.0,0.0,0.0,0.0,0.0,3.339033550824676
CHEMBL5406968,8.8815613058495,2.334917963129543,0.0,7.216000199462501,1.7653966154362966,0.0,-0.0998554421768704,0.9758812961913164,0.0,0.4296029969609515,0.0,0.0,0.0,0.0,3.994418345570041,0.0,0.0,0.0,12.397474489795918,5.854602229780802,0.0,0.0,0.0,0.0,0.0
CHEMBL5407335,1.5980588440909371,0.3720273070584223,0.0,29.413480040726704,-1.6687284790459398,0.0,1.8549561182497696,3.5897122592998776,0.0,0.0,0.0,0.0,0.0,0.0,4.108669411506418,1.3628137998899184,1.9151063339451688,9.813784021650044,27.55470282950441,6.366447940287226,0.0,0.0,-3.697697093829625,0.0,0.0
CHEMBL5407480,2.179971388540112,1.818705015957,0.0,24.7696947611349,0.1711728395061726,0.0,0.0,3.3029224405811712,2.570636530332298,0.0,0.0,0.0,0.0,0.0,4.268162381722236,0.0,4.495282799333726,0.0,0.0,0.0,0.0,0.0,0.0,6.201229620670157,0.0
CHEMBL5407494,10.811245965200692,2.313235729668359,0.0,7.291984568812221,1.9096557172251605,0.0,-0.1282813681027959,0.9110664813765014,0.0,-0.2298336692918673,0.0,0.0,0.0,0.0,4.125487232708102,0.0,0.0,0.0,12.711864134542706,5.950241874527588,0.0,0.0,0.0,0.0,0.0
CHEMBL5407526,0.0,2.3994306657848323,0.0,15.888555099743355,0.0,2.119426588738526,0.0,3.078183277263654,0.0,0.0,0.0,0.0,0.0,8.943041916739572,7.727147521389946,2.030926240866717,1.8106952667898435,9.49346522790381,0.0,0.0,0.0,0.0,0.0,5.953572639224186,0.0
CHEMBL5407805,4.383848092994468,0.7642479213907785,0.0,21.06737725399567,0.436523269265874,0.0,0.0,3.180611193685464,2.436396394977745,0.0,0.0,0.0,0.0,0.0,4.250751973628958,0.0,4.439879587637524,0.0,0.0,0.0,0.0,13.341546293346438,0.0,0.0,3.6154846857437497
CHEMBL5408038,0.0,0.2612497007484085,0.0,23.72823839057265,-2.0319574794938555,0.0,1.6961203636898086,3.3583642177784165,0.0,0.0,0.0,0.0,0.0,0.0,8.13200980564673,0.0,1.642424298167895,9.776552343597782,26.68372379050589,11.71217944449997,0.0,0.0,-4.018260207964168,5.920466443361581,0.0
CHEMBL5408436,0.0,0.5817219387755102,0.0,20.28564475792068,0.0,2.132631154908565,0.0,3.518527072588811,1.9802594066654315,0.0,0.0,0.0,0.0,9.018301414069777,7.800274582386776,2.011684342718569,1.803885162089527,9.853188867359592,0.0,0.0,0.0,0.0,0.0,0.0,3.430547967183432
CHEMBL5408745,0.0,1.3697710030514263,0.0,28.0510780932496,-0.0678747270513147,0.0,0.0,5.825666441537505,2.283681290417402,0.0,0.0,0.0,0.0,0.0,8.399753921164681,0.0,4.146519414350102,0.0,0.0,0.0,0.0,0.0,0.0,12.985916935161304,3.644376517008191
CHEMBL5408823,0.0,0.8415513983371126,0.0,23.985006527962494,0.160310846560846,2.16455460084248,0.0,3.1086373672390097,2.3462481107890563,0.0,0.0,0.0,3.278117126480222,8.952943100988666,4.202004897242542,0.0,2.127292690224238,0.0,0.0,0.0,0.0,0.0,0.0,0.0,0.0
CHEMBL5408838,0.0,2.886684145880574,0.0,20.94095505643079,0.3371352985638701,0.0,0.0,3.3515612064002225,0.0,0.0,0.0,0.0,2.998357765754501,0.0,4.3244623960695385,0.0,0.0,0.0,0.0,0.0,0.0,13.160844130900498,0.0,0.0,0.0
CHEMBL5408847,0.0,1.1751755926135885,0.0,16.690671283590238,0.0,2.102854234800457,0.0,2.444180186234383,1.320069024957193,0.0,4.901201957404176,0.0,0.0,9.013467334386558,7.726718700083807,1.956809533960508,1.7516936778282377,0.0,22.19212228451171,4.68454771488363,5.561502054142747,0.0,-4.104346912730563,0.0,0.0
CHEMBL5409215,2.201507379830568,3.913899192137828,0.0,16.94778844097454,0.1123715041572182,0.0,0.0,6.0367960210050775,0.0,0.0,0.0,0.0,0.0,0.0,4.257120666939615,2.4500959519610315,2.1503675359032504,0.0,0.0,0.0,0.0,13.322195398029631,0.0,0.0,3.69119124239457
CHEMBL5409338,0.0,11.40884036615789,0.0,17.854283525446426,0.0,2.155344049542133,0.0,2.9656980485821,0.0,0.0,4.867543440641473,0.0,0.0,9.027302199840449,7.844139980492589,2.1245054117838693,1.8810698814867568,0.0,21.86910037867086,4.640807897510564,0.0,0.0,-3.977947762290817,0.0,0.0
CHEMBL5409533,0.0,1.2979113126732176,0.0,20.57863547564215,0.0,0.0,0.0,1.904965371045368,2.311369992441421,0.0,0.0,0.0,0.0,0.0,7.878149527423968,0.0,3.949074598975392,0.0,0.0,0.0,0.0,13.413227055131818,0.0,0.0,0.0
CHEMBL540958,4.109179579239103,0.0,0.0,20.422824651465525,0.0,0.0,0.0,4.612301009910137,0.0,-1.2629166666666665,0.0,0.0,0.0,0.0,8.14133062484253,0.0,0.0,11.560614134542703,0.0,0.0,0.0,0.0,0.0,0.0,0.0
CHEMBL5409753,9.771339806105594,2.451756041527416,6.070680290437009,7.044896704626142,0.0,0.0,1.2032503090867643,5.385863000126847,0.0,-0.246405068305286,0.0,0.0,0.0,0.0,0.0,0.0,0.0,20.79598355488507,0.0,11.272635361510444,0.0,0.0,0.0,0.0,0.0
CHEMBL5409914,2.190701506230734,2.826100159435522,0.0,21.129549584347565,0.0906179138321994,0.0,0.0,3.209847258162781,2.470285283866634,0.0,0.0,0.0,0.0,0.0,4.251974967456119,0.0,4.459342928529436,0.0,0.0,0.0,0.0,13.337477397013554,0.0,0.0,3.617436334458791
CHEMBL5410004,0.0,0.2928493087049639,0.0,26.851230734292745,-1.9554997985636984,0.0,1.754467172671538,3.837466727594032,0.0,0.0,0.0,0.0,0.0,0.0,4.096270896359902,0.0,1.9149046466867528,9.828591453400152,26.729581613354227,11.790771599111451,0.0,0.0,-3.991361643365389,0.0,3.3507272897533134
CHEMBL5410011,0.0,0.0,0.0,16.14527912065032,-0.1373456790123457,0.0,0.0,3.53170323479186,0.0,0.0,0.0,0.0,0.0,0.0,8.254930419956048,0.0,1.7659315948601664,9.663919419925914,0.0,0.0,0.0,0.0,0.0,5.957942002626647,3.345417663979172
CHEMBL5410174,2.150257379830567,1.6690642809771594,0.0,20.985809867099324,0.0723715041572179,0.0,0.0,3.1593433146138787,2.4416278764592265,0.0,0.0,0.0,0.0,0.0,4.241495666939615,0.0,4.392130154530948,0.0,0.0,0.0,0.0,13.313930935219716,0.0,0.0,3.657302353505681
CHEMBL5410534,0.0,0.5366288737717309,0.0,21.303751837371514,-0.8137412341479806,0.0,0.0,1.418576035990358,1.963916288737718,0.0,0.0,0.0,0.0,0.0,3.9875643010622266,0.0,3.674491265642059,10.65193016712858,0.0,0.0,0.0,13.443549131110458,0.0,0.0,0.0
CHEMBL5410574,0.0,0.0,0.0,17.876739155538758,0.0,0.0,0.0,3.2392200491307657,0.0,-1.3242283950617288,0.0,0.0,0.0,0.0,4.3116439909297055,0.0,0.0,11.353949357520786,0.0,0.0,0.0,0.0,0.0,11.881596784804454,0.0
CHEMBL5410623,0.0,0.0,0.0,17.760998414798017,0.0,0.0,0.0,3.2392200491307657,0.0,-1.3242283950617288,0.0,0.0,0.0,0.0,4.288495842781558,0.0,0.0,11.353949357520786,0.0,0.0,0.0,0.0,0.0,11.881596784804454,0.0
CHEMBL5410657,0.0,0.5906682256235827,0.0,17.620072081038476,0.0,2.108948915475791,0.0,2.7180407724256943,0.0,0.0,0.0,0.0,0.0,8.912490811466245,7.682216973209036,1.96812358276644,1.774978269085412,9.554212300546176,0.0,0.0,0.0,0.0,0.0,0.0,0.0
CHEMBL5410695,0.0,0.8396447467876038,0.0,23.900374011059885,0.1527182539682536,2.168102793203804,0.0,3.140755044301672,2.363230327739708,0.0,0.0,0.0,3.278117126480222,8.967459970418123,4.217397628409082,0.0,2.138866764298312,0.0,0.0,0.0,0.0,0.0,0.0,0.0,0.0
CHEMBL5411125,0.0,2.909465860418241,0.0,19.16976428795609,0.2355810657596369,4.323749685059209,0.0,4.770907552644566,0.0,0.0,0.0,0.0,2.984211349655697,17.996704954643477,4.276281910529747,0.0,0.0,0.0,0.0,0.0,0.0,0.0,0.0,0.0,0.0
CHEMBL5411393,1.612667233560091,0.0,0.0,23.82832696619358,0.0,0.0,0.0,2.4938320420760904,1.6681981187536747,-1.4448894557823126,0.0,0.0,0.0,0.0,4.163085317460317,0.0,0.0,11.715350529100528,0.0,5.223874259975901,5.989554988662132,0.0,0.0,0.0,0.0
CHEMBL5411472,0.0,3.1141749757243984,0.0,17.39052352032934,0.0,2.124602515075089,0.0,2.553624854148203,0.0,0.0,0.0,0.0,0.0,8.944109177383663,7.734623508567689,2.0433622167875414,1.821637568480101,9.26766727376032,0.0,5.672341056410321,0.0,0.0,0.0,0.0,0.0
CHEMBL5411570,0.0,0.7771447467876038,0.0,21.58449327913749,0.0416071428571427,2.155757114191457,0.0,3.022630044301672,2.2954525499619303,0.0,0.0,0.0,3.2577089632149154,8.957459970418123,8.185546091498022,0.0,1.888866764298312,0.0,0.0,0.0,0.0,0.0,0.0,0.0,0.0
CHEMBL5411799,0.0,0.2823373662672908,0.0,33.09095923859921,-1.9839872029058545,0.0,1.76037721274103,3.1790033639363307,1.6443185379638172,0.0,0.0,0.0,0.0,0.0,4.111234898886929,0.0,1.9043935353477548,9.848871335338131,27.48374572444017,12.139200074900382,0.0,0.0,-4.043787418848522,0.0,0.0
CHEMBL5411834,0.0,-0.1643367346938775,0.0,11.187530214794824,0.0,1.9861587747318328,0.0,-2.76770730769017,0.0,0.0,4.681574981660001,0.0,0.0,8.916167287789797,7.377746339225416,1.5131081113000755,1.4379755343495422,0.0,21.87533430749361,4.2212486384189685,0.0,28.653362176877685,-4.501495657591037,0.0,0.0
CHEMBL5411950,0.0,2.8292394967246155,0.0,19.928545494424,0.1811955677332657,2.147305091662817,0.0,2.7581329361888742,0.0,0.0,0.0,0.0,0.0,8.946148895231167,4.147200941594881,0.0,2.0893278113714624,0.0,0.0,0.0,0.0,12.972903765068928,0.0,0.0,0.0
CHEMBL5411965,0.0,0.6276070798689846,0.0,10.794402242378434,0.0,0.0,0.0,1.962063544553625,1.586849332325523,0.0,0.0,0.0,0.0,0.0,3.978052598611461,0.0,1.9238345616024188,0.0,0.0,0.0,5.687932098765432,0.0,0.0,11.994814097449677,0.0
CHEMBL5412224,0.0,1.8362530706727136,0.0,22.74875411505282,0.2585185185185183,0.0,0.0,2.201027809271858,0.0,0.0,0.0,0.0,0.0,0.0,4.070584022559131,0.0,2.068912037037037,0.0,0.0,0.0,0.0,13.14928376022126,0.0,0.0,0.0
CHEMBL5412353,0.0,0.619757416855631,0.0,17.61053194150326,0.0,2.112104405737925,0.0,2.824397764566416,0.0,0.0,0.0,0.0,0.0,8.912148383239202,7.6910664103413025,1.9847996976568405,1.786501165280927,9.345018820529422,0.0,0.0,0.0,0.0,0.0,0.0,0.0
CHEMBL5412410,0.0,0.4892488662131518,1.850648148148148,12.145664210128494,0.0,0.0,0.7040854119425551,2.470126396237508,0.0,0.0,0.0,0.0,0.0,0.0,3.9383889728731,0.0,0.0,9.743543398841018,12.158294595616024,0.0,0.0,0.0,0.0,0.0,0.0
CHEMBL5412416,0.0,1.3504224143361048,0.0,15.690249997773144,0.0,2.1088792884029592,0.0,2.931354211465143,0.0,0.0,0.0,0.0,0.0,8.92975528172217,7.695593159312495,1.98801209372638,1.7811511085915848,9.509370672381271,0.0,0.0,0.0,0.0,0.0,5.95965621673319,0.0
CHEMBL5412425,0.0,1.3704431216931217,0.0,17.435588465882546,0.0,2.124077720722604,0.0,2.764959064435214,1.63940292518395,0.0,0.0,0.0,0.0,8.982499452442113,7.759178380208322,2.014285556815319,1.801073843117494,9.565687450126031,0.0,0.0,5.542804019373284,0.0,0.0,0.0,0.0
CHEMBL5412669,0.0,0.5325432256235827,0.0,15.609110241293232,0.0,2.10762146802145,0.0,3.492564747011447,0.0,0.0,0.0,0.0,0.0,8.92996151193617,7.695413700974217,1.9566421012849584,1.7645616024187452,9.530878967212844,0.0,0.0,0.0,0.0,0.0,0.0,3.464035767556691
CHEMBL5412704,8.864353367883986,2.329903104951806,0.0,7.264924383627035,1.7301427731586447,0.0,-0.1120776643990926,0.9272701850802052,0.0,0.4278674597708688,0.0,0.0,0.0,0.0,4.080278899374768,0.0,0.0,0.0,12.390104875283448,5.8472326152683305,0.0,0.0,0.0,0.0,0.0
CHEMBL5412790,0.0,0.2880535416263234,0.0,26.76053559295637,-1.939958808369028,0.0,1.757013490224169,3.95634918104747,0.0,0.0,0.0,0.0,0.0,0.0,4.094502720312885,0.0,1.898473680883944,9.787786343638873,26.74278743834796,11.784209339408656,0.0,0.0,-3.9804824301863913,0.0,3.35072991010878
CHEMBL5413133,0.0,4.754450743260267,3.666109037750903,21.45284366330452,0.6514802217183169,0.0,0.0,2.8027054988662137,0.0,0.0,0.0,0.0,0.0,0.0,0.0,0.0,0.0,0.0,0.0,0.0,0.0,0.0,0.0,0.0,0.0
CHEMBL5413153,0.0,0.5964755763416477,0.0,15.716474574582666,-0.1049294926303858,0.0,0.0,3.213731329480339,0.0,0.0,4.907361077345086,0.0,0.0,0.0,8.255988365070632,0.0,1.7558496840094062,0.0,22.17779085260528,4.723404696053506,0.0,0.0,-4.08298642987976,5.97824618405734,3.3070380274086983
CHEMBL5413340,0.0,-1.6411472319428944,0.0,26.296019914819816,-2.8724595825984727,0.0,1.3626200055639546,2.2875114076555354,0.0,-4.749592304927213,0.0,0.0,0.0,0.0,4.05388989614998,0.4461471332232514,1.817938022943816,9.814750507850048,27.91053616283775,6.215317696523054,0.0,40.90477657684211,-4.512974871607399,0.0,0.0
CHEMBL5413419,1.6890663580246912,0.8491757999496095,0.0,18.20262388191681,0.0,0.0,0.0,2.162524460401445,2.42791335978836,0.0,0.0,0.0,0.0,0.0,4.049775396461002,0.0,2.060208333333333,0.0,0.0,5.225379076791414,0.0,0.0,0.0,0.0,0.0
CHEMBL5413431,0.0,0.4029549319727892,0.0,14.877668041517698,0.0,2.0807799868530457,0.0,2.9363323528123333,0.0,0.0,4.886495616580636,0.0,0.0,8.970689785494113,7.654848962682205,1.876441444633409,1.696998588015453,0.0,22.11850891066821,4.675461601381931,0.0,0.0,-4.093162324257703,0.0,3.4159821016458825
CHEMBL5413472,0.0,0.7552305366591079,0.0,18.175035325858737,0.0363977072310404,0.0,0.0,3.198608795905875,0.0,0.0,0.0,0.0,0.0,0.0,8.27994964446684,0.0,1.8294595616024187,9.380117125439096,0.0,0.0,0.0,0.0,0.0,5.956312413947996,0.0
CHEMBL5413476,2.160267667896411,1.6648662875346374,0.0,20.03780206646564,0.0794217687074827,0.0,0.0,4.7137137453334415,2.4565086538730725,0.0,0.0,0.0,0.0,0.0,4.264132626816158,0.0,4.421744037121021,0.0,0.0,0.0,0.0,0.0,0.0,12.555890505208986,3.617874863265375
CHEMBL5413770,0.0,2.586268030360292,0.0,17.99640656493117,0.0,2.126644975764606,0.0,3.0600361262389173,0.0,0.0,0.0,0.0,0.0,8.931432341943186,7.7388463276342065,2.057109630889393,1.8315500335936843,9.338372635311217,0.0,0.0,0.0,0.0,0.0,0.0,0.0
CHEMBL5413848,0.0,0.2800200774754344,0.0,15.974916974493096,-2.753187896625848,2.0549382384190285,0.0,1.0722187910594303,0.0,0.0,0.0,0.0,0.0,8.921262263761395,4.012782344419249,1.815262660619804,1.7185374149659864,9.558749337583212,0.0,0.0,0.0,26.01116646049588,0.0,0.0,0.0
CHEMBL5413902,2.078810179936172,0.0,0.0,21.766716059880743,-0.1152777777777784,0.0,0.0,3.2050050915427906,1.9763462669018228,0.0,0.0,0.0,0.0,0.0,8.383242157974301,0.0,1.821805555555556,0.0,0.0,0.0,6.050019132653061,0.0,0.0,0.0,0.0
CHEMBL5413924,9.788765532951484,1.219353115085438,8.137197352310988,9.223898237337991,0.0,0.0,2.367421230015858,4.561500861402108,0.0,0.0,0.0,0.0,0.0,0.0,0.0,0.0,0.0,20.994671079481684,0.0,5.2071925914144455,0.0,0.0,0.0,0.0,0.0
CHEMBL5414100,0.0,1.530563350340136,0.0,15.99234289616775,-0.0341175359032503,0.0,0.0,1.5114577559418838,0.0,0.0,0.0,0.0,0.0,0.0,8.1745031982541,0.0,1.7606760204081633,0.0,0.0,0.0,0.0,26.064574314791216,0.0,0.0,0.0
CHEMBL5414163,0.0,6.069222883597884,3.6272278649113967,21.756712444322265,0.8310254693398629,0.0,0.0,2.844863420676913,0.0,0.0,0.0,0.0,0.0,0.0,0.0,0.0,0.0,0.0,0.0,0.0,0.0,0.0,0.0,0.0,0.0
CHEMBL5414198,2.150820665750996,0.9055826929537246,0.0,20.102888269541484,-0.0654012345679013,0.0,0.0,4.082751532711851,2.4087535518322563,0.0,0.0,0.0,0.0,0.0,8.2758518579757,0.0,4.148680380588449,0.0,0.0,0.0,0.0,0.0,0.0,6.084578449871258,3.599938277786628
CHEMBL5414261,3.2246631587123566,-1.7041530192619023,0.0,22.997440715213862,-2.9594764302389693,0.0,1.3401275016753469,3.5468297241615625,0.0,-4.788223611616559,0.0,0.0,0.0,0.0,4.204696443578319,0.4211471332232519,1.683968217794529,9.859931037373949,28.22281165943788,11.350377939268494,0.0,41.3432979032721,-4.57677170592755,0.0,0.0
CHEMBL5414372,1.5497729049149502,0.4399633881330309,0.0,12.4731971739313,0.0,0.0,0.0,1.1412350928025534,1.3180059523809526,0.0,0.0,0.0,0.0,0.0,3.948023900535625,0.0,1.8177170729402872,0.0,11.97159769463341,5.180364937641723,5.349288548752835,0.0,0.0,0.0,0.0
CHEMBL5414572,3.417410037354592,0.6512926931011975,0.0,27.36661748601276,-1.7489305025014812,0.0,1.8359321097840224,4.197881506880583,0.0,0.0,0.0,0.0,0.0,0.0,4.119388431484593,1.459480466556585,1.9142725789555688,9.86601281985683,28.263640061804743,11.677241094826858,0.0,0.0,-3.770238784116851,0.0,0.0
CHEMBL5414659,1.5911143996464927,0.3620273070584223,0.0,26.91053694313916,-1.7090448370706313,0.0,1.818922954984464,3.4245888025097537,0.0,0.0,0.0,0.0,0.0,0.0,8.173086158823946,1.3545493370800008,1.6651063339451686,9.807866861886732,27.538173903884577,6.35410226127488,0.0,0.0,-3.707697093829625,0.0,0.0
CHEMBL5415771,0.0,2.074574843054506,0.0,15.240348518358076,0.0,2.09820310281638,0.0,2.53595882083153,0.0,0.0,4.863339696759177,0.0,0.0,8.974009798684017,7.69468784126543,1.9734502180119065,1.7613151015005872,0.0,22.06686545029654,4.625519937105851,0.0,0.0,-4.127355227167449,6.080193009594557,0.0
CHEMBL5415900,10.840676125388429,2.3182505878460966,0.0,7.244935384647686,1.922409559502812,0.0,-0.1160591458805737,0.9596775924876124,0.0,-0.2055981321017848,0.0,0.0,0.0,0.0,4.025529456681152,0.0,0.0,0.0,12.719233749055178,5.95761148904006,0.0,0.0,0.0,0.0,0.0
CHEMBL5416003,2.0805397431362787,0.9325200774754344,0.0,25.33162502594141,0.2345200302343155,0.0,0.0,3.718345692698823,2.530272445040663,0.0,0.0,0.0,0.0,0.0,4.242110785672294,0.0,4.339493490941678,0.0,0.0,0.0,0.0,0.0,0.0,0.0,3.507239375525777
CHEMBL5416025,2.190798408742132,3.878370091608728,0.0,16.856801508392866,0.0370937263794406,0.0,0.0,4.849280851356971,0.0,0.0,0.0,0.0,0.0,0.0,8.253508414168136,2.4298181741832536,1.9078675359032504,0.0,0.0,0.0,0.0,13.263127955931887,0.0,0.0,0.0
CHEMBL5416052,6.897147897127293,4.683700908604182,0.0,7.128798390695938,0.8616546347137968,0.0,-0.1153623393801961,0.9660902725287648,0.0,0.3670808715027692,0.0,0.0,0.0,0.0,3.947512923353333,0.0,0.0,0.0,11.916474513416478,5.596901927437642,0.0,0.0,0.0,0.0,0.0
CHEMBL5416291,4.382113392718326,1.7142669884311748,0.0,18.18782707888107,0.0553713151927437,0.0,0.0,5.606223913561276,2.510988756613757,0.0,0.0,0.0,0.0,0.0,8.381546919179193,0.0,4.34364766611377,0.0,0.0,0.0,0.0,0.0,0.0,6.0698120468872165,3.609313033532581
CHEMBL5416513,0.0,1.4631296060090704,0.0,17.216657081480626,-0.041121320441757,2.108756400636257,0.0,2.7980666465825754,0.0,0.0,4.857481908685289,0.0,0.0,8.962871067374584,8.259425764006357,0.0,1.7776362535372277,0.0,21.908805337306315,4.633594165380885,0.0,0.0,-4.028636243890762,0.0,0.0
CHEMBL5416993,4.4235584328896165,1.775099464425688,0.0,20.44220840567717,0.1500853489543963,0.0,0.0,5.729293825746299,2.5572627621007253,0.0,0.0,0.0,0.0,0.0,4.301100753058425,0.0,4.620677791950113,0.0,0.0,0.0,0.0,0.0,0.0,6.2411238562356885,3.6207004700729897
CHEMBL5417020,11.177921259553202,3.8404031294182808,0.0,7.449935384647686,1.925089075753757,0.0,-0.0466147014361297,1.029122036932057,0.0,-0.1251583172869697,0.0,0.0,0.0,0.0,4.094123560989543,0.0,0.0,0.0,13.181733749055178,6.140111489040061,0.0,0.0,0.0,0.0,0.0
CHEMBL5417041,0.0,3.886860160909583,0.0,18.1145461540742,0.0,2.1383766197582847,0.0,3.08763845959038,0.0,0.0,0.0,0.0,0.0,8.955683251457737,7.7757757719421745,2.0896585130838377,1.8556511739222776,9.313963570056618,0.0,0.0,0.0,0.0,0.0,0.0,0.0
CHEMBL5417163,0.0,1.3139043603552532,0.0,14.574185355105715,-0.1392743764172339,0.0,0.0,1.467119984893254,0.0,-4.362157274685458,0.0,0.0,2.8788587743024974,0.0,4.17174492901946,0.0,0.0,0.0,0.0,0.0,0.0,51.51228491409318,0.0,0.0,0.0
CHEMBL5417335,0.0,1.4426755007558576,0.0,16.075436040297152,0.0,2.1183314488967864,0.0,3.5404522148576536,0.0,0.0,0.0,0.0,0.0,8.937809193622234,7.722815381534717,2.015789871504157,1.802418469702696,9.594440116825718,0.0,0.0,0.0,0.0,0.0,0.0,3.3331650953363616
CHEMBL5417396,6.209286448496855,0.2134641912320483,0.0,8.775307728603634,-0.4843868102796675,0.0,0.0053157543881752,3.912655040666405,0.0,0.0,0.0,0.0,0.0,0.0,0.0,0.0,0.0,0.0,12.528506157092464,27.506518156466747,0.0,0.0,0.0,0.0,0.0
CHEMBL5417452,1.9326002132143785,0.2973128008855825,0.0,27.065227997513475,-1.911480799109769,0.0,1.7707118373316069,4.19241572543382,0.0,0.0,0.0,0.0,0.0,0.0,4.097097876022228,0.0,1.9018070142172776,9.790716031138873,26.76622493834796,11.812542672741989,0.0,0.0,-3.96517630773741,0.0,0.0
CHEMBL5417558,2.2589387807592174,4.737584010456034,0.0,7.101401696481061,0.9219324124915746,0.0,-0.1150434618291758,0.9668310132695056,0.0,0.0,0.0,0.0,0.0,0.0,3.924553110730059,0.0,0.0,0.0,11.719570578231291,5.48423185941043,0.0,0.0,0.0,0.0,0.0
CHEMBL5417624,0.0,1.4627605241412962,0.0,21.826906172076832,0.0,2.154106404524875,0.0,3.064619697282036,2.415388925631982,0.0,0.0,0.0,0.0,8.916731656385615,7.926548745542218,0.0,4.06627120774848,0.0,0.0,0.0,0.0,0.0,0.0,0.0,0.0
CHEMBL5417761,0.0,1.6180994897959184,0.0,18.42154503618609,0.0866666666666662,0.0,0.0,1.535813282102966,0.0,0.0,0.0,0.0,0.0,0.0,4.032595041842877,0.0,2.000046296296296,0.0,0.0,0.0,0.0,26.305234187109185,0.0,0.0,0.0
CHEMBL5417830,0.0,0.0,0.0,5.196101033005794,0.0,0.0,0.0,-2.71404006046863,0.0,0.0,0.0,0.0,0.0,0.0,0.0,0.0,0.0,0.0,43.50447467876039,0.0,0.0,0.0,0.0,0.0,0.0
CHEMBL5417855,0.0,1.7607374338624338,0.0,19.014257190887783,0.1964682539682536,4.304287810420567,0.0,4.666700115460938,0.0,0.0,0.0,0.0,2.9799549634668683,17.955635804291106,4.288625094308716,0.0,0.0,0.0,0.0,0.0,0.0,0.0,0.0,0.0,0.0
CHEMBL5418345,0.0,1.114302445515243,0.0,15.00507222375359,0.0,2.085083752437093,0.0,2.3737661647838983,0.0,0.0,4.862089440279999,0.0,0.0,8.965102976355578,7.659341782807623,1.9204490793230875,1.7236750857367742,0.0,22.08468706716241,4.623755628496895,0.0,0.0,-4.142491122644632,6.08627658710356,0.0
CHEMBL5418690,0.0,0.2982773070584221,0.0,28.605425125463995,-1.9022932938607549,0.0,1.7693514319307977,3.164051074945511,0.0,0.0,0.0,0.0,0.0,0.0,4.092335585076437,0.0,1.9001063339451687,9.77360954965739,26.59636949617108,11.73842744640454,0.0,0.0,-3.952326723459256,0.0,0.0
CHEMBL5418765,0.0,2.814258393172084,0.0,17.950102934548802,0.184667789955488,2.1446556522574256,0.0,3.7431462669471545,0.0,0.0,0.0,0.0,3.0117388726993704,8.944011549552155,4.402640349719625,0.0,0.0,0.0,0.0,0.0,0.0,12.971444857814566,0.0,0.0,0.0
CHEMBL5418780,9.209980837834234,0.9925012632335865,5.830134183105187,6.80895277458499,-0.6638638085833257,0.0,1.1523565333666,4.470476705291596,0.0,-0.7325161794163972,0.0,0.0,0.0,0.0,0.0,0.0,0.0,31.39639084453069,0.0,11.118920179386173,0.0,0.0,0.0,0.0,0.0
CHEMBL5418934,4.757795613360639,0.2658904950869236,0.0,10.694024371124838,-0.4000349584278158,0.0,0.0386797944486438,3.898441579047189,0.0,0.0,0.0,0.0,0.0,0.0,0.0,0.0,0.0,0.0,12.405287540942302,21.83991556441728,0.0,0.0,0.0,0.0,0.0
CHEMBL5419123,0.0,1.7501585726883344,5.576835879175832,15.204024355705592,-0.0750920165025508,4.269476464714733,1.0931803770891075,3.5608223251664888,0.0,0.0,0.0,0.0,0.0,17.81073486966854,0.0,0.0,0.0,0.0,0.0,0.0,0.0,0.0,0.0,0.0,0.0
CHEMBL5419141,0.0,4.77187003968254,3.587678099017385,10.642931866030262,0.3479382926009909,0.0,0.0,1.431565098261527,0.0,0.0,0.0,0.0,0.0,0.0,0.0,0.0,0.0,0.0,0.0,0.0,0.0,0.0,0.0,0.0,0.0
CHEMBL5419258,0.0,0.5351126700680271,0.0,17.695873801430743,0.0,2.121059254981964,0.0,2.740098201878957,1.9056056111864192,0.0,0.0,0.0,3.214400994761745,8.98622886540632,7.758334225665575,1.979975434618292,1.7807653061224489,9.782545633879508,0.0,0.0,0.0,0.0,0.0,0.0,0.0
CHEMBL5419649,5.30130561001709,0.6521394977448998,0.0,25.94939176542166,-1.7493970651596016,0.0,1.844545530460935,5.285294995364147,0.0,0.0,0.0,0.0,0.0,0.0,4.267536579632741,1.4628137998899182,1.760141687182284,9.88610541244942,28.329478326104542,11.70095723348618,0.0,0.0,-3.773646705927551,0.0,0.0
CHEMBL5419730,0.0,0.0,0.0,18.362194026345364,-0.3104938271604942,0.0,0.0,2.7228682182749657,1.8429653425156072,0.0,0.0,0.0,0.0,0.0,8.293245604826293,0.0,1.715110544217687,0.0,0.0,0.0,6.013391046233307,0.0,0.0,12.416274600302827,0.0
CHEMBL5419796,9.24168077939931,1.2362477201496862,6.164691796273912,9.502625641854538,-0.3437594582011973,0.0,1.195000481263073,5.55895837356854,0.0,-0.9665876454683824,0.0,0.0,0.0,0.0,0.0,0.0,0.0,21.126408035297864,0.0,11.201400942529329,0.0,0.0,0.0,0.0,0.0
CHEMBL5419940,0.0,3.3126875472411186,0.0,27.345365285768427,0.468445767195767,0.0,0.0,2.795057634164777,0.0,0.0,0.0,0.0,0.0,0.0,4.09923080266695,0.0,2.1458796296296296,0.0,0.0,0.0,0.0,0.0,0.0,0.0,0.0
CHEMBL5419948,0.0,1.4444883786848073,0.0,16.007191189709225,0.0466666666666661,0.0,0.0,1.4555663685227191,0.0,0.0,0.0,0.0,0.0,0.0,8.010806913011098,0.0,1.7500462962962964,0.0,0.0,0.0,0.0,26.28523418710919,0.0,0.0,0.0
CHEMBL5420394,1.542377563374121,0.2737942823670642,0.0,26.45584318839926,-1.9888435788431296,0.0,1.738245507365277,3.6669155741474233,0.0,0.0,0.0,0.0,0.0,0.0,4.094993984356629,0.0,1.8951403475506108,9.7986974865887,26.84280672847141,16.942744552191336,0.0,0.0,-4.012715635968703,0.0,0.0
CHEMBL5420745,1.53881792374893,0.1549822845804989,0.0,9.214370590828924,-0.5461980347694637,0.0,-0.0493187830687829,1.958435164189134,0.0,0.0,0.0,0.0,0.0,0.0,0.0,0.0,0.0,19.09478518261708,12.1929119425548,10.94121372931889,0.0,0.0,0.0,0.0,0.0
CHEMBL5421164,1.569726979519999,0.515306358654573,0.0,10.087243008314436,0.0,0.0,0.0,1.5053708952716889,1.3787263794406657,0.0,0.0,0.0,0.0,0.0,7.4792263410057425,0.0,1.7901244803476946,0.0,11.584379724111866,5.120659722222221,5.187914304610733,0.0,0.0,0.0,0.0
CHEMBL5421179,0.0,0.0,0.0,16.613176974051193,-0.3729938271604942,0.0,0.0,2.5994654404971875,1.8021490159849949,0.0,0.0,0.0,0.0,0.0,11.440624492595392,0.0,1.603999433106576,0.0,0.0,0.0,5.9856132684555305,0.0,0.0,12.383520758025176,0.0
CHEMBL5421275,6.965396622377142,3.838845196059752,0.0,7.163249296632233,0.788715304022843,0.0,-0.1057638888888885,0.9699718915343916,0.0,0.4307377488032249,0.0,0.0,0.0,0.0,3.9650132678568815,0.0,0.0,0.0,12.155366591080876,5.828467970521542,0.0,0.0,0.0,0.0,0.0
CHEMBL5421289,9.345134640658632,2.640801135843073,0.0,7.162791608927522,1.2013218065003768,0.0,-0.1104109977324259,0.967744013500462,0.0,0.6785257813524859,0.0,0.0,0.0,0.0,3.969071697268847,0.0,0.0,0.0,12.170811602418745,5.807542044595616,0.0,0.0,0.0,0.0,0.0
CHEMBL5421409,0.0,0.2780535416263234,0.0,24.27588184004665,-1.98027516639372,0.0,1.7209803269588628,3.786781279812903,0.0,0.0,0.0,0.0,0.0,0.0,8.142036372952575,0.0,1.6484736808839442,9.78186918387556,26.72625851272812,11.763599197586393,0.0,0.0,-3.990482430186391,0.0,3.34682366010878
CHEMBL5421435,0.0,2.257812195036672,0.0,17.273271421796508,0.0,2.111322313914898,0.0,2.738358806906112,0.0,0.0,4.850903305476963,0.0,0.0,8.969335212064319,7.720534126010664,2.011111667246228,1.7929876947478096,0.0,21.86117193575753,4.622426595049779,0.0,0.0,-4.013925542861936,0.0,0.0
CHEMBL5421450,1.8652186352808648,0.0,0.0,16.306674382716047,-0.1412962962962967,0.0,0.0,2.277078084320149,1.7969352586713698,0.0,0.0,0.0,0.0,0.0,16.494016933143016,0.0,3.5331330834803056,9.53490658535121,0.0,0.0,0.0,0.0,0.0,0.0,0.0
CHEMBL5421565,0.0,1.705377692743764,0.0,19.732520249912028,0.1345332577475431,2.136342617075496,0.0,2.664758844183448,0.0,0.0,0.0,0.0,0.0,8.929664970120868,4.129930205476742,0.0,2.060420918367347,0.0,0.0,0.0,0.0,13.006451244372766,0.0,0.0,0.0
CHEMBL5421595,0.0,2.719034706475183,0.0,16.668090623301662,0.1205017006802715,0.0,0.0,2.618788815801804,0.0,0.0,0.0,0.0,2.9492425791100034,0.0,4.227039486287322,0.0,0.0,0.0,0.0,0.0,0.0,26.363968755010426,0.0,0.0,0.0
CHEMBL5421626,0.0,0.7177978552532123,0.0,17.796017102803265,-0.0140873015873017,2.1212454392148654,0.0,3.0188772102683545,0.0,0.0,0.0,0.0,0.0,8.91102843763513,8.257976479171916,0.0,1.7998393801965231,9.391305397044032,0.0,0.0,0.0,0.0,0.0,0.0,0.0
CHEMBL5421772,0.0,0.0,0.0,20.86453942541033,-0.1739197530864202,0.0,0.0,2.549698969093811,1.924220066627474,0.0,0.0,0.0,0.0,0.0,8.324192946726015,0.0,1.7787216553287983,0.0,0.0,0.0,6.01703302154195,0.0,0.0,5.993291446135812,0.0
CHEMBL5421908,0.0,0.0,0.0,11.777059497174037,0.0,1.912391801331924,0.0,-0.3078423973346398,0.0,-3.600536186696901,4.756866971140979,0.0,0.0,8.895020481979167,7.09787546494978,0.6147747779667423,0.982276365793231,0.0,21.884950788345208,4.447899243105288,0.0,30.64441838309398,-4.271821857515451,0.0,0.0
CHEMBL5421931,0.0,6.157597710380449,3.603007185899051,10.695292091749977,0.3580789661543629,0.0,0.0,1.4471756634752668,0.0,0.0,0.0,0.0,0.0,0.0,0.0,0.0,0.0,0.0,0.0,0.0,0.0,0.0,0.0,0.0,0.0
CHEMBL5422087,1.9554589806537857,1.5950678434954226,0.0,7.15911895313681,-0.3243981481481481,0.0,-0.1525033068783063,1.5343424298731845,0.0,0.0,5.600014060414494,0.0,0.0,0.0,0.0,1.3621267951625091,0.0,0.0,23.770772392290247,0.0,0.0,0.0,0.0,0.0,0.0
CHEMBL5422315,0.0,0.2232387268115085,0.0,24.62768876105661,-2.1393048731838427,0.0,1.6611250604721028,2.303883370343022,0.0,0.0,0.0,0.0,0.0,0.0,4.076336630347488,0.0,1.875140347550611,9.767278531138873,26.57872493834796,11.58587600607532,0.0,13.277637788369589,-4.087625287329248,0.0,0.0
CHEMBL5422332,0.0,0.6256422430083144,0.0,17.31793898364876,-0.0789109741118672,0.0,0.0,2.817237512817872,0.0,0.0,4.859305521789531,0.0,0.0,0.0,8.236984640895777,0.0,1.7618965471991266,0.0,21.9150130748275,4.639492659016469,0.0,0.0,-4.03048642987976,5.963663998566063,0.0
CHEMBL5422369,0.0,0.0,0.0,20.47260595631988,-0.2244047619047624,2.1309241640360868,0.0,2.3802408247249525,1.8773339212228104,0.0,0.0,0.0,0.0,8.967302871791508,8.302219781431091,0.0,1.7491014739229025,0.0,0.0,0.0,6.011342435122197,0.0,0.0,0.0,0.0
CHEMBL5423113,4.334378782759916,3.300398715041572,0.0,21.581198930572125,0.452538737717309,0.0,0.0,6.631850644578821,0.0,0.0,0.0,0.0,3.035052955602198,0.0,4.331247900394726,0.0,0.0,0.0,0.0,0.0,0.0,0.0,0.0,0.0,0.0
CHEMBL5423258,3.139291014667416,0.3375442823670644,0.0,24.709777344037377,-1.7955951220530064,0.0,1.787817030418943,3.973749598007963,0.0,0.0,0.0,0.0,0.0,0.0,8.178733122198075,1.3262160037466677,1.660140347550611,9.83295479881804,27.784611136184907,11.582846450395012,0.0,0.0,-3.768086006339072,0.0,0.0
CHEMBL5423274,0.0,0.0,0.0,21.789953745348765,0.0,0.0,0.0,1.061871535651298,1.5637536743092304,-1.554583333333333,0.0,0.0,0.0,0.0,4.097529761904762,0.0,0.0,11.561013794406652,0.0,0.0,5.900723970143613,13.329736851569011,0.0,0.0,0.0
CHEMBL5423378,0.0,2.4642258755354,0.0,16.437501228667976,-0.0087500000000004,0.0,0.0,2.9347733987993743,0.0,0.0,0.0,0.0,2.9260670367036914,0.0,4.215101928895219,0.0,0.0,0.0,21.77721073442997,0.0,0.0,0.0,0.0,0.0,0.0
CHEMBL5423400,0.0,1.7028376765013222,0.0,16.472037483776855,0.0,2.095437540252347,0.0,2.142949856288828,0.0,0.0,4.823768531814411,0.0,0.0,8.956139619777819,7.671639568187534,1.9519450005795604,1.7507654725255877,0.0,21.80690238843243,10.25844373125586,0.0,0.0,-4.049533536059215,0.0,0.0
CHEMBL5423408,3.679716030388188,0.7294625366216283,0.0,19.782289277679027,-1.6171333039388602,0.0,1.828647329302092,2.6091083771607075,0.0,0.0,0.0,0.0,0.0,0.0,4.3001787219581225,1.475018017996914,1.702966217351138,9.717340720390313,27.58743312063117,6.295894038170824,0.0,0.0,-3.674254417044596,0.0,0.0
CHEMBL5423512,2.112052274513667,4.3683416530192325,0.0,19.194238990733503,0.217470185605106,0.0,0.0,4.640774500354678,0.0,0.0,0.0,0.0,3.0277016634608698,0.0,4.412677289541468,0.0,0.0,0.0,0.0,0.0,0.0,13.193410109438144,0.0,0.0,0.0
CHEMBL5423518,0.0,2.5210295414462083,0.0,16.77650109326967,0.2397713529856384,0.0,0.0,2.723744107657348,0.0,0.0,0.0,0.0,2.9629181422466955,0.0,4.286473415353285,0.0,0.0,0.0,0.0,0.0,0.0,26.15622901370782,0.0,0.0,0.0
CHEMBL5423575,2.149971133897901,3.0149204319009506,0.0,11.309395994317532,0.0,0.0,0.0,1.886719288023852,0.0,0.0,0.0,0.0,0.0,0.0,7.680792959745882,0.0,1.7180783100277148,0.0,0.0,5.573455215419501,0.0,0.0,0.0,0.0,0.0
CHEMBL5423576,4.910106622611375,1.7634611205593345,0.0,11.749589789619552,0.0,0.0,0.0,5.300690759507048,0.0,0.0,5.699005906991324,0.0,0.0,0.0,0.0,0.0,0.0,0.0,0.0,16.077145800711367,0.0,0.0,0.0,0.0,0.0
CHEMBL5423781,1.8473253482307623,0.6982008406194644,0.0,27.08367299215661,-1.7026965755437986,0.0,1.8310048710842368,3.472066642347353,0.0,0.0,0.0,0.0,0.0,0.0,8.190536161507465,1.4795493370800008,1.6692385653501274,9.835007723162208,28.00067390388458,6.398603395061729,0.0,0.0,-3.719849871607402,0.0,0.0
CHEMBL5423824,0.0,2.1946057072520366,0.0,15.608039123908531,0.0,2.1062570147164457,0.0,3.138796612326728,0.0,0.0,4.901148338734486,0.0,0.0,8.980954243128462,7.717185545581316,1.9947175791230167,1.7781189423785022,0.0,22.14248273424716,4.710589381550296,0.0,0.0,-4.072910782723005,0.0,3.300015559776025
CHEMBL5423840,0.0,1.8342623299319727,0.0,20.766937799020223,0.2532407407407406,0.0,0.0,3.2441530717225167,0.0,0.0,0.0,0.0,2.9797781957901006,0.0,4.274096644830772,0.0,0.0,0.0,0.0,0.0,0.0,13.147531217963667,0.0,0.0,0.0
CHEMBL5424049,0.0,0.7707774444654403,0.0,16.215386774929108,0.0,2.080730131817768,0.0,2.0219088920290167,0.0,0.0,4.821842783178931,0.0,0.0,8.94240022388763,7.624753994448467,1.874633608034582,1.7021698683044282,0.0,21.81720495646938,10.272751765022203,0.0,0.0,-4.061227109253617,0.0,0.0
CHEMBL5424130,4.282214618093947,3.299580813807004,0.0,21.68856047331697,0.4538350340136052,0.0,0.0,6.583686774985477,0.0,0.0,0.0,0.0,3.0325759124433365,0.0,4.32621304000633,0.0,0.0,0.0,0.0,0.0,0.0,0.0,0.0,0.0,0.0
CHEMBL5424344,0.0,0.0,0.0,19.05391995437089,-0.2364197530864202,0.0,0.0,2.454073969093811,1.8834037400968613,0.0,0.0,0.0,0.0,0.0,11.484988312197306,0.0,1.6676105442176872,0.0,0.0,0.0,5.989255243764172,0.0,0.0,5.980945767123465,0.0
CHEMBL5424630,2.001041491785123,1.4421473450491304,0.0,18.216164185454616,0.0,2.13743614907229,0.0,2.969163066003796,2.123199221480246,0.0,0.0,0.0,0.0,9.016856464477698,7.80945233184591,2.04442932728647,3.8878107958059256,9.852299621738794,0.0,0.0,0.0,0.0,0.0,0.0,0.0
CHEMBL5424929,5.031480225100477,0.3481872864822908,0.0,25.78963096295252,-1.7557453266864351,0.0,1.8324636143611617,5.228913571135953,0.0,0.0,0.0,0.0,0.0,0.0,4.2594759589347575,1.3378137998899182,1.7571831073006272,9.858964551173946,27.866978326104547,11.62281451806668,0.0,0.0,-3.761493928149772,0.0,0.0
CHEMBL5425028,0.0,0.2444182256235827,0.0,16.03295516969669,0.0,2.0674671470337955,0.0,1.1741148855853962,0.0,0.0,0.0,0.0,0.0,8.896573082184103,4.015675600487109,1.8091421012849584,1.729839380196523,9.330878967212842,0.0,0.0,0.0,14.032268774028331,0.0,0.0,0.0
CHEMBL5425135,6.959194171495758,2.6982042915498,0.0,7.158129829092131,2.0276878096917765,0.0,-0.1044850718065,0.9712516665616868,0.0,0.4379203864167338,0.0,0.0,0.0,0.0,3.959973901125597,0.0,0.0,0.0,12.0664559712774,5.742333711262282,0.0,0.0,0.0,0.0,0.0
CHEMBL5425142,0.0,0.513225741685563,0.0,16.790840278594818,0.0,2.08830886977206,0.0,2.462156940107393,0.0,0.0,4.84663419336642,0.0,0.0,8.94749607787261,7.654815033836429,1.9172366832535483,1.7290251424261165,0.0,21.887109906668577,4.6156537766450425,0.0,0.0,-4.042349399288622,0.0,0.0
CHEMBL5425230,0.0,2.7801056662142973,0.0,16.66333268410004,0.0,2.107439394720738,0.0,2.229515948336415,0.0,0.0,4.826084179759123,0.0,0.0,8.968448996826329,7.70833973116784,2.00054060480072,1.78418444620555,0.0,21.80173923456101,10.25393661717066,0.0,0.0,-4.040334170529391,0.0,0.0
CHEMBL5425388,2.231221388540112,4.170875062988158,0.0,20.7053958718261,0.2111728395061725,0.0,0.0,6.260479479857787,0.0,0.0,0.0,0.0,0.0,0.0,4.283787381722236,2.4926259588197417,2.2109901738473168,0.0,0.0,0.0,0.0,0.0,0.0,6.2112296206701565,0.0
CHEMBL5425433,0.0,1.6655108339632148,0.0,24.806901993809458,0.0,0.0,0.0,2.588362675317041,2.543109882842026,0.0,0.0,0.0,0.0,0.0,7.758230071362286,0.0,4.304551209372638,0.0,0.0,0.0,0.0,0.0,0.0,0.0,0.0
CHEMBL5425445,2.2073259952129,3.304751984126984,0.0,23.31532161050829,0.4595757747543459,0.0,0.0,5.363216122868901,0.0,0.0,0.0,0.0,3.0292370524630625,0.0,4.320571460065508,0.0,0.0,0.0,0.0,0.0,0.0,0.0,0.0,0.0,0.0
CHEMBL5425529,0.0,0.4573644179894176,3.30476135361552,11.354931268727263,-0.2271438019652307,0.0,0.0,1.7168464522006657,0.0,-3.653751262691333,0.0,0.0,0.0,0.0,0.0,1.923099017384732,0.0,9.416829818517714,0.0,8.962558117637935,0.0,26.4625284176091,0.0,0.0,0.0
CHEMBL5425567,4.36392676811057,1.7170092923150282,0.0,21.03194942775345,0.1117233560090702,0.0,0.0,3.489642002117652,2.5272065801629298,0.0,0.0,0.0,0.0,0.0,4.257174797388091,0.0,4.511296821197615,0.0,0.0,0.0,0.0,13.323404288278928,0.0,0.0,0.0
CHEMBL5425656,0.0,1.6884230914588056,0.0,17.756004015191426,0.1389285714285708,2.1309949153112937,0.0,3.585260173628681,0.0,0.0,0.0,0.0,2.9588059735678787,8.93962345770111,4.258418482738469,0.0,0.0,0.0,0.0,0.0,0.0,13.210207985640436,0.0,0.0,0.0
CHEMBL5425696,2.1713622577385205,6.429359611169849,0.0,7.242908681225781,-0.3252390663055349,0.0,-0.0994634458721757,1.5549404679687595,0.0,0.0,5.657944293268552,0.0,0.0,0.0,0.0,1.4374697656840514,0.0,0.0,24.4307174351222,0.0,0.0,0.0,0.0,0.0,0.0
CHEMBL5425854,2.201947207923211,4.400404889572909,0.0,23.714658664264096,0.4593036659108086,0.0,0.0,5.365213981228141,0.0,0.0,0.0,0.0,3.0327796713883544,0.0,4.325691919712483,0.0,0.0,0.0,0.0,0.0,0.0,0.0,0.0,0.0,0.0
CHEMBL5425929,0.0,0.8679062736205592,0.0,24.36251130027225,0.1900617283950614,0.0,0.0,3.243897103594525,2.374625990313821,0.0,0.0,0.0,3.241032131899286,0.0,4.210813632037177,0.0,2.147545351473923,0.0,0.0,0.0,0.0,0.0,0.0,6.139384266171183,0.0
CHEMBL5425965,10.459677658100276,5.768009600445115,4.277999338624339,1.5056091742252455,0.0,0.0,2.47746603888469,3.500338246409676,0.0,0.0,0.0,0.0,0.0,0.0,0.0,0.0,0.0,20.67756660997733,0.0,0.0,0.0,0.0,0.0,0.0,0.0
CHEMBL5426057,1.5257601577515,0.0,0.0,16.64914014165337,0.0,0.0,0.0,2.9183576712578043,0.0,-1.544174382716049,0.0,0.0,0.0,0.0,8.04018782718849,0.0,0.0,11.653885109599395,0.0,5.276240131855211,0.0,0.0,0.0,12.452825565632502,0.0
CHEMBL5426175,0.0,0.068245537406117,0.0,22.88543014860384,-2.636404990236838,0.0,1.4409608978016268,1.0138404266751797,0.0,-4.642388142843337,0.0,0.0,0.0,0.0,4.048749889871068,0.0,1.8259052511451848,9.772983841040611,26.75583189224062,11.372246890848984,0.0,39.47652447621988,-4.381926118772936,0.0,0.0
CHEMBL5426214,3.042234837856681,0.2433118386243384,0.0,10.090945544871865,-0.415179516250945,0.0,0.0147637944066518,2.87762523386306,0.0,0.0,0.0,0.0,0.0,0.0,0.0,0.0,0.0,9.662111130545474,12.288829128873772,16.19535800720911,0.0,0.0,0.0,0.0,0.0
CHEMBL5426228,0.0,0.9591666666666666,3.500601851851852,10.34240976946334,0.2568518518518516,0.0,0.0,1.312962962962963,0.0,0.0,0.0,0.0,0.0,0.0,0.0,0.0,0.0,0.0,0.0,0.0,0.0,0.0,0.0,0.0,0.0
CHEMBL5426251,3.149695666724317,0.3475442823670644,0.0,27.203898103661967,-1.755278764028315,0.0,1.823850193684249,4.143317499242532,0.0,0.0,0.0,0.0,0.0,0.0,4.11132781078661,1.334480466556585,1.910140347550611,9.838871958581354,27.801140061804745,11.599098379407357,0.0,0.0,-3.758086006339072,0.0,0.0
CHEMBL5426314,0.0,0.6330083144368858,0.0,12.793624443604603,0.0,0.0,0.0,-0.1069799277735784,1.010089285714286,0.0,0.0,0.0,0.0,0.0,3.95186030276308,0.0,1.8996239606953893,0.0,0.0,0.0,0.0,26.652106953892662,0.0,0.0,0.0
CHEMBL5426628,0.0,1.6026567617787857,0.0,17.129604949586028,-0.0333654572940291,0.0,-0.1020392941127061,2.627747921954723,0.0,-0.5406180319349962,5.748875594382657,0.0,0.0,0.0,0.0,1.4338860544217686,0.0,0.0,25.549918167884435,0.0,0.0,0.0,0.0,0.0,0.0
CHEMBL5426878,0.0,1.240925236179565,0.0,24.90139159586485,-0.1303434954228608,0.0,0.0,3.5604136023367148,2.1535599857226844,0.0,0.0,0.0,0.0,0.0,8.274930856107058,0.0,4.000202107830174,0.0,0.0,0.0,0.0,26.819625516286354,0.0,0.0,3.5959612617621275
CHEMBL5426889,4.08259873567323,3.049052400855251,0.0,12.042173772095309,0.0,0.0,0.0,3.0409081842613594,0.0,0.0,0.0,0.0,0.0,0.0,4.361868251547635,0.0,1.8065406623699367,0.0,0.0,5.616857993197279,0.0,0.0,0.0,0.0,0.0
CHEMBL5426947,1.9286939632143785,0.2873128008855827,0.0,24.577644557103763,-1.9517971571344608,0.0,1.7346786740663007,4.0228478241992525,0.0,0.0,0.0,0.0,0.0,0.0,8.147561216161916,0.0,1.6518070142172774,9.78479887137556,26.74969601272812,11.791932530919723,0.0,0.0,-3.9751763077374105,0.0,0.0
CHEMBL5427189,0.0,1.6656466521793902,0.0,23.122762359560703,0.0,0.0,0.0,3.5410041362223907,2.533591742252457,0.0,0.0,0.0,2.776769963775736,0.0,7.88792072424062,0.0,2.305637755102041,0.0,0.0,0.0,0.0,0.0,0.0,0.0,0.0
CHEMBL5427371,0.0,3.290388558201058,3.627354024943312,21.481639191553064,0.7676718526916935,0.0,0.0,2.8110671768707487,0.0,0.0,0.0,0.0,0.0,0.0,0.0,0.0,0.0,0.0,0.0,0.0,0.0,0.0,0.0,0.0,0.0
CHEMBL5427411,0.0,0.0,0.0,25.09593901346547,0.0,0.0,0.0,4.390481386999246,0.0,-0.6471450617283949,0.0,0.0,0.0,0.0,8.91684189622351,0.0,2.0640173847316703,0.0,0.0,0.0,0.0,0.0,0.0,12.256367577895354,0.0
CHEMBL5427513,1.5389173557616642,0.2637942823670642,0.0,23.974119122989546,-2.029159936867821,0.0,1.7022123440999708,3.497347672912855,0.0,0.0,0.0,0.0,0.0,0.0,8.143058157108774,0.0,1.6451403475506108,9.792780326825389,26.82627780285157,16.918228160369075,0.0,0.0,-4.022715635968702,0.0,0.0
CHEMBL5427725,0.0,4.573600403124212,3.623049230494667,21.6619219925497,0.8741389518770468,0.0,0.0,2.853468652893256,0.0,0.0,0.0,0.0,0.0,0.0,0.0,0.0,0.0,0.0,0.0,0.0,0.0,0.0,0.0,0.0,0.0
CHEMBL5427782,7.534219609452432,1.1945121829596037,6.0235657866414085,8.613908929274189,-0.3597909855963612,0.0,1.179611756739733,4.745755309680501,0.0,-0.9795108867570086,0.0,0.0,0.0,0.0,0.0,0.0,0.0,30.515535854857056,0.0,5.948859109415116,0.0,0.0,0.0,0.0,0.0
CHEMBL5427905,1.491378614704733,0.4991517857142857,0.0,15.31263115881536,0.0,2.0647540417766024,0.0,1.3860519358620922,0.0,0.0,0.0,0.0,0.0,8.964303430690897,7.594835405173436,3.032124643067103,1.6412647111186072,9.356429911651876,25.4415022363399,0.0,0.0,0.0,-3.7010945415815537,0.0,0.0
CHEMBL5427944,0.0,1.6472851316452508,5.508078522157256,14.049896987347456,-0.0915245233896029,2.125822192947776,1.0686124758545397,2.538051314033839,0.0,0.0,0.0,0.0,0.0,8.929604661797052,0.0,0.0,0.0,0.0,0.0,0.0,0.0,12.959378242588228,0.0,0.0,0.0
CHEMBL5428001,2.128990018719456,1.6223314767443553,0.0,20.460862598750857,0.0525258251448728,0.0,0.0,2.761357643378749,2.3021139875703374,0.0,0.0,0.0,0.0,0.0,4.21899828707203,0.0,4.327996871588141,0.0,0.0,0.0,0.0,13.289050055717624,0.0,6.280217679758023,0.0
CHEMBL5428080,0.0,0.4610799319727889,0.0,16.773824514671862,0.0,2.082107434307387,0.0,2.3062811673422257,0.0,0.0,4.898400378485398,0.0,0.0,8.953219085024191,7.641652234917026,1.8879229261148904,1.7074152546821195,0.0,22.142318434477733,4.698794934715265,0.0,0.0,-4.076958620554,0.0,0.0
CHEMBL5428148,4.371686896189963,1.686610659695977,0.0,21.01910698972477,0.1067696523053667,0.0,0.0,3.4893324678101028,2.541937830687832,0.0,0.0,0.0,0.0,0.0,4.25710984084992,0.0,4.537288832199547,0.0,0.0,0.0,0.0,13.323490163869854,0.0,0.0,0.0
CHEMBL5428361,9.549507038920265,1.1186586706409938,7.828483360541441,6.564261416560298,0.0,0.0,2.302462552329908,3.690263271197166,0.0,0.0,0.0,0.0,0.0,0.0,0.0,0.0,0.0,31.02505072802512,0.0,5.087979628451483,0.0,0.0,0.0,0.0,0.0
CHEMBL5428681,3.4080326699788213,0.6343482486567531,0.0,24.86902450416595,-1.7892468605261729,0.0,1.799898946518716,4.028313605646014,0.0,0.0,0.0,0.0,0.0,0.0,8.196183124881594,1.4512160037466677,1.6642725789555697,9.860095660093515,28.247111136184905,11.660989165814511,0.0,0.0,-3.7802387841168494,0.0,0.0
CHEMBL5428947,0.0,5.316770208657385,0.0,7.143258429915176,1.6557431027966731,0.0,-0.0891203703703702,0.9797744236583524,0.0,0.0,0.0,0.0,0.0,0.0,3.9349555356526857,0.0,0.0,0.0,11.802118291761149,5.589833711262283,0.0,0.0,0.0,0.0,0.0
CHEMBL5429338,0.0,0.0,0.0,15.368148119987122,-0.2781478332073575,0.0,0.0,2.930882457119757,0.0,0.0,4.910903360071969,0.0,0.0,0.0,8.207030450140042,0.0,1.6857309382086167,0.0,22.22333724723516,4.730260656451133,0.0,0.0,-4.105124845175797,5.967256229634637,3.304167663979172
CHEMBL5429699,9.269716235462017,0.720108972984153,5.8265153428221605,8.966002146803012,0.0,0.0,2.127697771889623,3.7431064620905,0.0,0.0,0.0,0.0,0.0,0.0,0.0,0.0,0.0,31.32093343337523,0.0,5.192586301239974,0.0,0.0,0.0,0.0,0.0
CHEMBL5429779,2.1299874828387635,2.0504613095238096,0.0,23.35550605736121,0.4199074074074074,0.0,0.0,5.180676125388428,0.0,0.0,0.0,0.0,3.0293649726496046,0.0,4.334096644830772,0.0,0.0,0.0,0.0,0.0,0.0,0.0,0.0,0.0,0.0
CHEMBL5429844,0.0,0.7260638699924412,0.0,16.439057027903754,0.0103791887125217,0.0,0.0,3.790449834790565,0.0,0.0,0.0,0.0,0.0,0.0,8.298953368641694,0.0,1.8234126984126984,9.620279162476132,0.0,0.0,0.0,0.0,0.0,5.970894599439272,3.3482880274086986
CHEMBL5429907,9.00242228536809,1.1355532757052416,5.891862578166916,6.832785355444086,-0.3863108985304155,0.0,1.162521142420098,4.6951694280597165,0.0,-1.002510510482157,0.0,0.0,0.0,0.0,0.0,0.0,0.0,31.190537471277946,0.0,11.061303205903812,0.0,0.0,0.0,0.0,0.0
CHEMBL5430016,1.9351992528511148,0.5663999643067102,0.0,21.46972000039302,0.0,0.0,0.0,2.244844036635163,1.6019231334509116,0.0,0.0,0.0,0.0,0.0,4.04769616149384,0.0,3.295507369614512,0.0,26.23733749055178,0.0,0.0,0.0,-3.6486274092970494,0.0,0.0
CHEMBL5430284,4.123803379368439,12.362282727357078,0.0,7.410895001986827,0.0,0.0,-0.0384249385703479,1.0198109212182989,0.0,-0.5465569465657398,0.0,0.0,0.0,0.0,4.103902346936188,1.4530523781673672,0.0,0.0,25.36123513010189,0.0,0.0,0.0,0.0,0.0,0.0
CHEMBL5430301,1.539699074074074,1.0429062736205594,0.0,6.982625661375661,-0.1845370370370371,0.0,-0.2057813681027962,0.9392129629629632,0.0,0.0,0.0,0.0,0.0,0.0,3.907389298311917,1.2168603552532122,0.0,0.0,23.09495811287477,0.0,0.0,0.0,0.0,0.0,0.0
CHEMBL5430347,2.7842272820060314,0.0,0.0,15.295412794651837,-0.3138437473754938,2.095352398610668,0.0,2.9364629607335013,0.0,0.0,0.0,0.0,0.0,9.01668861901317,8.252004024973676,0.988407111839374,1.6808021148274124,0.0,23.94705217699404,5.135936735422666,0.0,0.0,-3.864756209775112,0.0,3.3795870714115663
CHEMBL5430600,0.0,7.836338068278975,0.0,11.977983318722856,0.1356857048374906,0.0,0.3531812169312169,6.582166053660011,0.0,0.0,0.0,0.0,0.0,0.0,4.056710783072095,0.0,0.0,0.0,12.891268187830688,0.0,0.0,0.0,0.0,0.0,0.0
CHEMBL5430729,9.589160263181173,6.311888075248464,0.0,7.27293100059379,2.25133827256798,0.0,-0.0799971655328795,0.983834863420677,0.0,0.2645874861269885,0.0,0.0,0.0,0.0,4.0242491419095545,0.0,0.0,0.0,12.702950995212902,6.262390400604686,0.0,0.0,0.0,0.0,0.0
CHEMBL5430737,0.0,0.6343995653817083,2.003272864701436,16.750712673486394,0.0,2.101254276183583,0.8576988851095996,2.278535614150694,0.0,0.0,0.0,0.0,0.0,8.902704070020087,8.152184525414594,0.0,1.671532029478458,0.0,0.0,0.0,0.0,12.98103882940678,0.0,0.0,0.0
CHEMBL5430760,2.1987175305154203,8.619188342830984,0.0,7.16349609798078,-0.179822782252887,0.0,-0.0417847169732081,0.972634995292373,0.0,0.0,0.0,0.0,0.0,0.0,3.9925069230258834,1.48057138133031,0.0,0.0,24.62782556158368,0.0,0.0,0.0,0.0,0.0,0.0
CHEMBL5430986,2.170182350718065,4.985427616064791,0.0,7.105964191232049,0.6279882107163842,0.0,-0.1157870370370368,0.9661689814814818,0.0,0.0,0.0,0.0,0.0,0.0,3.9282888689860194,0.0,0.0,0.0,11.783599773242631,5.548167044595616,0.0,0.0,0.0,0.0,0.0
CHEMBL5431500,0.0,3.2755548469387747,3.615036375661376,21.540497058774022,0.8099866675065085,0.0,0.0,2.8150108654572943,0.0,0.0,0.0,0.0,0.0,0.0,0.0,0.0,0.0,0.0,0.0,0.0,0.0,0.0,0.0,0.0,0.0
CHEMBL5431722,2.120795258683516,4.064434340094062,0.0,7.290554138321996,0.0,0.0,-0.3502796674225241,1.5540211902662304,0.0,-0.6944907407407406,5.684599283392573,2.4385955215419504,0.0,0.0,0.0,0.0,0.0,0.0,23.8084373425296,0.0,0.0,0.0,0.0,0.0,0.0
CHEMBL5431734,0.0,1.6467295760896952,2.1313671579743008,19.43299560780268,0.0,2.127841750770905,1.013056920298984,2.532026076778443,0.0,0.0,0.0,0.0,0.0,8.931533674142731,4.106367608261548,0.0,1.950438922482573,0.0,0.0,0.0,0.0,12.96097603873148,0.0,0.0,0.0
CHEMBL5431758,0.0,0.4474737811791383,0.0,15.164715951169777,0.0,2.0940103569103385,0.0,2.861370474034767,0.0,0.0,0.0,0.0,0.0,8.918712659778226,7.652878978751994,1.902197656840514,1.7267529604434366,9.476434522768397,0.0,0.0,0.0,0.0,0.0,6.199897102567856,0.0
CHEMBL5431850,0.0,2.2614122076299656,0.0,17.213686094657,0.0,2.1054214898424592,0.0,2.713158892029016,0.0,0.0,4.853092783178931,0.0,0.0,8.96240022388763,7.706386647509691,1.999633608034582,1.7821698683044285,0.0,21.87970495646938,4.62667734451326,0.0,0.0,-4.020410782723005,0.0,0.0
CHEMBL5431946,4.413223143424036,1.795460404069035,0.0,20.81343709287613,0.1028013983371125,0.0,0.0,5.003974256496804,2.551647192827749,0.0,0.0,0.0,0.0,0.0,8.39705189174435,0.0,4.390685822940288,0.0,0.0,0.0,0.0,0.0,0.0,0.0,3.615052130617833
CHEMBL5432102,5.234705782567263,0.6656099446589172,0.0,17.589594897540323,-1.7036835889212338,0.0,1.7975414047365712,3.180919850163645,0.0,0.0,0.0,0.0,0.0,0.0,4.304636997707608,1.4466846846635808,1.6964052925209825,9.742428657321618,27.8338703529315,11.529262386996606,0.0,0.0,-3.734643329554044,0.0,0.0
CHEMBL5432233,0.0,0.8507221986016626,0.0,13.904540673685002,0.0,2.058077579597587,0.0,0.6334861550910096,0.0,0.0,4.754064748921975,0.0,0.0,8.942091799498247,7.581564005029845,1.841083999958008,1.6629111968478851,0.0,21.868637684446355,4.380700072941338,0.0,14.070166563581274,-4.298046678200187,0.0,0.0
CHEMBL5432257,0.0,1.6121165595867977,0.0,24.58427231346829,0.0,0.0,0.0,2.5625833543293863,2.5235180461073323,0.0,0.0,0.0,0.0,0.0,8.225883687203583,0.0,4.158292705971277,0.0,0.0,0.0,0.0,0.0,0.0,0.0,0.0
CHEMBL5432300,3.133016380131279,0.0,3.5036470143613,12.04709711719858,0.0,0.0,0.0,2.7498755983875043,0.0,0.0,0.0,0.0,0.0,0.0,0.0,0.0,0.0,0.0,10.952172747019429,10.389917058433925,0.0,0.0,0.0,0.0,0.0
CHEMBL5432856,2.206423408742132,4.002094581404646,0.0,19.13741139123489,0.1482048374905515,0.0,0.0,5.035183629134749,0.0,0.0,0.0,0.0,0.0,0.0,4.24641169585118,2.457595951961032,2.15786753590325,0.0,0.0,0.0,0.0,13.275473634944234,0.0,0.0,0.0
CHEMBL5432857,1.6713060192750295,1.8365869866465103,0.0,19.65243020894717,0.2503231292517003,2.171657220178144,0.0,5.025059679978512,0.0,0.0,0.0,0.0,2.999468278434729,8.994542096754364,4.311682945548386,0.0,0.0,0.0,0.0,5.253610101652129,0.0,0.0,0.0,0.0,0.0
CHEMBL5432961,4.430299333761409,1.8045447662089529,0.0,20.473188298471783,0.1664824263038546,0.0,0.0,5.779973913561276,2.566544312169313,0.0,0.0,0.0,0.0,0.0,4.302613956076257,0.0,4.63364766611377,0.0,0.0,0.0,0.0,0.0,0.0,6.082157725899562,3.621658712544927
CHEMBL5432971,2.068226129830568,1.4636013180141965,0.0,18.902246343606823,-0.0554988662131519,0.0,0.0,1.5406763991179586,1.903502876459226,0.0,0.0,0.0,0.0,0.0,4.1709873131351305,0.0,4.140607100865037,0.0,0.0,0.0,0.0,27.198984718517547,0.0,0.0,0.0
CHEMBL5432975,0.0,1.4711838624338625,0.0,16.46455414882002,-0.0665740740740743,0.0,0.0,2.080946816998405,0.0,0.0,0.0,0.0,2.92012986058621,0.0,4.206941295036533,0.0,0.0,0.0,0.0,0.0,0.0,27.08948475686571,0.0,0.0,0.0
CHEMBL5432998,0.0,1.6121165595867977,0.0,24.86205009124607,0.0,0.0,0.0,2.5625833543293863,2.5235180461073323,0.0,0.0,0.0,0.0,0.0,7.948105909425805,0.0,4.158292705971277,0.0,0.0,0.0,0.0,0.0,0.0,0.0,0.0
CHEMBL5433174,0.0,1.9065766723356008,0.0,22.047133123476915,0.3107804232804232,2.1731161274325057,0.0,4.306405685731083,0.0,0.0,0.0,0.0,3.0009271856890907,8.950757525653358,4.30430325640102,0.0,0.0,0.0,0.0,0.0,0.0,0.0,0.0,0.0,0.0
CHEMBL5433442,0.0,0.1115720601448422,0.0,22.759432682211784,-2.495205626295772,0.0,1.4954409466061709,1.386559706539432,0.0,-4.548029483680023,0.0,0.0,0.0,0.0,4.053396735435275,0.0,1.8348278475506108,9.772884472964131,26.71558836427388,11.453795554059804,0.0,38.74163817547829,-4.281901435288431,0.0,0.0
CHEMBL5433532,1.4100615675313397,-1.7049998239056046,0.0,24.338492966417217,-2.959009867580848,0.0,1.331514080998434,2.566633937847622,0.0,-4.7872050930980405,0.0,0.0,0.0,0.0,4.056548295430171,0.4178137998899185,1.8129720365492576,9.839838444781355,28.15697339513808,11.326661800609171,0.0,41.26706824350879,-4.57336378411685,0.0,0.0
CHEMBL5433553,0.0,2.698961718946838,0.0,17.41684550194613,0.0700844566221545,2.131680091662817,0.0,2.644816609658262,0.0,0.0,0.0,0.0,0.0,8.933803216218822,8.299841291314506,0.0,1.8393278113714624,0.0,0.0,0.0,0.0,12.964639302259007,0.0,0.0,0.0
CHEMBL5433734,6.954208455752466,2.670689433372063,0.0,7.210804013256665,2.014933967414125,0.0,-0.1167072940287219,0.9226405554505756,0.0,0.4361848492266511,0.0,0.0,0.0,0.0,4.029862232708102,0.0,0.0,0.0,12.05908635676493,5.7349640967498114,0.0,0.0,0.0,0.0,0.0
CHEMBL5433928,0.0,2.1550736961451245,3.630737906273621,21.27584325396825,0.5833503401360545,0.0,0.0,2.728034769463341,0.0,0.0,0.0,0.0,0.0,0.0,0.0,0.0,0.0,0.0,0.0,0.0,0.0,0.0,0.0,0.0,0.0
CHEMBL5434047,0.0,0.4065825774754348,0.0,21.3390628951943,-0.8340089863105742,0.0,0.0,1.1470853279583442,1.893479308390023,0.0,0.0,0.0,0.0,0.0,3.981542721631557,0.0,3.5956769652305365,10.648331916099774,0.0,0.0,0.0,13.988913940997271,0.0,0.0,0.0
CHEMBL5434222,0.0,1.7042454018644495,0.0,24.985503672205287,0.0,0.0,0.0,3.715746621045368,2.5683218773620564,0.0,0.0,0.0,0.0,0.0,4.133605967728894,0.0,4.425185710086504,0.0,0.0,0.0,0.0,0.0,0.0,0.0,3.5507240830407767
CHEMBL5434606,0.0,1.4038227513227512,0.0,20.03510104425335,0.0,2.132359188600031,0.0,1.8245578823574449,2.060699221480246,0.0,0.0,0.0,0.0,8.989582785775447,7.782609975068489,2.035118890148652,3.953053403460149,9.616428190866772,0.0,0.0,0.0,0.0,0.0,0.0,0.0
CHEMBL5434685,1.3086033950617286,0.618450176366843,1.3442361111111112,10.575511836481352,-2.607135403544134,0.0,-0.5765918157386409,2.002234504913077,0.0,0.0,0.0,0.0,0.0,0.0,3.965454408806681,0.0,1.8983248299319728,0.0,0.0,4.857323521235859,0.0,27.946921768707483,0.0,0.0,0.0
CHEMBL5434747,0.0,0.7145823885109599,0.0,13.51928702653901,0.0,0.0,0.0,2.001000776853952,2.0303755668934245,0.0,0.0,0.0,0.0,0.0,4.000172797514067,0.0,1.978926563681028,0.0,0.0,0.0,5.726898148148148,0.0,0.0,0.0,3.4454233985260774
CHEMBL5434794,0.0,0.2537020502645501,0.0,13.310176884152805,0.0,0.0,0.0,1.1018643703395257,0.0,-3.720727288801976,4.83926145269812,0.0,0.0,0.0,7.509929981200724,1.6762316940665154,1.5460632138657933,0.0,21.99437347345585,13.51721885007714,0.0,26.59689312799029,-4.124987809309335,0.0,0.0
CHEMBL5434818,0.0,4.371816316032586,0.0,20.98554872259251,0.2200216259343241,0.0,0.0,3.3321642800164293,0.0,0.0,0.0,0.0,3.022428268764398,0.0,4.402978024160383,0.0,0.0,0.0,0.0,0.0,0.0,13.165042762499368,0.0,0.0,0.0
CHEMBL5434837,3.044892608009942,0.2272793839758125,0.0,10.128794201896657,-0.4408219954648529,0.0,0.0038989932392714,2.801882412170563,0.0,0.0,0.0,0.0,0.0,0.0,0.0,0.0,0.0,9.87984629501224,12.268902431342909,16.08532566981746,0.0,0.0,0.0,0.0,0.0
CHEMBL5435238,0.0,1.2836199688208616,0.0,17.04499092393795,0.0,2.0962237253738807,0.0,2.4575498536879867,0.0,0.0,4.898516751945406,0.0,0.0,8.963718409558922,7.682226423553014,1.957190386957252,1.7524510683520425,0.0,22.11332400341839,4.699079702570969,0.0,0.0,-4.056935567089076,0.0,0.0
CHEMBL5435398,0.0,0.0,0.0,12.642251696949568,0.0,1.939233282500328,0.0,0.0735288857533635,0.0,-3.454127102229781,0.0,0.0,0.0,8.85429220842122,7.138440203241791,0.6949754346182917,1.0498393801965231,9.305357425262727,0.0,0.0,0.0,30.172875251952632,0.0,0.0,0.0
CHEMBL5435609,3.1474319372172905,0.0,3.485833333333333,12.004608003695306,0.0,0.0,0.0,2.782751532711851,0.0,0.0,0.0,0.0,0.0,0.0,0.0,0.0,0.0,0.0,10.965629112016195,10.3784410430839,0.0,0.0,0.0,0.0,0.0
CHEMBL5435743,1.853242507994076,0.7151452850639088,0.0,29.590088311966383,-1.6623802175191071,0.0,1.8670380343495427,3.637190099137477,0.0,0.0,0.0,0.0,0.0,0.0,4.116730032204401,1.487813799889918,1.919238565350128,9.84092488292552,28.017202829504413,6.4109490740740736,0.0,0.0,-3.709849871607403,0.0,0.0
CHEMBL5436006,0.0,0.2044182256235827,0.0,13.89501797938847,0.0,2.05512146802145,0.0,1.0579582655299669,0.0,0.0,0.0,0.0,0.0,8.886573082184103,7.531351200974217,1.7466421012849584,1.618728269085412,9.320878967212842,0.0,0.0,0.0,14.016643774028331,0.0,0.0,0.0
CHEMBL5436084,4.375372491846533,1.68482168664791,0.0,18.1669589725706,0.0389742378432853,0.0,0.0,5.550760662480992,2.50170720654517,0.0,0.0,0.0,0.0,0.0,8.377984413930182,0.0,4.330677791950113,0.0,0.0,0.0,0.0,0.0,0.0,6.2254988562356885,3.608354791060644
CHEMBL5436290,2.180240018719456,3.756059685964989,0.0,16.492353984527355,0.0579270597127736,0.0,0.0,5.430546021005077,0.0,0.0,0.0,0.0,0.0,0.0,4.235853305828504,2.4122873099857225,2.1125588939279414,0.0,0.0,0.0,0.0,13.31094654587169,0.0,6.455671618900935,0.0
CHEMBL5436300,0.0,2.63527628180902,0.0,17.995304531694323,0.2973110355253212,2.148942532041482,0.0,3.786453133456652,0.0,0.0,0.0,0.0,2.988992522411985,8.954193451483313,4.324374649921187,0.0,0.0,0.0,0.0,0.0,0.0,13.035818528323386,0.0,0.0,0.0
CHEMBL5436713,3.739312224415385,0.7159920897076109,0.0,28.17067504356203,-1.6628467801772284,0.0,1.875651455026456,4.731805861095792,0.0,0.0,0.0,0.0,0.0,0.0,4.264878180352549,1.4911471332232515,1.764029915267636,9.861017475518114,28.08304109380422,6.428554101622284,0.0,0.0,-3.713257793418103,0.0,0.0
CHEMBL5436915,0.0,1.0116999716553288,0.0,12.650619870716373,-0.3599376417233566,0.0,0.0,0.4304197379900836,0.0,-8.893994301437033,0.0,0.0,2.820060564936106,0.0,4.1152779868707,0.0,0.0,0.0,0.0,0.0,0.0,76.89252047765845,0.0,0.0,0.0
CHEMBL5436925,0.0,0.2820263622360488,0.0,26.924029123218904,-1.963296813324096,0.0,1.7510609174225251,3.6664957665153146,0.0,0.0,0.0,0.0,0.0,0.0,4.095147376459658,0.0,1.8979832789374984,9.792163568898223,26.859147273948857,11.840860954530012,0.0,0.0,-4.004826723459256,0.0,3.3592089146163024
CHEMBL5436996,0.0,1.699249574829932,0.0,18.02979019108664,0.0546721466364321,2.1325519366021224,0.0,3.160307471041599,0.0,0.0,0.0,0.0,0.0,8.927523372741176,8.297833821404799,0.0,1.8351122763920384,9.362959209265265,0.0,0.0,0.0,0.0,0.0,0.0,0.0
CHEMBL5437007,1.8322260291732324,0.2485730889514263,0.0,23.853451236393543,-2.089946514806796,0.0,1.6194477892509729,3.903202178657759,0.0,0.0,0.0,0.0,0.0,0.0,4.163134619485586,0.0,1.6993608246344925,19.529540868846524,26.915910557162363,11.78546697625695,0.0,0.0,-4.04370098733938,0.0,0.0
CHEMBL5437093,4.46140908446712,1.8857381818468129,0.0,23.135278079270684,0.2139125094482235,0.0,0.0,5.162099256496804,2.607202748383304,0.0,0.0,0.0,0.0,0.0,4.30960984084992,0.0,4.680685822940287,0.0,0.0,0.0,0.0,0.0,0.0,0.0,3.627397809630178
CHEMBL5437662,0.0,0.3188314909297052,0.0,15.026764994506282,0.0,2.0960408769313403,0.0,1.99103190600485,1.1758047387917523,0.0,0.0,0.0,0.0,8.955050944001126,12.103133051812703,1.8529015495086925,1.702103017132779,9.553815116825715,0.0,0.0,5.724522313555051,0.0,0.0,0.0,0.0
CHEMBL5437945,0.0,1.6161087490551775,0.0,16.497750839495065,0.0813888888888885,0.0,0.0,2.503820231796424,0.0,0.0,0.0,0.0,2.9376569836688886,0.0,4.22821187116822,0.0,0.0,0.0,0.0,0.0,0.0,26.301729102594003,0.0,0.0,0.0
CHEMBL5438005,2.236549299042431,6.058034956649224,0.0,7.119666159290978,0.974339819898982,0.0,-0.1100477135298561,0.9696705194423452,0.0,0.0,0.0,0.0,0.0,0.0,3.9339424927155946,0.0,0.0,0.0,11.78911147329302,5.528732993197279,0.0,0.0,0.0,0.0,0.0
CHEMBL5438093,0.0,1.6486940192743766,0.0,16.292528652020447,0.035019841269841,2.1335706464276507,0.0,3.7672983977752654,0.0,0.0,0.0,0.0,0.0,8.949068956786759,8.312743800828667,0.0,1.8301962474804736,9.6031212463023,0.0,0.0,0.0,0.0,0.0,0.0,3.3444248585008864
CHEMBL5438581,0.0,3.3814838435374144,3.6077201436130006,21.570122991319785,0.7564056857310822,0.0,0.0,2.791278344671202,0.0,0.0,0.0,0.0,0.0,0.0,0.0,0.0,0.0,0.0,0.0,0.0,0.0,0.0,0.0,0.0,0.0
CHEMBL5438618,0.0,3.4242403628117914,3.5676360544217687,10.573867157974302,0.3321409674981104,0.0,0.0,1.4087178760393049,0.0,0.0,0.0,0.0,0.0,0.0,0.0,0.0,0.0,0.0,0.0,0.0,0.0,0.0,0.0,0.0,0.0
CHEMBL5438740,4.311084926235314,1.5673534081842613,0.0,16.65933324605222,-0.0239937641723355,0.0,0.0,4.342665100118204,2.43321097883598,0.0,0.0,0.0,0.0,0.0,8.294647056353405,0.0,4.234872803287982,0.0,0.0,0.0,0.0,13.34452438842972,0.0,0.0,3.5863018566752505
CHEMBL5438840,2.182179581581638,1.8468683836405697,0.0,24.8093875583725,0.1875699168556308,0.0,0.0,3.3443512931139203,2.581699035581311,0.0,0.0,0.0,0.0,0.0,4.269675584740069,0.0,4.506782932308726,0.0,0.0,0.0,0.0,0.0,0.0,6.0492634915834165,0.0
CHEMBL5438879,0.0,0.6692068216175359,0.0,18.96592917142114,0.0,2.231526596749811,0.0,3.806809544805577,0.0,0.0,0.0,0.0,0.0,9.18409596441117,8.035972544103858,0.0,1.7731260235575712,0.0,0.0,0.0,0.0,0.0,0.0,0.0,0.0
CHEMBL5439256,2.150257379830567,1.6778870322999109,0.0,21.00637828805127,0.0903344671201813,0.0,0.0,3.1885960788700247,2.441627876459226,0.0,0.0,0.0,0.0,0.0,4.235802127949945,0.0,4.393583291341228,0.0,0.0,0.0,0.0,13.298502216211451,0.0,0.0,3.600364575199532
CHEMBL5439274,2.1670400850634506,4.376936308474006,0.0,19.01434278046666,0.2164076803560928,0.0,0.0,4.742092192411874,0.0,0.0,0.0,0.0,3.02989383350269,0.0,4.417093250497832,0.0,0.0,0.0,0.0,0.0,0.0,13.202860535894064,0.0,0.0,0.0
CHEMBL5439659,2.1649345316830435,0.927578577727387,0.0,22.755883500776854,-0.0015740740740743,0.0,0.0,3.498595941463006,2.4651152683295545,0.0,0.0,0.0,0.0,0.0,8.29491933578987,0.0,4.203359788359788,0.0,0.0,0.0,0.0,0.0,0.0,0.0,3.607853796611237
CHEMBL5439806,3.118598670949861,0.6081752330561853,0.0,10.075596713024565,0.0,0.0,0.0,0.1440195893172086,0.919950396825397,0.0,0.0,0.0,0.0,0.0,3.987673271660465,0.0,1.9071471088435368,0.0,0.0,4.776824655022707,0.0,28.12868102796674,0.0,0.0,0.0
CHEMBL5439843,0.0,1.912938633786848,0.0,20.710821231104426,0.1778297430083142,0.0,0.0,3.194171278206723,0.0,0.0,0.0,0.0,3.004347836356765,0.0,4.37835900100781,0.0,0.0,0.0,0.0,0.0,0.0,13.12153227652912,0.0,0.0,0.0
CHEMBL5439970,0.0,5.158063936190739,0.0,18.21172853102937,0.0,2.1445449374241066,0.0,3.133068870557888,0.0,0.0,0.0,0.0,0.0,8.967621539639449,7.79509417429643,2.10542630619741,1.867634087284194,9.311171296922794,0.0,0.0,0.0,0.0,0.0,0.0,0.0
CHEMBL5439983,0.0,1.5789517983119177,2.0688671579743008,16.98958265236185,0.0,2.112216750770905,0.9019458091878728,2.4187097502478307,0.0,0.0,0.0,0.0,0.0,8.919187995130386,8.190720920944134,0.0,1.7004389224825731,0.0,0.0,0.0,0.0,12.952711575921562,0.0,0.0,0.0
CHEMBL5440090,2.009054862685815,1.767023100907029,0.0,7.206335034013605,0.0,0.0,-0.3801884920634915,1.5296575018896452,0.0,-0.6949074074074073,5.636897518266566,2.396485969387755,0.0,0.0,0.0,0.0,0.0,0.0,23.44630857898715,0.0,0.0,0.0,0.0,0.0,0.0
CHEMBL5440356,0.0,0.9660449735449737,0.0,16.998107245203272,0.0,2.1019536177399147,0.0,2.368786126238917,0.0,0.0,0.0,0.0,0.0,8.911432341943184,7.657213674572982,1.9321096308893928,1.7515500335936844,9.282817079755665,0.0,5.696651943184681,0.0,0.0,0.0,0.0,0.0
CHEMBL5440376,3.491098670949861,0.7315690350214159,0.0,12.780293215082176,0.0,0.0,0.0,2.1805188124632577,1.899117063492064,0.0,0.0,0.0,0.0,0.0,4.033558045323017,0.0,1.994094387755102,0.0,0.0,5.0210376179856695,0.0,13.868713151927436,0.0,0.0,0.0
CHEMBL5440379,0.0,11.98896723643461,0.0,18.49329437679876,0.0,2.165414858269552,0.0,3.25440004082475,0.0,0.0,0.0,0.0,0.0,9.013751070438364,7.859381839403278,2.145752268583468,1.9003529087430069,9.31554557913948,0.0,0.0,0.0,0.0,0.0,0.0,0.0
CHEMBL5440424,0.0,2.67899644116906,0.0,17.99124565553997,0.0,2.1311403799053648,0.0,3.027541474578813,0.0,0.0,0.0,0.0,0.0,8.94255871076436,7.752878599302939,2.067991832535484,1.8398833808087047,9.31948735685218,0.0,0.0,0.0,0.0,0.0,0.0,0.0
CHEMBL5440707,0.0,1.3862187027588813,0.0,15.832438530802074,-0.0817346938775516,2.0721967059449025,0.0,2.5485599267255123,0.0,-4.349688840342024,0.0,0.0,2.9000077642014874,8.950995499121227,4.201951540589707,0.0,0.0,0.0,0.0,0.0,0.0,38.45572153074245,0.0,0.0,0.0
CHEMBL5440818,0.0,3.1044186192995715,0.0,20.865861056059742,0.2042243008314432,0.0,0.0,3.2753970464193243,0.0,0.0,0.0,0.0,3.0142772616392746,0.0,4.391728867472915,0.0,0.0,0.0,0.0,0.0,0.0,13.144092848277726,0.0,0.0,0.0
CHEMBL5440983,0.0,0.8923198538674728,0.0,24.401123773234765,0.2064588057445198,0.0,0.0,3.286100678372054,2.382727296586424,0.0,0.0,0.0,3.2425803157580755,0.0,4.21232683505501,0.0,2.155186602418745,0.0,0.0,0.0,0.0,0.0,0.0,5.998953616740713,0.0
CHEMBL54803,0.0,1.951786659108088,0.0,17.892449452003024,0.0,0.0,0.0,1.3373148148148148,2.310876322751323,0.0,0.0,0.0,0.0,0.0,8.415110544217686,0.0,2.0924622071050645,0.0,0.0,0.0,0.0,0.0,0.0,0.0,0.0
CHEMBL55083,0.0,4.307745811287479,2.2730092592592595,9.504234142731168,0.0,0.0,1.4062037037037038,2.4393485449735453,0.0,0.0,0.0,0.0,0.0,0.0,4.035419579868985,0.0,2.070795540438397,0.0,0.0,0.0,5.463243417737465,0.0,0.0,0.0,0.0
CHEMBL55144,0.0,5.901218033509699,0.0,9.731780439027464,0.6712037037037035,0.0,0.0,2.646524470899472,0.0,0.0,0.0,0.0,0.0,0.0,4.064678839128244,0.0,2.1471844293272864,0.0,0.0,0.0,5.504076751070799,0.0,0.0,0.0,0.0
CHEMBL5542291,9.124680423070586,-1.89968788074992,0.0,33.40369328172728,-6.690356067527172,0.0,-0.2130102228909141,5.9212565225419285,0.0,-5.717625177875944,0.0,5.822409183223893,0.0,0.0,8.404066096881262,1.6920844966572255,1.791648388229977,20.7399919162405,70.67112975900649,12.191764932295149,0.0,43.06734452392944,-4.768428503592339,0.0,0.0
CHEMBL5549760,9.196185044801986,-0.8351046446733099,0.0,33.69015772378582,-6.474692998333634,0.0,-0.1944044472306292,6.137364931757635,0.0,-5.640283504196276,0.0,5.771853318029676,0.0,0.0,8.405994551726092,1.7321425928697018,1.7979611436170937,20.654502908335683,69.89489147032319,34.31871939541752,0.0,42.79584590610951,-4.720736215790869,0.0,0.0
CHEMBL5555317,9.16441161779439,-1.5817847420405735,0.0,33.609433143061615,-6.534174108307576,0.0,-0.2386512546676262,6.084968061692901,0.0,-5.661073448956952,0.0,5.760200352411985,0.0,0.0,8.40358861715916,1.717892639101808,1.795936513875832,20.664250828310507,69.97764699450276,28.770479623018204,0.0,42.83038211961159,-4.729938593508563,0.0,0.0
CHEMBL55558,0.0,4.710060626102292,2.339675925925926,10.178745459603594,0.0,0.0,1.5103703703703706,3.0412003968253973,0.0,0.0,0.0,0.0,0.0,0.0,4.055995711556228,0.0,2.1048091458805747,0.0,0.0,0.0,0.0,0.0,0.0,0.0,0.0
CHEMBL5555812,3.893802837580255,4.869691702021019,0.0,39.32053561882815,0.0,0.0,1.097345633155266,5.128702372267258,1.7450753558200276,0.0,0.0,3.564332999341671,0.0,0.0,0.0,0.0,2.072636385495401,0.0,24.702919902100003,4.938290526724278,0.0,0.0,0.0,0.0,0.0
CHEMBL5555812,3.893802837580255,4.869691702021019,0.0,39.32053561882815,0.0,0.0,1.097345633155266,5.128702372267258,1.7450753558200276,0.0,0.0,3.564332999341671,0.0,0.0,0.0,0.0,2.072636385495401,0.0,24.702919902100003,4.938290526724278,0.0,0.0,0.0,0.0,0.0
CHEMBL5555946,2.178205178759646,4.520507132896025,0.0,36.69644063222156,0.0,0.0,0.1415459426074283,5.933743302795402,1.5754486399851415,0.0,0.0,3.539770925689937,0.0,0.0,0.0,0.0,1.9916947870422947,9.176802664545768,23.38626060660954,0.0,0.0,0.0,0.0,0.0,3.60958018684726
CHEMBL5556708,9.334630168518553,2.09149590251931,0.0,33.987052269766494,-6.330710521729358,0.0,0.1266508319421817,6.279937518853084,0.0,-5.586311094558299,0.0,5.941243764263467,0.0,0.0,8.420279095483394,1.79553944324581,1.8038297834065689,20.722098586479905,70.4300327593116,12.266119407077245,0.0,42.956911736199615,-4.7129506232661535,0.0,0.0
CHEMBL5557518,3.852496998977152,4.480749634792381,0.0,36.26405046103813,0.0,0.0,0.0222756474797005,5.534115338247905,1.5681121437056351,0.0,0.0,3.5367511658014905,0.0,0.0,0.0,0.0,1.988609965899785,9.18409866099761,23.406364884730465,5.662375098329752,0.0,0.0,0.0,0.0,0.0
CHEMBL5557715,3.7644811825890816,0.161889244100436,0.0,27.863343342769472,0.0,0.0,0.5976281721848671,3.8115475209671295,0.0,0.0,0.0,2.563786268945901,0.0,0.0,0.0,0.0,0.0,0.0,23.35296684102088,4.717690760755579,0.0,0.0,0.0,0.0,0.0
CHEMBL5557971,3.875170408558546,2.484521945250847,0.0,39.012336820263975,0.0,0.0,1.0319022021840314,4.998120214596117,1.6950815331052649,0.0,0.0,3.523875157513776,0.0,0.0,0.0,0.0,2.037560431324861,0.0,24.737894530665784,4.936870089870128,0.0,0.0,0.0,0.0,0.0
CHEMBL5558656,9.19197028055179,-1.0683278623940429,0.0,33.59535747619091,-6.573881174357452,0.0,-0.0948363906374921,6.041190751010569,0.0,-5.67439886215696,0.0,5.863733135728166,0.0,0.0,8.40865347007286,1.7259473415827924,1.795238495461705,20.73385487369213,70.59071630433957,12.221146760659888,0.0,43.03055197228815,-4.750359913966265,0.0,0.0
CHEMBL5558884,2.047308048576537,0.0,0.0,24.74700993998167,0.0,0.0,-0.4716006485528612,4.152591498969462,0.0,0.0,0.0,2.345213929388713,0.0,0.0,0.0,0.0,0.0,8.72425466720054,22.047551976411867,0.0,0.0,0.0,0.0,6.018781699135188,0.0
CHEMBL5559176,2.055724416309734,0.0,0.0,27.47235751450648,0.0,0.0,-0.3500914808383024,3.6665419822147824,0.0,0.0,0.0,2.3455602237068685,0.0,0.0,0.0,0.0,0.0,8.691541512642564,21.95169916479121,0.0,0.0,0.0,0.0,0.0,0.0
CHEMBL5559396,3.696477431762824,0.0,0.0,25.01887457397593,0.0,0.0,-0.4506129448476677,4.297119884678403,0.0,0.0,0.0,2.3524163364308635,0.0,0.0,0.0,0.0,0.0,8.742595716583256,22.095139411849004,5.2479895895673865,0.0,0.0,0.0,0.0,0.0
CHEMBL5559605,9.241498093634334,-0.1349400965309561,0.0,31.349373055291554,-6.524018812408155,0.0,-0.0452698597140186,5.9636037482485404,0.0,-5.646884429859299,0.0,5.89232772686488,0.0,0.0,12.454512501319744,1.7437758054253236,1.5484269469368217,20.721865054393675,70.50456718864532,12.2246297926737,0.0,42.9854698822554,-4.745554835461121,0.0,0.0
CHEMBL5559711,2.185705178759646,4.54317587313887,0.0,38.83591191926128,0.0,0.0,0.1842133790033471,4.937639274021965,1.579610975623505,0.0,0.0,3.538503708059084,0.0,0.0,0.0,0.0,1.992987859418304,9.169331930613996,23.366253235433337,0.0,0.0,0.0,0.0,0.0,0.0
CHEMBL5559750,5.564558293119877,4.802943910584164,0.0,36.741290373756925,0.0,0.0,0.9354079016316184,5.731117660208396,1.733576523902158,0.0,0.0,3.5625804570840782,0.0,0.0,0.0,0.0,2.068258491976883,0.0,24.74303155139713,10.617234836338769,0.0,0.0,0.0,0.0,0.0
CHEMBL5559841,17.11359639075075,3.8090910749720814,8.359275570787913,50.8762542257096,0.0,0.0,-2.2701464133952656,16.75408249015942,0.0,-0.6582217985779317,0.0,0.0,0.0,0.0,17.628054652535717,2.888701253463285,7.440677700509732,26.15558552733933,51.83928134696042,14.230434645451613,0.0,0.0,0.0,0.0,0.0
CHEMBL5559883,3.8412483335059,3.2823152352774816,0.0,36.1144378253089,0.0,0.0,-0.0098711208216193,5.464878435031786,1.545667068757416,0.0,0.0,3.514385338603863,0.0,0.0,0.0,0.0,1.974017645921992,9.189826487843447,23.425293815427093,5.657800935143744,0.0,0.0,0.0,0.0,0.0
CHEMBL5559919,2.170853559508334,2.2059118858706426,0.0,38.49186979617887,0.0,0.0,0.1144336359630626,4.794867788922517,1.5296171529087417,0.0,0.0,3.4871384724816363,0.0,0.0,0.0,0.0,1.957911905247764,9.179501272252653,23.40122786399912,0.0,0.0,0.0,0.0,0.0,0.0
CHEMBL5560380,5.551971183715915,3.582487546156842,0.0,36.60710004203901,0.0,0.0,0.9052302564482142,5.6679631911921815,1.7111314489539389,0.0,0.0,3.544949519954758,0.0,0.0,0.0,0.0,2.053666171999089,0.0,24.76196048209376,10.613540157446296,0.0,0.0,0.0,0.0,0.0
CHEMBL5560527,3.689018565184656,0.0,0.0,24.91946699438118,0.0,0.0,-0.532477695680325,4.162543120209517,0.0,0.0,0.0,2.35189483779942,0.0,0.0,0.0,0.0,0.0,8.751674802688441,22.121481427731013,5.536397947686104,0.0,0.0,0.0,0.0,0.0
CHEMBL5560949,3.724653742217508,0.1531710728041397,0.0,25.205550090376843,0.0,0.0,0.4797842866578317,4.344307720292206,0.0,0.0,0.0,2.5553528182776017,0.0,0.0,0.0,0.0,0.0,0.0,23.384218643078533,4.716675391644971,0.0,0.0,0.0,6.047397345761485,0.0
CHEMBL5560949,3.724653742217508,0.1531710728041397,0.0,25.205550090376843,0.0,0.0,0.4797842866578317,4.344307720292206,0.0,0.0,0.0,2.5553528182776017,0.0,0.0,0.0,0.0,0.0,0.0,23.384218643078533,4.716675391644971,0.0,0.0,0.0,6.047397345761485,0.0
CHEMBL5561070,17.12078541857212,3.78439126091256,8.363552164804766,47.74950792784697,0.0,0.0,-2.263618589647538,18.500741871437825,0.0,-0.6626107226001381,0.0,0.0,0.0,0.0,17.69172151645543,2.909160600280837,7.4485397996390414,26.198078971475987,52.372360453938384,14.25451295739238,0.0,0.0,0.0,0.0,0.0
CHEMBL5561121,3.74372933328568,0.1636204397926708,0.0,27.92992947475014,0.0,0.0,0.6012934543723907,3.841848026280228,0.0,0.0,0.0,2.5556991125957578,0.0,0.0,0.0,0.0,0.0,0.0,23.28836583145788,4.708847660798592,0.0,0.0,0.0,0.0,0.0
CHEMBL5561217,2.171381901561692,3.316332730782864,0.0,36.547420796029726,0.0,0.0,0.1100628268797137,5.865798962188865,1.5539341915787666,0.0,0.0,3.5174050984923104,0.0,0.0,0.0,0.0,1.977535426298031,9.181785779870506,23.40307737104523,0.0,0.0,0.0,0.0,0.0,3.605264915272292
CHEMBL5561326,3.755532976570563,0.1580343688169894,0.0,25.781811776091804,0.0,0.0,0.5495051441186569,4.765854644704199,0.0,0.0,0.0,2.5650534865767547,0.0,0.0,0.0,0.0,0.0,0.0,23.40408564488693,4.723489677955595,0.0,0.0,0.0,0.0,3.5466322802785166
CHEMBL5561336,9.369127233466504,3.275532829185124,0.0,34.07962213471346,-6.272880419357708,0.0,0.1757093847125427,6.335240018694884,0.0,-5.565856490613138,0.0,5.958467777723252,0.0,0.0,8.423580616817778,1.811850575821332,1.806133928631218,20.719779095239254,70.39505726878859,12.274900727710694,0.0,42.94088020461875,-4.704207191045879,0.0,0.0
CHEMBL5561738,9.049459572564892,-2.7216431126880125,0.0,33.27341512955626,-6.768603592037327,0.0,-0.4193439275992415,5.860243832755248,0.0,-5.74648334333235,0.0,5.718733135728167,0.0,0.0,8.397480630566687,1.660439657027489,1.7890656559555322,20.70831470748715,70.37184212656928,17.652031209082235,0.0,42.98888530562149,-4.7703599139662645,0.0,0.0
CHEMBL5561803,0.0,-0.1788180841250555,0.0,28.332775706220016,-4.367222867945695,0.0,-1.96871727300022,2.170360478236685,0.0,-4.889198947625657,0.0,4.853719786426009,0.0,0.0,4.075832291572527,1.1927609876213072,1.7915707647993169,9.985566126740872,91.99006299421156,17.7429030836243,0.0,42.65748045808793,-4.7224088381772376,0.0,0.0
CHEMBL5561832,3.901150910673633,6.149915753295736,0.0,39.4335432217904,0.0,0.0,1.121229999645047,5.174235259720753,1.760989482979057,0.0,0.0,3.578399237052841,0.0,0.0,0.0,0.0,2.0825938959940027,0.0,24.69214340151823,4.939132170663625,0.0,0.0,0.0,0.0,0.0
CHEMBL5562392,3.877017011193088,3.619413126843037,0.0,37.040874433668,0.0,0.0,1.0251642041495492,6.068236925540276,1.719398571775289,0.0,0.0,3.5479692798432048,0.0,0.0,0.0,0.0,2.0571839523751283,0.0,24.73974403771189,4.940064193383604,0.0,0.0,0.0,0.0,3.6149342635169353
CHEMBL5562416,3.863152165178952,1.4409898350262775,0.0,38.793123789992656,0.0,0.0,0.9857237464579088,4.900355267918271,1.6530038228811508,0.0,0.0,3.4927678799175013,0.0,0.0,0.0,0.0,2.0026065363141483,0.0,24.765292491894083,4.936317797752375,0.0,0.0,0.0,0.0,0.0
CHEMBL5562423,2.161300412190408,1.1950346557887976,0.0,38.24853422491308,0.0,0.0,0.0653749404730965,4.688551236869829,1.4875394426846278,0.0,0.0,3.4477714509816786,0.0,0.0,0.0,0.0,1.9229580102370507,9.187643133967338,23.428625825227417,0.0,0.0,0.0,0.0,0.0,0.0
CHEMBL5562607,9.2946209990589,0.9603963174557626,0.0,33.87882511174131,-6.398313764737399,0.0,0.0677675500913074,6.214750720211406,0.0,-5.610476974672721,0.0,5.920619413325596,0.0,0.0,8.416714829205926,1.776355584906821,1.8012742828875556,20.725113472015643,70.47291664288521,12.255166503444167,0.0,42.97659366452699,-4.7232658360914,0.0,0.0
CHEMBL5563219,0.0,-2.07152235888774,0.0,27.967863067349043,-4.4434965066421,0.0,-2.152030899808893,1.9189832780412817,0.0,-4.910989977608004,0.0,4.763739251240356,0.0,0.0,4.0699771716890805,1.1448784883823655,1.7840565117412446,9.980087478519028,92.0745493268602,17.64116278425432,0.0,42.649224119043545,-4.749815067507047,0.0,0.0
CHEMBL556429,5.499117305225433,0.5408149110322631,1.941677379859198,8.521617803559542,-0.4791118669690102,0.0,0.8778550258586895,2.1273411234328456,0.0,0.0,0.0,0.0,0.0,0.0,0.0,0.0,0.0,20.416348296664857,12.653104686318972,11.234568668350544,0.0,0.0,0.0,0.0,0.0
CHEMBL5564308,9.399151143801962,4.501110916724723,0.0,34.15975641769438,-6.2229514105424855,0.0,0.2172048733087819,6.38277160390923,0.0,-5.548367888471874,0.0,5.973088174269192,0.0,0.0,8.426648640054374,1.8258638437244463,1.80822024732032,20.718035402970408,70.36646721561084,12.282189272450008,0.0,42.92783100674036,-4.6967319291217935,0.0,0.0
CHEMBL5564449,2.073632689544035,0.0,0.0,25.32563822125004,0.0,0.0,-0.4018797910920355,4.5721704247668224,0.0,0.0,0.0,2.3549145976878663,0.0,0.0,0.0,0.0,0.0,8.732712944440868,22.06741897822026,0.0,0.0,0.0,0.0,0.0,3.525391935182145
CHEMBL5564454,5.382378396098183,0.1514353268333321,0.0,25.372664778046623,0.0,0.0,0.4189072395303681,4.358712206216925,0.0,0.0,0.0,2.562033726688308,0.0,0.0,0.0,0.0,0.0,0.0,23.45814809439768,10.29572023218859,0.0,0.0,0.0,0.0,0.0
CHEMBL5564606,3.885630873969669,4.845348718052031,0.0,37.17436233969683,0.0,0.0,1.0546781967593477,6.130189568175392,1.7409130201816645,0.0,0.0,3.565600216972525,0.0,0.0,0.0,0.0,2.0713433131193923,0.0,24.72292727327621,4.940595971399853,0.0,0.0,0.0,0.0,3.618410508397094
CHEMBL5564688,2.1788819015616925,3.335600140007191,0.0,38.6823437967671,0.0,0.0,0.1530791752148137,4.875094600756762,1.5585708853539528,0.0,0.0,3.5161378808614563,0.0,0.0,0.0,0.0,1.9789836323165493,9.1735828320247,23.381058488469115,0.0,0.0,0.0,0.0,0.0,0.0
CHEMBL5564713,16.948132694974095,3.09664990659784,8.26162379014912,43.81137136054414,0.0,0.0,-3.0816571647664537,13.556992732674075,0.0,-0.7140028998854566,0.0,0.0,0.0,0.0,17.40188631145257,2.57100955861417,7.281146900230757,26.13927897147599,51.78592077689109,14.174096290725712,0.0,28.267550770322337,0.0,0.0,0.0
CHEMBL5565514,9.118695424250474,-2.2384589257897813,0.0,33.48517470426165,-6.624210306072151,0.0,-0.3067254227136187,6.002981378254505,0.0,-5.693291015391033,0.0,5.743593118206228,0.0,0.0,8.40079039024845,1.6961428698016174,1.7931217965081057,20.68059186934333,70.11809977221877,23.21747032953828,0.0,42.88857840286629,-4.744784942792781,0.0,0.0
CHEMBL5566581,3.885246075335109,3.640507322796749,0.0,39.18318122125344,0.0,0.0,1.068180552484649,5.071593340392974,1.7240352655504756,0.0,0.0,3.54670206221235,0.0,0.0,0.0,0.0,2.058632158393647,0.0,24.71772515513578,4.937530179778161,0.0,0.0,0.0,0.0,0.0
CHEMBL5567374,9.247707006373066,-0.1012641156057663,0.0,33.750436426086274,-6.478207979844677,0.0,-0.0042950705421513,6.136665215581433,0.0,-5.639367270095986,0.0,5.895407146675215,0.0,0.0,8.412853303292463,1.7535195581760696,1.798426946936822,20.72897127479909,70.52565482401633,12.240881721686044,0.0,43.00077600470439,-4.735554835461121,0.0,0.0
CHEMBL5567762,20.907498080364864,3.7984267987557176,8.365632335716107,47.82987806187357,0.0,0.0,-2.2469239248491952,18.601634711004422,0.0,-0.6615619026555402,0.0,0.0,0.0,0.0,17.697636520639165,2.916061641947503,7.4519559812596174,26.199278971475987,52.38432861061281,14.256154113854963,0.0,0.0,0.0,0.0,0.0
CHEMBL5567780,5.387433425528746,0.1538281217756891,0.0,25.477414724371098,0.0,0.0,0.5007719903630254,4.488836106001148,0.0,0.0,0.0,2.5625552253197523,0.0,0.0,0.0,0.0,0.0,0.0,23.43180607851567,9.997354328124873,0.0,0.0,0.0,0.0,0.0
CHEMBL5567780,5.387433425528746,0.1538281217756891,0.0,25.477414724371098,0.0,0.0,0.5007719903630254,4.488836106001148,0.0,0.0,0.0,2.5625552253197523,0.0,0.0,0.0,0.0,0.0,0.0,23.43180607851567,9.997354328124873,0.0,0.0,0.0,0.0,0.0
CHEMBL5568037,2.081132689544035,0.0,0.0,27.389825868111263,0.0,0.0,-0.3537567630258258,3.63202505909261,0.0,0.0,0.0,2.353647380057012,0.0,0.0,0.0,0.0,0.0,8.714158925200037,22.016300174354207,0.0,0.0,0.0,0.0,0.0,0.0
CHEMBL5568308,17.102286912472326,3.710704687235983,8.352631267520234,47.32756472420738,0.0,0.0,-2.3512655798388504,17.971054463713138,0.0,-0.6681170273092794,0.0,0.0,0.0,0.0,17.660667744490837,2.872930131530836,7.43060484613101,26.191778971475987,52.3095276313976,14.245896885963807,0.0,0.0,0.0,0.0,6.843734341008981
CHEMBL5568351,17.062321004232047,3.5515052996631304,8.329036736349945,46.41595903733174,0.0,0.0,-2.5406263611163777,16.82666808899931,0.0,-0.6800133646438438,0.0,0.0,0.0,0.0,17.59357626185129,2.79465442744133,7.3918564897865,26.17816786036488,52.17377770615517,14.227281916828003,0.0,0.0,0.0,12.398057118979107,0.0
CHEMBL5568367,9.425494382370744,5.760041085293517,0.0,34.22982891698872,-6.179498591662416,0.0,0.2527343019956273,6.424066234134868,0.0,-5.533284224010414,0.0,5.985663498469224,0.0,0.0,8.429508124497985,1.8380124209615167,1.8101167229965167,20.71677004544708,70.34306763157204,12.288404482961552,0.0,42.91723397146343,-4.690291773981936,0.0,0.0
CHEMBL5568432,9.448772846674714,7.046250182339926,0.0,34.29163254349047,-6.14141643817337,0.0,0.2834657385028822,6.46026920472127,0.0,-5.52017487878581,0.0,5.996599185442648,0.0,0.0,8.432180509751511,1.8486287759349307,1.811846875619838,20.715903178667325,70.32391512381922,12.293817861532766,0.0,42.90866465368839,-4.68470522570704,0.0,0.0
CHEMBL558103,4.014324661845475,0.8657574850928025,2.0407263723263003,9.81111265479817,-0.4186545729402875,0.0,1.1606233914594308,2.828800086647761,0.0,0.0,0.0,0.0,0.0,0.0,0.0,0.0,0.0,19.62526242041116,12.326911682143011,5.911802484882843,0.0,0.0,0.0,0.0,0.0
CHEMBL56059,0.0,4.307745811287479,2.2730092592592595,9.504234142731168,0.0,0.0,1.4062037037037038,2.4393485449735453,0.0,0.0,0.0,0.0,0.0,0.0,4.035419579868985,0.0,2.070795540438397,0.0,0.0,0.0,5.463243417737465,0.0,0.0,0.0,0.0
CHEMBL56367,0.9868153187200804,0.0,0.0,12.220362234399934,0.0,0.0,0.0,0.4326936885865464,0.0,0.0,0.0,2.260750897581255,0.0,0.0,0.0,0.0,0.0,0.0,33.46061267794155,5.514814814814814,0.0,0.0,-3.5249093495422854,0.0,0.0
CHEMBL572637,1.7291193019142153,0.0,0.0,13.199590541472006,-0.6200633030990179,2.119320929090951,0.0,4.45681313920997,0.0,0.0,0.0,3.249165800579491,0.0,9.383496289598382,4.546048962794994,0.0,0.0,0.0,11.177238839259596,6.050573270975056,0.0,0.0,0.0,5.939684268718879,0.0
CHEMBL572637,1.7291193019142153,0.0,0.0,13.199590541472006,-0.6200633030990179,2.119320929090951,0.0,4.45681313920997,0.0,0.0,0.0,3.249165800579491,0.0,9.383496289598382,4.546048962794994,0.0,0.0,0.0,11.177238839259596,6.050573270975056,0.0,0.0,0.0,5.939684268718879,0.0
CHEMBL574960,6.5928178539934486,5.236861457545981,1.7448960695389268,0.0,1.6943074452003022,0.0,1.5529201835055024,0.0,0.0,-0.3482266865079362,0.0,0.0,0.0,0.0,0.0,0.0,0.0,0.0,24.509258380049552,6.350498630007559,0.0,0.0,0.0,0.0,0.0
CHEMBL57513,0.0,4.710060626102292,2.339675925925926,10.178745459603594,0.0,0.0,1.5103703703703706,3.0412003968253973,0.0,0.0,0.0,0.0,0.0,0.0,4.055995711556228,0.0,2.1048091458805747,0.0,0.0,0.0,0.0,0.0,0.0,0.0,0.0
CHEMBL576579,6.747580326955756,-0.4118358150931407,0.0,4.509900083042757,-2.99816356728934,0.0,-1.8791237096671067,-0.196772790872697,0.0,-2.475508009516233,0.0,0.0,0.0,0.0,0.0,0.0,0.0,32.93693552935267,50.31631148912008,22.95067646396725,0.0,0.0,0.0,0.0,0.0
CHEMBL5770399,0.0,0.3174848392785403,0.0,16.94703899154973,0.0,0.0,-0.5003664240708767,3.34180462246896,0.0,0.0,0.0,8.556175477394873,0.0,0.0,3.9731936826407135,0.0,0.0,10.198340489772043,23.79692502104067,5.369403299925347,0.0,0.0,0.0,0.0,0.0
CHEMBL5808901,0.0,0.559228981379825,0.0,19.72338055301117,0.0,0.0,-0.3450397779803416,4.340536565904671,0.0,0.0,0.0,8.887939880687055,0.0,0.0,3.9886303471158393,0.0,0.0,0.0,23.75314237217865,5.425514411036458,0.0,0.0,0.0,0.0,0.0
CHEMBL582837,4.369267211514235,4.958074740698748,3.623435942648154,0.0,-0.0065161512135722,0.0,1.3562101138983809,0.0,0.0,-0.4543446082136559,0.0,0.0,0.0,0.0,0.0,0.0,0.0,10.826899696607038,23.538691596052253,10.454948124675084,0.0,0.0,0.0,0.0,0.0
CHEMBL583076,6.93803658037289,5.859409643487024,1.9728169879062736,0.0,2.351969482237339,0.0,2.2350110754178223,0.0,0.0,0.1615186838624343,0.0,0.0,0.0,0.0,0.0,0.0,0.0,0.0,24.31457088004955,0.0,0.0,0.0,0.0,0.0,0.0
CHEMBL583076,6.93803658037289,5.859409643487024,1.9728169879062736,0.0,2.351969482237339,0.0,2.2350110754178223,0.0,0.0,0.1615186838624343,0.0,0.0,0.0,0.0,0.0,0.0,0.0,0.0,24.31457088004955,0.0,0.0,0.0,0.0,0.0,0.0
CHEMBL583310,5.452173341112284,1.8262782694064248,0.0,4.243210506424791,0.0,0.0,-0.8063708847736617,1.0069260466532304,0.718000467162174,0.0,0.0,0.0,0.0,0.0,0.0,0.0,0.0,0.0,35.13824403070074,10.611263227513229,5.168729213907786,0.0,0.0,0.0,0.0
CHEMBL583989,5.657209844129417,1.8673941536491137,3.549506066557834,7.626858780549257,0.2726185752078607,0.0,2.1402036803651168,1.7344635246073743,0.0,0.0,0.0,0.0,0.0,0.0,0.0,0.0,0.0,0.0,22.43761353980788,5.072381804369539,0.0,0.0,0.0,0.0,0.0
CHEMBL586557,6.72278193696468,-0.4611585441038264,0.0,4.402748317617476,-3.147021732082264,0.0,-1.91467602422094,-0.035695675278224,0.0,-2.598458170891917,0.0,0.0,0.0,0.0,0.0,0.0,0.0,32.6332423351959,50.61703146839126,23.28120608840786,0.0,0.0,0.0,0.0,0.0
CHEMBL5873947,0.0,0.4463451518909107,0.0,17.74042271214939,0.0,0.0,-0.4883657403473154,4.6470497886904765,0.0,0.0,0.0,8.82910660699022,0.0,0.0,0.0,0.0,0.0,0.0,23.875520957771474,5.429002732587134,0.0,0.0,0.0,12.4098066791566,0.0
CHEMBL5875159,0.0,-0.0886564906127984,0.0,12.295200669914832,0.0,0.0,-1.077899373391458,2.618413392571956,0.0,0.0,0.0,8.076409007436972,2.557085568327196,0.0,3.721937960284564,0.0,0.0,0.0,36.17010389179276,5.341076057905524,0.0,0.0,0.0,6.16410709354823,0.0
CHEMBL5887888,0.0,0.4315891476685629,0.0,17.45195071422575,0.0,0.0,-0.4245776723561989,4.315108175677817,0.0,0.0,0.0,8.768675477394874,0.0,0.0,3.984370539971417,0.0,0.0,0.0,23.854362662764025,5.421872435727816,0.0,0.0,0.0,6.307759630037051,0.0
CHEMBL589247,0.0,0.481695483749055,0.0,15.704889000723236,0.0,2.187167422524565,0.0,3.5345160147392294,0.0,0.0,0.0,0.0,0.0,9.217344471739311,7.9615107779159,0.0,1.6690663580246914,9.577143803917345,0.0,0.0,0.0,0.0,0.0,0.0,0.0
CHEMBL589738,0.0,0.6348573318216176,0.0,18.986432665658857,0.0,2.1884247448979592,0.0,3.922924697656841,0.0,0.0,0.0,0.0,0.0,9.078960065507683,8.08341939090451,0.0,1.7716477702191988,0.0,0.0,0.0,0.0,0.0,0.0,0.0,0.0
CHEMBL589974,0.0,0.610391156462585,0.0,16.40180634203993,0.0,2.221741307634165,0.0,4.128941851431932,0.0,0.0,0.0,0.0,0.0,9.286079144620812,8.016383602351766,0.0,1.739218929341284,0.0,0.0,0.0,0.0,0.0,0.0,6.039882110561974,0.0
CHEMBL5916153,0.0,0.5073725628865018,0.0,19.270928760285663,0.0,0.0,-0.4690791298321937,3.890347231885244,0.0,0.0,0.0,8.738431713222539,0.0,0.0,0.0,0.0,0.0,9.811911365526711,23.83025375962579,5.41983373639974,0.0,0.0,0.0,0.0,0.0
CHEMBL592131,0.0,0.4851712171706761,0.0,12.884410423095366,0.0,2.127466353825481,0.0,2.6057646251605955,0.0,0.0,4.850429884572062,0.0,0.0,9.372985008818343,7.942489506543959,0.0,1.6539539903894762,0.0,22.089530967751635,4.608267556257275,0.0,0.0,-4.178175718220916,6.085483962413826,0.0
CHEMBL592376,0.0,0.4199853233687105,0.0,14.87971518286148,0.0,2.15945292485426,0.0,3.1887921304885603,0.0,0.0,4.838933838350879,0.0,0.0,9.272524661685916,7.934961510867064,0.0,1.6279758017889332,0.0,21.867455057029648,4.611315509419766,0.0,0.0,-4.051111940715218,0.0,0.0
CHEMBL592852,0.0,0.6443870464852608,0.0,18.972020243665263,0.0,2.24536186696901,0.0,3.765832388510961,0.0,0.0,0.0,0.0,0.0,9.249762534643487,8.029228890247559,0.0,1.7600736961451249,0.0,0.0,0.0,0.0,0.0,0.0,0.0,0.0
CHEMBL5946526,1.805979142067741,0.1481511007180651,0.0,10.748242455994218,0.0,0.0,-0.523728643890981,1.9396953565283168,0.0,0.0,10.840216291924651,0.0,0.0,0.0,0.0,0.0,0.0,0.0,34.21553300773393,10.473592739564962,0.0,0.0,-3.731014783974236,0.0,0.0
CHEMBL596779,2.784762290846346,0.528751588368742,0.0,15.162134552734386,0.0,2.1793513759702434,0.0,3.2086897275553947,0.0,0.0,0.0,0.0,0.0,9.408752880016408,7.996466166120575,0.9884036825670884,1.6886976460822058,0.0,23.59681491836892,5.019147185886904,0.0,0.0,-3.81197201451721,0.0,0.0
CHEMBL597403,3.711121356664286,0.5088893294155741,0.0,15.536116619169348,0.0,2.3218792287091348,0.0,3.691258321095759,0.0,-0.6767797203247687,4.890017401252624,0.0,0.0,9.538237215225852,8.078385114104655,0.0,1.6997161646007246,0.0,22.102542293025977,4.670186394193429,0.0,0.0,-4.07156971713259,0.0,0.0
CHEMBL597416,3.768172153635117,0.5497661564625851,0.0,14.25188586946997,0.0,2.3420285686290976,0.0,4.051336347676763,0.0,-0.6311107961703202,0.0,0.0,0.0,9.50527924750147,8.099895354523557,0.0,1.72824156308614,9.644743089001746,0.0,0.0,0.0,0.0,0.0,6.050873557294988,0.0
CHEMBL597606,0.0,0.5940398242630386,0.0,15.629806962768274,0.0,2.197477088057445,0.0,3.5708689361751245,0.0,0.0,0.0,0.0,0.0,9.25497086797682,7.989690322754447,0.0,1.7241889224825733,9.372290408855616,0.0,0.0,0.0,0.0,0.0,0.0,0.0
CHEMBL597808,0.0,0.5600439342403629,0.0,13.571938740155282,0.0,2.1738565287226,0.0,3.347558646009676,0.0,0.0,0.0,0.0,0.0,9.291287477954146,7.976845034858654,0.0,1.7033341556787325,9.527383001448207,0.0,0.0,0.0,0.0,0.0,5.958863592043455,0.0
CHEMBL598009,0.0,0.5914523963089982,0.0,15.736447184559212,0.0,0.0,0.0,2.933107981484607,0.0,0.0,4.847843583854448,0.0,0.0,0.0,7.983530149653054,0.0,1.71739881276287,0.0,21.974771589456903,4.616704032699704,0.0,0.0,-4.113003393118032,6.072858773449351,0.0
CHEMBL598020,0.0,0.5469186542929928,0.0,13.599620984315733,0.0,2.1972635582010582,0.0,3.327084858366876,0.0,0.0,0.0,0.0,0.0,9.387032470395567,7.938841356969652,0.0,1.688079294976842,9.49236106881021,0.0,0.0,0.0,0.0,0.0,5.933908864782181,0.0
CHEMBL598199,0.0,0.5191671071933519,0.0,14.807764756819468,0.0,2.151086913160326,0.0,3.0244221375482665,0.0,0.0,4.840182970991815,0.0,0.0,9.336668398841018,7.955334794439753,0.0,1.674808757193317,0.0,21.90237047392448,4.609424963664683,0.0,0.0,-4.071231273776471,0.0,0.0
CHEMBL598211,0.0,0.4829895909321113,0.0,12.911814064653466,0.0,2.150873383303938,0.0,2.597895259260476,0.0,0.0,4.840078610942816,0.0,0.0,9.468730001259765,7.908033668016358,0.0,1.64525768299002,0.0,22.037072018387093,4.595185179358367,0.0,0.0,-4.1706809164791805,6.060529235152551,0.0
CHEMBL598212,0.0,0.4385829764004365,0.0,12.834596585793856,0.0,2.0919729830254723,0.0,2.791082622092049,0.0,0.0,4.86297270610839,0.0,0.0,9.178614260374422,7.98216153218194,0.0,1.643813974625663,0.0,22.13672545436171,4.627040704405423,0.0,0.0,-4.1763210167624845,6.116534995170907,0.0
CHEMBL598223,0.0,0.5273188303099018,0.0,13.534051945868471,0.0,2.132052311665407,0.0,3.5328766429411287,0.0,0.0,0.0,0.0,0.0,9.111603241090677,8.020569589580383,0.0,1.7012899974804738,9.561433927374132,0.0,0.0,0.0,0.0,0.0,5.989914624800536,0.0
CHEMBL598224,3.881651234567901,0.634109268707483,0.0,19.765479317109456,0.0,2.387595269589317,0.0,4.37140447845805,0.0,-0.5397750141723356,0.0,0.0,0.0,9.4789417989418,8.152279209912463,0.0,1.784981103552532,0.0,0.0,0.0,0.0,0.0,0.0,0.0,0.0
CHEMBL598627,0.0,0.4812816196650074,0.0,14.872761594289024,0.0,2.133750902526606,0.0,3.141155243599328,0.0,0.0,4.839437808933521,0.0,0.0,9.2458313035703,7.946541962492159,0.0,1.656065370949931,0.0,21.882546816474555,4.610415452452791,0.0,0.0,-4.059788074953221,0.0,0.0
CHEMBL598628,0.0,0.4472857296423316,0.0,12.919179873313729,0.0,2.1153800125039304,0.0,2.759232582559604,0.0,0.0,4.849684722513769,0.0,0.0,9.274359252815843,7.933696674596365,0.0,1.63521060414609,0.0,22.06970731030172,4.609258045045383,0.0,0.0,-4.166732519397666,6.081515489736689,0.0
CHEMBL598629,0.0,0.6254482863316738,0.0,17.787298368875405,0.0,0.0,0.0,3.1989474036732344,0.0,0.0,4.837596670274201,0.0,0.0,0.0,7.996375437548847,0.0,1.738253579566711,0.0,21.787611095629742,4.617861440107111,0.0,0.0,-4.006058948673588,0.0,0.0
CHEMBL598846,0.0,0.5221584467120182,0.0,13.619345832621896,0.0,2.1554593411438647,0.0,3.4849501751521963,0.0,0.0,0.0,0.0,0.0,9.207348233532096,7.968052202911059,0.0,1.684590769435346,9.514310990236314,0.0,0.0,0.0,0.0,0.0,5.954895119366318,0.0
CHEMBL598847,0.0,0.7506682256235828,0.0,22.167572728548105,0.0,0.0,0.0,3.6879709939531375,0.0,0.0,0.0,0.0,0.0,0.0,8.070269533356655,0.0,1.8235185185185183,0.0,0.0,0.0,0.0,0.0,0.0,0.0,0.0
CHEMBL599238,2.7171130089113498,0.4947556983460663,0.0,13.158780219010286,0.0,2.155730816635398,0.0,2.8515136966492056,0.0,0.0,0.0,0.0,0.0,9.445069489993733,7.983620878224781,0.94309504059178,1.667842879278365,0.0,23.78397541219608,5.017989778479497,0.0,0.0,-3.918916458961655,6.227207318422896,0.0
CHEMBL599239,0.0,0.4651138073542173,0.0,12.860536199497718,0.0,2.1109520266439907,0.0,2.424040088123559,0.0,0.0,4.904446746137625,0.0,0.0,9.386912906623555,7.93266537252194,0.0,1.6414274058006022,0.0,22.36910636770041,4.696376336806532,0.0,0.0,-4.22474895932891,5.960949479896539,0.0
CHEMBL599442,0.0,0.3859894333460349,0.0,12.905439883528912,0.0,2.1447709975565914,0.0,2.8318449303121933,0.0,0.0,4.849180751931127,0.0,0.0,9.295528776912256,7.922116222971271,0.0,1.6071210349850924,0.0,22.05461555085681,4.610158102012359,0.0,0.0,-4.158056385159664,6.079068478524797,0.0
CHEMBL599455,0.0,0.6065015589569162,0.0,19.079383165685925,0.0,2.2118317743764173,0.0,3.8324787414965993,0.0,0.0,0.0,0.0,0.0,9.174705057949106,8.020436058299966,0.0,1.7413303099017383,0.0,0.0,0.0,0.0,0.0,0.0,0.0,0.0
CHEMBL599456,0.0,0.5314629787100026,0.0,14.876255172447005,0.0,2.1491388731418493,0.0,2.973470058414143,0.0,0.0,0.0,0.0,0.0,9.158820284286556,7.950479676298129,0.0,1.685445536239187,0.0,0.0,0.0,0.0,13.008260753796469,0.0,0.0,0.0
CHEMBL599864,0.0,0.5538496612636825,0.0,13.579517615326749,0.0,2.1648216647770218,0.0,3.2590169793430093,0.0,0.0,0.0,0.0,0.0,9.285093204977464,7.971073429920382,0.0,1.6989034286554128,9.764506017321224,0.0,0.0,0.0,0.0,0.0,5.834329109526168,0.0
CHEMBL601840,0.0,0.5561543367346939,0.0,15.707441442486084,0.0,2.1738302311665407,0.0,3.6715256139696986,0.0,0.0,0.0,0.0,0.0,9.178820284286555,7.980897490806853,0.0,1.705445536239187,9.359218397643724,0.0,0.0,0.0,0.0,0.0,0.0,0.0
CHEMBL6031073,3.134423829053609,0.0,0.0,16.279709734374755,-1.208932958475708,0.0,-0.7288847573515675,2.0445823021842147,0.0,0.0,5.5053976828079465,5.849632227891156,0.0,0.0,0.0,0.0,0.0,0.0,23.64466827689907,4.979403662616527,0.0,0.0,0.0,0.0,0.0
CHEMBL60376,3.7577777777777777,0.0,0.0,9.59444066515495,0.0,0.0,0.0,1.0404629629629631,2.136203703703704,0.0,0.0,0.0,0.0,0.0,0.0,0.0,1.6689814814814814,0.0,11.416763038548751,0.0,0.0,0.0,0.0,0.0,0.0
CHEMBL604716,3.669411823056605,0.4748934393928983,0.0,13.551719910161795,0.0,2.307197301411467,0.0,3.32561875508417,0.0,-0.7146818603474445,4.900264314832872,0.0,0.0,9.56124133045219,8.065539826208862,0.0,1.6788613977968836,0.0,22.289702786853137,4.669028986786022,0.0,0.0,-4.178514161577034,6.177493927665359,0.0
CHEMBL605418,3.8098816872428,0.5837620464852608,0.0,16.370796467366407,0.0,2.356710495926766,0.0,4.22162869146613,0.0,-0.5932086561476444,0.0,0.0,0.0,9.482275132275133,8.11274064241935,0.0,1.7490963298899806,9.489650496409157,0.0,0.0,0.0,0.0,0.0,0.0,0.0
CHEMBL607855,0.0,0.5739462606030065,0.0,15.659273342389358,0.0,2.220884117535903,0.0,3.536518107880843,0.0,0.0,0.0,0.0,0.0,9.350715860418244,7.94965198853786,0.0,1.7050751797505046,9.337268476217616,0.0,0.0,0.0,0.0,0.0,0.0,0.0
CHEMBL608153,0.0,0.614831034265558,0.0,19.0044603331206,0.0,2.268768896447468,0.0,3.715132012681616,0.0,0.0,0.0,0.0,0.0,9.345507527084909,7.98316716540968,0.0,1.7347996976568405,0.0,0.0,0.0,0.0,0.0,0.0,0.0,0.0
CHEMBL609332,0.0,0.4608621504157215,0.0,13.615692834385566,0.0,2.179602264774222,0.0,3.5449581011621065,0.0,0.0,0.0,0.0,0.0,9.239566693961535,7.956471751285965,0.0,1.6565012002743484,9.50500800669722,0.0,0.0,0.0,0.0,0.0,5.952448108154426,0.0
CHEMBL609333,0.0,0.5543642132779036,0.0,16.12557099822345,0.0,4.2804343820861686,0.0,4.095839725416746,0.0,0.0,0.0,0.0,0.0,18.0741924757557,7.995543853573844,0.0,1.7073876849995178,0.0,0.0,0.0,0.0,0.0,0.0,0.0,0.0
CHEMBL609618,0.0,0.5100171972421249,0.0,14.836952533838202,0.0,2.174493942638784,0.0,3.002675730996665,0.0,0.0,4.82983169736257,0.0,0.0,9.43241339128244,7.918844299584566,0.0,1.6622535677636827,0.0,21.84991152455993,4.596342586765776,0.0,0.0,-4.063736472034735,0.0,0.0
CHEMBL62811,0.0,1.387660541068279,0.0,13.694360923751706,0.0,0.0,0.1033590534979427,4.388928099017386,0.0,0.0,0.0,2.8839884101788864,0.0,0.0,4.115441442008902,0.0,0.0,0.0,11.259594863810232,0.0,0.0,0.0,0.0,0.0,0.0
CHEMBL63297,0.0,0.7897583616780046,0.0,17.635971266554783,-0.2360544217687086,0.0,0.0,2.778589642647184,0.0,0.0,0.0,0.0,0.0,0.0,8.283473639455782,0.0,1.767643613000756,0.0,0.0,6.09515802154195,0.0,13.218793210223588,0.0,0.0,0.0
CHEMBL63336,1.7667190027985482,2.3870698696145123,0.0,12.338205861048124,2.084803004535147,0.0,0.0,6.584488641135467,0.0,0.0,0.0,0.0,0.0,0.0,4.132899577658326,0.0,0.0,0.0,0.0,5.544567743764173,0.0,0.0,0.0,0.0,3.7445796327790375
CHEMBL65328,2.093425401024607,0.8835083616780046,0.0,20.1063022276812,0.0530612244897952,0.0,0.0,4.666737790795332,0.0,0.0,0.0,0.0,0.0,0.0,8.451297713529858,0.0,1.8900925925925924,0.0,0.0,6.18890802154195,0.0,0.0,0.0,0.0,0.0
CHEMBL65549,0.0,0.7635469419249182,0.0,14.990780117160286,-0.378016502897456,0.0,0.0,4.087862566837436,0.0,0.0,0.0,0.0,0.0,0.0,11.535902270373173,0.0,1.672286470143613,0.0,0.0,6.124502157344419,0.0,0.0,0.0,12.425358201335834,0.0
CHEMBL65590,0.0,2.215264314058957,0.0,13.983657879818598,2.014814814814814,0.0,0.0,4.42211997144537,0.0,0.0,0.0,0.0,0.0,0.0,4.091340361761989,0.0,0.0,9.939469324766945,0.0,0.0,0.0,0.0,0.0,0.0,0.0
CHEMBL66673,1.7727658659882686,2.437625425170068,0.0,14.657539052658102,2.207974300831443,0.0,0.0,5.455756120349376,0.0,0.0,0.0,0.0,0.0,0.0,4.124604824571906,0.0,0.0,0.0,0.0,5.510401077097505,0.0,0.0,0.0,0.0,0.0
CHEMBL66775,4.590748001875648,7.178709232664259,1.907728568279164,0.0,1.7494916593180476,0.0,2.0798727682945617,0.0,0.0,0.0831424004787102,0.0,0.0,0.0,0.0,0.0,0.0,0.0,0.0,24.424517458217856,0.0,0.0,0.0,0.0,0.0,0.0
CHEMBL66867,4.155991253365442,2.490065665154951,0.0,14.768580719324769,1.410422335600907,0.0,0.0,5.413232972201227,0.0,0.2783281368102795,0.0,0.0,0.0,0.0,4.155715935683017,0.0,0.0,0.0,0.0,5.410996315192744,0.0,0.0,0.0,0.0,0.0
CHEMBL67441,2.212463440623163,7.718582031578063,1.889210049760645,0.0,1.766586514235323,0.0,2.0698167175820954,0.0,0.0,-0.1242037903124211,0.0,0.0,0.0,0.0,0.0,0.0,0.0,0.0,24.07700459813555,0.0,0.0,0.0,0.0,0.0,0.0
CHEMBL67456,2.3120004776602,8.283694150499706,1.906764062106324,0.0,1.8608365089863097,0.0,1.6069844288023862,0.0,0.0,0.0999080766565887,0.0,0.0,0.0,0.0,0.0,0.0,0.0,10.430113670850954,11.75339713161818,0.0,0.0,0.0,0.0,0.0,0.0
CHEMBL67842,1.7403321575543798,2.493162084278156,0.0,14.754335107499791,2.262033257747543,0.0,0.0,5.461108827790377,0.0,0.0,0.0,0.0,0.0,0.0,4.123370681797359,0.0,0.0,0.0,0.0,5.332324549999063,0.0,0.0,0.0,0.0,0.0
CHEMBL68674,4.9552067586293775,11.903092469240784,2.6217932728647013,0.0,2.522884280255311,0.0,1.7982856198034771,0.0,0.0,0.7436268187830687,0.0,0.0,0.0,0.0,0.0,0.0,0.0,10.45511078042328,0.0,0.0,0.0,0.0,0.0,0.0,0.0
CHEMBL68674,4.9552067586293775,11.903092469240784,2.6217932728647013,0.0,2.522884280255311,0.0,1.7982856198034771,0.0,0.0,0.7436268187830687,0.0,0.0,0.0,0.0,0.0,0.0,0.0,10.45511078042328,0.0,0.0,0.0,0.0,0.0,0.0,0.0
CHEMBL69011,0.0,0.0,4.1669614512471655,18.0618530135756,0.0,0.0,0.0,3.161332566977409,0.0,0.0,5.60985296819983,0.0,0.0,0.0,0.0,0.0,0.0,0.0,0.0,0.0,0.0,0.0,0.0,0.0,0.0
CHEMBL69891,7.386493751049803,13.238644324242042,2.6501436917359538,0.0,3.365701635592508,0.0,1.855554138321996,0.0,0.0,0.7083843537414967,0.0,0.0,0.0,0.0,0.0,0.0,0.0,10.628411438649534,0.0,0.0,0.0,0.0,0.0,0.0,0.0
CHEMBL69891,7.386493751049803,13.238644324242042,2.6501436917359538,0.0,3.365701635592508,0.0,1.855554138321996,0.0,0.0,0.7083843537414967,0.0,0.0,0.0,0.0,0.0,0.0,0.0,10.628411438649534,0.0,0.0,0.0,0.0,0.0,0.0,0.0
CHEMBL70317,7.250413766586881,12.649102668073402,2.6325896793902746,0.0,3.1677229780801204,0.0,2.419355841101874,0.0,0.0,0.4842724867724868,0.0,0.0,0.0,0.0,0.0,0.0,0.0,0.0,12.563209246661629,0.0,0.0,0.0,0.0,0.0,0.0
CHEMBL70317,7.250413766586881,12.649102668073402,2.6325896793902746,0.0,3.1677229780801204,0.0,2.419355841101874,0.0,0.0,0.4842724867724868,0.0,0.0,0.0,0.0,0.0,0.0,0.0,0.0,12.563209246661629,0.0,0.0,0.0,0.0,0.0,0.0
CHEMBL70367,4.542130889392794,8.623085488053245,1.9949036281179136,0.0,0.9343764172335596,0.0,2.190046558746956,0.0,0.0,0.0386816184807254,0.0,0.0,0.0,0.0,0.0,0.0,0.0,0.0,25.176775399974805,0.0,0.0,0.0,0.0,0.0,0.0
CHEMBL70367,4.542130889392794,8.623085488053245,1.9949036281179136,0.0,0.9343764172335596,0.0,2.190046558746956,0.0,0.0,0.0386816184807254,0.0,0.0,0.0,0.0,0.0,0.0,0.0,0.0,25.176775399974805,0.0,0.0,0.0,0.0,0.0,0.0
CHEMBL70436,7.262230961829175,11.248661514760228,2.6125896793902745,0.0,3.151785714285713,0.0,2.3977419007726555,0.0,0.0,0.4866204884731673,0.0,0.0,0.0,0.0,0.0,0.0,0.0,0.0,12.507036407155454,0.0,0.0,0.0,0.0,0.0,0.0
CHEMBL70436,7.262230961829175,11.248661514760228,2.6125896793902745,0.0,3.151785714285713,0.0,2.3977419007726555,0.0,0.0,0.4866204884731673,0.0,0.0,0.0,0.0,0.0,0.0,0.0,0.0,12.507036407155454,0.0,0.0,0.0,0.0,0.0,0.0
CHEMBL70611,0.0,3.635909293133469,0.0,21.36650887453578,0.0336039724531787,0.0,0.0,3.910860824443094,0.0,-0.6600409291803142,5.765790246693406,0.0,0.0,0.0,4.148306577628957,0.0,2.011266778188676,0.0,0.0,12.720193312407268,0.0,0.0,0.0,6.0052464041983535,0.0
CHEMBL70901,0.0,6.746964495674813,0.0,7.616928854875283,0.322198601662887,0.0,-0.2663880752918446,1.706887177710591,0.0,-0.5535416666666666,5.779846203913664,2.5714774659863946,0.0,0.0,0.0,0.0,0.0,0.0,24.32562694213488,0.0,0.0,0.0,0.0,0.0,0.0
CHEMBL70959,7.451477308515999,10.452181424267238,2.5988936917359533,0.0,3.291922687284789,0.0,1.8029152494331069,0.0,0.0,0.7108995890022676,0.0,0.0,0.0,0.0,0.0,0.0,0.0,10.52504338309398,0.0,0.0,0.0,0.0,0.0,0.0,0.0
CHEMBL70959,7.451477308515999,10.452181424267238,2.5988936917359533,0.0,3.291922687284789,0.0,1.8029152494331069,0.0,0.0,0.7108995890022676,0.0,0.0,0.0,0.0,0.0,0.0,0.0,10.52504338309398,0.0,0.0,0.0,0.0,0.0,0.0,0.0
CHEMBL71082,2.1355176051902243,8.771808088204418,1.9856443688586545,0.0,1.7004662698412687,0.0,2.218863168724281,0.0,0.0,-0.1836936649659866,0.0,0.0,0.0,0.0,0.0,0.0,0.0,0.0,24.95472749748048,0.0,0.0,0.0,0.0,0.0,0.0
CHEMBL71082,2.1355176051902243,8.771808088204418,1.9856443688586545,0.0,1.7004662698412687,0.0,2.218863168724281,0.0,0.0,-0.1836936649659866,0.0,0.0,0.0,0.0,0.0,0.0,0.0,0.0,24.95472749748048,0.0,0.0,0.0,0.0,0.0,0.0
CHEMBL71117,4.889971419123205,8.713795745149913,7.296093067628286,0.0,2.399667081338708,0.0,1.6177300642479215,0.0,0.0,0.63880468159486,0.0,0.0,0.0,0.0,0.0,0.0,0.0,10.443937940917108,0.0,0.0,0.0,0.0,0.0,0.0,0.0
CHEMBL71117,4.889971419123205,8.713795745149913,7.296093067628286,0.0,2.399667081338708,0.0,1.6177300642479215,0.0,0.0,0.63880468159486,0.0,0.0,0.0,0.0,0.0,0.0,0.0,10.443937940917108,0.0,0.0,0.0,0.0,0.0,0.0,0.0
CHEMBL71152,4.768006660997733,8.178351048752836,7.234756406420593,0.0,2.2418112244897954,0.0,2.154950108129672,0.0,0.0,0.4146928146258505,0.0,0.0,0.0,0.0,0.0,0.0,0.0,0.0,12.340765069916856,0.0,0.0,0.0,0.0,0.0,0.0
CHEMBL71152,4.768006660997733,8.178351048752836,7.234756406420593,0.0,2.2418112244897954,0.0,2.154950108129672,0.0,0.0,0.4146928146258505,0.0,0.0,0.0,0.0,0.0,0.0,0.0,0.0,12.340765069916856,0.0,0.0,0.0,0.0,0.0,0.0
CHEMBL71169,2.059707420005039,7.115597534538507,2.949202097505669,0.0,0.1961356764928188,0.0,1.625231743932141,0.0,0.0,-0.7175542091836735,0.0,0.0,0.0,0.0,0.0,0.0,0.0,0.0,37.2716797367095,0.0,0.0,0.0,0.0,0.0,0.0
CHEMBL71169,2.059707420005039,7.115597534538507,2.949202097505669,0.0,0.1961356764928188,0.0,1.625231743932141,0.0,0.0,-0.7175542091836735,0.0,0.0,0.0,0.0,0.0,0.0,0.0,0.0,37.2716797367095,0.0,0.0,0.0,0.0,0.0,0.0
CHEMBL71363,4.805341277714789,10.232031761778783,2.5814493575207864,0.0,2.323185206181237,0.0,2.257261576698581,0.0,0.0,0.4183008550642479,0.0,0.0,0.0,0.0,0.0,0.0,0.0,0.0,12.636081427941546,0.0,0.0,0.0,0.0,0.0,3.663015203766692
CHEMBL71363,4.805341277714789,10.232031761778783,2.5814493575207864,0.0,2.323185206181237,0.0,2.257261576698581,0.0,0.0,0.4183008550642479,0.0,0.0,0.0,0.0,0.0,0.0,0.0,0.0,12.636081427941546,0.0,0.0,0.0,0.0,0.0,3.663015203766692
CHEMBL71612,2.1215322656840514,6.018509306500378,6.257835110124297,0.0,1.5044288548752824,0.0,1.973072273662552,0.0,0.0,-0.2017102465986395,0.0,0.0,0.0,0.0,0.0,0.0,0.0,0.0,24.90966576908541,0.0,0.0,0.0,0.0,0.0,0.0
CHEMBL71612,2.1215322656840514,6.018509306500378,6.257835110124297,0.0,1.5044288548752824,0.0,1.973072273662552,0.0,0.0,-0.2017102465986395,0.0,0.0,0.0,0.0,0.0,0.0,0.0,0.0,24.90966576908541,0.0,0.0,0.0,0.0,0.0,0.0
CHEMBL7162,1.0265887188208618,5.008056789073654,0.0,3.8757001921138814,-0.0269775132275138,0.0,0.0,0.3148693783068781,0.0,0.0,0.0,2.330082671957672,0.0,0.0,0.0,0.0,0.0,0.0,33.57993287824389,5.791759259259259,0.0,0.0,-3.4734440875115475,0.0,0.0
CHEMBL71736,2.205262975560595,9.67571280286806,3.691979875283448,0.0,1.6128023431594851,0.0,1.932824336524734,0.0,0.0,-0.23672087585034,0.0,0.0,0.0,0.0,0.0,0.0,0.0,0.0,24.45147187578735,0.0,0.0,0.0,0.0,0.0,0.0
CHEMBL71736,2.205262975560595,9.67571280286806,3.691979875283448,0.0,1.6128023431594851,0.0,1.932824336524734,0.0,0.0,-0.23672087585034,0.0,0.0,0.0,0.0,0.0,0.0,0.0,0.0,24.45147187578735,0.0,0.0,0.0,0.0,0.0,0.0
CHEMBL72056,7.39551817771487,20.531607918041463,2.6932220017636688,0.0,3.363389790570733,0.0,1.884913574997901,0.0,0.0,0.6954661685643724,0.0,0.0,0.0,0.0,0.0,0.0,0.0,10.76921570168032,0.0,0.0,0.0,0.0,0.0,0.0,0.0
CHEMBL72228,6.1391499879272695,8.480345896846393,2.362034123834719,0.0,1.6054119425547992,0.0,1.6912889214327718,0.0,0.0,0.0440829317838247,0.0,0.0,0.0,0.0,0.0,0.0,0.0,0.0,24.220051794637605,5.790967734315949,0.0,0.0,0.0,0.0,0.0
CHEMBL72228,6.1391499879272695,8.480345896846393,2.362034123834719,0.0,1.6054119425547992,0.0,1.6912889214327718,0.0,0.0,0.0440829317838247,0.0,0.0,0.0,0.0,0.0,0.0,0.0,0.0,24.220051794637605,5.790967734315949,0.0,0.0,0.0,0.0,0.0
CHEMBL72415,7.252529516697761,15.515636806592344,2.656682649911817,0.0,3.172597579155118,0.0,2.4422674348792683,0.0,0.0,0.4785666650919629,0.0,0.0,0.0,0.0,0.0,0.0,0.0,0.0,12.648386014338396,0.0,0.0,0.0,0.0,0.0,0.0
CHEMBL72415,7.252529516697761,15.515636806592344,2.656682649911817,0.0,3.172597579155118,0.0,2.4422674348792683,0.0,0.0,0.4785666650919629,0.0,0.0,0.0,0.0,0.0,0.0,0.0,0.0,12.648386014338396,0.0,0.0,0.0,0.0,0.0,0.0
CHEMBL72538,7.267408294872844,19.891347572028817,2.675667989417989,0.0,3.1678273319326697,0.0,2.458375114848122,0.0,0.0,0.4713543015953627,0.0,0.0,0.0,0.0,0.0,0.0,0.0,0.0,12.73468606197086,0.0,0.0,0.0,0.0,0.0,0.0
CHEMBL72538,7.267408294872844,19.891347572028817,2.675667989417989,0.0,3.1678273319326697,0.0,2.458375114848122,0.0,0.0,0.4713543015953627,0.0,0.0,0.0,0.0,0.0,0.0,0.0,0.0,12.73468606197086,0.0,0.0,0.0,0.0,0.0,0.0
CHEMBL73071,7.386493751049803,13.238644324242042,2.6501436917359538,0.0,3.365701635592508,0.0,1.855554138321996,0.0,0.0,0.7083843537414967,0.0,0.0,0.0,0.0,0.0,0.0,0.0,10.628411438649534,0.0,0.0,0.0,0.0,0.0,0.0,0.0
CHEMBL73071,7.386493751049803,13.238644324242042,2.6501436917359538,0.0,3.365701635592508,0.0,1.855554138321996,0.0,0.0,0.7083843537414967,0.0,0.0,0.0,0.0,0.0,0.0,0.0,10.628411438649534,0.0,0.0,0.0,0.0,0.0,0.0,0.0
CHEMBL73219,7.384193540204317,16.130891485241687,2.674236662257496,0.0,3.3695727676337333,0.0,1.87338104686319,0.0,0.0,0.7026785320609725,0.0,0.0,0.0,0.0,0.0,0.0,0.0,10.69837929907194,0.0,0.0,0.0,0.0,0.0,0.0,0.0
CHEMBL73219,7.384193540204317,16.130891485241687,2.674236662257496,0.0,3.3695727676337333,0.0,1.87338104686319,0.0,0.0,0.7026785320609725,0.0,0.0,0.0,0.0,0.0,0.0,0.0,10.69837929907194,0.0,0.0,0.0,0.0,0.0,0.0,0.0
CHEMBL73279,4.961283147518266,11.865613963949777,2.580375173217435,0.0,2.581877335810867,0.0,1.7982856198034771,0.0,0.0,0.7534227371504156,0.0,0.0,0.0,0.0,0.0,0.0,0.0,10.45914202254976,0.0,0.0,0.0,0.0,0.0,0.0,0.0
CHEMBL73279,4.961283147518266,11.865613963949777,2.580375173217435,0.0,2.581877335810867,0.0,1.7982856198034771,0.0,0.0,0.7534227371504156,0.0,0.0,0.0,0.0,0.0,0.0,0.0,10.45914202254976,0.0,0.0,0.0,0.0,0.0,0.0,0.0
CHEMBL73367,7.451477308515999,10.452181424267238,2.5988936917359533,0.0,3.291922687284789,0.0,1.8029152494331069,0.0,0.0,0.7108995890022676,0.0,0.0,0.0,0.0,0.0,0.0,0.0,10.52504338309398,0.0,0.0,0.0,0.0,0.0,0.0,0.0
CHEMBL73367,7.451477308515999,10.452181424267238,2.5988936917359533,0.0,3.291922687284789,0.0,1.8029152494331069,0.0,0.0,0.7108995890022676,0.0,0.0,0.0,0.0,0.0,0.0,0.0,10.52504338309398,0.0,0.0,0.0,0.0,0.0,0.0,0.0
CHEMBL73368,7.39551817771487,20.531607918041463,2.6932220017636688,0.0,3.363389790570733,0.0,1.884913574997901,0.0,0.0,0.6954661685643724,0.0,0.0,0.0,0.0,0.0,0.0,0.0,10.76921570168032,0.0,0.0,0.0,0.0,0.0,0.0,0.0
CHEMBL73993,4.612732032627866,8.641578417632486,2.3313396793902745,0.0,1.5233134920634912,0.0,1.8319468327454445,0.0,0.0,0.1256766109221465,0.0,0.0,0.0,0.0,0.0,0.0,0.0,10.725084089191231,12.374995512093726,0.0,0.0,0.0,0.0,0.0,0.0
CHEMBL73993,4.612732032627866,8.641578417632486,2.3313396793902745,0.0,1.5233134920634912,0.0,1.8319468327454445,0.0,0.0,0.1256766109221465,0.0,0.0,0.0,0.0,0.0,0.0,0.0,10.725084089191231,12.374995512093726,0.0,0.0,0.0,0.0,0.0,0.0
CHEMBL74295,7.267408294872844,19.891347572028817,2.675667989417989,0.0,3.1678273319326697,0.0,2.458375114848122,0.0,0.0,0.4713543015953627,0.0,0.0,0.0,0.0,0.0,0.0,0.0,0.0,12.73468606197086,0.0,0.0,0.0,0.0,0.0,0.0
CHEMBL74295,7.267408294872844,19.891347572028817,2.675667989417989,0.0,3.1678273319326697,0.0,2.458375114848122,0.0,0.0,0.4713543015953627,0.0,0.0,0.0,0.0,0.0,0.0,0.0,0.0,12.73468606197086,0.0,0.0,0.0,0.0,0.0,0.0
CHEMBL74339,7.401749732300328,11.820649158583189,2.6301436917359537,0.0,3.350182324472998,0.0,1.837637471655329,0.0,0.0,0.7107323554421767,0.0,0.0,0.0,0.0,0.0,0.0,0.0,10.58223859914336,0.0,0.0,0.0,0.0,0.0,0.0,0.0
CHEMBL74339,7.401749732300328,11.820649158583189,2.6301436917359537,0.0,3.350182324472998,0.0,1.837637471655329,0.0,0.0,0.7107323554421767,0.0,0.0,0.0,0.0,0.0,0.0,0.0,10.58223859914336,0.0,0.0,0.0,0.0,0.0,0.0,0.0
CHEMBL75267,0.0,0.0,0.0,13.138374013185524,0.0,0.0,0.0,0.3300793125892336,0.2234575774754352,0.0,0.0,0.0,0.0,0.0,0.0,0.0,0.0,19.228989984882844,11.983633314436888,0.0,5.530277777777778,0.0,0.0,0.0,0.0
CHEMBL76904,0.0,0.0,1.3186111111111112,4.042938397581255,0.0,3.380299981103553,-0.0601020408163262,-0.0370417611489031,0.0,0.0,0.0,0.0,0.0,16.91712679516251,0.0,0.0,0.0,18.104834183673468,0.0,0.0,0.0,0.0,0.0,0.0,0.0
CHEMBL78322,0.0,0.5762700774754345,0.0,16.489143902542395,0.0,0.0,0.0,1.6902196712018145,2.3921780255312006,0.0,0.0,0.0,0.0,0.0,4.04046193593497,0.0,1.9278854875283449,0.0,12.883780706727135,0.0,5.945877267573696,0.0,0.0,0.0,3.4770854198160746
CHEMBL81134,4.811417666603679,10.168310815066768,2.556166068279164,0.0,2.382178261736793,0.0,2.26333796558747,0.0,0.0,0.4280967734315948,0.0,0.0,0.0,0.0,0.0,0.0,0.0,0.0,12.640112670068026,0.0,0.0,0.0,0.0,0.0,3.667046445893172
CHEMBL81134,4.811417666603679,10.168310815066768,2.556166068279164,0.0,2.382178261736793,0.0,2.26333796558747,0.0,0.0,0.4280967734315948,0.0,0.0,0.0,0.0,0.0,0.0,0.0,0.0,12.640112670068026,0.0,0.0,0.0,0.0,0.0,3.667046445893172
CHEMBL81255,3.9118247266001593,10.922103349100327,2.444500390032046,0.0,2.1023001438229603,0.0,1.4375992363900467,0.0,0.0,0.2235942617787858,0.0,0.0,0.0,0.0,0.0,0.0,0.0,10.38131967023877,11.521624608406263,5.7218002802973045,0.0,0.0,0.0,0.0,0.0
CHEMBL8145,0.0,0.0,0.0,12.042993879650624,0.0,0.0,0.0,1.2699976505243469,0.7462068006214837,0.0,0.0,0.0,0.0,0.0,0.0,0.0,0.0,18.5940171359458,12.320987811791383,0.0,5.366593206727135,0.0,0.0,0.0,0.0
CHEMBL81948,0.0,0.0,0.0,13.369314058956917,0.0,0.0,0.0,1.8709259259259263,0.0,0.0,0.0,0.0,0.0,0.0,3.6235563114134544,0.0,0.0,0.0,0.0,0.0,4.969537037037037,0.0,0.0,0.0,0.0
CHEMBL8254,6.8484355184975225,7.574452449189552,5.954589317208365,0.0,2.331152210884353,0.0,2.072772384416731,0.0,0.0,-0.0343845269589315,0.0,0.0,0.0,0.0,0.0,0.0,0.0,0.0,24.58631598009574,0.0,0.0,0.0,0.0,0.0,0.0
CHEMBL8254,6.8484355184975225,7.574452449189552,5.954589317208365,0.0,2.331152210884353,0.0,2.072772384416731,0.0,0.0,-0.0343845269589315,0.0,0.0,0.0,0.0,0.0,0.0,0.0,0.0,24.58631598009574,0.0,0.0,0.0,0.0,0.0,0.0
CHEMBL82981,2.208065948601663,9.405997666813638,2.368932271982868,0.0,0.8876497543461823,2.68339521919879,1.917461157302428,0.0,0.0,-0.2894633408919118,0.0,0.0,0.0,0.0,0.0,0.0,0.0,10.8203302941547,12.464287052784076,0.0,0.0,0.0,0.0,0.0,0.0
CHEMBL82981,2.208065948601663,9.405997666813638,2.368932271982868,0.0,0.8876497543461823,2.68339521919879,1.917461157302428,0.0,0.0,-0.2894633408919118,0.0,0.0,0.0,0.0,0.0,0.0,0.0,10.8203302941547,12.464287052784076,0.0,0.0,0.0,0.0,0.0,0.0
CHEMBL83,6.335812523381968,2.567649192726927,0.0,29.82059562467509,0.0,0.0,2.640942287663969,4.640996003722376,0.0,0.0,0.0,0.0,0.0,0.0,0.0,2.123016167567936,0.0,0.0,0.0,5.87098820026174,0.0,0.0,0.0,0.0,0.0
CHEMBL8313,6.829032239438986,6.324739990131855,5.910496346686823,0.0,2.315214947089946,0.0,2.04407227628706,0.0,0.0,-0.0320365252582512,0.0,0.0,0.0,0.0,0.0,0.0,0.0,0.0,24.441814058956915,0.0,0.0,0.0,0.0,0.0,0.0
CHEMBL8313,6.829032239438986,6.324739990131855,5.910496346686823,0.0,2.315214947089946,0.0,2.04407227628706,0.0,0.0,-0.0320365252582512,0.0,0.0,0.0,0.0,0.0,0.0,0.0,0.0,24.441814058956915,0.0,0.0,0.0,0.0,0.0,0.0
CHEMBL8315,6.825205078945158,5.187940339716133,5.845357457797934,0.0,2.256742724867724,0.0,1.9936135650247768,0.0,0.0,-0.0318692916981606,0.0,0.0,0.0,0.0,0.0,0.0,0.0,0.0,24.256343458679765,0.0,0.0,0.0,0.0,0.0,0.0
CHEMBL8315,6.825205078945158,5.187940339716133,5.845357457797934,0.0,2.256742724867724,0.0,1.9936135650247768,0.0,0.0,-0.0318692916981606,0.0,0.0,0.0,0.0,0.0,0.0,0.0,0.0,24.256343458679765,0.0,0.0,0.0,0.0,0.0,0.0
CHEMBL8333,6.8484355184975225,7.574452449189552,5.954589317208365,0.0,2.331152210884353,0.0,2.072772384416731,0.0,0.0,-0.0343845269589315,0.0,0.0,0.0,0.0,0.0,0.0,0.0,0.0,24.58631598009574,0.0,0.0,0.0,0.0,0.0,0.0
CHEMBL8333,6.8484355184975225,7.574452449189552,5.954589317208365,0.0,2.331152210884353,0.0,2.072772384416731,0.0,0.0,-0.0343845269589315,0.0,0.0,0.0,0.0,0.0,0.0,0.0,0.0,24.58631598009574,0.0,0.0,0.0,0.0,0.0,0.0
CHEMBL83422,4.811417666603679,10.168310815066768,2.556166068279164,0.0,2.382178261736793,0.0,2.26333796558747,0.0,0.0,0.4280967734315948,0.0,0.0,0.0,0.0,0.0,0.0,0.0,0.0,12.640112670068026,0.0,0.0,0.0,0.0,0.0,3.667046445893172
CHEMBL83422,4.811417666603679,10.168310815066768,2.556166068279164,0.0,2.382178261736793,0.0,2.26333796558747,0.0,0.0,0.4280967734315948,0.0,0.0,0.0,0.0,0.0,0.0,0.0,0.0,12.640112670068026,0.0,0.0,0.0,0.0,0.0,3.667046445893172
CHEMBL83527,3.254444827058463,0.0,3.9355895691609977,12.709227359140778,0.0,0.0,0.0,3.776364413304349,0.0,0.0,0.0,0.0,0.0,0.0,0.0,0.0,0.0,9.221375472671468,0.0,10.436331691997276,0.0,0.0,0.0,0.0,0.0
CHEMBL83835,2.1155698066263544,7.673320197677836,2.124487827538423,0.0,-1.4329747732426314,0.0,1.4536635749979008,0.0,0.0,-1.0610141487150415,0.0,0.0,0.0,0.0,0.0,0.0,0.0,0.0,12.341694460191484,0.0,0.0,28.45191972159234,0.0,0.0,0.0
CHEMBL83835,2.1155698066263544,7.673320197677836,2.124487827538423,0.0,-1.4329747732426314,0.0,1.4536635749979008,0.0,0.0,-1.0610141487150415,0.0,0.0,0.0,0.0,0.0,0.0,0.0,0.0,12.341694460191484,0.0,0.0,28.45191972159234,0.0,0.0,0.0
CHEMBL8417,6.86867293559348,8.886292740089864,5.986494787729907,0.0,2.335593820861677,0.0,2.091348379629631,0.0,0.0,-0.0372485197782814,0.0,0.0,0.0,0.0,0.0,0.0,0.0,0.0,24.70217918920705,0.0,0.0,0.0,0.0,0.0,0.0
CHEMBL8417,6.86867293559348,8.886292740089864,5.986494787729907,0.0,2.335593820861677,0.0,2.091348379629631,0.0,0.0,-0.0372485197782814,0.0,0.0,0.0,0.0,0.0,0.0,0.0,0.0,24.70217918920705,0.0,0.0,0.0,0.0,0.0,0.0
CHEMBL84230,5.062042286050223,9.334177495250728,2.5306330834803057,8.242073273089652,3.1074704853628,0.0,2.076961248077962,1.3325099828856144,0.0,0.7292612670068027,0.0,0.0,0.0,0.0,4.3787791490993495,0.0,0.0,0.0,12.039425063029896,0.0,0.0,0.0,0.0,0.0,0.0
CHEMBL8498,6.829032239438986,6.324739990131855,5.910496346686823,0.0,2.315214947089946,0.0,2.04407227628706,0.0,0.0,-0.0320365252582512,0.0,0.0,0.0,0.0,0.0,0.0,0.0,0.0,24.441814058956915,0.0,0.0,0.0,0.0,0.0,0.0
CHEMBL8498,6.829032239438986,6.324739990131855,5.910496346686823,0.0,2.315214947089946,0.0,2.04407227628706,0.0,0.0,-0.0320365252582512,0.0,0.0,0.0,0.0,0.0,0.0,0.0,0.0,24.441814058956915,0.0,0.0,0.0,0.0,0.0,0.0
CHEMBL8646,6.86867293559348,8.886292740089864,5.986494787729907,0.0,2.335593820861677,0.0,2.091348379629631,0.0,0.0,-0.0372485197782814,0.0,0.0,0.0,0.0,0.0,0.0,0.0,0.0,24.70217918920705,0.0,0.0,0.0,0.0,0.0,0.0
CHEMBL8646,6.86867293559348,8.886292740089864,5.986494787729907,0.0,2.335593820861677,0.0,2.091348379629631,0.0,0.0,-0.0372485197782814,0.0,0.0,0.0,0.0,0.0,0.0,0.0,0.0,24.70217918920705,0.0,0.0,0.0,0.0,0.0,0.0
CHEMBL8659,2.258828589684473,16.579549195309735,4.660258177702261,0.0,0.0,0.0,-0.6642338559142937,0.0,0.0,0.0,0.0,0.0,0.0,0.0,0.0,0.0,0.0,8.508189546874622,10.324075013009868,0.0,0.0,0.0,0.0,0.0,0.0
CHEMBL86928,4.857650478767244,1.8189977796674224,0.0,11.909716028386663,0.0,0.0,0.0,5.162369989968747,0.0,0.0,5.694716208661223,0.0,0.0,0.0,0.0,0.0,0.0,0.0,0.0,16.056549514548703,0.0,0.0,0.0,0.0,0.0
CHEMBL87333,0.0,0.0,3.596700680272109,11.118409457906212,0.0,0.0,0.0,1.892657312925172,0.0,0.0,0.0,0.0,0.0,0.0,0.0,0.0,0.0,27.725565882229844,0.0,0.0,0.0,0.0,0.0,0.0,0.0
CHEMBL8739,2.147930063607376,10.091502979970116,13.288194726637178,0.0,0.0,0.0,-0.6748400052403956,0.0,0.0,0.0,0.0,0.0,0.0,0.0,0.0,0.0,0.0,8.498996717778573,10.314882183913818,0.0,0.0,0.0,0.0,0.0,0.0
CHEMBL87477,4.791447956091506,0.0,3.9822751322751326,11.45999380616444,0.0,0.0,0.0,4.630981101079858,0.0,0.0,5.67062323813968,0.0,0.0,0.0,0.0,0.0,0.0,0.0,0.0,15.964678766249383,0.0,0.0,0.0,0.0,0.0
CHEMBL88169,1.4416279441324535,0.0249048091458805,0.0,7.1018415165015085,-0.6129572940287229,0.0,-0.2925390264130338,0.5430161465285039,0.0,0.0,0.0,0.0,0.0,0.0,0.0,0.0,0.0,29.10211995409325,12.200590356512976,10.658062260193844,0.0,0.0,0.0,0.0,0.0
CHEMBL88233,1.6514060009824665,2.6410415879314693,0.0,13.271012020153435,0.081754535147392,0.0,0.255291950113379,3.968407314053058,0.0,0.0,0.0,0.0,0.0,0.0,4.013716620086674,0.0,0.0,0.0,12.56428335222978,5.219753285969015,0.0,0.0,0.0,0.0,0.0
CHEMBL88412,2.21012649418837,9.01855838423141,0.0,7.266860771703845,0.0,0.0,-0.2906156398382222,0.9870909181573866,0.0,-0.5539619945200303,0.0,2.531612547605513,0.0,0.0,4.042859000740598,0.0,0.0,0.0,24.03746951773113,0.0,0.0,0.0,0.0,0.0,0.0
CHEMBL88421,4.260314538122719,10.656812638179137,0.0,7.305950483745605,0.0,0.0,-0.0161600995872273,0.9926533494453424,0.0,-0.5575636040496701,0.0,0.0,0.0,0.0,4.064043558513411,1.5272534800957418,0.0,0.0,25.516695655534942,0.0,0.0,0.0,0.0,0.0,0.0
CHEMBL88842,2.103306405895692,3.809600340136054,0.0,7.16224678760393,0.0,0.0,-0.3198337112622822,0.9684722222222224,0.0,-0.5487500000000001,0.0,2.4793055555555554,0.0,0.0,3.9929556405895688,0.0,0.0,0.0,23.60269675925926,0.0,0.0,0.0,0.0,0.0,0.0
CHEMBL88918,4.24162150129412,9.28144918640293,0.0,7.294931283165965,0.0,0.0,-0.020650457713949,0.9911535138108912,0.0,-0.5564875021212954,0.0,0.0,0.0,0.0,4.057915086291189,1.521080640589569,0.0,0.0,25.43898674828058,0.0,0.0,0.0,0.0,0.0,0.0
CHEMBL89046,1.851296296296296,0.9506377551020406,0.0,6.943783068783068,0.0,0.0,-0.4060359977324257,0.9050925925925928,0.0,-0.6003472222222224,0.0,2.3700736961451248,0.0,0.0,3.9126713277903753,0.0,0.0,0.0,22.82282848324515,0.0,0.0,0.0,0.0,0.0,0.0
CHEMBL89102,2.1424386390358614,5.038707325522801,0.0,7.198279950869237,0.0,0.0,-0.3090502697992769,0.975558390022676,0.0,-0.5495833333333333,0.0,2.497322137188209,0.0,0.0,4.009128480095741,0.0,0.0,0.0,23.747198680398085,0.0,0.0,0.0,0.0,0.0,0.0
CHEMBL90077,0.0,2.520321948223734,0.0,12.498264837181685,0.010833333333333,0.0,0.1471872637944067,3.034906147644243,0.0,0.0,0.0,0.0,0.0,0.0,3.987056806512524,0.0,0.0,9.52151469732368,12.44658163265306,0.0,0.0,0.0,0.0,0.0,0.0
CHEMBL90427,1.655899759595196,2.5767554799697656,0.0,13.25054878779897,0.0666723356009069,0.0,0.2379280045351475,3.8921682361216097,0.0,0.0,0.0,0.0,0.0,0.0,4.0146624079817625,0.0,0.0,0.0,12.618066893424036,5.353964761639275,0.0,0.0,0.0,0.0,0.0
CHEMBL90585,0.0,1.7609124622071048,1.972175925925926,15.18683364124652,0.0,0.0,1.0495946712018145,3.0473755458973715,0.0,0.0,0.0,0.0,0.0,0.0,3.979257602349684,0.0,0.0,0.0,12.337183484504912,0.0,0.0,0.0,0.0,0.0,0.0
CHEMBL90856,4.275333504372023,12.051790726789452,0.0,7.315496969006376,0.0,0.0,-0.0125252664069395,0.9939112490548904,0.0,-0.5585292516499332,0.0,0.0,0.0,0.0,4.069456891125868,1.532253480095742,0.0,0.0,25.58281169761252,0.0,0.0,0.0,0.0,0.0,0.0
CHEMBL91,0.0,0.8897644067915234,0.0,16.021967512917488,-0.2863783383723863,0.0,0.0,3.993404069570048,0.0,0.0,0.0,0.0,0.0,0.0,4.065089053629818,0.0,1.929634248761233,0.0,0.0,6.125288170823886,0.0,0.0,0.0,24.53900865365617,0.0
CHEMBL91101,1.6412845385067607,1.5798939436885864,1.950822940287226,12.921085446907057,0.0,0.0,0.9434400982615272,3.59378860649198,0.0,0.0,0.0,0.0,0.0,0.0,3.985403148722503,0.0,0.0,0.0,12.549779856387,5.334501420747362,0.0,0.0,0.0,0.0,0.0
CHEMBL91363,2.223663658329097,10.402160967653336,0.0,7.282069678958207,0.0,0.0,-0.2868706251404103,0.9893360972207474,0.0,-0.5552891550138574,0.0,2.539217001232694,0.0,0.0,4.050919621438581,0.0,0.0,0.0,24.104792755321604,0.0,0.0,0.0,0.0,0.0,0.0
CHEMBL9165,0.0,0.7426811696900982,1.9720110544217688,20.77610730564885,0.0026221970269586,0.0,0.8729024943310659,3.502266616004291,0.0,0.0,0.0,0.0,0.0,0.0,4.0391071994684005,0.0,2.019341301335349,0.0,13.002069300971415,0.0,0.0,0.0,0.0,6.0153358055462425,0.0
CHEMBL9165,0.0,0.7426811696900982,1.9720110544217688,20.77610730564885,0.0026221970269586,0.0,0.8729024943310659,3.502266616004291,0.0,0.0,0.0,0.0,0.0,0.0,4.0391071994684005,0.0,2.019341301335349,0.0,13.002069300971415,0.0,0.0,0.0,0.0,6.0153358055462425,0.0
CHEMBL9179,0.0,0.0,1.9877777777777776,25.433924060747653,-0.0064210128495845,0.0,0.9396900982615268,4.035980253212397,0.0,0.0,0.0,0.0,0.0,0.0,4.041464261247811,0.0,0.0,0.0,12.900917894935752,0.0,0.0,0.0,0.0,0.0,0.0
CHEMBL9179,0.0,0.0,1.9877777777777776,25.433924060747653,-0.0064210128495845,0.0,0.9396900982615268,4.035980253212397,0.0,0.0,0.0,0.0,0.0,0.0,4.041464261247811,0.0,0.0,0.0,12.900917894935752,0.0,0.0,0.0,0.0,0.0,0.0
CHEMBL91818,0.0,2.462800453514739,0.0,12.467884150548294,0.0411507936507935,0.0,0.1926502267573699,3.1192560794851567,0.0,0.0,0.0,0.0,0.0,0.0,3.990438349212249,0.0,0.0,9.457348669431552,12.435137944066517,0.0,0.0,0.0,0.0,0.0,0.0
CHEMBL91992,0.0,1.4900791288737716,1.916478647014361,12.13066192832607,0.0,0.0,0.8633815192743769,2.828635331185837,0.0,0.0,0.0,0.0,0.0,0.0,3.96117908995299,0.0,0.0,9.442733448343116,12.366850907029477,0.0,0.0,0.0,0.0,0.0,0.0
CHEMBL92065,0.0,2.797143565759637,0.0,15.543519204360654,0.1271296296296296,0.0,0.299687263794407,3.31853295330478,0.0,0.0,0.0,0.0,0.0,0.0,4.008516861608943,0.0,0.0,0.0,12.40547052154195,0.0,0.0,0.0,0.0,0.0,0.0
CHEMBL92488,0.0,1.3575328325774754,1.8998025321239609,12.275329274067548,0.0,0.0,0.7900576341647774,2.5710172587553544,0.0,0.0,0.0,0.0,0.0,0.0,3.957797547253265,0.0,0.0,9.770168325441594,12.378294595616024,0.0,0.0,0.0,0.0,0.0,0.0
CHEMBL9298,0.0,3.470635707986899,0.0,11.754855205971277,0.3833267195767194,2.1521014424288234,0.0,3.295346067439322,0.0,0.0,0.0,0.0,0.0,8.798338661081717,4.223887314184934,0.0,2.254842214663644,0.0,0.0,0.0,0.0,0.0,0.0,0.0,0.0
CHEMBL9298,0.0,3.470635707986899,0.0,11.754855205971277,0.3833267195767194,2.1521014424288234,0.0,3.295346067439322,0.0,0.0,0.0,0.0,0.0,8.798338661081717,4.223887314184934,0.0,2.254842214663644,0.0,0.0,0.0,0.0,0.0,0.0,0.0,0.0
CHEMBL9323,0.0,0.0,0.0,8.060440983479403,-2.4682539682539693,0.0,-0.6881249999999997,-0.3171270051230346,0.0,0.0,0.0,0.0,0.0,0.0,0.0,0.0,0.0,38.53836103424126,12.178316956412196,5.529720332577476,0.0,0.0,0.0,0.0,0.0
CHEMBL934,3.80425925925926,0.0,0.0,14.00554154069035,0.0,0.0,0.0542592592592596,1.5372278911564627,0.0,-0.5860185185185185,0.0,0.0,0.0,0.0,8.03565271478962,0.0,0.0,0.0,12.399077853363568,0.0,0.0,0.0,0.0,0.0,0.0
CHEMBL9352,0.0,0.0933635676492818,0.0,8.777385427923848,-0.5029629629629633,0.0,-0.248310185185185,0.6809474468799888,0.0,0.0,0.0,0.0,0.0,0.0,0.0,0.0,0.0,28.4348264537424,12.097298437893675,5.667451814058957,0.0,0.0,0.0,0.0,0.0
CHEMBL93666,1.6284533782648862,2.665978127362056,0.0,13.321798787798969,0.0666723356009066,0.0,0.2379280045351475,3.891473791677165,0.0,0.0,0.0,0.0,0.0,0.0,4.014662407981762,0.0,0.0,0.0,12.618066893424036,5.221632940021738,0.0,0.0,0.0,0.0,0.0
CHEMBL93828,0.0,2.3111864606953887,0.0,12.60479261495946,0.010833333333333,0.0,0.1471872637944067,2.8693968883849843,0.0,0.0,0.0,0.0,0.0,0.0,3.987056806512524,0.0,0.0,9.789631666333506,12.44658163265306,0.0,0.0,0.0,0.0,0.0,0.0
CHEMBL9400,4.492393996178718,5.783994803292901,4.09457835522996,6.80122029058537,1.114508114974384,0.0,3.0576333753644818,1.1366491976471234,0.0,-0.247704854777591,0.0,0.0,0.0,0.0,0.0,0.0,0.0,0.0,36.113849693319736,0.0,0.0,0.0,0.0,0.0,0.0
CHEMBL9478,4.598225033827937,6.325526983788617,4.249429773452591,8.156775846140926,1.4004597610649192,0.0,3.380549321050991,2.0381306791286056,0.0,-0.0976222101494916,5.890044735474029,0.0,0.0,0.0,0.0,0.0,0.0,0.0,25.05848007622088,0.0,0.0,0.0,0.0,0.0,0.0
CHEMBL95109,1.6731946806500375,0.874704506802721,0.0,22.06342708070883,0.2227484882842021,0.0,0.0,4.034316840933905,0.0,0.0,0.0,0.0,0.0,0.0,4.199258314436886,0.0,2.1426284958427817,0.0,0.0,11.623054925673973,0.0,0.0,0.0,0.0,0.0
CHEMBL95919,0.0,0.8314965986394558,0.0,21.07777893256068,0.1110704837490543,0.0,0.0,3.166884395733604,0.0,0.0,0.0,0.0,0.0,0.0,4.158394116906022,0.0,2.0916080876795164,9.762738095238095,0.0,6.133362622826908,0.0,0.0,0.0,0.0,0.0
CHEMBL9687,1.5982669595616024,0.378315617913832,0.0,15.106009122784917,-0.2145313681027969,0.0,0.1090334467120184,2.9463108885529525,0.0,0.0,0.0,0.0,0.0,0.0,0.0,0.0,0.0,0.0,12.148056500377928,11.095205498866214,0.0,0.0,0.0,0.0,0.0
CHEMBL97542,0.0,0.3351077097505668,0.0,14.229350172167631,-0.2703703703703703,0.0,0.0463917233560091,2.078878443352651,0.0,0.0,0.0,0.0,0.0,0.0,0.0,0.0,0.0,9.440018266565886,12.018911092214664,5.788379629629629,0.0,0.0,0.0,0.0,0.0
CHEMBL98105,4.792816331779626,9.43929379776602,2.4100433830939783,0.0,2.282910525321239,0.0,3.569451386264383,0.0,0.0,0.4246850985764679,0.0,0.0,0.0,0.0,0.0,0.0,0.0,0.0,12.387360336122512,0.0,0.0,0.0,0.0,0.0,0.0
CHEMBL98463,4.696421773956496,7.879585460918885,2.00527486457546,10.8298121707871,2.3154265873015865,0.0,2.2496859646636445,1.3973972505668937,0.0,0.0663695593978328,0.0,0.0,0.0,0.0,0.0,0.0,0.0,0.0,25.060026367832105,0.0,0.0,0.0,0.0,0.0,0.0
CHEMBL98537,4.606814829489412,6.34046927554753,1.95001451699188,7.777146216511296,1.8172947084914968,0.0,2.064763064658674,1.7747604977227094,0.0,-0.0819644966508692,0.0,0.0,0.0,0.0,0.0,0.0,0.0,0.0,25.16502748282323,0.0,0.0,0.0,0.0,0.0,0.0
CHEMBL98685,2.2217817512807594,7.829089794868564,4.079897408037289,0.0,1.810537131519273,0.0,2.13824768256068,0.0,0.0,-0.014856347631645,0.0,0.0,0.0,0.0,0.0,0.0,0.0,0.0,24.26106780675233,0.0,0.0,0.0,0.0,0.0,0.0
CHEMBL98998,2.06351219345763,4.961600896531452,1.5272656053162006,0.0,-1.9733418367346955,0.0,1.0523623839968097,0.0,0.0,-1.3750226363693625,0.0,0.0,0.0,0.0,0.0,0.0,0.0,0.0,24.093479938271603,0.0,0.0,28.48347678886369,0.0,0.0,0.0
CHEMBL99057,2.0193378107415807,3.846740494037121,0.0,0.0,-2.507283635676494,0.0,-0.1849702512177702,0.0,0.0,-1.7022766282438897,0.0,0.0,0.0,0.0,0.0,0.0,0.0,10.200065442071889,24.20713220164609,0.0,0.0,28.621254566641472,0.0,0.0,0.0
CHEMBL99204,4.713641161711598,9.155012291366909,2.0167072152935246,10.813493582886167,2.4223103531536063,0.0,2.281007336059872,1.409402636054422,0.0,0.0863279872134035,0.0,0.0,0.0,0.0,0.0,0.0,0.0,0.0,25.102097436260493,0.0,0.0,0.0,0.0,0.0,0.0
CHEMBL99370,4.439452685395146,5.705676781515076,5.76834115436298,0.0,1.659196428571428,0.0,1.4294364723429938,0.0,0.0,-0.2342352450239351,0.0,0.0,0.0,0.0,0.0,0.0,0.0,0.0,23.44504833701285,5.787083385823466,0.0,0.0,0.0,0.0,0.0
CHEMBL99706,4.346977578840178,8.00711834425128,6.563964789619551,0.0,1.882024281934996,0.0,2.21989917957924,0.0,0.0,0.058069176744772,0.0,0.0,0.0,0.0,0.0,0.0,0.0,0.0,24.421946649029984,0.0,0.0,0.0,0.0,0.0,0.0
